{
"type": "FeatureCollection",
"name": "fig2_undirected_Pperuviana_50km_10steps_10reps_municipalities_network_v2_edges",
"crs": { "type": "name", "properties": { "name": "urn:ogc:def:crs:OGC:1.3:CRS84" } },
"features": [
{ "type": "Feature", "properties": { "source": "ITUANGO", "target": "YARUMAL", "distance": 0.5, "betweenness": 0.0017854320820422517, "weight": 0.10178543208204226 }, "geometry": { "type": "LineString", "coordinates": [ [ -75.764673, 7.171629 ], [ -75.418828, 6.963832 ] ] } },
{ "type": "Feature", "properties": { "source": "ITUANGO", "target": "CAMPAMENTO", "distance": 0.5, "betweenness": 0.0017080847589322165, "weight": 0.10170808475893223 }, "geometry": { "type": "LineString", "coordinates": [ [ -75.764673, 7.171629 ], [ -75.298091, 6.979771 ] ] } },
{ "type": "Feature", "properties": { "source": "ITUANGO", "target": "BRICEÑO", "distance": 0.5, "betweenness": 0.00050933059407635669, "weight": 0.10050933059407637 }, "geometry": { "type": "LineString", "coordinates": [ [ -75.764673, 7.171629 ], [ -75.55036, 7.112803 ] ] } },
{ "type": "Feature", "properties": { "source": "ITUANGO", "target": "CÁCERES", "distance": 0.5, "betweenness": 0.0051410244913069761, "weight": 0.10514102449130698 }, "geometry": { "type": "LineString", "coordinates": [ [ -75.764673, 7.171629 ], [ -75.35205, 7.578366 ] ] } },
{ "type": "Feature", "properties": { "source": "ITUANGO", "target": "SAN ANDRÉS DE CUERQUÍA", "distance": 0.5, "betweenness": 0.0009113297248890469, "weight": 0.10091132972488905 }, "geometry": { "type": "LineString", "coordinates": [ [ -75.764673, 7.171629 ], [ -75.674564, 6.916676 ] ] } },
{ "type": "Feature", "properties": { "source": "ITUANGO", "target": "VALDIVIA", "distance": 0.5, "betweenness": 0.0004043037941343026, "weight": 0.10040430379413431 }, "geometry": { "type": "LineString", "coordinates": [ [ -75.764673, 7.171629 ], [ -75.439274, 7.1652 ] ] } },
{ "type": "Feature", "properties": { "source": "ITUANGO", "target": "PEQUE", "distance": 0.5, "betweenness": 0.0002897291032884253, "weight": 0.10028972910328843 }, "geometry": { "type": "LineString", "coordinates": [ [ -75.764673, 7.171629 ], [ -75.910357, 7.021029 ] ] } },
{ "type": "Feature", "properties": { "source": "ITUANGO", "target": "TARAZÁ", "distance": 0.5, "betweenness": 0.0018759959437925538, "weight": 0.10187599594379255 }, "geometry": { "type": "LineString", "coordinates": [ [ -75.764673, 7.171629 ], [ -75.401407, 7.580127 ] ] } },
{ "type": "Feature", "properties": { "source": "ITUANGO", "target": "DABEIBA", "distance": 0.5, "betweenness": 0.0002897291032884253, "weight": 0.10028972910328843 }, "geometry": { "type": "LineString", "coordinates": [ [ -75.764673, 7.171629 ], [ -76.261614, 6.998112 ] ] } },
{ "type": "Feature", "properties": { "source": "ITUANGO", "target": "SANTA ROSA DE OSOS", "distance": 0.5, "betweenness": 0.0024834550258279065, "weight": 0.10248345502582791 }, "geometry": { "type": "LineString", "coordinates": [ [ -75.764673, 7.171629 ], [ -75.460723, 6.643366 ] ] } },
{ "type": "Feature", "properties": { "source": "ITUANGO", "target": "URAMITA", "distance": 0.5, "betweenness": 0.00043459365493263795, "weight": 0.10043459365493264 }, "geometry": { "type": "LineString", "coordinates": [ [ -75.764673, 7.171629 ], [ -76.173284, 6.898393 ] ] } },
{ "type": "Feature", "properties": { "source": "ITUANGO", "target": "TOLEDO", "distance": 0.5, "betweenness": 0.00038563928791240167, "weight": 0.1003856392879124 }, "geometry": { "type": "LineString", "coordinates": [ [ -75.764673, 7.171629 ], [ -75.692281, 7.010328 ] ] } },
{ "type": "Feature", "properties": { "source": "ITUANGO", "target": "BURITICÁ", "distance": 0.5, "betweenness": 0.0, "weight": 0.1 }, "geometry": { "type": "LineString", "coordinates": [ [ -75.764673, 7.171629 ], [ -75.907, 6.720759 ] ] } },
{ "type": "Feature", "properties": { "source": "ITUANGO", "target": "ANGOSTURA", "distance": 0.5, "betweenness": 0.002452987481236069, "weight": 0.10245298748123607 }, "geometry": { "type": "LineString", "coordinates": [ [ -75.764673, 7.171629 ], [ -75.335116, 6.885175 ] ] } },
{ "type": "Feature", "properties": { "source": "ITUANGO", "target": "ANORÍ", "distance": 0.5, "betweenness": 0.0044191450163333836, "weight": 0.10441914501633338 }, "geometry": { "type": "LineString", "coordinates": [ [ -75.764673, 7.171629 ], [ -75.148355, 7.074703 ] ] } },
{ "type": "Feature", "properties": { "source": "ITUANGO", "target": "SABANALARGA", "distance": 0.5, "betweenness": 0.00036216137911053165, "weight": 0.10036216137911054 }, "geometry": { "type": "LineString", "coordinates": [ [ -75.764673, 7.171629 ], [ -75.816645, 6.850028 ] ] } },
{ "type": "Feature", "properties": { "source": "ITUANGO", "target": "LIBORINA", "distance": 0.5, "betweenness": 0.0002897291032884253, "weight": 0.10028972910328843 }, "geometry": { "type": "LineString", "coordinates": [ [ -75.764673, 7.171629 ], [ -75.812838, 6.677316 ] ] } },
{ "type": "Feature", "properties": { "source": "ITUANGO", "target": "SAN JOSÉ DE LA MONTAÑA", "distance": 0.5, "betweenness": 0.00034773763587322911, "weight": 0.10034773763587324 }, "geometry": { "type": "LineString", "coordinates": [ [ -75.764673, 7.171629 ], [ -75.683352, 6.85009 ] ] } },
{ "type": "Feature", "properties": { "source": "ITUANGO", "target": "CAÑASGORDAS", "distance": 0.5, "betweenness": 0.00043459365493263795, "weight": 0.10043459365493264 }, "geometry": { "type": "LineString", "coordinates": [ [ -75.764673, 7.171629 ], [ -76.028228, 6.753859 ] ] } },
{ "type": "Feature", "properties": { "source": "ITUANGO", "target": "BELMIRA", "distance": 0.5, "betweenness": 0.0026717789429653829, "weight": 0.10267177894296539 }, "geometry": { "type": "LineString", "coordinates": [ [ -75.764673, 7.171629 ], [ -75.667779, 6.606319 ] ] } },
{ "type": "Feature", "properties": { "source": "ITUANGO", "target": "MUTATÁ", "distance": 0.25, "betweenness": 0.0067144719687092565, "weight": 0.10671447196870926 }, "geometry": { "type": "LineString", "coordinates": [ [ -75.764673, 7.171629 ], [ -76.435875, 7.242875 ] ] } },
{ "type": "Feature", "properties": { "source": "ITUANGO", "target": "FRONTINO", "distance": 0.16666666666666666, "betweenness": 0.022297562763664455, "weight": 0.12229756276366446 }, "geometry": { "type": "LineString", "coordinates": [ [ -75.764673, 7.171629 ], [ -76.130765, 6.776066 ] ] } },
{ "type": "Feature", "properties": { "source": "ITUANGO", "target": "MURINDÓ", "distance": 0.5, "betweenness": 0.0015935100680863391, "weight": 0.10159351006808634 }, "geometry": { "type": "LineString", "coordinates": [ [ -75.764673, 7.171629 ], [ -76.817485, 6.97771 ] ] } },
{ "type": "Feature", "properties": { "source": "ITUANGO", "target": "ABRIAQUÍ", "distance": 0.5, "betweenness": 0.0006446472548167463, "weight": 0.10064464725481675 }, "geometry": { "type": "LineString", "coordinates": [ [ -75.764673, 7.171629 ], [ -76.064304, 6.632282 ] ] } },
{ "type": "Feature", "properties": { "source": "ITUANGO", "target": "CHIGORODÓ", "distance": 0.2, "betweenness": 0.016949152542372881, "weight": 0.11694915254237288 }, "geometry": { "type": "LineString", "coordinates": [ [ -75.764673, 7.171629 ], [ -76.681531, 7.666147 ] ] } },
{ "type": "Feature", "properties": { "source": "ITUANGO", "target": "GIRALDO", "distance": 0.5, "betweenness": 0.00014486455164421265, "weight": 0.10014486455164422 }, "geometry": { "type": "LineString", "coordinates": [ [ -75.764673, 7.171629 ], [ -75.952158, 6.680808 ] ] } },
{ "type": "Feature", "properties": { "source": "ITUANGO", "target": "ENTRERRÍOS", "distance": 1.0, "betweenness": 0.0, "weight": 0.1 }, "geometry": { "type": "LineString", "coordinates": [ [ -75.764673, 7.171629 ], [ -75.517685, 6.566273 ] ] } },
{ "type": "Feature", "properties": { "source": "ITUANGO", "target": "GUADALUPE", "distance": 1.0, "betweenness": 0.0, "weight": 0.1 }, "geometry": { "type": "LineString", "coordinates": [ [ -75.764673, 7.171629 ], [ -75.239862, 6.815069 ] ] } },
{ "type": "Feature", "properties": { "source": "YARUMAL", "target": "ANORÍ", "distance": 0.5, "betweenness": 0.0016221094509362368, "weight": 0.10162210945093625 }, "geometry": { "type": "LineString", "coordinates": [ [ -75.418828, 6.963832 ], [ -75.148355, 7.074703 ] ] } },
{ "type": "Feature", "properties": { "source": "YARUMAL", "target": "ANGOSTURA", "distance": 0.5, "betweenness": 0.00037480828441280409, "weight": 0.10037480828441281 }, "geometry": { "type": "LineString", "coordinates": [ [ -75.418828, 6.963832 ], [ -75.335116, 6.885175 ] ] } },
{ "type": "Feature", "properties": { "source": "YARUMAL", "target": "SABANALARGA", "distance": 0.5, "betweenness": 0.00039837751702158478, "weight": 0.10039837751702159 }, "geometry": { "type": "LineString", "coordinates": [ [ -75.418828, 6.963832 ], [ -75.816645, 6.850028 ] ] } },
{ "type": "Feature", "properties": { "source": "YARUMAL", "target": "TARAZÁ", "distance": 0.5, "betweenness": 0.0014003573325607223, "weight": 0.10140035733256073 }, "geometry": { "type": "LineString", "coordinates": [ [ -75.418828, 6.963832 ], [ -75.401407, 7.580127 ] ] } },
{ "type": "Feature", "properties": { "source": "YARUMAL", "target": "SAN ANDRÉS DE CUERQUÍA", "distance": 0.5, "betweenness": 0.00014486455164421265, "weight": 0.10014486455164422 }, "geometry": { "type": "LineString", "coordinates": [ [ -75.418828, 6.963832 ], [ -75.674564, 6.916676 ] ] } },
{ "type": "Feature", "properties": { "source": "YARUMAL", "target": "AMALFI", "distance": 0.5, "betweenness": 0.0019538121294446517, "weight": 0.10195381212944465 }, "geometry": { "type": "LineString", "coordinates": [ [ -75.418828, 6.963832 ], [ -75.077501, 6.909655 ] ] } },
{ "type": "Feature", "properties": { "source": "YARUMAL", "target": "VALDIVIA", "distance": 0.5, "betweenness": 7.2432275822106325e-05, "weight": 0.10007243227582212 }, "geometry": { "type": "LineString", "coordinates": [ [ -75.418828, 6.963832 ], [ -75.439274, 7.1652 ] ] } },
{ "type": "Feature", "properties": { "source": "YARUMAL", "target": "SANTA ROSA DE OSOS", "distance": 0.5, "betweenness": 0.0, "weight": 0.1 }, "geometry": { "type": "LineString", "coordinates": [ [ -75.418828, 6.963832 ], [ -75.460723, 6.643366 ] ] } },
{ "type": "Feature", "properties": { "source": "YARUMAL", "target": "LIBORINA", "distance": 0.33333333333333331, "betweenness": 0.0002897291032884253, "weight": 0.10028972910328843 }, "geometry": { "type": "LineString", "coordinates": [ [ -75.418828, 6.963832 ], [ -75.812838, 6.677316 ] ] } },
{ "type": "Feature", "properties": { "source": "YARUMAL", "target": "GÓMEZ PLATA", "distance": 0.5, "betweenness": 0.00071955665176004144, "weight": 0.10071955665176005 }, "geometry": { "type": "LineString", "coordinates": [ [ -75.418828, 6.963832 ], [ -75.220018, 6.683269 ] ] } },
{ "type": "Feature", "properties": { "source": "YARUMAL", "target": "BRICEÑO", "distance": 0.5, "betweenness": 0.00024989135158626685, "weight": 0.10024989135158627 }, "geometry": { "type": "LineString", "coordinates": [ [ -75.418828, 6.963832 ], [ -75.55036, 7.112803 ] ] } },
{ "type": "Feature", "properties": { "source": "YARUMAL", "target": "SAN JOSÉ DE LA MONTAÑA", "distance": 0.5, "betweenness": 0.00019936121631036885, "weight": 0.10019936121631037 }, "geometry": { "type": "LineString", "coordinates": [ [ -75.418828, 6.963832 ], [ -75.683352, 6.85009 ] ] } },
{ "type": "Feature", "properties": { "source": "YARUMAL", "target": "ENTRERRÍOS", "distance": 0.5, "betweenness": 0.0002897291032884253, "weight": 0.10028972910328843 }, "geometry": { "type": "LineString", "coordinates": [ [ -75.418828, 6.963832 ], [ -75.517685, 6.566273 ] ] } },
{ "type": "Feature", "properties": { "source": "YARUMAL", "target": "GUADALUPE", "distance": 0.5, "betweenness": 0.00070017866628036126, "weight": 0.10070017866628037 }, "geometry": { "type": "LineString", "coordinates": [ [ -75.418828, 6.963832 ], [ -75.239862, 6.815069 ] ] } },
{ "type": "Feature", "properties": { "source": "YARUMAL", "target": "PEQUE", "distance": 0.5, "betweenness": 0.00039837751702158478, "weight": 0.10039837751702159 }, "geometry": { "type": "LineString", "coordinates": [ [ -75.418828, 6.963832 ], [ -75.910357, 7.021029 ] ] } },
{ "type": "Feature", "properties": { "source": "YARUMAL", "target": "BURITICÁ", "distance": 0.5, "betweenness": 0.0013037809647979139, "weight": 0.10130378096479792 }, "geometry": { "type": "LineString", "coordinates": [ [ -75.418828, 6.963832 ], [ -75.907, 6.720759 ] ] } },
{ "type": "Feature", "properties": { "source": "YARUMAL", "target": "CAMPAMENTO", "distance": 0.5, "betweenness": 0.00039113428943937417, "weight": 0.10039113428943938 }, "geometry": { "type": "LineString", "coordinates": [ [ -75.418828, 6.963832 ], [ -75.298091, 6.979771 ] ] } },
{ "type": "Feature", "properties": { "source": "YARUMAL", "target": "CAROLINA", "distance": 0.5, "betweenness": 0.00014486455164421265, "weight": 0.10014486455164422 }, "geometry": { "type": "LineString", "coordinates": [ [ -75.418828, 6.963832 ], [ -75.283192, 6.725995 ] ] } },
{ "type": "Feature", "properties": { "source": "YARUMAL", "target": "TOLEDO", "distance": 0.5, "betweenness": 0.00048972131903938479, "weight": 0.1004897213190394 }, "geometry": { "type": "LineString", "coordinates": [ [ -75.418828, 6.963832 ], [ -75.692281, 7.010328 ] ] } },
{ "type": "Feature", "properties": { "source": "YARUMAL", "target": "BELMIRA", "distance": 0.5, "betweenness": 0.00014486455164421265, "weight": 0.10014486455164422 }, "geometry": { "type": "LineString", "coordinates": [ [ -75.418828, 6.963832 ], [ -75.667779, 6.606319 ] ] } },
{ "type": "Feature", "properties": { "source": "YARUMAL", "target": "YOLOMBÓ", "distance": 0.5, "betweenness": 0.000676034574339659, "weight": 0.10067603457433967 }, "geometry": { "type": "LineString", "coordinates": [ [ -75.418828, 6.963832 ], [ -75.013385, 6.594511 ] ] } },
{ "type": "Feature", "properties": { "source": "YARUMAL", "target": "DONMATÍAS", "distance": 0.5, "betweenness": 0.00054462173106240908, "weight": 0.10054462173106242 }, "geometry": { "type": "LineString", "coordinates": [ [ -75.418828, 6.963832 ], [ -75.39263, 6.485603 ] ] } },
{ "type": "Feature", "properties": { "source": "YARUMAL", "target": "CAÑASGORDAS", "distance": 0.5, "betweenness": 0.00047080979284369113, "weight": 0.1004708097928437 }, "geometry": { "type": "LineString", "coordinates": [ [ -75.418828, 6.963832 ], [ -76.028228, 6.753859 ] ] } },
{ "type": "Feature", "properties": { "source": "YARUMAL", "target": "DABEIBA", "distance": 0.2, "betweenness": 0.0083055676276015261, "weight": 0.10830556762760153 }, "geometry": { "type": "LineString", "coordinates": [ [ -75.418828, 6.963832 ], [ -76.261614, 6.998112 ] ] } },
{ "type": "Feature", "properties": { "source": "YARUMAL", "target": "CÁCERES", "distance": 0.5, "betweenness": 0.012598272202791973, "weight": 0.11259827220279198 }, "geometry": { "type": "LineString", "coordinates": [ [ -75.418828, 6.963832 ], [ -75.35205, 7.578366 ] ] } },
{ "type": "Feature", "properties": { "source": "YARUMAL", "target": "SOPETRÁN", "distance": 0.5, "betweenness": 0.0005794582065768506, "weight": 0.10057945820657685 }, "geometry": { "type": "LineString", "coordinates": [ [ -75.418828, 6.963832 ], [ -75.747378, 6.500745 ] ] } },
{ "type": "Feature", "properties": { "source": "YARUMAL", "target": "URAMITA", "distance": 0.5, "betweenness": 0.00072915157660920367, "weight": 0.10072915157660921 }, "geometry": { "type": "LineString", "coordinates": [ [ -75.418828, 6.963832 ], [ -76.173284, 6.898393 ] ] } },
{ "type": "Feature", "properties": { "source": "YARUMAL", "target": "OLAYA", "distance": 0.5, "betweenness": 0.00043459365493263795, "weight": 0.10043459365493264 }, "geometry": { "type": "LineString", "coordinates": [ [ -75.418828, 6.963832 ], [ -75.811773, 6.626492 ] ] } },
{ "type": "Feature", "properties": { "source": "YARUMAL", "target": "SANTA FÉ DE ANTIOQUIA", "distance": 0.33333333333333331, "betweenness": 0.0022212564585445938, "weight": 0.1022212564585446 }, "geometry": { "type": "LineString", "coordinates": [ [ -75.418828, 6.963832 ], [ -75.826648, 6.556484 ] ] } },
{ "type": "Feature", "properties": { "source": "YARUMAL", "target": "SAN PEDRO DE LOS MILAGROS", "distance": 0.33333333333333331, "betweenness": 0.0058337979241934049, "weight": 0.10583379792419341 }, "geometry": { "type": "LineString", "coordinates": [ [ -75.418828, 6.963832 ], [ -75.556743, 6.46012 ] ] } },
{ "type": "Feature", "properties": { "source": "YARUMAL", "target": "GIRALDO", "distance": 0.33333333333333331, "betweenness": 0.0016918972427447004, "weight": 0.1016918972427447 }, "geometry": { "type": "LineString", "coordinates": [ [ -75.418828, 6.963832 ], [ -75.952158, 6.680808 ] ] } },
{ "type": "Feature", "properties": { "source": "YARUMAL", "target": "SAN JERÓNIMO", "distance": 0.5, "betweenness": 0.00065189048239895696, "weight": 0.10065189048239896 }, "geometry": { "type": "LineString", "coordinates": [ [ -75.418828, 6.963832 ], [ -75.726975, 6.44809 ] ] } },
{ "type": "Feature", "properties": { "source": "YARUMAL", "target": "GIRARDOTA", "distance": 0.5, "betweenness": 0.00090540344777632908, "weight": 0.10090540344777633 }, "geometry": { "type": "LineString", "coordinates": [ [ -75.418828, 6.963832 ], [ -75.444238, 6.379472 ] ] } },
{ "type": "Feature", "properties": { "source": "YARUMAL", "target": "BARBOSA", "distance": 0.33333333333333331, "betweenness": 0.0048327849175306813, "weight": 0.10483278491753069 }, "geometry": { "type": "LineString", "coordinates": [ [ -75.418828, 6.963832 ], [ -75.331627, 6.439195 ] ] } },
{ "type": "Feature", "properties": { "source": "YARUMAL", "target": "SANTO DOMINGO", "distance": 0.5, "betweenness": 0.0014441616136531392, "weight": 0.10144416161365315 }, "geometry": { "type": "LineString", "coordinates": [ [ -75.418828, 6.963832 ], [ -75.164903, 6.473032 ] ] } },
{ "type": "Feature", "properties": { "source": "YARUMAL", "target": "BELLO", "distance": 0.33333333333333331, "betweenness": 0.00070500748466850163, "weight": 0.10070500748466851 }, "geometry": { "type": "LineString", "coordinates": [ [ -75.418828, 6.963832 ], [ -75.555245, 6.333587 ] ] } },
{ "type": "Feature", "properties": { "source": "YARUMAL", "target": "COPACABANA", "distance": 0.25, "betweenness": 0.014746004152783813, "weight": 0.11474600415278383 }, "geometry": { "type": "LineString", "coordinates": [ [ -75.418828, 6.963832 ], [ -75.509384, 6.348557 ] ] } },
{ "type": "Feature", "properties": { "source": "YARUMAL", "target": "SAN VICENTE FERRER", "distance": 1.0, "betweenness": 0.0, "weight": 0.1 }, "geometry": { "type": "LineString", "coordinates": [ [ -75.418828, 6.963832 ], [ -75.332616, 6.282164 ] ] } },
{ "type": "Feature", "properties": { "source": "YARUMAL", "target": "CONCEPCIÓN", "distance": 1.0, "betweenness": 0.0, "weight": 0.1 }, "geometry": { "type": "LineString", "coordinates": [ [ -75.418828, 6.963832 ], [ -75.257587, 6.394348 ] ] } },
{ "type": "Feature", "properties": { "source": "YARUMAL", "target": "CISNEROS", "distance": 1.0, "betweenness": 0.0, "weight": 0.1 }, "geometry": { "type": "LineString", "coordinates": [ [ -75.418828, 6.963832 ], [ -75.087047, 6.537829 ] ] } },
{ "type": "Feature", "properties": { "source": "CAMPAMENTO", "target": "BRICEÑO", "distance": 0.5, "betweenness": 0.0001774590757641605, "weight": 0.10017745907576417 }, "geometry": { "type": "LineString", "coordinates": [ [ -75.298091, 6.979771 ], [ -75.55036, 7.112803 ] ] } },
{ "type": "Feature", "properties": { "source": "CAMPAMENTO", "target": "SANTA ROSA DE OSOS", "distance": 0.33333333333333331, "betweenness": 0.0021608962286928379, "weight": 0.10216089622869284 }, "geometry": { "type": "LineString", "coordinates": [ [ -75.298091, 6.979771 ], [ -75.460723, 6.643366 ] ] } },
{ "type": "Feature", "properties": { "source": "CAMPAMENTO", "target": "ANORÍ", "distance": 0.5, "betweenness": 0.00031320701209029532, "weight": 0.1003132070120903 }, "geometry": { "type": "LineString", "coordinates": [ [ -75.298091, 6.979771 ], [ -75.148355, 7.074703 ] ] } },
{ "type": "Feature", "properties": { "source": "CAMPAMENTO", "target": "ANGOSTURA", "distance": 0.5, "betweenness": 0.00021062845921602982, "weight": 0.10021062845921604 }, "geometry": { "type": "LineString", "coordinates": [ [ -75.298091, 6.979771 ], [ -75.335116, 6.885175 ] ] } },
{ "type": "Feature", "properties": { "source": "CAMPAMENTO", "target": "SAN ANDRÉS DE CUERQUÍA", "distance": 0.5, "betweenness": 0.00053720604568062186, "weight": 0.10053720604568063 }, "geometry": { "type": "LineString", "coordinates": [ [ -75.298091, 6.979771 ], [ -75.674564, 6.916676 ] ] } },
{ "type": "Feature", "properties": { "source": "CAMPAMENTO", "target": "YOLOMBÓ", "distance": 0.5, "betweenness": 0.00022936887343667003, "weight": 0.10022936887343667 }, "geometry": { "type": "LineString", "coordinates": [ [ -75.298091, 6.979771 ], [ -75.013385, 6.594511 ] ] } },
{ "type": "Feature", "properties": { "source": "CAMPAMENTO", "target": "VALDIVIA", "distance": 0.5, "betweenness": 0.00021729682746631898, "weight": 0.10021729682746633 }, "geometry": { "type": "LineString", "coordinates": [ [ -75.298091, 6.979771 ], [ -75.439274, 7.1652 ] ] } },
{ "type": "Feature", "properties": { "source": "CAMPAMENTO", "target": "AMALFI", "distance": 0.5, "betweenness": 0.00040346877119168937, "weight": 0.10040346877119169 }, "geometry": { "type": "LineString", "coordinates": [ [ -75.298091, 6.979771 ], [ -75.077501, 6.909655 ] ] } },
{ "type": "Feature", "properties": { "source": "CAMPAMENTO", "target": "CAROLINA", "distance": 0.33333333333333331, "betweenness": 0.00098507895118064587, "weight": 0.10098507895118065 }, "geometry": { "type": "LineString", "coordinates": [ [ -75.298091, 6.979771 ], [ -75.283192, 6.725995 ] ] } },
{ "type": "Feature", "properties": { "source": "CAMPAMENTO", "target": "TARAZÁ", "distance": 0.5, "betweenness": 0.00053599884108358688, "weight": 0.10053599884108359 }, "geometry": { "type": "LineString", "coordinates": [ [ -75.298091, 6.979771 ], [ -75.401407, 7.580127 ] ] } },
{ "type": "Feature", "properties": { "source": "CAMPAMENTO", "target": "GÓMEZ PLATA", "distance": 0.5, "betweenness": 0.00027289095085705252, "weight": 0.10027289095085706 }, "geometry": { "type": "LineString", "coordinates": [ [ -75.298091, 6.979771 ], [ -75.220018, 6.683269 ] ] } },
{ "type": "Feature", "properties": { "source": "CAMPAMENTO", "target": "GUADALUPE", "distance": 0.5, "betweenness": 0.00014486455164421265, "weight": 0.10014486455164422 }, "geometry": { "type": "LineString", "coordinates": [ [ -75.298091, 6.979771 ], [ -75.239862, 6.815069 ] ] } },
{ "type": "Feature", "properties": { "source": "CAMPAMENTO", "target": "TOLEDO", "distance": 0.5, "betweenness": 0.00041246022482913813, "weight": 0.10041246022482915 }, "geometry": { "type": "LineString", "coordinates": [ [ -75.298091, 6.979771 ], [ -75.692281, 7.010328 ] ] } },
{ "type": "Feature", "properties": { "source": "CAMPAMENTO", "target": "SAN JOSÉ DE LA MONTAÑA", "distance": 0.5, "betweenness": 0.00030858448937544987, "weight": 0.10030858448937545 }, "geometry": { "type": "LineString", "coordinates": [ [ -75.298091, 6.979771 ], [ -75.683352, 6.85009 ] ] } },
{ "type": "Feature", "properties": { "source": "CAMPAMENTO", "target": "DONMATÍAS", "distance": 0.5, "betweenness": 0.0010239529681204658, "weight": 0.10102395296812047 }, "geometry": { "type": "LineString", "coordinates": [ [ -75.298091, 6.979771 ], [ -75.39263, 6.485603 ] ] } },
{ "type": "Feature", "properties": { "source": "CAMPAMENTO", "target": "ENTRERRÍOS", "distance": 0.33333333333333331, "betweenness": 0.0081715679173306275, "weight": 0.10817156791733064 }, "geometry": { "type": "LineString", "coordinates": [ [ -75.298091, 6.979771 ], [ -75.517685, 6.566273 ] ] } },
{ "type": "Feature", "properties": { "source": "CAMPAMENTO", "target": "YALÍ", "distance": 0.5, "betweenness": 0.00049656349091377339, "weight": 0.10049656349091378 }, "geometry": { "type": "LineString", "coordinates": [ [ -75.298091, 6.979771 ], [ -74.840059, 6.676554 ] ] } },
{ "type": "Feature", "properties": { "source": "CAMPAMENTO", "target": "CÁCERES", "distance": 0.5, "betweenness": 0.0026798792335515505, "weight": 0.10267987923355155 }, "geometry": { "type": "LineString", "coordinates": [ [ -75.298091, 6.979771 ], [ -75.35205, 7.578366 ] ] } },
{ "type": "Feature", "properties": { "source": "CAMPAMENTO", "target": "BELMIRA", "distance": 0.5, "betweenness": 0.00027041382973586357, "weight": 0.10027041382973587 }, "geometry": { "type": "LineString", "coordinates": [ [ -75.298091, 6.979771 ], [ -75.667779, 6.606319 ] ] } },
{ "type": "Feature", "properties": { "source": "CAMPAMENTO", "target": "SABANALARGA", "distance": 0.5, "betweenness": 0.00025351296537737213, "weight": 0.10025351296537738 }, "geometry": { "type": "LineString", "coordinates": [ [ -75.298091, 6.979771 ], [ -75.816645, 6.850028 ] ] } },
{ "type": "Feature", "properties": { "source": "CAMPAMENTO", "target": "VEGACHÍ", "distance": 0.5, "betweenness": 0.00045053078452879044, "weight": 0.1004505307845288 }, "geometry": { "type": "LineString", "coordinates": [ [ -75.298091, 6.979771 ], [ -74.798714, 6.773525 ] ] } },
{ "type": "Feature", "properties": { "source": "CAMPAMENTO", "target": "CISNEROS", "distance": 0.33333333333333331, "betweenness": 0.0019991308126901348, "weight": 0.10199913081269014 }, "geometry": { "type": "LineString", "coordinates": [ [ -75.298091, 6.979771 ], [ -75.087047, 6.537829 ] ] } },
{ "type": "Feature", "properties": { "source": "CAMPAMENTO", "target": "LIBORINA", "distance": 1.0, "betweenness": 0.0, "weight": 0.1 }, "geometry": { "type": "LineString", "coordinates": [ [ -75.298091, 6.979771 ], [ -75.812838, 6.677316 ] ] } },
{ "type": "Feature", "properties": { "source": "CAMPAMENTO", "target": "SANTO DOMINGO", "distance": 1.0, "betweenness": 0.0, "weight": 0.1 }, "geometry": { "type": "LineString", "coordinates": [ [ -75.298091, 6.979771 ], [ -75.164903, 6.473032 ] ] } },
{ "type": "Feature", "properties": { "source": "BRICEÑO", "target": "VALDIVIA", "distance": 0.5, "betweenness": 0.0001774590757641605, "weight": 0.10017745907576417 }, "geometry": { "type": "LineString", "coordinates": [ [ -75.55036, 7.112803 ], [ -75.439274, 7.1652 ] ] } },
{ "type": "Feature", "properties": { "source": "BRICEÑO", "target": "SAN JOSÉ DE LA MONTAÑA", "distance": 0.5, "betweenness": 0.00015452218842049349, "weight": 0.1001545221884205 }, "geometry": { "type": "LineString", "coordinates": [ [ -75.55036, 7.112803 ], [ -75.683352, 6.85009 ] ] } },
{ "type": "Feature", "properties": { "source": "BRICEÑO", "target": "PEQUE", "distance": 0.5, "betweenness": 0.00014486455164421265, "weight": 0.10014486455164422 }, "geometry": { "type": "LineString", "coordinates": [ [ -75.55036, 7.112803 ], [ -75.910357, 7.021029 ] ] } },
{ "type": "Feature", "properties": { "source": "BRICEÑO", "target": "DABEIBA", "distance": 0.33333333333333331, "betweenness": 0.00090540344777632908, "weight": 0.10090540344777633 }, "geometry": { "type": "LineString", "coordinates": [ [ -75.55036, 7.112803 ], [ -76.261614, 6.998112 ] ] } },
{ "type": "Feature", "properties": { "source": "BRICEÑO", "target": "CAROLINA", "distance": 0.33333333333333331, "betweenness": 0.0015693659761456371, "weight": 0.10156936597614565 }, "geometry": { "type": "LineString", "coordinates": [ [ -75.55036, 7.112803 ], [ -75.283192, 6.725995 ] ] } },
{ "type": "Feature", "properties": { "source": "BRICEÑO", "target": "SANTA ROSA DE OSOS", "distance": 0.5, "betweenness": 0.00053358443188951659, "weight": 0.10053358443188952 }, "geometry": { "type": "LineString", "coordinates": [ [ -75.55036, 7.112803 ], [ -75.460723, 6.643366 ] ] } },
{ "type": "Feature", "properties": { "source": "BRICEÑO", "target": "SABANALARGA", "distance": 0.5, "betweenness": 0.00014486455164421265, "weight": 0.10014486455164422 }, "geometry": { "type": "LineString", "coordinates": [ [ -75.55036, 7.112803 ], [ -75.816645, 6.850028 ] ] } },
{ "type": "Feature", "properties": { "source": "BRICEÑO", "target": "TOLEDO", "distance": 0.5, "betweenness": 0.00019516339736281918, "weight": 0.10019516339736283 }, "geometry": { "type": "LineString", "coordinates": [ [ -75.55036, 7.112803 ], [ -75.692281, 7.010328 ] ] } },
{ "type": "Feature", "properties": { "source": "BRICEÑO", "target": "BURITICÁ", "distance": 0.5, "betweenness": 0.00065189048239895696, "weight": 0.10065189048239896 }, "geometry": { "type": "LineString", "coordinates": [ [ -75.55036, 7.112803 ], [ -75.907, 6.720759 ] ] } },
{ "type": "Feature", "properties": { "source": "BRICEÑO", "target": "BELMIRA", "distance": 0.5, "betweenness": 0.00050944033994881454, "weight": 0.10050944033994882 }, "geometry": { "type": "LineString", "coordinates": [ [ -75.55036, 7.112803 ], [ -75.667779, 6.606319 ] ] } },
{ "type": "Feature", "properties": { "source": "BRICEÑO", "target": "SAN ANDRÉS DE CUERQUÍA", "distance": 0.5, "betweenness": 0.00021729682746631898, "weight": 0.10021729682746633 }, "geometry": { "type": "LineString", "coordinates": [ [ -75.55036, 7.112803 ], [ -75.674564, 6.916676 ] ] } },
{ "type": "Feature", "properties": { "source": "BRICEÑO", "target": "ANGOSTURA", "distance": 0.5, "betweenness": 0.00024626973779516152, "weight": 0.10024626973779517 }, "geometry": { "type": "LineString", "coordinates": [ [ -75.55036, 7.112803 ], [ -75.335116, 6.885175 ] ] } },
{ "type": "Feature", "properties": { "source": "BRICEÑO", "target": "URAMITA", "distance": 0.5, "betweenness": 0.00014486455164421265, "weight": 0.10014486455164422 }, "geometry": { "type": "LineString", "coordinates": [ [ -75.55036, 7.112803 ], [ -76.173284, 6.898393 ] ] } },
{ "type": "Feature", "properties": { "source": "BRICEÑO", "target": "ANORÍ", "distance": 0.5, "betweenness": 0.0005341254533477197, "weight": 0.10053412545334772 }, "geometry": { "type": "LineString", "coordinates": [ [ -75.55036, 7.112803 ], [ -75.148355, 7.074703 ] ] } },
{ "type": "Feature", "properties": { "source": "BRICEÑO", "target": "LIBORINA", "distance": 0.5, "betweenness": 0.00014486455164421265, "weight": 0.10014486455164422 }, "geometry": { "type": "LineString", "coordinates": [ [ -75.55036, 7.112803 ], [ -75.812838, 6.677316 ] ] } },
{ "type": "Feature", "properties": { "source": "BRICEÑO", "target": "CAÑASGORDAS", "distance": 0.5, "betweenness": 0.00014486455164421265, "weight": 0.10014486455164422 }, "geometry": { "type": "LineString", "coordinates": [ [ -75.55036, 7.112803 ], [ -76.028228, 6.753859 ] ] } },
{ "type": "Feature", "properties": { "source": "BRICEÑO", "target": "ENTRERRÍOS", "distance": 0.5, "betweenness": 0.0013424115119030371, "weight": 0.10134241151190304 }, "geometry": { "type": "LineString", "coordinates": [ [ -75.55036, 7.112803 ], [ -75.517685, 6.566273 ] ] } },
{ "type": "Feature", "properties": { "source": "BRICEÑO", "target": "GÓMEZ PLATA", "distance": 0.5, "betweenness": 0.00053709629980816412, "weight": 0.10053709629980817 }, "geometry": { "type": "LineString", "coordinates": [ [ -75.55036, 7.112803 ], [ -75.220018, 6.683269 ] ] } },
{ "type": "Feature", "properties": { "source": "BRICEÑO", "target": "GUADALUPE", "distance": 0.5, "betweenness": 0.0001738374619730552, "weight": 0.10017383746197306 }, "geometry": { "type": "LineString", "coordinates": [ [ -75.55036, 7.112803 ], [ -75.239862, 6.815069 ] ] } },
{ "type": "Feature", "properties": { "source": "BRICEÑO", "target": "AMALFI", "distance": 0.5, "betweenness": 0.0007933958560340284, "weight": 0.10079339585603403 }, "geometry": { "type": "LineString", "coordinates": [ [ -75.55036, 7.112803 ], [ -75.077501, 6.909655 ] ] } },
{ "type": "Feature", "properties": { "source": "BRICEÑO", "target": "TARAZÁ", "distance": 0.5, "betweenness": 0.00068448500651890475, "weight": 0.10068448500651891 }, "geometry": { "type": "LineString", "coordinates": [ [ -75.55036, 7.112803 ], [ -75.401407, 7.580127 ] ] } },
{ "type": "Feature", "properties": { "source": "BRICEÑO", "target": "SOPETRÁN", "distance": 0.5, "betweenness": 0.0024892558790863876, "weight": 0.10248925587908639 }, "geometry": { "type": "LineString", "coordinates": [ [ -75.55036, 7.112803 ], [ -75.747378, 6.500745 ] ] } },
{ "type": "Feature", "properties": { "source": "BRICEÑO", "target": "OLAYA", "distance": 0.25, "betweenness": 0.005193394176445024, "weight": 0.10519339417644503 }, "geometry": { "type": "LineString", "coordinates": [ [ -75.55036, 7.112803 ], [ -75.811773, 6.626492 ] ] } },
{ "type": "Feature", "properties": { "source": "BRICEÑO", "target": "CÁCERES", "distance": 1.0, "betweenness": 3.2594524119947841e-05, "weight": 0.10003259452411996 }, "geometry": { "type": "LineString", "coordinates": [ [ -75.55036, 7.112803 ], [ -75.35205, 7.578366 ] ] } },
{ "type": "Feature", "properties": { "source": "CÁCERES", "target": "ANORÍ", "distance": 0.5, "betweenness": 0.00102480173101642, "weight": 0.10102480173101643 }, "geometry": { "type": "LineString", "coordinates": [ [ -75.35205, 7.578366 ], [ -75.148355, 7.074703 ] ] } },
{ "type": "Feature", "properties": { "source": "CÁCERES", "target": "AMALFI", "distance": 0.5, "betweenness": 0.0027473102331859395, "weight": 0.10274731023318595 }, "geometry": { "type": "LineString", "coordinates": [ [ -75.35205, 7.578366 ], [ -75.077501, 6.909655 ] ] } },
{ "type": "Feature", "properties": { "source": "CÁCERES", "target": "SEGOVIA", "distance": 1.0, "betweenness": 7.2432275822106312e-05, "weight": 0.10007243227582212 }, "geometry": { "type": "LineString", "coordinates": [ [ -75.35205, 7.578366 ], [ -74.701596, 7.079648 ] ] } },
{ "type": "Feature", "properties": { "source": "CÁCERES", "target": "TARAZÁ", "distance": 0.5, "betweenness": 0.0017594719572120701, "weight": 0.10175947195721208 }, "geometry": { "type": "LineString", "coordinates": [ [ -75.35205, 7.578366 ], [ -75.401407, 7.580127 ] ] } },
{ "type": "Feature", "properties": { "source": "CÁCERES", "target": "EL BAGRE", "distance": 1.0, "betweenness": 0.01552419123040592, "weight": 0.11552419123040593 }, "geometry": { "type": "LineString", "coordinates": [ [ -75.35205, 7.578366 ], [ -74.799097, 7.5975 ] ] } },
{ "type": "Feature", "properties": { "source": "CÁCERES", "target": "VALDIVIA", "distance": 0.5, "betweenness": 0.0061857738411410712, "weight": 0.10618577384114107 }, "geometry": { "type": "LineString", "coordinates": [ [ -75.35205, 7.578366 ], [ -75.439274, 7.1652 ] ] } },
{ "type": "Feature", "properties": { "source": "SAN ANDRÉS DE CUERQUÍA", "target": "TOLEDO", "distance": 0.5, "betweenness": 0.00057077648484031335, "weight": 0.10057077648484032 }, "geometry": { "type": "LineString", "coordinates": [ [ -75.674564, 6.916676 ], [ -75.692281, 7.010328 ] ] } },
{ "type": "Feature", "properties": { "source": "SAN ANDRÉS DE CUERQUÍA", "target": "GIRALDO", "distance": 0.5, "betweenness": 0.0002414409194070211, "weight": 0.10024144091940702 }, "geometry": { "type": "LineString", "coordinates": [ [ -75.674564, 6.916676 ], [ -75.952158, 6.680808 ] ] } },
{ "type": "Feature", "properties": { "source": "SAN ANDRÉS DE CUERQUÍA", "target": "SOPETRÁN", "distance": 0.5, "betweenness": 0.0002897291032884253, "weight": 0.10028972910328843 }, "geometry": { "type": "LineString", "coordinates": [ [ -75.674564, 6.916676 ], [ -75.747378, 6.500745 ] ] } },
{ "type": "Feature", "properties": { "source": "SAN ANDRÉS DE CUERQUÍA", "target": "PEQUE", "distance": 0.5, "betweenness": 0.0002897291032884253, "weight": 0.10028972910328843 }, "geometry": { "type": "LineString", "coordinates": [ [ -75.674564, 6.916676 ], [ -75.910357, 7.021029 ] ] } },
{ "type": "Feature", "properties": { "source": "SAN ANDRÉS DE CUERQUÍA", "target": "SAN JOSÉ DE LA MONTAÑA", "distance": 0.5, "betweenness": 0.00028731469409435512, "weight": 0.10028731469409435 }, "geometry": { "type": "LineString", "coordinates": [ [ -75.674564, 6.916676 ], [ -75.683352, 6.85009 ] ] } },
{ "type": "Feature", "properties": { "source": "SAN ANDRÉS DE CUERQUÍA", "target": "BURITICÁ", "distance": 0.5, "betweenness": 0.00065189048239895696, "weight": 0.10065189048239896 }, "geometry": { "type": "LineString", "coordinates": [ [ -75.674564, 6.916676 ], [ -75.907, 6.720759 ] ] } },
{ "type": "Feature", "properties": { "source": "SAN ANDRÉS DE CUERQUÍA", "target": "ENTRERRÍOS", "distance": 0.5, "betweenness": 0.0005311700226954463, "weight": 0.10053117002269545 }, "geometry": { "type": "LineString", "coordinates": [ [ -75.674564, 6.916676 ], [ -75.517685, 6.566273 ] ] } },
{ "type": "Feature", "properties": { "source": "SAN ANDRÉS DE CUERQUÍA", "target": "SANTA ROSA DE OSOS", "distance": 0.5, "betweenness": 0.00016297262059973924, "weight": 0.10016297262059974 }, "geometry": { "type": "LineString", "coordinates": [ [ -75.674564, 6.916676 ], [ -75.460723, 6.643366 ] ] } },
{ "type": "Feature", "properties": { "source": "SAN ANDRÉS DE CUERQUÍA", "target": "BELMIRA", "distance": 0.5, "betweenness": 0.00014486455164421265, "weight": 0.10014486455164422 }, "geometry": { "type": "LineString", "coordinates": [ [ -75.674564, 6.916676 ], [ -75.667779, 6.606319 ] ] } },
{ "type": "Feature", "properties": { "source": "SAN ANDRÉS DE CUERQUÍA", "target": "SABANALARGA", "distance": 0.5, "betweenness": 0.0002897291032884253, "weight": 0.10028972910328843 }, "geometry": { "type": "LineString", "coordinates": [ [ -75.674564, 6.916676 ], [ -75.816645, 6.850028 ] ] } },
{ "type": "Feature", "properties": { "source": "SAN ANDRÉS DE CUERQUÍA", "target": "ANGOSTURA", "distance": 0.5, "betweenness": 0.00019194553092858179, "weight": 0.10019194553092858 }, "geometry": { "type": "LineString", "coordinates": [ [ -75.674564, 6.916676 ], [ -75.335116, 6.885175 ] ] } },
{ "type": "Feature", "properties": { "source": "SAN ANDRÉS DE CUERQUÍA", "target": "VALDIVIA", "distance": 0.5, "betweenness": 7.2432275822106325e-05, "weight": 0.10007243227582212 }, "geometry": { "type": "LineString", "coordinates": [ [ -75.674564, 6.916676 ], [ -75.439274, 7.1652 ] ] } },
{ "type": "Feature", "properties": { "source": "SAN ANDRÉS DE CUERQUÍA", "target": "ANORÍ", "distance": 0.5, "betweenness": 0.0023570043948707288, "weight": 0.10235700439487073 }, "geometry": { "type": "LineString", "coordinates": [ [ -75.674564, 6.916676 ], [ -75.148355, 7.074703 ] ] } },
{ "type": "Feature", "properties": { "source": "SAN ANDRÉS DE CUERQUÍA", "target": "CAÑASGORDAS", "distance": 0.5, "betweenness": 0.0002897291032884253, "weight": 0.10028972910328843 }, "geometry": { "type": "LineString", "coordinates": [ [ -75.674564, 6.916676 ], [ -76.028228, 6.753859 ] ] } },
{ "type": "Feature", "properties": { "source": "SAN ANDRÉS DE CUERQUÍA", "target": "CAROLINA", "distance": 0.5, "betweenness": 0.00028369308030324979, "weight": 0.10028369308030326 }, "geometry": { "type": "LineString", "coordinates": [ [ -75.674564, 6.916676 ], [ -75.283192, 6.725995 ] ] } },
{ "type": "Feature", "properties": { "source": "SAN ANDRÉS DE CUERQUÍA", "target": "DABEIBA", "distance": 0.5, "betweenness": 0.00014486455164421265, "weight": 0.10014486455164422 }, "geometry": { "type": "LineString", "coordinates": [ [ -75.674564, 6.916676 ], [ -76.261614, 6.998112 ] ] } },
{ "type": "Feature", "properties": { "source": "SAN ANDRÉS DE CUERQUÍA", "target": "URAMITA", "distance": 0.5, "betweenness": 0.00050702593075474425, "weight": 0.10050702593075475 }, "geometry": { "type": "LineString", "coordinates": [ [ -75.674564, 6.916676 ], [ -76.173284, 6.898393 ] ] } },
{ "type": "Feature", "properties": { "source": "SAN ANDRÉS DE CUERQUÍA", "target": "LIBORINA", "distance": 0.33333333333333331, "betweenness": 0.00039837751702158478, "weight": 0.10039837751702159 }, "geometry": { "type": "LineString", "coordinates": [ [ -75.674564, 6.916676 ], [ -75.812838, 6.677316 ] ] } },
{ "type": "Feature", "properties": { "source": "SAN ANDRÉS DE CUERQUÍA", "target": "GUADALUPE", "distance": 0.5, "betweenness": 0.00045753054227630496, "weight": 0.10045753054227631 }, "geometry": { "type": "LineString", "coordinates": [ [ -75.674564, 6.916676 ], [ -75.239862, 6.815069 ] ] } },
{ "type": "Feature", "properties": { "source": "SAN ANDRÉS DE CUERQUÍA", "target": "OLAYA", "distance": 0.5, "betweenness": 0.00014486455164421265, "weight": 0.10014486455164422 }, "geometry": { "type": "LineString", "coordinates": [ [ -75.674564, 6.916676 ], [ -75.811773, 6.626492 ] ] } },
{ "type": "Feature", "properties": { "source": "SAN ANDRÉS DE CUERQUÍA", "target": "GÓMEZ PLATA", "distance": 0.5, "betweenness": 0.00064775672120304887, "weight": 0.10064775672120306 }, "geometry": { "type": "LineString", "coordinates": [ [ -75.674564, 6.916676 ], [ -75.220018, 6.683269 ] ] } },
{ "type": "Feature", "properties": { "source": "SAN ANDRÉS DE CUERQUÍA", "target": "DONMATÍAS", "distance": 0.33333333333333331, "betweenness": 0.0066058235549760974, "weight": 0.10660582355497611 }, "geometry": { "type": "LineString", "coordinates": [ [ -75.674564, 6.916676 ], [ -75.39263, 6.485603 ] ] } },
{ "type": "Feature", "properties": { "source": "SAN ANDRÉS DE CUERQUÍA", "target": "SAN PEDRO DE LOS MILAGROS", "distance": 0.5, "betweenness": 0.00051185474914288473, "weight": 0.10051185474914288 }, "geometry": { "type": "LineString", "coordinates": [ [ -75.674564, 6.916676 ], [ -75.556743, 6.46012 ] ] } },
{ "type": "Feature", "properties": { "source": "SAN ANDRÉS DE CUERQUÍA", "target": "AMALFI", "distance": 0.5, "betweenness": 0.0027080223469317061, "weight": 0.10270802234693172 }, "geometry": { "type": "LineString", "coordinates": [ [ -75.674564, 6.916676 ], [ -75.077501, 6.909655 ] ] } },
{ "type": "Feature", "properties": { "source": "SAN ANDRÉS DE CUERQUÍA", "target": "SANTA FÉ DE ANTIOQUIA", "distance": 0.5, "betweenness": 0.0002414409194070211, "weight": 0.10024144091940702 }, "geometry": { "type": "LineString", "coordinates": [ [ -75.674564, 6.916676 ], [ -75.826648, 6.556484 ] ] } },
{ "type": "Feature", "properties": { "source": "SAN ANDRÉS DE CUERQUÍA", "target": "SAN JERÓNIMO", "distance": 0.25, "betweenness": 0.013503790622434689, "weight": 0.11350379062243469 }, "geometry": { "type": "LineString", "coordinates": [ [ -75.674564, 6.916676 ], [ -75.726975, 6.44809 ] ] } },
{ "type": "Feature", "properties": { "source": "SAN ANDRÉS DE CUERQUÍA", "target": "ABRIAQUÍ", "distance": 0.5, "betweenness": 0.00058428702496499097, "weight": 0.100584287024965 }, "geometry": { "type": "LineString", "coordinates": [ [ -75.674564, 6.916676 ], [ -76.064304, 6.632282 ] ] } },
{ "type": "Feature", "properties": { "source": "SAN ANDRÉS DE CUERQUÍA", "target": "FRONTINO", "distance": 0.5, "betweenness": 0.00043459365493263795, "weight": 0.10043459365493264 }, "geometry": { "type": "LineString", "coordinates": [ [ -75.674564, 6.916676 ], [ -76.130765, 6.776066 ] ] } },
{ "type": "Feature", "properties": { "source": "SAN ANDRÉS DE CUERQUÍA", "target": "CAICEDO", "distance": 0.33333333333333331, "betweenness": 0.001291708918827563, "weight": 0.10129170891882756 }, "geometry": { "type": "LineString", "coordinates": [ [ -75.674564, 6.916676 ], [ -75.98293, 6.405607 ] ] } },
{ "type": "Feature", "properties": { "source": "SAN ANDRÉS DE CUERQUÍA", "target": "URRAO", "distance": 0.33333333333333331, "betweenness": 0.0066337617185074811, "weight": 0.10663376171850748 }, "geometry": { "type": "LineString", "coordinates": [ [ -75.674564, 6.916676 ], [ -76.133951, 6.317343 ] ] } },
{ "type": "Feature", "properties": { "source": "SAN ANDRÉS DE CUERQUÍA", "target": "BELLO", "distance": 0.5, "betweenness": 0.00031870201361726788, "weight": 0.10031870201361727 }, "geometry": { "type": "LineString", "coordinates": [ [ -75.674564, 6.916676 ], [ -75.555245, 6.333587 ] ] } },
{ "type": "Feature", "properties": { "source": "SAN ANDRÉS DE CUERQUÍA", "target": "TARAZÁ", "distance": 0.33333333333333331, "betweenness": 0.013999549310283773, "weight": 0.11399954931028378 }, "geometry": { "type": "LineString", "coordinates": [ [ -75.674564, 6.916676 ], [ -75.401407, 7.580127 ] ] } },
{ "type": "Feature", "properties": { "source": "SAN ANDRÉS DE CUERQUÍA", "target": "EBÉJICO", "distance": 1.0, "betweenness": 0.0, "weight": 0.1 }, "geometry": { "type": "LineString", "coordinates": [ [ -75.674564, 6.916676 ], [ -75.766413, 6.325615 ] ] } },
{ "type": "Feature", "properties": { "source": "VALDIVIA", "target": "TOLEDO", "distance": 0.5, "betweenness": 0.00026759567318492548, "weight": 0.10026759567318493 }, "geometry": { "type": "LineString", "coordinates": [ [ -75.439274, 7.1652 ], [ -75.692281, 7.010328 ] ] } },
{ "type": "Feature", "properties": { "source": "VALDIVIA", "target": "ANORÍ", "distance": 0.5, "betweenness": 0.00077677357735177579, "weight": 0.10077677357735178 }, "geometry": { "type": "LineString", "coordinates": [ [ -75.439274, 7.1652 ], [ -75.148355, 7.074703 ] ] } },
{ "type": "Feature", "properties": { "source": "VALDIVIA", "target": "TARAZÁ", "distance": 0.5, "betweenness": 0.00076053889613211638, "weight": 0.10076053889613212 }, "geometry": { "type": "LineString", "coordinates": [ [ -75.439274, 7.1652 ], [ -75.401407, 7.580127 ] ] } },
{ "type": "Feature", "properties": { "source": "VALDIVIA", "target": "PEQUE", "distance": 0.5, "betweenness": 0.00014486455164421265, "weight": 0.10014486455164422 }, "geometry": { "type": "LineString", "coordinates": [ [ -75.439274, 7.1652 ], [ -75.910357, 7.021029 ] ] } },
{ "type": "Feature", "properties": { "source": "VALDIVIA", "target": "SANTA ROSA DE OSOS", "distance": 0.25, "betweenness": 0.0033318846878168909, "weight": 0.1033318846878169 }, "geometry": { "type": "LineString", "coordinates": [ [ -75.439274, 7.1652 ], [ -75.460723, 6.643366 ] ] } },
{ "type": "Feature", "properties": { "source": "VALDIVIA", "target": "SABANALARGA", "distance": 0.5, "betweenness": 0.00021729682746631898, "weight": 0.10021729682746633 }, "geometry": { "type": "LineString", "coordinates": [ [ -75.439274, 7.1652 ], [ -75.816645, 6.850028 ] ] } },
{ "type": "Feature", "properties": { "source": "VALDIVIA", "target": "ANGOSTURA", "distance": 0.5, "betweenness": 0.00021062845921602982, "weight": 0.10021062845921604 }, "geometry": { "type": "LineString", "coordinates": [ [ -75.439274, 7.1652 ], [ -75.335116, 6.885175 ] ] } },
{ "type": "Feature", "properties": { "source": "VALDIVIA", "target": "CAROLINA", "distance": 0.5, "betweenness": 0.0, "weight": 0.1 }, "geometry": { "type": "LineString", "coordinates": [ [ -75.439274, 7.1652 ], [ -75.283192, 6.725995 ] ] } },
{ "type": "Feature", "properties": { "source": "VALDIVIA", "target": "SAN JOSÉ DE LA MONTAÑA", "distance": 0.5, "betweenness": 0.00012692894048826249, "weight": 0.10012692894048827 }, "geometry": { "type": "LineString", "coordinates": [ [ -75.439274, 7.1652 ], [ -75.683352, 6.85009 ] ] } },
{ "type": "Feature", "properties": { "source": "VALDIVIA", "target": "AMALFI", "distance": 0.5, "betweenness": 0.0013354307201027908, "weight": 0.1013354307201028 }, "geometry": { "type": "LineString", "coordinates": [ [ -75.439274, 7.1652 ], [ -75.077501, 6.909655 ] ] } },
{ "type": "Feature", "properties": { "source": "VALDIVIA", "target": "BELMIRA", "distance": 0.2, "betweenness": 0.012652883839324516, "weight": 0.11265288383932452 }, "geometry": { "type": "LineString", "coordinates": [ [ -75.439274, 7.1652 ], [ -75.667779, 6.606319 ] ] } },
{ "type": "Feature", "properties": { "source": "VALDIVIA", "target": "GUADALUPE", "distance": 0.5, "betweenness": 0.00042131440436525184, "weight": 0.10042131440436526 }, "geometry": { "type": "LineString", "coordinates": [ [ -75.439274, 7.1652 ], [ -75.239862, 6.815069 ] ] } },
{ "type": "Feature", "properties": { "source": "VALDIVIA", "target": "GÓMEZ PLATA", "distance": 0.5, "betweenness": 0.00059521457826542572, "weight": 0.10059521457826544 }, "geometry": { "type": "LineString", "coordinates": [ [ -75.439274, 7.1652 ], [ -75.220018, 6.683269 ] ] } },
{ "type": "Feature", "properties": { "source": "VALDIVIA", "target": "LIBORINA", "distance": 0.16666666666666666, "betweenness": 0.007321868338817491, "weight": 0.1073218683388175 }, "geometry": { "type": "LineString", "coordinates": [ [ -75.439274, 7.1652 ], [ -75.812838, 6.677316 ] ] } },
{ "type": "Feature", "properties": { "source": "VALDIVIA", "target": "ENTRERRÍOS", "distance": 0.5, "betweenness": 0.0, "weight": 0.1 }, "geometry": { "type": "LineString", "coordinates": [ [ -75.439274, 7.1652 ], [ -75.517685, 6.566273 ] ] } },
{ "type": "Feature", "properties": { "source": "VALDIVIA", "target": "BURITICÁ", "distance": 0.33333333333333331, "betweenness": 0.0021995267757979622, "weight": 0.10219952677579797 }, "geometry": { "type": "LineString", "coordinates": [ [ -75.439274, 7.1652 ], [ -75.907, 6.720759 ] ] } },
{ "type": "Feature", "properties": { "source": "PEQUE", "target": "MUTATÁ", "distance": 0.33333333333333331, "betweenness": 0.002163310637886909, "weight": 0.10216331063788692 }, "geometry": { "type": "LineString", "coordinates": [ [ -75.910357, 7.021029 ], [ -76.435875, 7.242875 ] ] } },
{ "type": "Feature", "properties": { "source": "PEQUE", "target": "DABEIBA", "distance": 0.5, "betweenness": 0.00032594524119947848, "weight": 0.10032594524119949 }, "geometry": { "type": "LineString", "coordinates": [ [ -75.910357, 7.021029 ], [ -76.261614, 6.998112 ] ] } },
{ "type": "Feature", "properties": { "source": "PEQUE", "target": "GIRALDO", "distance": 0.5, "betweenness": 0.0002414409194070211, "weight": 0.10024144091940702 }, "geometry": { "type": "LineString", "coordinates": [ [ -75.910357, 7.021029 ], [ -75.952158, 6.680808 ] ] } },
{ "type": "Feature", "properties": { "source": "PEQUE", "target": "SANTA ROSA DE OSOS", "distance": 0.5, "betweenness": 0.00056014293302428882, "weight": 0.10056014293302429 }, "geometry": { "type": "LineString", "coordinates": [ [ -75.910357, 7.021029 ], [ -75.460723, 6.643366 ] ] } },
{ "type": "Feature", "properties": { "source": "PEQUE", "target": "URAMITA", "distance": 0.5, "betweenness": 0.0002897291032884253, "weight": 0.10028972910328843 }, "geometry": { "type": "LineString", "coordinates": [ [ -75.910357, 7.021029 ], [ -76.173284, 6.898393 ] ] } },
{ "type": "Feature", "properties": { "source": "PEQUE", "target": "SAN JOSÉ DE LA MONTAÑA", "distance": 0.5, "betweenness": 0.0002414409194070211, "weight": 0.10024144091940702 }, "geometry": { "type": "LineString", "coordinates": [ [ -75.910357, 7.021029 ], [ -75.683352, 6.85009 ] ] } },
{ "type": "Feature", "properties": { "source": "PEQUE", "target": "BURITICÁ", "distance": 0.5, "betweenness": 0.00014486455164421265, "weight": 0.10014486455164422 }, "geometry": { "type": "LineString", "coordinates": [ [ -75.910357, 7.021029 ], [ -75.907, 6.720759 ] ] } },
{ "type": "Feature", "properties": { "source": "PEQUE", "target": "CAÑASGORDAS", "distance": 0.5, "betweenness": 0.0002897291032884253, "weight": 0.10028972910328843 }, "geometry": { "type": "LineString", "coordinates": [ [ -75.910357, 7.021029 ], [ -76.028228, 6.753859 ] ] } },
{ "type": "Feature", "properties": { "source": "PEQUE", "target": "LIBORINA", "distance": 0.5, "betweenness": 0.00014486455164421265, "weight": 0.10014486455164422 }, "geometry": { "type": "LineString", "coordinates": [ [ -75.910357, 7.021029 ], [ -75.812838, 6.677316 ] ] } },
{ "type": "Feature", "properties": { "source": "PEQUE", "target": "SABANALARGA", "distance": 0.5, "betweenness": 0.0002897291032884253, "weight": 0.10028972910328843 }, "geometry": { "type": "LineString", "coordinates": [ [ -75.910357, 7.021029 ], [ -75.816645, 6.850028 ] ] } },
{ "type": "Feature", "properties": { "source": "PEQUE", "target": "FRONTINO", "distance": 0.5, "betweenness": 0.00032594524119947848, "weight": 0.10032594524119949 }, "geometry": { "type": "LineString", "coordinates": [ [ -75.910357, 7.021029 ], [ -76.130765, 6.776066 ] ] } },
{ "type": "Feature", "properties": { "source": "PEQUE", "target": "BELMIRA", "distance": 0.33333333333333331, "betweenness": 0.0070090298903858197, "weight": 0.10700902989038583 }, "geometry": { "type": "LineString", "coordinates": [ [ -75.910357, 7.021029 ], [ -75.667779, 6.606319 ] ] } },
{ "type": "Feature", "properties": { "source": "PEQUE", "target": "TOLEDO", "distance": 0.5, "betweenness": 0.0002897291032884253, "weight": 0.10028972910328843 }, "geometry": { "type": "LineString", "coordinates": [ [ -75.910357, 7.021029 ], [ -75.692281, 7.010328 ] ] } },
{ "type": "Feature", "properties": { "source": "PEQUE", "target": "ABRIAQUÍ", "distance": 0.5, "betweenness": 0.00050702593075474425, "weight": 0.10050702593075475 }, "geometry": { "type": "LineString", "coordinates": [ [ -75.910357, 7.021029 ], [ -76.064304, 6.632282 ] ] } },
{ "type": "Feature", "properties": { "source": "PEQUE", "target": "OLAYA", "distance": 0.5, "betweenness": 0.00014486455164421265, "weight": 0.10014486455164422 }, "geometry": { "type": "LineString", "coordinates": [ [ -75.910357, 7.021029 ], [ -75.811773, 6.626492 ] ] } },
{ "type": "Feature", "properties": { "source": "PEQUE", "target": "TARAZÁ", "distance": 0.33333333333333331, "betweenness": 0.0043145492298034662, "weight": 0.10431454922980347 }, "geometry": { "type": "LineString", "coordinates": [ [ -75.910357, 7.021029 ], [ -75.401407, 7.580127 ] ] } },
{ "type": "Feature", "properties": { "source": "PEQUE", "target": "ANGOSTURA", "distance": 0.5, "betweenness": 0.00062774639045825491, "weight": 0.10062774639045827 }, "geometry": { "type": "LineString", "coordinates": [ [ -75.910357, 7.021029 ], [ -75.335116, 6.885175 ] ] } },
{ "type": "Feature", "properties": { "source": "PEQUE", "target": "SANTA FÉ DE ANTIOQUIA", "distance": 0.5, "betweenness": 0.00047080979284369107, "weight": 0.1004708097928437 }, "geometry": { "type": "LineString", "coordinates": [ [ -75.910357, 7.021029 ], [ -75.826648, 6.556484 ] ] } },
{ "type": "Feature", "properties": { "source": "PEQUE", "target": "ENTRERRÍOS", "distance": 0.5, "betweenness": 0.0012772224636631415, "weight": 0.10127722246366315 }, "geometry": { "type": "LineString", "coordinates": [ [ -75.910357, 7.021029 ], [ -75.517685, 6.566273 ] ] } },
{ "type": "Feature", "properties": { "source": "PEQUE", "target": "SOPETRÁN", "distance": 0.5, "betweenness": 0.00160558211405669, "weight": 0.10160558211405669 }, "geometry": { "type": "LineString", "coordinates": [ [ -75.910357, 7.021029 ], [ -75.747378, 6.500745 ] ] } },
{ "type": "Feature", "properties": { "source": "PEQUE", "target": "URRAO", "distance": 0.5, "betweenness": 0.0016417982519677432, "weight": 0.10164179825196774 }, "geometry": { "type": "LineString", "coordinates": [ [ -75.910357, 7.021029 ], [ -76.133951, 6.317343 ] ] } },
{ "type": "Feature", "properties": { "source": "PEQUE", "target": "CAICEDO", "distance": 1.0, "betweenness": 0.0, "weight": 0.1 }, "geometry": { "type": "LineString", "coordinates": [ [ -75.910357, 7.021029 ], [ -75.98293, 6.405607 ] ] } },
{ "type": "Feature", "properties": { "source": "TARAZÁ", "target": "ANORÍ", "distance": 0.5, "betweenness": 0.00079675503404316955, "weight": 0.10079675503404317 }, "geometry": { "type": "LineString", "coordinates": [ [ -75.401407, 7.580127 ], [ -75.148355, 7.074703 ] ] } },
{ "type": "Feature", "properties": { "source": "TARAZÁ", "target": "ANGOSTURA", "distance": 0.5, "betweenness": 0.00124399559427808, "weight": 0.10124399559427809 }, "geometry": { "type": "LineString", "coordinates": [ [ -75.401407, 7.580127 ], [ -75.335116, 6.885175 ] ] } },
{ "type": "Feature", "properties": { "source": "TARAZÁ", "target": "AMALFI", "distance": 0.5, "betweenness": 0.0016908912389138374, "weight": 0.10169089123891384 }, "geometry": { "type": "LineString", "coordinates": [ [ -75.401407, 7.580127 ], [ -75.077501, 6.909655 ] ] } },
{ "type": "Feature", "properties": { "source": "TARAZÁ", "target": "ZARAGOZA", "distance": 1.0, "betweenness": 0.00014486455164421262, "weight": 0.10014486455164422 }, "geometry": { "type": "LineString", "coordinates": [ [ -75.401407, 7.580127 ], [ -74.867075, 7.488583 ] ] } },
{ "type": "Feature", "properties": { "source": "TARAZÁ", "target": "GUADALUPE", "distance": 0.33333333333333331, "betweenness": 0.0090741545543805424, "weight": 0.10907415455438055 }, "geometry": { "type": "LineString", "coordinates": [ [ -75.401407, 7.580127 ], [ -75.239862, 6.815069 ] ] } },
{ "type": "Feature", "properties": { "source": "TARAZÁ", "target": "CAUCASIA", "distance": 1.0, "betweenness": 0.016949152542372881, "weight": 0.11694915254237288 }, "geometry": { "type": "LineString", "coordinates": [ [ -75.401407, 7.580127 ], [ -75.197996, 7.977278 ] ] } },
{ "type": "Feature", "properties": { "source": "TARAZÁ", "target": "TOLEDO", "distance": 1.0, "betweenness": 0.0, "weight": 0.1 }, "geometry": { "type": "LineString", "coordinates": [ [ -75.401407, 7.580127 ], [ -75.692281, 7.010328 ] ] } },
{ "type": "Feature", "properties": { "source": "DABEIBA", "target": "MUTATÁ", "distance": 0.5, "betweenness": 0.00043459365493263795, "weight": 0.10043459365493264 }, "geometry": { "type": "LineString", "coordinates": [ [ -76.261614, 6.998112 ], [ -76.435875, 7.242875 ] ] } },
{ "type": "Feature", "properties": { "source": "DABEIBA", "target": "SAN JOSÉ DE LA MONTAÑA", "distance": 0.5, "betweenness": 0.00019315273552561685, "weight": 0.10019315273552562 }, "geometry": { "type": "LineString", "coordinates": [ [ -76.261614, 6.998112 ], [ -75.683352, 6.85009 ] ] } },
{ "type": "Feature", "properties": { "source": "DABEIBA", "target": "BURITICÁ", "distance": 0.5, "betweenness": 0.00014486455164421265, "weight": 0.10014486455164422 }, "geometry": { "type": "LineString", "coordinates": [ [ -76.261614, 6.998112 ], [ -75.907, 6.720759 ] ] } },
{ "type": "Feature", "properties": { "source": "DABEIBA", "target": "CAÑASGORDAS", "distance": 0.5, "betweenness": 0.00014486455164421265, "weight": 0.10014486455164422 }, "geometry": { "type": "LineString", "coordinates": [ [ -76.261614, 6.998112 ], [ -76.028228, 6.753859 ] ] } },
{ "type": "Feature", "properties": { "source": "DABEIBA", "target": "SABANALARGA", "distance": 0.5, "betweenness": 0.00018108068955526583, "weight": 0.10018108068955527 }, "geometry": { "type": "LineString", "coordinates": [ [ -76.261614, 6.998112 ], [ -75.816645, 6.850028 ] ] } },
{ "type": "Feature", "properties": { "source": "DABEIBA", "target": "FRONTINO", "distance": 0.5, "betweenness": 0.00019315273552561685, "weight": 0.10019315273552562 }, "geometry": { "type": "LineString", "coordinates": [ [ -76.261614, 6.998112 ], [ -76.130765, 6.776066 ] ] } },
{ "type": "Feature", "properties": { "source": "DABEIBA", "target": "TOLEDO", "distance": 0.5, "betweenness": 0.0003380172871698295, "weight": 0.10033801728716983 }, "geometry": { "type": "LineString", "coordinates": [ [ -76.261614, 6.998112 ], [ -75.692281, 7.010328 ] ] } },
{ "type": "Feature", "properties": { "source": "DABEIBA", "target": "URAMITA", "distance": 0.5, "betweenness": 0.00016900864358491478, "weight": 0.10016900864358493 }, "geometry": { "type": "LineString", "coordinates": [ [ -76.261614, 6.998112 ], [ -76.173284, 6.898393 ] ] } },
{ "type": "Feature", "properties": { "source": "DABEIBA", "target": "ABRIAQUÍ", "distance": 0.5, "betweenness": 0.0002897291032884253, "weight": 0.10028972910328843 }, "geometry": { "type": "LineString", "coordinates": [ [ -76.261614, 6.998112 ], [ -76.064304, 6.632282 ] ] } },
{ "type": "Feature", "properties": { "source": "DABEIBA", "target": "LIBORINA", "distance": 0.5, "betweenness": 0.00018108068955526583, "weight": 0.10018108068955527 }, "geometry": { "type": "LineString", "coordinates": [ [ -76.261614, 6.998112 ], [ -75.812838, 6.677316 ] ] } },
{ "type": "Feature", "properties": { "source": "DABEIBA", "target": "BELMIRA", "distance": 0.33333333333333331, "betweenness": 0.0022514365734704715, "weight": 0.10225143657347048 }, "geometry": { "type": "LineString", "coordinates": [ [ -76.261614, 6.998112 ], [ -75.667779, 6.606319 ] ] } },
{ "type": "Feature", "properties": { "source": "DABEIBA", "target": "GIRALDO", "distance": 0.5, "betweenness": 0.00014486455164421265, "weight": 0.10014486455164422 }, "geometry": { "type": "LineString", "coordinates": [ [ -76.261614, 6.998112 ], [ -75.952158, 6.680808 ] ] } },
{ "type": "Feature", "properties": { "source": "DABEIBA", "target": "SANTA FÉ DE ANTIOQUIA", "distance": 0.5, "betweenness": 0.00018108068955526583, "weight": 0.10018108068955527 }, "geometry": { "type": "LineString", "coordinates": [ [ -76.261614, 6.998112 ], [ -75.826648, 6.556484 ] ] } },
{ "type": "Feature", "properties": { "source": "DABEIBA", "target": "URRAO", "distance": 0.5, "betweenness": 0.0014486455164421266, "weight": 0.10144864551644213 }, "geometry": { "type": "LineString", "coordinates": [ [ -76.261614, 6.998112 ], [ -76.133951, 6.317343 ] ] } },
{ "type": "Feature", "properties": { "source": "DABEIBA", "target": "SANTA ROSA DE OSOS", "distance": 0.25, "betweenness": 0.0071695881017914912, "weight": 0.1071695881017915 }, "geometry": { "type": "LineString", "coordinates": [ [ -76.261614, 6.998112 ], [ -75.460723, 6.643366 ] ] } },
{ "type": "Feature", "properties": { "source": "DABEIBA", "target": "MURINDÓ", "distance": 0.5, "betweenness": 0.0011951325510647544, "weight": 0.10119513255106476 }, "geometry": { "type": "LineString", "coordinates": [ [ -76.261614, 6.998112 ], [ -76.817485, 6.97771 ] ] } },
{ "type": "Feature", "properties": { "source": "DABEIBA", "target": "OLAYA", "distance": 0.5, "betweenness": 0.00018108068955526583, "weight": 0.10018108068955527 }, "geometry": { "type": "LineString", "coordinates": [ [ -76.261614, 6.998112 ], [ -75.811773, 6.626492 ] ] } },
{ "type": "Feature", "properties": { "source": "DABEIBA", "target": "VIGÍA DEL FUERTE", "distance": 0.5, "betweenness": 0.0048167463421700703, "weight": 0.10481674634217007 }, "geometry": { "type": "LineString", "coordinates": [ [ -76.261614, 6.998112 ], [ -76.896004, 6.588164 ] ] } },
{ "type": "Feature", "properties": { "source": "DABEIBA", "target": "CAICEDO", "distance": 0.25, "betweenness": 0.0034574339659085422, "weight": 0.10345743396590855 }, "geometry": { "type": "LineString", "coordinates": [ [ -76.261614, 6.998112 ], [ -75.98293, 6.405607 ] ] } },
{ "type": "Feature", "properties": { "source": "SANTA ROSA DE OSOS", "target": "SAN VICENTE FERRER", "distance": 0.5, "betweenness": 0.00076002152273338701, "weight": 0.10076002152273339 }, "geometry": { "type": "LineString", "coordinates": [ [ -75.460723, 6.643366 ], [ -75.332616, 6.282164 ] ] } },
{ "type": "Feature", "properties": { "source": "SANTA ROSA DE OSOS", "target": "ALEJANDRÍA", "distance": 0.5, "betweenness": 0.00079692749184274601, "weight": 0.10079692749184276 }, "geometry": { "type": "LineString", "coordinates": [ [ -75.460723, 6.643366 ], [ -75.141346, 6.376061 ] ] } },
{ "type": "Feature", "properties": { "source": "SANTA ROSA DE OSOS", "target": "BELMIRA", "distance": 0.5, "betweenness": 0.0, "weight": 0.1 }, "geometry": { "type": "LineString", "coordinates": [ [ -75.460723, 6.643366 ], [ -75.667779, 6.606319 ] ] } },
{ "type": "Feature", "properties": { "source": "SANTA ROSA DE OSOS", "target": "ANORÍ", "distance": 0.5, "betweenness": 0.0016269294253346549, "weight": 0.10162692942533466 }, "geometry": { "type": "LineString", "coordinates": [ [ -75.460723, 6.643366 ], [ -75.148355, 7.074703 ] ] } },
{ "type": "Feature", "properties": { "source": "SANTA ROSA DE OSOS", "target": "SAN JERÓNIMO", "distance": 0.5, "betweenness": 0.00047563861123183149, "weight": 0.10047563861123184 }, "geometry": { "type": "LineString", "coordinates": [ [ -75.460723, 6.643366 ], [ -75.726975, 6.44809 ] ] } },
{ "type": "Feature", "properties": { "source": "SANTA ROSA DE OSOS", "target": "SAN ROQUE", "distance": 0.5, "betweenness": 0.0009039140395072599, "weight": 0.10090391403950727 }, "geometry": { "type": "LineString", "coordinates": [ [ -75.460723, 6.643366 ], [ -75.019109, 6.485939 ] ] } },
{ "type": "Feature", "properties": { "source": "SANTA ROSA DE OSOS", "target": "BARBOSA", "distance": 0.5, "betweenness": 0.00058428702496499097, "weight": 0.100584287024965 }, "geometry": { "type": "LineString", "coordinates": [ [ -75.460723, 6.643366 ], [ -75.331627, 6.439195 ] ] } },
{ "type": "Feature", "properties": { "source": "SANTA ROSA DE OSOS", "target": "YOLOMBÓ", "distance": 0.5, "betweenness": 0.00037878003979698889, "weight": 0.100378780039797 }, "geometry": { "type": "LineString", "coordinates": [ [ -75.460723, 6.643366 ], [ -75.013385, 6.594511 ] ] } },
{ "type": "Feature", "properties": { "source": "SANTA ROSA DE OSOS", "target": "SANTO DOMINGO", "distance": 0.5, "betweenness": 0.0011379079175689345, "weight": 0.10113790791756894 }, "geometry": { "type": "LineString", "coordinates": [ [ -75.460723, 6.643366 ], [ -75.164903, 6.473032 ] ] } },
{ "type": "Feature", "properties": { "source": "SANTA ROSA DE OSOS", "target": "SAN RAFAEL", "distance": 0.5, "betweenness": 0.0017318698652901171, "weight": 0.10173186986529012 }, "geometry": { "type": "LineString", "coordinates": [ [ -75.460723, 6.643366 ], [ -75.02849, 6.293759 ] ] } },
{ "type": "Feature", "properties": { "source": "SANTA ROSA DE OSOS", "target": "ANGOSTURA", "distance": 0.5, "betweenness": 0.00031738506314777504, "weight": 0.10031738506314777 }, "geometry": { "type": "LineString", "coordinates": [ [ -75.460723, 6.643366 ], [ -75.335116, 6.885175 ] ] } },
{ "type": "Feature", "properties": { "source": "SANTA ROSA DE OSOS", "target": "DONMATÍAS", "distance": 0.5, "betweenness": 0.0004551871451173544, "weight": 0.10045518714511736 }, "geometry": { "type": "LineString", "coordinates": [ [ -75.460723, 6.643366 ], [ -75.39263, 6.485603 ] ] } },
{ "type": "Feature", "properties": { "source": "SANTA ROSA DE OSOS", "target": "ENTRERRÍOS", "distance": 0.5, "betweenness": 0.00019315273552561685, "weight": 0.10019315273552562 }, "geometry": { "type": "LineString", "coordinates": [ [ -75.460723, 6.643366 ], [ -75.517685, 6.566273 ] ] } },
{ "type": "Feature", "properties": { "source": "SANTA ROSA DE OSOS", "target": "GUADALUPE", "distance": 0.5, "betweenness": 0.00041999745389575895, "weight": 0.10041999745389577 }, "geometry": { "type": "LineString", "coordinates": [ [ -75.460723, 6.643366 ], [ -75.239862, 6.815069 ] ] } },
{ "type": "Feature", "properties": { "source": "SANTA ROSA DE OSOS", "target": "AMALFI", "distance": 0.5, "betweenness": 0.0016727545580785188, "weight": 0.10167275455807852 }, "geometry": { "type": "LineString", "coordinates": [ [ -75.460723, 6.643366 ], [ -75.077501, 6.909655 ] ] } },
{ "type": "Feature", "properties": { "source": "SANTA ROSA DE OSOS", "target": "CONCEPCIÓN", "distance": 0.5, "betweenness": 0.00079692749184274601, "weight": 0.10079692749184276 }, "geometry": { "type": "LineString", "coordinates": [ [ -75.460723, 6.643366 ], [ -75.257587, 6.394348 ] ] } },
{ "type": "Feature", "properties": { "source": "SANTA ROSA DE OSOS", "target": "SAN PEDRO DE LOS MILAGROS", "distance": 0.5, "betweenness": 0.00043459365493263795, "weight": 0.10043459365493264 }, "geometry": { "type": "LineString", "coordinates": [ [ -75.460723, 6.643366 ], [ -75.556743, 6.46012 ] ] } },
{ "type": "Feature", "properties": { "source": "SANTA ROSA DE OSOS", "target": "COPACABANA", "distance": 0.5, "betweenness": 0.00019315273552561685, "weight": 0.10019315273552562 }, "geometry": { "type": "LineString", "coordinates": [ [ -75.460723, 6.643366 ], [ -75.509384, 6.348557 ] ] } },
{ "type": "Feature", "properties": { "source": "SANTA ROSA DE OSOS", "target": "GÓMEZ PLATA", "distance": 0.5, "betweenness": 0.00041937033462457189, "weight": 0.10041937033462457 }, "geometry": { "type": "LineString", "coordinates": [ [ -75.460723, 6.643366 ], [ -75.220018, 6.683269 ] ] } },
{ "type": "Feature", "properties": { "source": "SANTA ROSA DE OSOS", "target": "GUATAPÉ", "distance": 0.5, "betweenness": 0.00097513388473840438, "weight": 0.10097513388473842 }, "geometry": { "type": "LineString", "coordinates": [ [ -75.460723, 6.643366 ], [ -75.160041, 6.232461 ] ] } },
{ "type": "Feature", "properties": { "source": "SANTA ROSA DE OSOS", "target": "PEÑOL", "distance": 0.5, "betweenness": 0.0012950431029527074, "weight": 0.10129504310295272 }, "geometry": { "type": "LineString", "coordinates": [ [ -75.460723, 6.643366 ], [ -75.242693, 6.219349 ] ] } },
{ "type": "Feature", "properties": { "source": "SANTA ROSA DE OSOS", "target": "BELLO", "distance": 0.5, "betweenness": 0.00017383746197305517, "weight": 0.10017383746197306 }, "geometry": { "type": "LineString", "coordinates": [ [ -75.460723, 6.643366 ], [ -75.555245, 6.333587 ] ] } },
{ "type": "Feature", "properties": { "source": "SANTA ROSA DE OSOS", "target": "MEDELLÍN", "distance": 0.5, "betweenness": 0.00058797135068321496, "weight": 0.10058797135068322 }, "geometry": { "type": "LineString", "coordinates": [ [ -75.460723, 6.643366 ], [ -75.581775, 6.246631 ] ] } },
{ "type": "Feature", "properties": { "source": "SANTA ROSA DE OSOS", "target": "RIONEGRO", "distance": 0.5, "betweenness": 0.0010407305605045717, "weight": 0.10104073056050458 }, "geometry": { "type": "LineString", "coordinates": [ [ -75.460723, 6.643366 ], [ -75.377316, 6.147148 ] ] } },
{ "type": "Feature", "properties": { "source": "SANTA ROSA DE OSOS", "target": "GUARNE", "distance": 0.5, "betweenness": 0.00085539068589916042, "weight": 0.10085539068589916 }, "geometry": { "type": "LineString", "coordinates": [ [ -75.460723, 6.643366 ], [ -75.441612, 6.27787 ] ] } },
{ "type": "Feature", "properties": { "source": "SANTA ROSA DE OSOS", "target": "YALÍ", "distance": 0.5, "betweenness": 0.0027428890423240701, "weight": 0.10274288904232408 }, "geometry": { "type": "LineString", "coordinates": [ [ -75.460723, 6.643366 ], [ -74.840059, 6.676554 ] ] } },
{ "type": "Feature", "properties": { "source": "SANTA ROSA DE OSOS", "target": "SAN JOSÉ DE LA MONTAÑA", "distance": 0.5, "betweenness": 0.00019131318566346814, "weight": 0.10019131318566347 }, "geometry": { "type": "LineString", "coordinates": [ [ -75.460723, 6.643366 ], [ -75.683352, 6.85009 ] ] } },
{ "type": "Feature", "properties": { "source": "SANTA ROSA DE OSOS", "target": "CAROLINA", "distance": 0.5, "betweenness": 0.00014486455164421265, "weight": 0.10014486455164422 }, "geometry": { "type": "LineString", "coordinates": [ [ -75.460723, 6.643366 ], [ -75.283192, 6.725995 ] ] } },
{ "type": "Feature", "properties": { "source": "SANTA ROSA DE OSOS", "target": "GIRARDOTA", "distance": 0.5, "betweenness": 0.00058428702496499097, "weight": 0.100584287024965 }, "geometry": { "type": "LineString", "coordinates": [ [ -75.460723, 6.643366 ], [ -75.444238, 6.379472 ] ] } },
{ "type": "Feature", "properties": { "source": "SANTA ROSA DE OSOS", "target": "CISNEROS", "distance": 0.5, "betweenness": 0.0014576097040243064, "weight": 0.10145760970402432 }, "geometry": { "type": "LineString", "coordinates": [ [ -75.460723, 6.643366 ], [ -75.087047, 6.537829 ] ] } },
{ "type": "Feature", "properties": { "source": "SANTA ROSA DE OSOS", "target": "MARINILLA", "distance": 0.5, "betweenness": 0.00037250884708511821, "weight": 0.10037250884708512 }, "geometry": { "type": "LineString", "coordinates": [ [ -75.460723, 6.643366 ], [ -75.339345, 6.173995 ] ] } },
{ "type": "Feature", "properties": { "source": "SANTA ROSA DE OSOS", "target": "SAN CARLOS", "distance": 0.5, "betweenness": 0.00084004194173685693, "weight": 0.10084004194173686 }, "geometry": { "type": "LineString", "coordinates": [ [ -75.460723, 6.643366 ], [ -74.988097, 6.187746 ] ] } },
{ "type": "Feature", "properties": { "source": "SANTA ROSA DE OSOS", "target": "MACEO", "distance": 1.0, "betweenness": 0.0, "weight": 0.1 }, "geometry": { "type": "LineString", "coordinates": [ [ -75.460723, 6.643366 ], [ -74.78716, 6.552116 ] ] } },
{ "type": "Feature", "properties": { "source": "SANTA ROSA DE OSOS", "target": "SOPETRÁN", "distance": 0.5, "betweenness": 0.00014486455164421265, "weight": 0.10014486455164422 }, "geometry": { "type": "LineString", "coordinates": [ [ -75.460723, 6.643366 ], [ -75.747378, 6.500745 ] ] } },
{ "type": "Feature", "properties": { "source": "SANTA ROSA DE OSOS", "target": "GIRALDO", "distance": 0.5, "betweenness": 0.00045873774687334005, "weight": 0.10045873774687335 }, "geometry": { "type": "LineString", "coordinates": [ [ -75.460723, 6.643366 ], [ -75.952158, 6.680808 ] ] } },
{ "type": "Feature", "properties": { "source": "SANTA ROSA DE OSOS", "target": "BURITICÁ", "distance": 0.33333333333333331, "betweenness": 0.0065140760056014305, "weight": 0.10651407600560144 }, "geometry": { "type": "LineString", "coordinates": [ [ -75.460723, 6.643366 ], [ -75.907, 6.720759 ] ] } },
{ "type": "Feature", "properties": { "source": "SANTA ROSA DE OSOS", "target": "SANTA FÉ DE ANTIOQUIA", "distance": 0.5, "betweenness": 0.00033198126418465404, "weight": 0.10033198126418466 }, "geometry": { "type": "LineString", "coordinates": [ [ -75.460723, 6.643366 ], [ -75.826648, 6.556484 ] ] } },
{ "type": "Feature", "properties": { "source": "SANTA ROSA DE OSOS", "target": "LIBORINA", "distance": 0.5, "betweenness": 0.0, "weight": 0.1 }, "geometry": { "type": "LineString", "coordinates": [ [ -75.460723, 6.643366 ], [ -75.812838, 6.677316 ] ] } },
{ "type": "Feature", "properties": { "source": "SANTA ROSA DE OSOS", "target": "SABANALARGA", "distance": 0.33333333333333331, "betweenness": 0.0020039596310782747, "weight": 0.10200395963107828 }, "geometry": { "type": "LineString", "coordinates": [ [ -75.460723, 6.643366 ], [ -75.816645, 6.850028 ] ] } },
{ "type": "Feature", "properties": { "source": "SANTA ROSA DE OSOS", "target": "CAÑASGORDAS", "distance": 0.5, "betweenness": 0.00050702593075474425, "weight": 0.10050702593075475 }, "geometry": { "type": "LineString", "coordinates": [ [ -75.460723, 6.643366 ], [ -76.028228, 6.753859 ] ] } },
{ "type": "Feature", "properties": { "source": "SANTA ROSA DE OSOS", "target": "TOLEDO", "distance": 0.5, "betweenness": 0.00050903659259194647, "weight": 0.10050903659259196 }, "geometry": { "type": "LineString", "coordinates": [ [ -75.460723, 6.643366 ], [ -75.692281, 7.010328 ] ] } },
{ "type": "Feature", "properties": { "source": "SANTA ROSA DE OSOS", "target": "OLAYA", "distance": 0.5, "betweenness": 0.00019194553092858179, "weight": 0.10019194553092858 }, "geometry": { "type": "LineString", "coordinates": [ [ -75.460723, 6.643366 ], [ -75.811773, 6.626492 ] ] } },
{ "type": "Feature", "properties": { "source": "SANTA ROSA DE OSOS", "target": "EBÉJICO", "distance": 0.5, "betweenness": 0.0012710992067793455, "weight": 0.10127109920677935 }, "geometry": { "type": "LineString", "coordinates": [ [ -75.460723, 6.643366 ], [ -75.766413, 6.325615 ] ] } },
{ "type": "Feature", "properties": { "source": "SANTA ROSA DE OSOS", "target": "ABRIAQUÍ", "distance": 0.5, "betweenness": 0.00095852045004587375, "weight": 0.10095852045004589 }, "geometry": { "type": "LineString", "coordinates": [ [ -75.460723, 6.643366 ], [ -76.064304, 6.632282 ] ] } },
{ "type": "Feature", "properties": { "source": "SANTA ROSA DE OSOS", "target": "CAICEDO", "distance": 0.5, "betweenness": 0.00028248587570621464, "weight": 0.10028248587570622 }, "geometry": { "type": "LineString", "coordinates": [ [ -75.460723, 6.643366 ], [ -75.98293, 6.405607 ] ] } },
{ "type": "Feature", "properties": { "source": "SANTA ROSA DE OSOS", "target": "ENVIGADO", "distance": 0.5, "betweenness": 0.00043770312131894041, "weight": 0.10043770312131894 }, "geometry": { "type": "LineString", "coordinates": [ [ -75.460723, 6.643366 ], [ -75.582192, 6.166695 ] ] } },
{ "type": "Feature", "properties": { "source": "SANTA ROSA DE OSOS", "target": "URAMITA", "distance": 0.33333333333333331, "betweenness": 0.0069515962171329401, "weight": 0.10695159621713295 }, "geometry": { "type": "LineString", "coordinates": [ [ -75.460723, 6.643366 ], [ -76.173284, 6.898393 ] ] } },
{ "type": "Feature", "properties": { "source": "SANTA ROSA DE OSOS", "target": "ITAGÜÍ", "distance": 0.5, "betweenness": 0.0010730951408917512, "weight": 0.10107309514089176 }, "geometry": { "type": "LineString", "coordinates": [ [ -75.460723, 6.643366 ], [ -75.612056, 6.175079 ] ] } },
{ "type": "Feature", "properties": { "source": "SANTA ROSA DE OSOS", "target": "RETIRO", "distance": 0.5, "betweenness": 0.0022475902419405239, "weight": 0.10224759024194052 }, "geometry": { "type": "LineString", "coordinates": [ [ -75.460723, 6.643366 ], [ -75.501301, 6.062454 ] ] } },
{ "type": "Feature", "properties": { "source": "SANTA ROSA DE OSOS", "target": "EL CARMEN DE VIBORAL", "distance": 0.5, "betweenness": 0.0021644478945652347, "weight": 0.10216444789456525 }, "geometry": { "type": "LineString", "coordinates": [ [ -75.460723, 6.643366 ], [ -75.333901, 6.082885 ] ] } },
{ "type": "Feature", "properties": { "source": "SANTA ROSA DE OSOS", "target": "EL SANTUARIO", "distance": 0.5, "betweenness": 0.0024866690120927404, "weight": 0.10248666901209275 }, "geometry": { "type": "LineString", "coordinates": [ [ -75.460723, 6.643366 ], [ -75.265465, 6.136871 ] ] } },
{ "type": "Feature", "properties": { "source": "SANTA ROSA DE OSOS", "target": "GRANADA", "distance": 0.5, "betweenness": 0.002309899767526886, "weight": 0.10230989976752689 }, "geometry": { "type": "LineString", "coordinates": [ [ -75.460723, 6.643366 ], [ -75.184446, 6.142892 ] ] } },
{ "type": "Feature", "properties": { "source": "SANTA ROSA DE OSOS", "target": "HELICONIA", "distance": 0.5, "betweenness": 0.0009244940035900486, "weight": 0.10092449400359005 }, "geometry": { "type": "LineString", "coordinates": [ [ -75.460723, 6.643366 ], [ -75.734322, 6.206757 ] ] } },
{ "type": "Feature", "properties": { "source": "SANTA ROSA DE OSOS", "target": "LA ESTRELLA", "distance": 0.5, "betweenness": 0.0011459298182462023, "weight": 0.1011459298182462 }, "geometry": { "type": "LineString", "coordinates": [ [ -75.460723, 6.643366 ], [ -75.637708, 6.145238 ] ] } },
{ "type": "Feature", "properties": { "source": "SANTA ROSA DE OSOS", "target": "ANZÁ", "distance": 0.5, "betweenness": 0.00046868803930950816, "weight": 0.10046868803930951 }, "geometry": { "type": "LineString", "coordinates": [ [ -75.460723, 6.643366 ], [ -75.854442, 6.302641 ] ] } },
{ "type": "Feature", "properties": { "source": "SANTA ROSA DE OSOS", "target": "SABANETA", "distance": 0.5, "betweenness": 0.0013334489323189884, "weight": 0.10133344893231899 }, "geometry": { "type": "LineString", "coordinates": [ [ -75.460723, 6.643366 ], [ -75.615479, 6.149903 ] ] } },
{ "type": "Feature", "properties": { "source": "SANTA ROSA DE OSOS", "target": "VEGACHÍ", "distance": 0.5, "betweenness": 0.0037830441996149996, "weight": 0.10378304419961501 }, "geometry": { "type": "LineString", "coordinates": [ [ -75.460723, 6.643366 ], [ -74.798714, 6.773525 ] ] } },
{ "type": "Feature", "properties": { "source": "SANTA ROSA DE OSOS", "target": "CARACOLÍ", "distance": 1.0, "betweenness": 2.0005104750867464e-05, "weight": 0.10002000510475087 }, "geometry": { "type": "LineString", "coordinates": [ [ -75.460723, 6.643366 ], [ -74.757421, 6.409829 ] ] } },
{ "type": "Feature", "properties": { "source": "URAMITA", "target": "FRONTINO", "distance": 0.5, "betweenness": 0.00033198126418465399, "weight": 0.10033198126418466 }, "geometry": { "type": "LineString", "coordinates": [ [ -76.173284, 6.898393 ], [ -76.130765, 6.776066 ] ] } },
{ "type": "Feature", "properties": { "source": "URAMITA", "target": "SANTA FÉ DE ANTIOQUIA", "distance": 0.5, "betweenness": 0.00035371094693128585, "weight": 0.1003537109469313 }, "geometry": { "type": "LineString", "coordinates": [ [ -76.173284, 6.898393 ], [ -75.826648, 6.556484 ] ] } },
{ "type": "Feature", "properties": { "source": "URAMITA", "target": "BURITICÁ", "distance": 0.5, "betweenness": 0.00023339288876012039, "weight": 0.10023339288876013 }, "geometry": { "type": "LineString", "coordinates": [ [ -76.173284, 6.898393 ], [ -75.907, 6.720759 ] ] } },
{ "type": "Feature", "properties": { "source": "URAMITA", "target": "SAN JOSÉ DE LA MONTAÑA", "distance": 0.5, "betweenness": 0.00014486455164421265, "weight": 0.10014486455164422 }, "geometry": { "type": "LineString", "coordinates": [ [ -76.173284, 6.898393 ], [ -75.683352, 6.85009 ] ] } },
{ "type": "Feature", "properties": { "source": "URAMITA", "target": "MUTATÁ", "distance": 0.5, "betweenness": 0.00043459365493263795, "weight": 0.10043459365493264 }, "geometry": { "type": "LineString", "coordinates": [ [ -76.173284, 6.898393 ], [ -76.435875, 7.242875 ] ] } },
{ "type": "Feature", "properties": { "source": "URAMITA", "target": "TOLEDO", "distance": 0.5, "betweenness": 0.00014486455164421265, "weight": 0.10014486455164422 }, "geometry": { "type": "LineString", "coordinates": [ [ -76.173284, 6.898393 ], [ -75.692281, 7.010328 ] ] } },
{ "type": "Feature", "properties": { "source": "URAMITA", "target": "ABRIAQUÍ", "distance": 0.5, "betweenness": 0.00030461795998519163, "weight": 0.1003046179599852 }, "geometry": { "type": "LineString", "coordinates": [ [ -76.173284, 6.898393 ], [ -76.064304, 6.632282 ] ] } },
{ "type": "Feature", "properties": { "source": "URAMITA", "target": "BELMIRA", "distance": 0.5, "betweenness": 0.00092431631979654569, "weight": 0.10092431631979655 }, "geometry": { "type": "LineString", "coordinates": [ [ -76.173284, 6.898393 ], [ -75.667779, 6.606319 ] ] } },
{ "type": "Feature", "properties": { "source": "URAMITA", "target": "CAÑASGORDAS", "distance": 0.5, "betweenness": 0.00014486455164421265, "weight": 0.10014486455164422 }, "geometry": { "type": "LineString", "coordinates": [ [ -76.173284, 6.898393 ], [ -76.028228, 6.753859 ] ] } },
{ "type": "Feature", "properties": { "source": "URAMITA", "target": "OLAYA", "distance": 0.5, "betweenness": 0.00014486455164421265, "weight": 0.10014486455164422 }, "geometry": { "type": "LineString", "coordinates": [ [ -76.173284, 6.898393 ], [ -75.811773, 6.626492 ] ] } },
{ "type": "Feature", "properties": { "source": "URAMITA", "target": "SABANALARGA", "distance": 0.5, "betweenness": 0.00014486455164421265, "weight": 0.10014486455164422 }, "geometry": { "type": "LineString", "coordinates": [ [ -76.173284, 6.898393 ], [ -75.816645, 6.850028 ] ] } },
{ "type": "Feature", "properties": { "source": "URAMITA", "target": "GIRALDO", "distance": 0.5, "betweenness": 0.00019194553092858179, "weight": 0.10019194553092858 }, "geometry": { "type": "LineString", "coordinates": [ [ -76.173284, 6.898393 ], [ -75.952158, 6.680808 ] ] } },
{ "type": "Feature", "properties": { "source": "URAMITA", "target": "LIBORINA", "distance": 0.5, "betweenness": 0.00014486455164421265, "weight": 0.10014486455164422 }, "geometry": { "type": "LineString", "coordinates": [ [ -76.173284, 6.898393 ], [ -75.812838, 6.677316 ] ] } },
{ "type": "Feature", "properties": { "source": "URAMITA", "target": "SOPETRÁN", "distance": 0.5, "betweenness": 0.0018219643925858611, "weight": 0.10182196439258587 }, "geometry": { "type": "LineString", "coordinates": [ [ -76.173284, 6.898393 ], [ -75.747378, 6.500745 ] ] } },
{ "type": "Feature", "properties": { "source": "URAMITA", "target": "URRAO", "distance": 0.5, "betweenness": 0.0016092037278477957, "weight": 0.1016092037278478 }, "geometry": { "type": "LineString", "coordinates": [ [ -76.173284, 6.898393 ], [ -76.133951, 6.317343 ] ] } },
{ "type": "Feature", "properties": { "source": "URAMITA", "target": "CAICEDO", "distance": 0.5, "betweenness": 0.00045511613308223472, "weight": 0.10045511613308224 }, "geometry": { "type": "LineString", "coordinates": [ [ -76.173284, 6.898393 ], [ -75.98293, 6.405607 ] ] } },
{ "type": "Feature", "properties": { "source": "URAMITA", "target": "MURINDÓ", "distance": 0.5, "betweenness": 0.00016900864358491478, "weight": 0.10016900864358493 }, "geometry": { "type": "LineString", "coordinates": [ [ -76.173284, 6.898393 ], [ -76.817485, 6.97771 ] ] } },
{ "type": "Feature", "properties": { "source": "URAMITA", "target": "VIGÍA DEL FUERTE", "distance": 1.0, "betweenness": 2.4144091940702106e-05, "weight": 0.10002414409194071 }, "geometry": { "type": "LineString", "coordinates": [ [ -76.173284, 6.898393 ], [ -76.896004, 6.588164 ] ] } },
{ "type": "Feature", "properties": { "source": "TOLEDO", "target": "BELMIRA", "distance": 0.33333333333333331, "betweenness": 0.0057731384668633116, "weight": 0.10577313846686331 }, "geometry": { "type": "LineString", "coordinates": [ [ -75.692281, 7.010328 ], [ -75.667779, 6.606319 ] ] } },
{ "type": "Feature", "properties": { "source": "TOLEDO", "target": "ANGOSTURA", "distance": 0.5, "betweenness": 0.00059957693736957941, "weight": 0.10059957693736958 }, "geometry": { "type": "LineString", "coordinates": [ [ -75.692281, 7.010328 ], [ -75.335116, 6.885175 ] ] } },
{ "type": "Feature", "properties": { "source": "TOLEDO", "target": "LIBORINA", "distance": 0.5, "betweenness": 0.00014486455164421265, "weight": 0.10014486455164422 }, "geometry": { "type": "LineString", "coordinates": [ [ -75.692281, 7.010328 ], [ -75.812838, 6.677316 ] ] } },
{ "type": "Feature", "properties": { "source": "TOLEDO", "target": "SOPETRÁN", "distance": 0.5, "betweenness": 0.0017504466657009025, "weight": 0.10175044666570091 }, "geometry": { "type": "LineString", "coordinates": [ [ -75.692281, 7.010328 ], [ -75.747378, 6.500745 ] ] } },
{ "type": "Feature", "properties": { "source": "TOLEDO", "target": "CAROLINA", "distance": 0.5, "betweenness": 0.00038831613288843608, "weight": 0.10038831613288844 }, "geometry": { "type": "LineString", "coordinates": [ [ -75.692281, 7.010328 ], [ -75.283192, 6.725995 ] ] } },
{ "type": "Feature", "properties": { "source": "TOLEDO", "target": "BURITICÁ", "distance": 0.5, "betweenness": 0.0005794582065768506, "weight": 0.10057945820657685 }, "geometry": { "type": "LineString", "coordinates": [ [ -75.692281, 7.010328 ], [ -75.907, 6.720759 ] ] } },
{ "type": "Feature", "properties": { "source": "TOLEDO", "target": "ENTRERRÍOS", "distance": 0.5, "betweenness": 0.0014120256311742053, "weight": 0.10141202563117421 }, "geometry": { "type": "LineString", "coordinates": [ [ -75.692281, 7.010328 ], [ -75.517685, 6.566273 ] ] } },
{ "type": "Feature", "properties": { "source": "TOLEDO", "target": "CAÑASGORDAS", "distance": 0.5, "betweenness": 0.0002307485358332816, "weight": 0.10023074853583329 }, "geometry": { "type": "LineString", "coordinates": [ [ -75.692281, 7.010328 ], [ -76.028228, 6.753859 ] ] } },
{ "type": "Feature", "properties": { "source": "TOLEDO", "target": "GIRALDO", "distance": 0.5, "betweenness": 0.00014486455164421265, "weight": 0.10014486455164422 }, "geometry": { "type": "LineString", "coordinates": [ [ -75.692281, 7.010328 ], [ -75.952158, 6.680808 ] ] } },
{ "type": "Feature", "properties": { "source": "TOLEDO", "target": "ABRIAQUÍ", "distance": 0.5, "betweenness": 0.0003863054710512337, "weight": 0.10038630547105123 }, "geometry": { "type": "LineString", "coordinates": [ [ -75.692281, 7.010328 ], [ -76.064304, 6.632282 ] ] } },
{ "type": "Feature", "properties": { "source": "TOLEDO", "target": "SANTA FÉ DE ANTIOQUIA", "distance": 0.5, "betweenness": 0.00055531411463614856, "weight": 0.10055531411463615 }, "geometry": { "type": "LineString", "coordinates": [ [ -75.692281, 7.010328 ], [ -75.826648, 6.556484 ] ] } },
{ "type": "Feature", "properties": { "source": "TOLEDO", "target": "SABANALARGA", "distance": 0.5, "betweenness": 0.00014486455164421265, "weight": 0.10014486455164422 }, "geometry": { "type": "LineString", "coordinates": [ [ -75.692281, 7.010328 ], [ -75.816645, 6.850028 ] ] } },
{ "type": "Feature", "properties": { "source": "TOLEDO", "target": "SAN JOSÉ DE LA MONTAÑA", "distance": 0.5, "betweenness": 0.00016834246044608272, "weight": 0.10016834246044609 }, "geometry": { "type": "LineString", "coordinates": [ [ -75.692281, 7.010328 ], [ -75.683352, 6.85009 ] ] } },
{ "type": "Feature", "properties": { "source": "TOLEDO", "target": "OLAYA", "distance": 0.33333333333333331, "betweenness": 0.00070638714706511307, "weight": 0.10070638714706512 }, "geometry": { "type": "LineString", "coordinates": [ [ -75.692281, 7.010328 ], [ -75.811773, 6.626492 ] ] } },
{ "type": "Feature", "properties": { "source": "TOLEDO", "target": "FRONTINO", "distance": 0.5, "betweenness": 0.0003380172871698295, "weight": 0.10033801728716983 }, "geometry": { "type": "LineString", "coordinates": [ [ -75.692281, 7.010328 ], [ -76.130765, 6.776066 ] ] } },
{ "type": "Feature", "properties": { "source": "TOLEDO", "target": "SAN JERÓNIMO", "distance": 1.0, "betweenness": 0.0, "weight": 0.1 }, "geometry": { "type": "LineString", "coordinates": [ [ -75.692281, 7.010328 ], [ -75.726975, 6.44809 ] ] } },
{ "type": "Feature", "properties": { "source": "TOLEDO", "target": "ANORÍ", "distance": 1.0, "betweenness": 2.3477908801870028e-05, "weight": 0.10002347790880188 }, "geometry": { "type": "LineString", "coordinates": [ [ -75.692281, 7.010328 ], [ -75.148355, 7.074703 ] ] } },
{ "type": "Feature", "properties": { "source": "TOLEDO", "target": "GUADALUPE", "distance": 1.0, "betweenness": 0.0, "weight": 0.1 }, "geometry": { "type": "LineString", "coordinates": [ [ -75.692281, 7.010328 ], [ -75.239862, 6.815069 ] ] } },
{ "type": "Feature", "properties": { "source": "BURITICÁ", "target": "FRONTINO", "distance": 0.5, "betweenness": 0.00014486455164421265, "weight": 0.10014486455164422 }, "geometry": { "type": "LineString", "coordinates": [ [ -75.907, 6.720759 ], [ -76.130765, 6.776066 ] ] } },
{ "type": "Feature", "properties": { "source": "BURITICÁ", "target": "GIRALDO", "distance": 0.25, "betweenness": 0.0015935100680863391, "weight": 0.10159351006808634 }, "geometry": { "type": "LineString", "coordinates": [ [ -75.907, 6.720759 ], [ -75.952158, 6.680808 ] ] } },
{ "type": "Feature", "properties": { "source": "BURITICÁ", "target": "SANTA FÉ DE ANTIOQUIA", "distance": 0.33333333333333331, "betweenness": 0.0029298855570042007, "weight": 0.10292988555700421 }, "geometry": { "type": "LineString", "coordinates": [ [ -75.907, 6.720759 ], [ -75.826648, 6.556484 ] ] } },
{ "type": "Feature", "properties": { "source": "BURITICÁ", "target": "SABANALARGA", "distance": 0.5, "betweenness": 0.00060360229851755265, "weight": 0.10060360229851756 }, "geometry": { "type": "LineString", "coordinates": [ [ -75.907, 6.720759 ], [ -75.816645, 6.850028 ] ] } },
{ "type": "Feature", "properties": { "source": "BURITICÁ", "target": "ABRIAQUÍ", "distance": 0.33333333333333331, "betweenness": 0.0013001593510068084, "weight": 0.10130015935100681 }, "geometry": { "type": "LineString", "coordinates": [ [ -75.907, 6.720759 ], [ -76.064304, 6.632282 ] ] } },
{ "type": "Feature", "properties": { "source": "BURITICÁ", "target": "SAN JOSÉ DE LA MONTAÑA", "distance": 0.5, "betweenness": 0.00060360229851755265, "weight": 0.10060360229851756 }, "geometry": { "type": "LineString", "coordinates": [ [ -75.907, 6.720759 ], [ -75.683352, 6.85009 ] ] } },
{ "type": "Feature", "properties": { "source": "BURITICÁ", "target": "BELMIRA", "distance": 0.5, "betweenness": 0.00079313342025206417, "weight": 0.10079313342025208 }, "geometry": { "type": "LineString", "coordinates": [ [ -75.907, 6.720759 ], [ -75.667779, 6.606319 ] ] } },
{ "type": "Feature", "properties": { "source": "BURITICÁ", "target": "ENTRERRÍOS", "distance": 0.5, "betweenness": 0.0019641218793761163, "weight": 0.10196412187937612 }, "geometry": { "type": "LineString", "coordinates": [ [ -75.907, 6.720759 ], [ -75.517685, 6.566273 ] ] } },
{ "type": "Feature", "properties": { "source": "BURITICÁ", "target": "LIBORINA", "distance": 0.5, "betweenness": 0.0002897291032884253, "weight": 0.10028972910328843 }, "geometry": { "type": "LineString", "coordinates": [ [ -75.907, 6.720759 ], [ -75.812838, 6.677316 ] ] } },
{ "type": "Feature", "properties": { "source": "BURITICÁ", "target": "ANGOSTURA", "distance": 0.5, "betweenness": 0.0012639432130957552, "weight": 0.10126394321309576 }, "geometry": { "type": "LineString", "coordinates": [ [ -75.907, 6.720759 ], [ -75.335116, 6.885175 ] ] } },
{ "type": "Feature", "properties": { "source": "BURITICÁ", "target": "MUTATÁ", "distance": 0.16666666666666666, "betweenness": 0.03657588488096962, "weight": 0.13657588488096961 }, "geometry": { "type": "LineString", "coordinates": [ [ -75.907, 6.720759 ], [ -76.435875, 7.242875 ] ] } },
{ "type": "Feature", "properties": { "source": "BURITICÁ", "target": "SOPETRÁN", "distance": 0.5, "betweenness": 0.0017673475300593942, "weight": 0.10176734753005939 }, "geometry": { "type": "LineString", "coordinates": [ [ -75.907, 6.720759 ], [ -75.747378, 6.500745 ] ] } },
{ "type": "Feature", "properties": { "source": "BURITICÁ", "target": "CAÑASGORDAS", "distance": 0.5, "betweenness": 9.0540344777632914e-05, "weight": 0.10009054034477764 }, "geometry": { "type": "LineString", "coordinates": [ [ -75.907, 6.720759 ], [ -76.028228, 6.753859 ] ] } },
{ "type": "Feature", "properties": { "source": "BURITICÁ", "target": "OLAYA", "distance": 0.5, "betweenness": 0.0005794582065768506, "weight": 0.10057945820657685 }, "geometry": { "type": "LineString", "coordinates": [ [ -75.907, 6.720759 ], [ -75.811773, 6.626492 ] ] } },
{ "type": "Feature", "properties": { "source": "BURITICÁ", "target": "URRAO", "distance": 0.5, "betweenness": 0.0014208798107103191, "weight": 0.10142087981071032 }, "geometry": { "type": "LineString", "coordinates": [ [ -75.907, 6.720759 ], [ -76.133951, 6.317343 ] ] } },
{ "type": "Feature", "properties": { "source": "BURITICÁ", "target": "SAN JERÓNIMO", "distance": 0.5, "betweenness": 0.001490897677338355, "weight": 0.10149089767733836 }, "geometry": { "type": "LineString", "coordinates": [ [ -75.907, 6.720759 ], [ -75.726975, 6.44809 ] ] } },
{ "type": "Feature", "properties": { "source": "BURITICÁ", "target": "CAICEDO", "distance": 0.5, "betweenness": 0.0005794582065768506, "weight": 0.10057945820657685 }, "geometry": { "type": "LineString", "coordinates": [ [ -75.907, 6.720759 ], [ -75.98293, 6.405607 ] ] } },
{ "type": "Feature", "properties": { "source": "BURITICÁ", "target": "SAN PEDRO DE LOS MILAGROS", "distance": 0.5, "betweenness": 0.0015053841325027763, "weight": 0.10150538413250278 }, "geometry": { "type": "LineString", "coordinates": [ [ -75.907, 6.720759 ], [ -75.556743, 6.46012 ] ] } },
{ "type": "Feature", "properties": { "source": "BURITICÁ", "target": "ANZÁ", "distance": 0.5, "betweenness": 0.00093196194891110142, "weight": 0.1009319619489111 }, "geometry": { "type": "LineString", "coordinates": [ [ -75.907, 6.720759 ], [ -75.854442, 6.302641 ] ] } },
{ "type": "Feature", "properties": { "source": "BURITICÁ", "target": "MEDELLÍN", "distance": 0.33333333333333331, "betweenness": 0.01829920968339047, "weight": 0.11829920968339047 }, "geometry": { "type": "LineString", "coordinates": [ [ -75.907, 6.720759 ], [ -75.581775, 6.246631 ] ] } },
{ "type": "Feature", "properties": { "source": "BURITICÁ", "target": "EBÉJICO", "distance": 0.5, "betweenness": 0.0014486455164421266, "weight": 0.10144864551644213 }, "geometry": { "type": "LineString", "coordinates": [ [ -75.907, 6.720759 ], [ -75.766413, 6.325615 ] ] } },
{ "type": "Feature", "properties": { "source": "BURITICÁ", "target": "BELLO", "distance": 0.5, "betweenness": 0.0005794582065768506, "weight": 0.10057945820657685 }, "geometry": { "type": "LineString", "coordinates": [ [ -75.907, 6.720759 ], [ -75.555245, 6.333587 ] ] } },
{ "type": "Feature", "properties": { "source": "BURITICÁ", "target": "COPACABANA", "distance": 1.0, "betweenness": 0.0, "weight": 0.1 }, "geometry": { "type": "LineString", "coordinates": [ [ -75.907, 6.720759 ], [ -75.509384, 6.348557 ] ] } },
{ "type": "Feature", "properties": { "source": "MUTATÁ", "target": "FRONTINO", "distance": 0.5, "betweenness": 0.0, "weight": 0.1 }, "geometry": { "type": "LineString", "coordinates": [ [ -76.435875, 7.242875 ], [ -76.130765, 6.776066 ] ] } },
{ "type": "Feature", "properties": { "source": "MUTATÁ", "target": "CAÑASGORDAS", "distance": 0.33333333333333331, "betweenness": 0.0067337872422618171, "weight": 0.10673378724226182 }, "geometry": { "type": "LineString", "coordinates": [ [ -76.435875, 7.242875 ], [ -76.028228, 6.753859 ] ] } },
{ "type": "Feature", "properties": { "source": "MUTATÁ", "target": "MURINDÓ", "distance": 0.5, "betweenness": 0.00043459365493263795, "weight": 0.10043459365493264 }, "geometry": { "type": "LineString", "coordinates": [ [ -76.435875, 7.242875 ], [ -76.817485, 6.97771 ] ] } },
{ "type": "Feature", "properties": { "source": "MUTATÁ", "target": "CAREPA", "distance": 1.0, "betweenness": 0.016949152542372881, "weight": 0.11694915254237288 }, "geometry": { "type": "LineString", "coordinates": [ [ -76.435875, 7.242875 ], [ -76.652652, 7.755148 ] ] } },
{ "type": "Feature", "properties": { "source": "MUTATÁ", "target": "APARTADÓ", "distance": 1.0, "betweenness": 0.016949152542372881, "weight": 0.11694915254237288 }, "geometry": { "type": "LineString", "coordinates": [ [ -76.435875, 7.242875 ], [ -76.625279, 7.882968 ] ] } },
{ "type": "Feature", "properties": { "source": "MUTATÁ", "target": "CHIGORODÓ", "distance": 1.0, "betweenness": 0.0, "weight": 0.1 }, "geometry": { "type": "LineString", "coordinates": [ [ -76.435875, 7.242875 ], [ -76.681531, 7.666147 ] ] } },
{ "type": "Feature", "properties": { "source": "SAN JOSÉ DE LA MONTAÑA", "target": "LIBORINA", "distance": 0.33333333333333331, "betweenness": 0.00050116236556914525, "weight": 0.10050116236556915 }, "geometry": { "type": "LineString", "coordinates": [ [ -75.683352, 6.85009 ], [ -75.812838, 6.677316 ] ] } },
{ "type": "Feature", "properties": { "source": "SAN JOSÉ DE LA MONTAÑA", "target": "SABANALARGA", "distance": 0.5, "betweenness": 0.00014486455164421265, "weight": 0.10014486455164422 }, "geometry": { "type": "LineString", "coordinates": [ [ -75.683352, 6.85009 ], [ -75.816645, 6.850028 ] ] } },
{ "type": "Feature", "properties": { "source": "SAN JOSÉ DE LA MONTAÑA", "target": "ENTRERRÍOS", "distance": 0.5, "betweenness": 0.00078226857887874824, "weight": 0.10078226857887876 }, "geometry": { "type": "LineString", "coordinates": [ [ -75.683352, 6.85009 ], [ -75.517685, 6.566273 ] ] } },
{ "type": "Feature", "properties": { "source": "SAN JOSÉ DE LA MONTAÑA", "target": "ABRIAQUÍ", "distance": 0.5, "betweenness": 0.00047563861123183149, "weight": 0.10047563861123184 }, "geometry": { "type": "LineString", "coordinates": [ [ -75.683352, 6.85009 ], [ -76.064304, 6.632282 ] ] } },
{ "type": "Feature", "properties": { "source": "SAN JOSÉ DE LA MONTAÑA", "target": "BELMIRA", "distance": 0.5, "betweenness": 0.00024144091940702108, "weight": 0.10024144091940702 }, "geometry": { "type": "LineString", "coordinates": [ [ -75.683352, 6.85009 ], [ -75.667779, 6.606319 ] ] } },
{ "type": "Feature", "properties": { "source": "SAN JOSÉ DE LA MONTAÑA", "target": "ANGOSTURA", "distance": 0.5, "betweenness": 0.00027581750745592551, "weight": 0.10027581750745593 }, "geometry": { "type": "LineString", "coordinates": [ [ -75.683352, 6.85009 ], [ -75.335116, 6.885175 ] ] } },
{ "type": "Feature", "properties": { "source": "SAN JOSÉ DE LA MONTAÑA", "target": "CAROLINA", "distance": 0.5, "betweenness": 0.00023960136954487236, "weight": 0.10023960136954488 }, "geometry": { "type": "LineString", "coordinates": [ [ -75.683352, 6.85009 ], [ -75.283192, 6.725995 ] ] } },
{ "type": "Feature", "properties": { "source": "SAN JOSÉ DE LA MONTAÑA", "target": "SANTA FÉ DE ANTIOQUIA", "distance": 0.5, "betweenness": 0.00019315273552561685, "weight": 0.10019315273552562 }, "geometry": { "type": "LineString", "coordinates": [ [ -75.683352, 6.85009 ], [ -75.826648, 6.556484 ] ] } },
{ "type": "Feature", "properties": { "source": "SAN JOSÉ DE LA MONTAÑA", "target": "SOPETRÁN", "distance": 0.5, "betweenness": 0.0010864841373315949, "weight": 0.10108648413733159 }, "geometry": { "type": "LineString", "coordinates": [ [ -75.683352, 6.85009 ], [ -75.747378, 6.500745 ] ] } },
{ "type": "Feature", "properties": { "source": "SAN JOSÉ DE LA MONTAÑA", "target": "GIRALDO", "distance": 0.33333333333333331, "betweenness": 0.00065671930078709732, "weight": 0.10065671930078711 }, "geometry": { "type": "LineString", "coordinates": [ [ -75.683352, 6.85009 ], [ -75.952158, 6.680808 ] ] } },
{ "type": "Feature", "properties": { "source": "SAN JOSÉ DE LA MONTAÑA", "target": "CAÑASGORDAS", "distance": 0.5, "betweenness": 0.00018108068955526583, "weight": 0.10018108068955527 }, "geometry": { "type": "LineString", "coordinates": [ [ -75.683352, 6.85009 ], [ -76.028228, 6.753859 ] ] } },
{ "type": "Feature", "properties": { "source": "SAN JOSÉ DE LA MONTAÑA", "target": "DONMATÍAS", "distance": 0.5, "betweenness": 0.00052070758285447543, "weight": 0.10052070758285449 }, "geometry": { "type": "LineString", "coordinates": [ [ -75.683352, 6.85009 ], [ -75.39263, 6.485603 ] ] } },
{ "type": "Feature", "properties": { "source": "SAN JOSÉ DE LA MONTAÑA", "target": "SAN PEDRO DE LOS MILAGROS", "distance": 0.5, "betweenness": 0.00050702593075474425, "weight": 0.10050702593075475 }, "geometry": { "type": "LineString", "coordinates": [ [ -75.683352, 6.85009 ], [ -75.556743, 6.46012 ] ] } },
{ "type": "Feature", "properties": { "source": "SAN JOSÉ DE LA MONTAÑA", "target": "FRONTINO", "distance": 0.5, "betweenness": 0.00041950359746969909, "weight": 0.10041950359746971 }, "geometry": { "type": "LineString", "coordinates": [ [ -75.683352, 6.85009 ], [ -76.130765, 6.776066 ] ] } },
{ "type": "Feature", "properties": { "source": "SAN JOSÉ DE LA MONTAÑA", "target": "SAN JERÓNIMO", "distance": 0.5, "betweenness": 0.00054324206866579743, "weight": 0.1005432420686658 }, "geometry": { "type": "LineString", "coordinates": [ [ -75.683352, 6.85009 ], [ -75.726975, 6.44809 ] ] } },
{ "type": "Feature", "properties": { "source": "SAN JOSÉ DE LA MONTAÑA", "target": "CAICEDO", "distance": 0.5, "betweenness": 0.00019315273552561685, "weight": 0.10019315273552562 }, "geometry": { "type": "LineString", "coordinates": [ [ -75.683352, 6.85009 ], [ -75.98293, 6.405607 ] ] } },
{ "type": "Feature", "properties": { "source": "SAN JOSÉ DE LA MONTAÑA", "target": "BELLO", "distance": 0.5, "betweenness": 0.00014486455164421265, "weight": 0.10014486455164422 }, "geometry": { "type": "LineString", "coordinates": [ [ -75.683352, 6.85009 ], [ -75.555245, 6.333587 ] ] } },
{ "type": "Feature", "properties": { "source": "SAN JOSÉ DE LA MONTAÑA", "target": "OLAYA", "distance": 0.5, "betweenness": 0.00014486455164421265, "weight": 0.10014486455164422 }, "geometry": { "type": "LineString", "coordinates": [ [ -75.683352, 6.85009 ], [ -75.811773, 6.626492 ] ] } },
{ "type": "Feature", "properties": { "source": "SAN JOSÉ DE LA MONTAÑA", "target": "GUADALUPE", "distance": 0.5, "betweenness": 0.00034824978327803181, "weight": 0.10034824978327804 }, "geometry": { "type": "LineString", "coordinates": [ [ -75.683352, 6.85009 ], [ -75.239862, 6.815069 ] ] } },
{ "type": "Feature", "properties": { "source": "SAN JOSÉ DE LA MONTAÑA", "target": "GÓMEZ PLATA", "distance": 0.5, "betweenness": 0.00041453629024250491, "weight": 0.10041453629024251 }, "geometry": { "type": "LineString", "coordinates": [ [ -75.683352, 6.85009 ], [ -75.220018, 6.683269 ] ] } },
{ "type": "Feature", "properties": { "source": "SAN JOSÉ DE LA MONTAÑA", "target": "COPACABANA", "distance": 0.33333333333333331, "betweenness": 0.0052271959051620066, "weight": 0.10522719590516201 }, "geometry": { "type": "LineString", "coordinates": [ [ -75.683352, 6.85009 ], [ -75.509384, 6.348557 ] ] } },
{ "type": "Feature", "properties": { "source": "SAN JOSÉ DE LA MONTAÑA", "target": "BARBOSA", "distance": 0.5, "betweenness": 0.00060219389315434508, "weight": 0.10060219389315435 }, "geometry": { "type": "LineString", "coordinates": [ [ -75.683352, 6.85009 ], [ -75.331627, 6.439195 ] ] } },
{ "type": "Feature", "properties": { "source": "SAN JOSÉ DE LA MONTAÑA", "target": "GIRARDOTA", "distance": 0.5, "betweenness": 0.00018108068955526583, "weight": 0.10018108068955527 }, "geometry": { "type": "LineString", "coordinates": [ [ -75.683352, 6.85009 ], [ -75.444238, 6.379472 ] ] } },
{ "type": "Feature", "properties": { "source": "SAN JOSÉ DE LA MONTAÑA", "target": "ANORÍ", "distance": 0.5, "betweenness": 0.00084046799132867552, "weight": 0.10084046799132868 }, "geometry": { "type": "LineString", "coordinates": [ [ -75.683352, 6.85009 ], [ -75.148355, 7.074703 ] ] } },
{ "type": "Feature", "properties": { "source": "SAN JOSÉ DE LA MONTAÑA", "target": "MEDELLÍN", "distance": 1.0, "betweenness": 0.0, "weight": 0.1 }, "geometry": { "type": "LineString", "coordinates": [ [ -75.683352, 6.85009 ], [ -75.581775, 6.246631 ] ] } },
{ "type": "Feature", "properties": { "source": "CAÑASGORDAS", "target": "ENTRERRÍOS", "distance": 0.33333333333333331, "betweenness": 0.0085530445699937216, "weight": 0.10855304456999373 }, "geometry": { "type": "LineString", "coordinates": [ [ -76.028228, 6.753859 ], [ -75.517685, 6.566273 ] ] } },
{ "type": "Feature", "properties": { "source": "CAÑASGORDAS", "target": "FRONTINO", "distance": 0.5, "betweenness": 0.00014486455164421265, "weight": 0.10014486455164422 }, "geometry": { "type": "LineString", "coordinates": [ [ -76.028228, 6.753859 ], [ -76.130765, 6.776066 ] ] } },
{ "type": "Feature", "properties": { "source": "CAÑASGORDAS", "target": "ABRIAQUÍ", "distance": 0.5, "betweenness": 0.00030783717224395189, "weight": 0.10030783717224395 }, "geometry": { "type": "LineString", "coordinates": [ [ -76.028228, 6.753859 ], [ -76.064304, 6.632282 ] ] } },
{ "type": "Feature", "properties": { "source": "CAÑASGORDAS", "target": "URRAO", "distance": 0.33333333333333331, "betweenness": 0.0041070824969130053, "weight": 0.10410708249691301 }, "geometry": { "type": "LineString", "coordinates": [ [ -76.028228, 6.753859 ], [ -76.133951, 6.317343 ] ] } },
{ "type": "Feature", "properties": { "source": "CAÑASGORDAS", "target": "OLAYA", "distance": 0.5, "betweenness": 0.00014486455164421265, "weight": 0.10014486455164422 }, "geometry": { "type": "LineString", "coordinates": [ [ -76.028228, 6.753859 ], [ -75.811773, 6.626492 ] ] } },
{ "type": "Feature", "properties": { "source": "CAÑASGORDAS", "target": "BELMIRA", "distance": 0.5, "betweenness": 0.00011951325510647543, "weight": 0.10011951325510648 }, "geometry": { "type": "LineString", "coordinates": [ [ -76.028228, 6.753859 ], [ -75.667779, 6.606319 ] ] } },
{ "type": "Feature", "properties": { "source": "CAÑASGORDAS", "target": "SANTA FÉ DE ANTIOQUIA", "distance": 0.5, "betweenness": 0.00014486455164421265, "weight": 0.10014486455164422 }, "geometry": { "type": "LineString", "coordinates": [ [ -76.028228, 6.753859 ], [ -75.826648, 6.556484 ] ] } },
{ "type": "Feature", "properties": { "source": "CAÑASGORDAS", "target": "SABANALARGA", "distance": 0.5, "betweenness": 0.00014486455164421265, "weight": 0.10014486455164422 }, "geometry": { "type": "LineString", "coordinates": [ [ -76.028228, 6.753859 ], [ -75.816645, 6.850028 ] ] } },
{ "type": "Feature", "properties": { "source": "CAÑASGORDAS", "target": "CAICEDO", "distance": 0.5, "betweenness": 0.00014486455164421265, "weight": 0.10014486455164422 }, "geometry": { "type": "LineString", "coordinates": [ [ -76.028228, 6.753859 ], [ -75.98293, 6.405607 ] ] } },
{ "type": "Feature", "properties": { "source": "CAÑASGORDAS", "target": "LIBORINA", "distance": 0.5, "betweenness": 0.0002897291032884253, "weight": 0.10028972910328843 }, "geometry": { "type": "LineString", "coordinates": [ [ -76.028228, 6.753859 ], [ -75.812838, 6.677316 ] ] } },
{ "type": "Feature", "properties": { "source": "CAÑASGORDAS", "target": "GIRALDO", "distance": 0.5, "betweenness": 0.00014486455164421265, "weight": 0.10014486455164422 }, "geometry": { "type": "LineString", "coordinates": [ [ -76.028228, 6.753859 ], [ -75.952158, 6.680808 ] ] } },
{ "type": "Feature", "properties": { "source": "CAÑASGORDAS", "target": "SAN JERÓNIMO", "distance": 0.5, "betweenness": 0.00038630547105123365, "weight": 0.10038630547105123 }, "geometry": { "type": "LineString", "coordinates": [ [ -76.028228, 6.753859 ], [ -75.726975, 6.44809 ] ] } },
{ "type": "Feature", "properties": { "source": "CAÑASGORDAS", "target": "SOPETRÁN", "distance": 0.33333333333333331, "betweenness": 0.004518566806702401, "weight": 0.10451856680670241 }, "geometry": { "type": "LineString", "coordinates": [ [ -76.028228, 6.753859 ], [ -75.747378, 6.500745 ] ] } },
{ "type": "Feature", "properties": { "source": "CAÑASGORDAS", "target": "ANZÁ", "distance": 0.5, "betweenness": 0.00014486455164421265, "weight": 0.10014486455164422 }, "geometry": { "type": "LineString", "coordinates": [ [ -76.028228, 6.753859 ], [ -75.854442, 6.302641 ] ] } },
{ "type": "Feature", "properties": { "source": "CAÑASGORDAS", "target": "EBÉJICO", "distance": 0.5, "betweenness": 0.00032594524119947848, "weight": 0.10032594524119949 }, "geometry": { "type": "LineString", "coordinates": [ [ -76.028228, 6.753859 ], [ -75.766413, 6.325615 ] ] } },
{ "type": "Feature", "properties": { "source": "CAÑASGORDAS", "target": "SAN PEDRO DE LOS MILAGROS", "distance": 0.5, "betweenness": 0.00068810662031001013, "weight": 0.10068810662031001 }, "geometry": { "type": "LineString", "coordinates": [ [ -76.028228, 6.753859 ], [ -75.556743, 6.46012 ] ] } },
{ "type": "Feature", "properties": { "source": "CAÑASGORDAS", "target": "BELLO", "distance": 1.0, "betweenness": 0.0, "weight": 0.1 }, "geometry": { "type": "LineString", "coordinates": [ [ -76.028228, 6.753859 ], [ -75.555245, 6.333587 ] ] } },
{ "type": "Feature", "properties": { "source": "CAÑASGORDAS", "target": "MEDELLÍN", "distance": 1.0, "betweenness": 0.0, "weight": 0.1 }, "geometry": { "type": "LineString", "coordinates": [ [ -76.028228, 6.753859 ], [ -75.581775, 6.246631 ] ] } },
{ "type": "Feature", "properties": { "source": "CAÑASGORDAS", "target": "BETULIA", "distance": 1.0, "betweenness": 0.0, "weight": 0.1 }, "geometry": { "type": "LineString", "coordinates": [ [ -76.028228, 6.753859 ], [ -75.984452, 6.115208 ] ] } },
{ "type": "Feature", "properties": { "source": "CAÑASGORDAS", "target": "MURINDÓ", "distance": 1.0, "betweenness": 0.0, "weight": 0.1 }, "geometry": { "type": "LineString", "coordinates": [ [ -76.028228, 6.753859 ], [ -76.817485, 6.97771 ] ] } },
{ "type": "Feature", "properties": { "source": "SABANALARGA", "target": "SOPETRÁN", "distance": 0.5, "betweenness": 0.00095369163165773328, "weight": 0.10095369163165774 }, "geometry": { "type": "LineString", "coordinates": [ [ -75.816645, 6.850028 ], [ -75.747378, 6.500745 ] ] } },
{ "type": "Feature", "properties": { "source": "SABANALARGA", "target": "ANGOSTURA", "distance": 0.5, "betweenness": 0.00032594524119947848, "weight": 0.10032594524119949 }, "geometry": { "type": "LineString", "coordinates": [ [ -75.816645, 6.850028 ], [ -75.335116, 6.885175 ] ] } },
{ "type": "Feature", "properties": { "source": "SABANALARGA", "target": "ABRIAQUÍ", "distance": 0.5, "betweenness": 0.00036216137911053165, "weight": 0.10036216137911054 }, "geometry": { "type": "LineString", "coordinates": [ [ -75.816645, 6.850028 ], [ -76.064304, 6.632282 ] ] } },
{ "type": "Feature", "properties": { "source": "SABANALARGA", "target": "BELMIRA", "distance": 0.5, "betweenness": 0.00015693659761456373, "weight": 0.10015693659761457 }, "geometry": { "type": "LineString", "coordinates": [ [ -75.816645, 6.850028 ], [ -75.667779, 6.606319 ] ] } },
{ "type": "Feature", "properties": { "source": "SABANALARGA", "target": "LIBORINA", "distance": 0.5, "betweenness": 0.00014486455164421265, "weight": 0.10014486455164422 }, "geometry": { "type": "LineString", "coordinates": [ [ -75.816645, 6.850028 ], [ -75.812838, 6.677316 ] ] } },
{ "type": "Feature", "properties": { "source": "SABANALARGA", "target": "SANTA FÉ DE ANTIOQUIA", "distance": 0.5, "betweenness": 0.00019315273552561685, "weight": 0.10019315273552562 }, "geometry": { "type": "LineString", "coordinates": [ [ -75.816645, 6.850028 ], [ -75.826648, 6.556484 ] ] } },
{ "type": "Feature", "properties": { "source": "SABANALARGA", "target": "FRONTINO", "distance": 0.5, "betweenness": 0.00019315273552561685, "weight": 0.10019315273552562 }, "geometry": { "type": "LineString", "coordinates": [ [ -75.816645, 6.850028 ], [ -76.130765, 6.776066 ] ] } },
{ "type": "Feature", "properties": { "source": "SABANALARGA", "target": "GIRALDO", "distance": 0.5, "betweenness": 0.0001569365976145637, "weight": 0.10015693659761457 }, "geometry": { "type": "LineString", "coordinates": [ [ -75.816645, 6.850028 ], [ -75.952158, 6.680808 ] ] } },
{ "type": "Feature", "properties": { "source": "SABANALARGA", "target": "ENTRERRÍOS", "distance": 0.33333333333333331, "betweenness": 0.005461393596986816, "weight": 0.10546139359698682 }, "geometry": { "type": "LineString", "coordinates": [ [ -75.816645, 6.850028 ], [ -75.517685, 6.566273 ] ] } },
{ "type": "Feature", "properties": { "source": "SABANALARGA", "target": "CAROLINA", "distance": 0.5, "betweenness": 0.00021729682746631898, "weight": 0.10021729682746633 }, "geometry": { "type": "LineString", "coordinates": [ [ -75.816645, 6.850028 ], [ -75.283192, 6.725995 ] ] } },
{ "type": "Feature", "properties": { "source": "SABANALARGA", "target": "SAN PEDRO DE LOS MILAGROS", "distance": 0.5, "betweenness": 0.00072432275822106331, "weight": 0.10072432275822107 }, "geometry": { "type": "LineString", "coordinates": [ [ -75.816645, 6.850028 ], [ -75.556743, 6.46012 ] ] } },
{ "type": "Feature", "properties": { "source": "SABANALARGA", "target": "OLAYA", "distance": 0.5, "betweenness": 0.00014486455164421265, "weight": 0.10014486455164422 }, "geometry": { "type": "LineString", "coordinates": [ [ -75.816645, 6.850028 ], [ -75.811773, 6.626492 ] ] } },
{ "type": "Feature", "properties": { "source": "SABANALARGA", "target": "CAICEDO", "distance": 0.5, "betweenness": 0.00022212564585445937, "weight": 0.10022212564585446 }, "geometry": { "type": "LineString", "coordinates": [ [ -75.816645, 6.850028 ], [ -75.98293, 6.405607 ] ] } },
{ "type": "Feature", "properties": { "source": "SABANALARGA", "target": "URRAO", "distance": 0.5, "betweenness": 0.0011999613694528947, "weight": 0.1011999613694529 }, "geometry": { "type": "LineString", "coordinates": [ [ -75.816645, 6.850028 ], [ -76.133951, 6.317343 ] ] } },
{ "type": "Feature", "properties": { "source": "SABANALARGA", "target": "SAN JERÓNIMO", "distance": 0.5, "betweenness": 0.00080158385243131003, "weight": 0.10080158385243132 }, "geometry": { "type": "LineString", "coordinates": [ [ -75.816645, 6.850028 ], [ -75.726975, 6.44809 ] ] } },
{ "type": "Feature", "properties": { "source": "SABANALARGA", "target": "DONMATÍAS", "distance": 1.0, "betweenness": 0.0, "weight": 0.1 }, "geometry": { "type": "LineString", "coordinates": [ [ -75.816645, 6.850028 ], [ -75.39263, 6.485603 ] ] } },
{ "type": "Feature", "properties": { "source": "SABANALARGA", "target": "BELLO", "distance": 0.5, "betweenness": 0.00036699019749867202, "weight": 0.10036699019749867 }, "geometry": { "type": "LineString", "coordinates": [ [ -75.816645, 6.850028 ], [ -75.555245, 6.333587 ] ] } },
{ "type": "Feature", "properties": { "source": "SABANALARGA", "target": "MEDELLÍN", "distance": 1.0, "betweenness": 0.0, "weight": 0.1 }, "geometry": { "type": "LineString", "coordinates": [ [ -75.816645, 6.850028 ], [ -75.581775, 6.246631 ] ] } },
{ "type": "Feature", "properties": { "source": "SABANALARGA", "target": "EBÉJICO", "distance": 1.0, "betweenness": 0.0, "weight": 0.1 }, "geometry": { "type": "LineString", "coordinates": [ [ -75.816645, 6.850028 ], [ -75.766413, 6.325615 ] ] } },
{ "type": "Feature", "properties": { "source": "SABANALARGA", "target": "ANZÁ", "distance": 1.0, "betweenness": 0.0, "weight": 0.1 }, "geometry": { "type": "LineString", "coordinates": [ [ -75.816645, 6.850028 ], [ -75.854442, 6.302641 ] ] } },
{ "type": "Feature", "properties": { "source": "FRONTINO", "target": "ABRIAQUÍ", "distance": 0.5, "betweenness": 0.00014486455164421265, "weight": 0.10014486455164422 }, "geometry": { "type": "LineString", "coordinates": [ [ -76.130765, 6.776066 ], [ -76.064304, 6.632282 ] ] } },
{ "type": "Feature", "properties": { "source": "FRONTINO", "target": "URRAO", "distance": 0.5, "betweenness": 0.0010019798155391374, "weight": 0.10100197981553914 }, "geometry": { "type": "LineString", "coordinates": [ [ -76.130765, 6.776066 ], [ -76.133951, 6.317343 ] ] } },
{ "type": "Feature", "properties": { "source": "FRONTINO", "target": "GIRALDO", "distance": 0.33333333333333331, "betweenness": 0.00066094451687672025, "weight": 0.10066094451687672 }, "geometry": { "type": "LineString", "coordinates": [ [ -76.130765, 6.776066 ], [ -75.952158, 6.680808 ] ] } },
{ "type": "Feature", "properties": { "source": "FRONTINO", "target": "VIGÍA DEL FUERTE", "distance": 0.5, "betweenness": 0.0029455792167656578, "weight": 0.10294557921676567 }, "geometry": { "type": "LineString", "coordinates": [ [ -76.130765, 6.776066 ], [ -76.896004, 6.588164 ] ] } },
{ "type": "Feature", "properties": { "source": "FRONTINO", "target": "SANTA FÉ DE ANTIOQUIA", "distance": 0.5, "betweenness": 0.00047080979284369113, "weight": 0.1004708097928437 }, "geometry": { "type": "LineString", "coordinates": [ [ -76.130765, 6.776066 ], [ -75.826648, 6.556484 ] ] } },
{ "type": "Feature", "properties": { "source": "FRONTINO", "target": "MURINDÓ", "distance": 0.5, "betweenness": 0.0002655850113477232, "weight": 0.10026558501134773 }, "geometry": { "type": "LineString", "coordinates": [ [ -76.130765, 6.776066 ], [ -76.817485, 6.97771 ] ] } },
{ "type": "Feature", "properties": { "source": "FRONTINO", "target": "LIBORINA", "distance": 0.5, "betweenness": 0.00026256699985513542, "weight": 0.10026256699985514 }, "geometry": { "type": "LineString", "coordinates": [ [ -76.130765, 6.776066 ], [ -75.812838, 6.677316 ] ] } },
{ "type": "Feature", "properties": { "source": "FRONTINO", "target": "CAICEDO", "distance": 0.5, "betweenness": 0.00043459365493263795, "weight": 0.10043459365493264 }, "geometry": { "type": "LineString", "coordinates": [ [ -76.130765, 6.776066 ], [ -75.98293, 6.405607 ] ] } },
{ "type": "Feature", "properties": { "source": "FRONTINO", "target": "SOPETRÁN", "distance": 0.5, "betweenness": 0.0028712263881755405, "weight": 0.10287122638817554 }, "geometry": { "type": "LineString", "coordinates": [ [ -76.130765, 6.776066 ], [ -75.747378, 6.500745 ] ] } },
{ "type": "Feature", "properties": { "source": "FRONTINO", "target": "BELMIRA", "distance": 0.5, "betweenness": 0.00041950359746969909, "weight": 0.10041950359746971 }, "geometry": { "type": "LineString", "coordinates": [ [ -76.130765, 6.776066 ], [ -75.667779, 6.606319 ] ] } },
{ "type": "Feature", "properties": { "source": "FRONTINO", "target": "OLAYA", "distance": 0.5, "betweenness": 0.00047986382732145442, "weight": 0.10047986382732146 }, "geometry": { "type": "LineString", "coordinates": [ [ -76.130765, 6.776066 ], [ -75.811773, 6.626492 ] ] } },
{ "type": "Feature", "properties": { "source": "FRONTINO", "target": "ANZÁ", "distance": 0.25, "betweenness": 0.022344753488821284, "weight": 0.12234475348882129 }, "geometry": { "type": "LineString", "coordinates": [ [ -76.130765, 6.776066 ], [ -75.854442, 6.302641 ] ] } },
{ "type": "Feature", "properties": { "source": "FRONTINO", "target": "BETULIA", "distance": 0.5, "betweenness": 0.0019254913322709931, "weight": 0.101925491332271 }, "geometry": { "type": "LineString", "coordinates": [ [ -76.130765, 6.776066 ], [ -75.984452, 6.115208 ] ] } },
{ "type": "Feature", "properties": { "source": "FRONTINO", "target": "EBÉJICO", "distance": 1.0, "betweenness": 0.0, "weight": 0.1 }, "geometry": { "type": "LineString", "coordinates": [ [ -76.130765, 6.776066 ], [ -75.766413, 6.325615 ] ] } },
{ "type": "Feature", "properties": { "source": "ABRIAQUÍ", "target": "URRAO", "distance": 0.5, "betweenness": 0.00047080979284369113, "weight": 0.1004708097928437 }, "geometry": { "type": "LineString", "coordinates": [ [ -76.064304, 6.632282 ], [ -76.133951, 6.317343 ] ] } },
{ "type": "Feature", "properties": { "source": "ABRIAQUÍ", "target": "CAICEDO", "distance": 0.5, "betweenness": 0.00021729682746631898, "weight": 0.10021729682746633 }, "geometry": { "type": "LineString", "coordinates": [ [ -76.064304, 6.632282 ], [ -75.98293, 6.405607 ] ] } },
{ "type": "Feature", "properties": { "source": "ABRIAQUÍ", "target": "LIBORINA", "distance": 0.5, "betweenness": 0.00043459365493263795, "weight": 0.10043459365493264 }, "geometry": { "type": "LineString", "coordinates": [ [ -76.064304, 6.632282 ], [ -75.812838, 6.677316 ] ] } },
{ "type": "Feature", "properties": { "source": "ABRIAQUÍ", "target": "BELMIRA", "distance": 0.5, "betweenness": 0.0005794582065768506, "weight": 0.10057945820657685 }, "geometry": { "type": "LineString", "coordinates": [ [ -76.064304, 6.632282 ], [ -75.667779, 6.606319 ] ] } },
{ "type": "Feature", "properties": { "source": "ABRIAQUÍ", "target": "OLAYA", "distance": 0.5, "betweenness": 0.00047080979284369113, "weight": 0.1004708097928437 }, "geometry": { "type": "LineString", "coordinates": [ [ -76.064304, 6.632282 ], [ -75.811773, 6.626492 ] ] } },
{ "type": "Feature", "properties": { "source": "ABRIAQUÍ", "target": "SANTA FÉ DE ANTIOQUIA", "distance": 0.5, "betweenness": 0.00032594524119947848, "weight": 0.10032594524119949 }, "geometry": { "type": "LineString", "coordinates": [ [ -76.064304, 6.632282 ], [ -75.826648, 6.556484 ] ] } },
{ "type": "Feature", "properties": { "source": "ABRIAQUÍ", "target": "SOPETRÁN", "distance": 0.5, "betweenness": 0.0014969337003235305, "weight": 0.10149693370032353 }, "geometry": { "type": "LineString", "coordinates": [ [ -76.064304, 6.632282 ], [ -75.747378, 6.500745 ] ] } },
{ "type": "Feature", "properties": { "source": "ABRIAQUÍ", "target": "GIRALDO", "distance": 0.5, "betweenness": 0.0002897291032884253, "weight": 0.10028972910328843 }, "geometry": { "type": "LineString", "coordinates": [ [ -76.064304, 6.632282 ], [ -75.952158, 6.680808 ] ] } },
{ "type": "Feature", "properties": { "source": "ABRIAQUÍ", "target": "BETULIA", "distance": 0.5, "betweenness": 0.00053720604568062197, "weight": 0.10053720604568063 }, "geometry": { "type": "LineString", "coordinates": [ [ -76.064304, 6.632282 ], [ -75.984452, 6.115208 ] ] } },
{ "type": "Feature", "properties": { "source": "ABRIAQUÍ", "target": "ANZÁ", "distance": 0.5, "betweenness": 0.00047080979284369113, "weight": 0.1004708097928437 }, "geometry": { "type": "LineString", "coordinates": [ [ -76.064304, 6.632282 ], [ -75.854442, 6.302641 ] ] } },
{ "type": "Feature", "properties": { "source": "ABRIAQUÍ", "target": "SAN JERÓNIMO", "distance": 0.5, "betweenness": 0.000676034574339659, "weight": 0.10067603457433967 }, "geometry": { "type": "LineString", "coordinates": [ [ -76.064304, 6.632282 ], [ -75.726975, 6.44809 ] ] } },
{ "type": "Feature", "properties": { "source": "ABRIAQUÍ", "target": "EBÉJICO", "distance": 0.5, "betweenness": 0.00072432275822106331, "weight": 0.10072432275822107 }, "geometry": { "type": "LineString", "coordinates": [ [ -76.064304, 6.632282 ], [ -75.766413, 6.325615 ] ] } },
{ "type": "Feature", "properties": { "source": "ABRIAQUÍ", "target": "VIGÍA DEL FUERTE", "distance": 0.5, "betweenness": 0.0029431648075715871, "weight": 0.1029431648075716 }, "geometry": { "type": "LineString", "coordinates": [ [ -76.064304, 6.632282 ], [ -76.896004, 6.588164 ] ] } },
{ "type": "Feature", "properties": { "source": "ABRIAQUÍ", "target": "ENTRERRÍOS", "distance": 0.5, "betweenness": 0.002805543483509585, "weight": 0.10280554348350959 }, "geometry": { "type": "LineString", "coordinates": [ [ -76.064304, 6.632282 ], [ -75.517685, 6.566273 ] ] } },
{ "type": "Feature", "properties": { "source": "ABRIAQUÍ", "target": "SAN PEDRO DE LOS MILAGROS", "distance": 0.5, "betweenness": 0.0011709884591240521, "weight": 0.10117098845912406 }, "geometry": { "type": "LineString", "coordinates": [ [ -76.064304, 6.632282 ], [ -75.556743, 6.46012 ] ] } },
{ "type": "Feature", "properties": { "source": "ABRIAQUÍ", "target": "HELICONIA", "distance": 0.5, "betweenness": 0.00038630547105123375, "weight": 0.10038630547105123 }, "geometry": { "type": "LineString", "coordinates": [ [ -76.064304, 6.632282 ], [ -75.734322, 6.206757 ] ] } },
{ "type": "Feature", "properties": { "source": "ABRIAQUÍ", "target": "MEDELLÍN", "distance": 0.33333333333333331, "betweenness": 0.011089783829896824, "weight": 0.11108978382989683 }, "geometry": { "type": "LineString", "coordinates": [ [ -76.064304, 6.632282 ], [ -75.581775, 6.246631 ] ] } },
{ "type": "Feature", "properties": { "source": "ABRIAQUÍ", "target": "BELLO", "distance": 0.5, "betweenness": 0.00068810662031001013, "weight": 0.10068810662031001 }, "geometry": { "type": "LineString", "coordinates": [ [ -76.064304, 6.632282 ], [ -75.555245, 6.333587 ] ] } },
{ "type": "Feature", "properties": { "source": "ABRIAQUÍ", "target": "CONCORDIA", "distance": 0.5, "betweenness": 0.0009343763581051716, "weight": 0.10093437635810518 }, "geometry": { "type": "LineString", "coordinates": [ [ -76.064304, 6.632282 ], [ -75.908448, 6.045738 ] ] } },
{ "type": "Feature", "properties": { "source": "ABRIAQUÍ", "target": "ARMENIA", "distance": 0.5, "betweenness": 0.00067241296054855384, "weight": 0.10067241296054856 }, "geometry": { "type": "LineString", "coordinates": [ [ -76.064304, 6.632282 ], [ -75.786647, 6.155667 ] ] } },
{ "type": "Feature", "properties": { "source": "ABRIAQUÍ", "target": "MURINDÓ", "distance": 0.25, "betweenness": 0.010297455212709448, "weight": 0.11029745521270945 }, "geometry": { "type": "LineString", "coordinates": [ [ -76.064304, 6.632282 ], [ -76.817485, 6.97771 ] ] } },
{ "type": "Feature", "properties": { "source": "LIBORINA", "target": "URRAO", "distance": 0.5, "betweenness": 0.0015575725158515246, "weight": 0.10155757251585153 }, "geometry": { "type": "LineString", "coordinates": [ [ -75.812838, 6.677316 ], [ -76.133951, 6.317343 ] ] } },
{ "type": "Feature", "properties": { "source": "LIBORINA", "target": "BELMIRA", "distance": 0.5, "betweenness": 0.0, "weight": 0.1 }, "geometry": { "type": "LineString", "coordinates": [ [ -75.812838, 6.677316 ], [ -75.667779, 6.606319 ] ] } },
{ "type": "Feature", "properties": { "source": "LIBORINA", "target": "BELLO", "distance": 0.5, "betweenness": 0.00037078065109355843, "weight": 0.10037078065109356 }, "geometry": { "type": "LineString", "coordinates": [ [ -75.812838, 6.677316 ], [ -75.555245, 6.333587 ] ] } },
{ "type": "Feature", "properties": { "source": "LIBORINA", "target": "ANGOSTURA", "distance": 0.5, "betweenness": 0.0003380172871698295, "weight": 0.10033801728716983 }, "geometry": { "type": "LineString", "coordinates": [ [ -75.812838, 6.677316 ], [ -75.335116, 6.885175 ] ] } },
{ "type": "Feature", "properties": { "source": "LIBORINA", "target": "CAICEDO", "distance": 0.5, "betweenness": 0.00033346705445792802, "weight": 0.10033346705445793 }, "geometry": { "type": "LineString", "coordinates": [ [ -75.812838, 6.677316 ], [ -75.98293, 6.405607 ] ] } },
{ "type": "Feature", "properties": { "source": "LIBORINA", "target": "SANTA FÉ DE ANTIOQUIA", "distance": 0.5, "betweenness": 0.00024654832347140035, "weight": 0.10024654832347141 }, "geometry": { "type": "LineString", "coordinates": [ [ -75.812838, 6.677316 ], [ -75.826648, 6.556484 ] ] } },
{ "type": "Feature", "properties": { "source": "LIBORINA", "target": "ENTRERRÍOS", "distance": 0.5, "betweenness": 0.00080158385243131003, "weight": 0.10080158385243132 }, "geometry": { "type": "LineString", "coordinates": [ [ -75.812838, 6.677316 ], [ -75.517685, 6.566273 ] ] } },
{ "type": "Feature", "properties": { "source": "LIBORINA", "target": "GIRALDO", "distance": 0.5, "betweenness": 0.00014486455164421265, "weight": 0.10014486455164422 }, "geometry": { "type": "LineString", "coordinates": [ [ -75.812838, 6.677316 ], [ -75.952158, 6.680808 ] ] } },
{ "type": "Feature", "properties": { "source": "LIBORINA", "target": "SAN PEDRO DE LOS MILAGROS", "distance": 0.5, "betweenness": 0.00070396911987524768, "weight": 0.10070396911987525 }, "geometry": { "type": "LineString", "coordinates": [ [ -75.812838, 6.677316 ], [ -75.556743, 6.46012 ] ] } },
{ "type": "Feature", "properties": { "source": "LIBORINA", "target": "CAROLINA", "distance": 0.33333333333333331, "betweenness": 0.0012434207349461587, "weight": 0.10124342073494616 }, "geometry": { "type": "LineString", "coordinates": [ [ -75.812838, 6.677316 ], [ -75.283192, 6.725995 ] ] } },
{ "type": "Feature", "properties": { "source": "LIBORINA", "target": "COPACABANA", "distance": 0.5, "betweenness": 0.00046735701885636683, "weight": 0.10046735701885637 }, "geometry": { "type": "LineString", "coordinates": [ [ -75.812838, 6.677316 ], [ -75.509384, 6.348557 ] ] } },
{ "type": "Feature", "properties": { "source": "LIBORINA", "target": "ANZÁ", "distance": 0.5, "betweenness": 0.00048316042449028104, "weight": 0.10048316042449029 }, "geometry": { "type": "LineString", "coordinates": [ [ -75.812838, 6.677316 ], [ -75.854442, 6.302641 ] ] } },
{ "type": "Feature", "properties": { "source": "LIBORINA", "target": "DONMATÍAS", "distance": 0.5, "betweenness": 0.00068920407903458748, "weight": 0.10068920407903459 }, "geometry": { "type": "LineString", "coordinates": [ [ -75.812838, 6.677316 ], [ -75.39263, 6.485603 ] ] } },
{ "type": "Feature", "properties": { "source": "LIBORINA", "target": "SOPETRÁN", "distance": 0.5, "betweenness": 0.0011347723212129992, "weight": 0.101134772321213 }, "geometry": { "type": "LineString", "coordinates": [ [ -75.812838, 6.677316 ], [ -75.747378, 6.500745 ] ] } },
{ "type": "Feature", "properties": { "source": "LIBORINA", "target": "EBÉJICO", "distance": 0.5, "betweenness": 0.0010938962047175867, "weight": 0.10109389620471759 }, "geometry": { "type": "LineString", "coordinates": [ [ -75.812838, 6.677316 ], [ -75.766413, 6.325615 ] ] } },
{ "type": "Feature", "properties": { "source": "LIBORINA", "target": "SAN JERÓNIMO", "distance": 0.5, "betweenness": 0.00082951839796689859, "weight": 0.1008295183979669 }, "geometry": { "type": "LineString", "coordinates": [ [ -75.812838, 6.677316 ], [ -75.726975, 6.44809 ] ] } },
{ "type": "Feature", "properties": { "source": "LIBORINA", "target": "MEDELLÍN", "distance": 0.5, "betweenness": 0.0010794097495531653, "weight": 0.10107940974955316 }, "geometry": { "type": "LineString", "coordinates": [ [ -75.812838, 6.677316 ], [ -75.581775, 6.246631 ] ] } },
{ "type": "Feature", "properties": { "source": "LIBORINA", "target": "GIRARDOTA", "distance": 0.5, "betweenness": 0.00035629419592913723, "weight": 0.10035629419592915 }, "geometry": { "type": "LineString", "coordinates": [ [ -75.812838, 6.677316 ], [ -75.444238, 6.379472 ] ] } },
{ "type": "Feature", "properties": { "source": "LIBORINA", "target": "OLAYA", "distance": 0.5, "betweenness": 0.00014486455164421265, "weight": 0.10014486455164422 }, "geometry": { "type": "LineString", "coordinates": [ [ -75.812838, 6.677316 ], [ -75.811773, 6.626492 ] ] } },
{ "type": "Feature", "properties": { "source": "LIBORINA", "target": "BARBOSA", "distance": 0.5, "betweenness": 0.00057753765380884011, "weight": 0.10057753765380885 }, "geometry": { "type": "LineString", "coordinates": [ [ -75.812838, 6.677316 ], [ -75.331627, 6.439195 ] ] } },
{ "type": "Feature", "properties": { "source": "LIBORINA", "target": "HELICONIA", "distance": 0.5, "betweenness": 0.0008765993772512677, "weight": 0.10087659937725127 }, "geometry": { "type": "LineString", "coordinates": [ [ -75.812838, 6.677316 ], [ -75.734322, 6.206757 ] ] } },
{ "type": "Feature", "properties": { "source": "LIBORINA", "target": "GÓMEZ PLATA", "distance": 1.0, "betweenness": 0.0, "weight": 0.1 }, "geometry": { "type": "LineString", "coordinates": [ [ -75.812838, 6.677316 ], [ -75.220018, 6.683269 ] ] } },
{ "type": "Feature", "properties": { "source": "LIBORINA", "target": "GUARNE", "distance": 0.5, "betweenness": 0.0012399679609588344, "weight": 0.10123996796095884 }, "geometry": { "type": "LineString", "coordinates": [ [ -75.812838, 6.677316 ], [ -75.441612, 6.27787 ] ] } },
{ "type": "Feature", "properties": { "source": "LIBORINA", "target": "SAN VICENTE FERRER", "distance": 1.0, "betweenness": 0.0, "weight": 0.1 }, "geometry": { "type": "LineString", "coordinates": [ [ -75.812838, 6.677316 ], [ -75.332616, 6.282164 ] ] } },
{ "type": "Feature", "properties": { "source": "BELMIRA", "target": "CAROLINA", "distance": 0.2, "betweenness": 0.0061808875368197383, "weight": 0.10618088753681974 }, "geometry": { "type": "LineString", "coordinates": [ [ -75.667779, 6.606319 ], [ -75.283192, 6.725995 ] ] } },
{ "type": "Feature", "properties": { "source": "BELMIRA", "target": "BELLO", "distance": 0.5, "betweenness": 7.2432275822106325e-05, "weight": 0.10007243227582212 }, "geometry": { "type": "LineString", "coordinates": [ [ -75.667779, 6.606319 ], [ -75.555245, 6.333587 ] ] } },
{ "type": "Feature", "properties": { "source": "BELMIRA", "target": "MEDELLÍN", "distance": 0.33333333333333331, "betweenness": 0.0047462685880764978, "weight": 0.10474626858807651 }, "geometry": { "type": "LineString", "coordinates": [ [ -75.667779, 6.606319 ], [ -75.581775, 6.246631 ] ] } },
{ "type": "Feature", "properties": { "source": "BELMIRA", "target": "SAN PEDRO DE LOS MILAGROS", "distance": 0.5, "betweenness": 0.00013762132406200202, "weight": 0.10013762132406201 }, "geometry": { "type": "LineString", "coordinates": [ [ -75.667779, 6.606319 ], [ -75.556743, 6.46012 ] ] } },
{ "type": "Feature", "properties": { "source": "BELMIRA", "target": "ANGOSTURA", "distance": 0.5, "betweenness": 0.00014486455164421265, "weight": 0.10014486455164422 }, "geometry": { "type": "LineString", "coordinates": [ [ -75.667779, 6.606319 ], [ -75.335116, 6.885175 ] ] } },
{ "type": "Feature", "properties": { "source": "BELMIRA", "target": "GÓMEZ PLATA", "distance": 0.5, "betweenness": 0.00033670033670033666, "weight": 0.10033670033670035 }, "geometry": { "type": "LineString", "coordinates": [ [ -75.667779, 6.606319 ], [ -75.220018, 6.683269 ] ] } },
{ "type": "Feature", "properties": { "source": "BELMIRA", "target": "SANTA FÉ DE ANTIOQUIA", "distance": 0.5, "betweenness": 0.0002897291032884253, "weight": 0.10028972910328843 }, "geometry": { "type": "LineString", "coordinates": [ [ -75.667779, 6.606319 ], [ -75.826648, 6.556484 ] ] } },
{ "type": "Feature", "properties": { "source": "BELMIRA", "target": "DONMATÍAS", "distance": 0.5, "betweenness": 0.0, "weight": 0.1 }, "geometry": { "type": "LineString", "coordinates": [ [ -75.667779, 6.606319 ], [ -75.39263, 6.485603 ] ] } },
{ "type": "Feature", "properties": { "source": "BELMIRA", "target": "CAICEDO", "distance": 0.5, "betweenness": 0.0002897291032884253, "weight": 0.10028972910328843 }, "geometry": { "type": "LineString", "coordinates": [ [ -75.667779, 6.606319 ], [ -75.98293, 6.405607 ] ] } },
{ "type": "Feature", "properties": { "source": "BELMIRA", "target": "GUADALUPE", "distance": 0.5, "betweenness": 0.00020281037230189774, "weight": 0.1002028103723019 }, "geometry": { "type": "LineString", "coordinates": [ [ -75.667779, 6.606319 ], [ -75.239862, 6.815069 ] ] } },
{ "type": "Feature", "properties": { "source": "BELMIRA", "target": "SOPETRÁN", "distance": 0.5, "betweenness": 0.00014486455164421265, "weight": 0.10014486455164422 }, "geometry": { "type": "LineString", "coordinates": [ [ -75.667779, 6.606319 ], [ -75.747378, 6.500745 ] ] } },
{ "type": "Feature", "properties": { "source": "BELMIRA", "target": "EBÉJICO", "distance": 0.5, "betweenness": 0.0010206366138569528, "weight": 0.10102063661385696 }, "geometry": { "type": "LineString", "coordinates": [ [ -75.667779, 6.606319 ], [ -75.766413, 6.325615 ] ] } },
{ "type": "Feature", "properties": { "source": "BELMIRA", "target": "SAN JERÓNIMO", "distance": 0.5, "betweenness": 0.00016900864358491478, "weight": 0.10016900864358493 }, "geometry": { "type": "LineString", "coordinates": [ [ -75.667779, 6.606319 ], [ -75.726975, 6.44809 ] ] } },
{ "type": "Feature", "properties": { "source": "BELMIRA", "target": "ENTRERRÍOS", "distance": 0.16666666666666666, "betweenness": 0.015292981461282577, "weight": 0.11529298146128258 }, "geometry": { "type": "LineString", "coordinates": [ [ -75.667779, 6.606319 ], [ -75.517685, 6.566273 ] ] } },
{ "type": "Feature", "properties": { "source": "BELMIRA", "target": "GIRALDO", "distance": 0.33333333333333331, "betweenness": 0.0023906100177286606, "weight": 0.10239061001772867 }, "geometry": { "type": "LineString", "coordinates": [ [ -75.667779, 6.606319 ], [ -75.952158, 6.680808 ] ] } },
{ "type": "Feature", "properties": { "source": "BELMIRA", "target": "GIRARDOTA", "distance": 0.5, "betweenness": 0.00039837751702158478, "weight": 0.10039837751702159 }, "geometry": { "type": "LineString", "coordinates": [ [ -75.667779, 6.606319 ], [ -75.444238, 6.379472 ] ] } },
{ "type": "Feature", "properties": { "source": "BELMIRA", "target": "COPACABANA", "distance": 0.5, "betweenness": 0.00014486455164421265, "weight": 0.10014486455164422 }, "geometry": { "type": "LineString", "coordinates": [ [ -75.667779, 6.606319 ], [ -75.509384, 6.348557 ] ] } },
{ "type": "Feature", "properties": { "source": "BELMIRA", "target": "OLAYA", "distance": 0.5, "betweenness": 0.0, "weight": 0.1 }, "geometry": { "type": "LineString", "coordinates": [ [ -75.667779, 6.606319 ], [ -75.811773, 6.626492 ] ] } },
{ "type": "Feature", "properties": { "source": "BELMIRA", "target": "BARBOSA", "distance": 0.5, "betweenness": 0.0002746390458254865, "weight": 0.10027463904582549 }, "geometry": { "type": "LineString", "coordinates": [ [ -75.667779, 6.606319 ], [ -75.331627, 6.439195 ] ] } },
{ "type": "Feature", "properties": { "source": "BELMIRA", "target": "URRAO", "distance": 0.5, "betweenness": 0.00078261349447790104, "weight": 0.10078261349447791 }, "geometry": { "type": "LineString", "coordinates": [ [ -75.667779, 6.606319 ], [ -76.133951, 6.317343 ] ] } },
{ "type": "Feature", "properties": { "source": "BELMIRA", "target": "SAN VICENTE FERRER", "distance": 0.5, "betweenness": 0.00071225071225071207, "weight": 0.10071225071225072 }, "geometry": { "type": "LineString", "coordinates": [ [ -75.667779, 6.606319 ], [ -75.332616, 6.282164 ] ] } },
{ "type": "Feature", "properties": { "source": "BELMIRA", "target": "ANZÁ", "distance": 0.5, "betweenness": 7.2432275822106325e-05, "weight": 0.10007243227582212 }, "geometry": { "type": "LineString", "coordinates": [ [ -75.667779, 6.606319 ], [ -75.854442, 6.302641 ] ] } },
{ "type": "Feature", "properties": { "source": "BELMIRA", "target": "MARINILLA", "distance": 0.5, "betweenness": 0.0, "weight": 0.1 }, "geometry": { "type": "LineString", "coordinates": [ [ -75.667779, 6.606319 ], [ -75.339345, 6.173995 ] ] } },
{ "type": "Feature", "properties": { "source": "BELMIRA", "target": "RETIRO", "distance": 0.5, "betweenness": 0.0016273117968033223, "weight": 0.10162731179680333 }, "geometry": { "type": "LineString", "coordinates": [ [ -75.667779, 6.606319 ], [ -75.501301, 6.062454 ] ] } },
{ "type": "Feature", "properties": { "source": "BELMIRA", "target": "CONCEPCIÓN", "distance": 0.5, "betweenness": 0.00036095417451349645, "weight": 0.1003609541745135 }, "geometry": { "type": "LineString", "coordinates": [ [ -75.667779, 6.606319 ], [ -75.257587, 6.394348 ] ] } },
{ "type": "Feature", "properties": { "source": "BELMIRA", "target": "CALDAS", "distance": 0.5, "betweenness": 0.0, "weight": 0.1 }, "geometry": { "type": "LineString", "coordinates": [ [ -75.667779, 6.606319 ], [ -75.633673, 6.091077 ] ] } },
{ "type": "Feature", "properties": { "source": "BELMIRA", "target": "SANTO DOMINGO", "distance": 0.5, "betweenness": 0.0014797819882565644, "weight": 0.10147978198825656 }, "geometry": { "type": "LineString", "coordinates": [ [ -75.667779, 6.606319 ], [ -75.164903, 6.473032 ] ] } },
{ "type": "Feature", "properties": { "source": "BELMIRA", "target": "ENVIGADO", "distance": 0.33333333333333331, "betweenness": 0.0048124923831138521, "weight": 0.10481249238311385 }, "geometry": { "type": "LineString", "coordinates": [ [ -75.667779, 6.606319 ], [ -75.582192, 6.166695 ] ] } },
{ "type": "Feature", "properties": { "source": "BELMIRA", "target": "GUARNE", "distance": 0.5, "betweenness": 0.00048288183881404215, "weight": 0.10048288183881404 }, "geometry": { "type": "LineString", "coordinates": [ [ -75.667779, 6.606319 ], [ -75.441612, 6.27787 ] ] } },
{ "type": "Feature", "properties": { "source": "BELMIRA", "target": "BETULIA", "distance": 0.5, "betweenness": 0.0024215426757799637, "weight": 0.10242154267577996 }, "geometry": { "type": "LineString", "coordinates": [ [ -75.667779, 6.606319 ], [ -75.984452, 6.115208 ] ] } },
{ "type": "Feature", "properties": { "source": "BELMIRA", "target": "ITAGÜÍ", "distance": 0.5, "betweenness": 0.0012844656912453522, "weight": 0.10128446569124536 }, "geometry": { "type": "LineString", "coordinates": [ [ -75.667779, 6.606319 ], [ -75.612056, 6.175079 ] ] } },
{ "type": "Feature", "properties": { "source": "BELMIRA", "target": "RIONEGRO", "distance": 0.5, "betweenness": 0.0012554927809165096, "weight": 0.10125549278091651 }, "geometry": { "type": "LineString", "coordinates": [ [ -75.667779, 6.606319 ], [ -75.377316, 6.147148 ] ] } },
{ "type": "Feature", "properties": { "source": "BELMIRA", "target": "YOLOMBÓ", "distance": 1.0, "betweenness": 0.0, "weight": 0.1 }, "geometry": { "type": "LineString", "coordinates": [ [ -75.667779, 6.606319 ], [ -75.013385, 6.594511 ] ] } },
{ "type": "Feature", "properties": { "source": "BELMIRA", "target": "SABANETA", "distance": 0.5, "betweenness": 0.001208584259431717, "weight": 0.10120858425943172 }, "geometry": { "type": "LineString", "coordinates": [ [ -75.667779, 6.606319 ], [ -75.615479, 6.149903 ] ] } },
{ "type": "Feature", "properties": { "source": "BELMIRA", "target": "HELICONIA", "distance": 0.5, "betweenness": 0.00050702593075474425, "weight": 0.10050702593075475 }, "geometry": { "type": "LineString", "coordinates": [ [ -75.667779, 6.606319 ], [ -75.734322, 6.206757 ] ] } },
{ "type": "Feature", "properties": { "source": "BELMIRA", "target": "LA ESTRELLA", "distance": 0.5, "betweenness": 0.00126032159930465, "weight": 0.10126032159930466 }, "geometry": { "type": "LineString", "coordinates": [ [ -75.667779, 6.606319 ], [ -75.637708, 6.145238 ] ] } },
{ "type": "Feature", "properties": { "source": "BELMIRA", "target": "PEÑOL", "distance": 0.5, "betweenness": 0.0012458351441402287, "weight": 0.10124583514414023 }, "geometry": { "type": "LineString", "coordinates": [ [ -75.667779, 6.606319 ], [ -75.242693, 6.219349 ] ] } },
{ "type": "Feature", "properties": { "source": "BELMIRA", "target": "ANGELÓPOLIS", "distance": 0.5, "betweenness": 0.00077881942288721942, "weight": 0.10077881942288723 }, "geometry": { "type": "LineString", "coordinates": [ [ -75.667779, 6.606319 ], [ -75.711389, 6.109719 ] ] } },
{ "type": "Feature", "properties": { "source": "BELMIRA", "target": "ARMENIA", "distance": 0.33333333333333331, "betweenness": 0.0055546932665576721, "weight": 0.10555469326655768 }, "geometry": { "type": "LineString", "coordinates": [ [ -75.667779, 6.606319 ], [ -75.786647, 6.155667 ] ] } },
{ "type": "Feature", "properties": { "source": "BELMIRA", "target": "TITIRIBÍ", "distance": 1.0, "betweenness": 0.0, "weight": 0.1 }, "geometry": { "type": "LineString", "coordinates": [ [ -75.667779, 6.606319 ], [ -75.791887, 6.062391 ] ] } },
{ "type": "Feature", "properties": { "source": "BELMIRA", "target": "ANORÍ", "distance": 1.0, "betweenness": 0.0, "weight": 0.1 }, "geometry": { "type": "LineString", "coordinates": [ [ -75.667779, 6.606319 ], [ -75.148355, 7.074703 ] ] } },
{ "type": "Feature", "properties": { "source": "BELMIRA", "target": "AMAGÁ", "distance": 1.0, "betweenness": 0.0, "weight": 0.1 }, "geometry": { "type": "LineString", "coordinates": [ [ -75.667779, 6.606319 ], [ -75.702188, 6.038708 ] ] } },
{ "type": "Feature", "properties": { "source": "GIRALDO", "target": "ENTRERRÍOS", "distance": 0.5, "betweenness": 0.00073915412898463754, "weight": 0.10073915412898464 }, "geometry": { "type": "LineString", "coordinates": [ [ -75.952158, 6.680808 ], [ -75.517685, 6.566273 ] ] } },
{ "type": "Feature", "properties": { "source": "GIRALDO", "target": "SOPETRÁN", "distance": 0.5, "betweenness": 0.00098266454198657569, "weight": 0.10098266454198658 }, "geometry": { "type": "LineString", "coordinates": [ [ -75.952158, 6.680808 ], [ -75.747378, 6.500745 ] ] } },
{ "type": "Feature", "properties": { "source": "GIRALDO", "target": "URRAO", "distance": 0.5, "betweenness": 0.00066798654369275832, "weight": 0.10066798654369276 }, "geometry": { "type": "LineString", "coordinates": [ [ -75.952158, 6.680808 ], [ -76.133951, 6.317343 ] ] } },
{ "type": "Feature", "properties": { "source": "GIRALDO", "target": "SAN PEDRO DE LOS MILAGROS", "distance": 0.5, "betweenness": 0.00056152259542090047, "weight": 0.10056152259542091 }, "geometry": { "type": "LineString", "coordinates": [ [ -75.952158, 6.680808 ], [ -75.556743, 6.46012 ] ] } },
{ "type": "Feature", "properties": { "source": "GIRALDO", "target": "SANTA FÉ DE ANTIOQUIA", "distance": 0.5, "betweenness": 0.00016096061293801407, "weight": 0.10016096061293801 }, "geometry": { "type": "LineString", "coordinates": [ [ -75.952158, 6.680808 ], [ -75.826648, 6.556484 ] ] } },
{ "type": "Feature", "properties": { "source": "GIRALDO", "target": "ANZÁ", "distance": 0.5, "betweenness": 0.00029375311861187564, "weight": 0.10029375311861188 }, "geometry": { "type": "LineString", "coordinates": [ [ -75.952158, 6.680808 ], [ -75.854442, 6.302641 ] ] } },
{ "type": "Feature", "properties": { "source": "GIRALDO", "target": "CAICEDO", "distance": 0.5, "betweenness": 0.00016096061293801407, "weight": 0.10016096061293801 }, "geometry": { "type": "LineString", "coordinates": [ [ -75.952158, 6.680808 ], [ -75.98293, 6.405607 ] ] } },
{ "type": "Feature", "properties": { "source": "GIRALDO", "target": "SAN JERÓNIMO", "distance": 0.5, "betweenness": 0.00042654562428573722, "weight": 0.10042654562428574 }, "geometry": { "type": "LineString", "coordinates": [ [ -75.952158, 6.680808 ], [ -75.726975, 6.44809 ] ] } },
{ "type": "Feature", "properties": { "source": "GIRALDO", "target": "EBÉJICO", "distance": 0.5, "betweenness": 0.00041447357831538619, "weight": 0.10041447357831539 }, "geometry": { "type": "LineString", "coordinates": [ [ -75.952158, 6.680808 ], [ -75.766413, 6.325615 ] ] } },
{ "type": "Feature", "properties": { "source": "GIRALDO", "target": "BELLO", "distance": 0.33333333333333331, "betweenness": 0.0031049302235742907, "weight": 0.1031049302235743 }, "geometry": { "type": "LineString", "coordinates": [ [ -75.952158, 6.680808 ], [ -75.555245, 6.333587 ] ] } },
{ "type": "Feature", "properties": { "source": "GIRALDO", "target": "OLAYA", "distance": 0.5, "betweenness": 0.00021729682746631898, "weight": 0.10021729682746633 }, "geometry": { "type": "LineString", "coordinates": [ [ -75.952158, 6.680808 ], [ -75.811773, 6.626492 ] ] } },
{ "type": "Feature", "properties": { "source": "GIRALDO", "target": "BETULIA", "distance": 0.5, "betweenness": 0.00087924734817390181, "weight": 0.10087924734817391 }, "geometry": { "type": "LineString", "coordinates": [ [ -75.952158, 6.680808 ], [ -75.984452, 6.115208 ] ] } },
{ "type": "Feature", "properties": { "source": "GIRALDO", "target": "MEDELLÍN", "distance": 0.5, "betweenness": 0.0010570513395372152, "weight": 0.10105705133953723 }, "geometry": { "type": "LineString", "coordinates": [ [ -75.952158, 6.680808 ], [ -75.581775, 6.246631 ] ] } },
{ "type": "Feature", "properties": { "source": "GIRALDO", "target": "HELICONIA", "distance": 0.5, "betweenness": 0.0008973554171294284, "weight": 0.10089735541712944 }, "geometry": { "type": "LineString", "coordinates": [ [ -75.952158, 6.680808 ], [ -75.734322, 6.206757 ] ] } },
{ "type": "Feature", "properties": { "source": "GIRALDO", "target": "ANGOSTURA", "distance": 1.0, "betweenness": 0.0, "weight": 0.1 }, "geometry": { "type": "LineString", "coordinates": [ [ -75.952158, 6.680808 ], [ -75.335116, 6.885175 ] ] } },
{ "type": "Feature", "properties": { "source": "GIRALDO", "target": "ARMENIA", "distance": 1.0, "betweenness": 0.0, "weight": 0.1 }, "geometry": { "type": "LineString", "coordinates": [ [ -75.952158, 6.680808 ], [ -75.786647, 6.155667 ] ] } },
{ "type": "Feature", "properties": { "source": "SANTA FÉ DE ANTIOQUIA", "target": "URRAO", "distance": 0.5, "betweenness": 0.00061172771407451984, "weight": 0.10061172771407452 }, "geometry": { "type": "LineString", "coordinates": [ [ -75.826648, 6.556484 ], [ -76.133951, 6.317343 ] ] } },
{ "type": "Feature", "properties": { "source": "SANTA FÉ DE ANTIOQUIA", "target": "CAICEDO", "distance": 0.5, "betweenness": 0.00014486455164421265, "weight": 0.10014486455164422 }, "geometry": { "type": "LineString", "coordinates": [ [ -75.826648, 6.556484 ], [ -75.98293, 6.405607 ] ] } },
{ "type": "Feature", "properties": { "source": "SANTA FÉ DE ANTIOQUIA", "target": "BETULIA", "distance": 0.5, "betweenness": 0.00035887455687771334, "weight": 0.10035887455687773 }, "geometry": { "type": "LineString", "coordinates": [ [ -75.826648, 6.556484 ], [ -75.984452, 6.115208 ] ] } },
{ "type": "Feature", "properties": { "source": "SANTA FÉ DE ANTIOQUIA", "target": "ANZÁ", "distance": 0.5, "betweenness": 0.00021335019705293496, "weight": 0.10021335019705294 }, "geometry": { "type": "LineString", "coordinates": [ [ -75.826648, 6.556484 ], [ -75.854442, 6.302641 ] ] } },
{ "type": "Feature", "properties": { "source": "SANTA FÉ DE ANTIOQUIA", "target": "BELLO", "distance": 0.5, "betweenness": 0.00016101044594511561, "weight": 0.10016101044594512 }, "geometry": { "type": "LineString", "coordinates": [ [ -75.826648, 6.556484 ], [ -75.555245, 6.333587 ] ] } },
{ "type": "Feature", "properties": { "source": "SANTA FÉ DE ANTIOQUIA", "target": "ENTRERRÍOS", "distance": 0.5, "betweenness": 0.00083900719493939819, "weight": 0.10083900719493941 }, "geometry": { "type": "LineString", "coordinates": [ [ -75.826648, 6.556484 ], [ -75.517685, 6.566273 ] ] } },
{ "type": "Feature", "properties": { "source": "SANTA FÉ DE ANTIOQUIA", "target": "SAN JERÓNIMO", "distance": 0.5, "betweenness": 0.00036216137911053165, "weight": 0.10036216137911054 }, "geometry": { "type": "LineString", "coordinates": [ [ -75.826648, 6.556484 ], [ -75.726975, 6.44809 ] ] } },
{ "type": "Feature", "properties": { "source": "SANTA FÉ DE ANTIOQUIA", "target": "SOPETRÁN", "distance": 0.5, "betweenness": 0.00062774639045825491, "weight": 0.10062774639045827 }, "geometry": { "type": "LineString", "coordinates": [ [ -75.826648, 6.556484 ], [ -75.747378, 6.500745 ] ] } },
{ "type": "Feature", "properties": { "source": "SANTA FÉ DE ANTIOQUIA", "target": "EBÉJICO", "distance": 0.5, "betweenness": 0.00030640758785272605, "weight": 0.10030640758785273 }, "geometry": { "type": "LineString", "coordinates": [ [ -75.826648, 6.556484 ], [ -75.766413, 6.325615 ] ] } },
{ "type": "Feature", "properties": { "source": "SANTA FÉ DE ANTIOQUIA", "target": "HELICONIA", "distance": 0.5, "betweenness": 0.00019235133452198859, "weight": 0.10019235133452199 }, "geometry": { "type": "LineString", "coordinates": [ [ -75.826648, 6.556484 ], [ -75.734322, 6.206757 ] ] } },
{ "type": "Feature", "properties": { "source": "SANTA FÉ DE ANTIOQUIA", "target": "SAN PEDRO DE LOS MILAGROS", "distance": 0.5, "betweenness": 0.00043618208203399989, "weight": 0.100436182082034 }, "geometry": { "type": "LineString", "coordinates": [ [ -75.826648, 6.556484 ], [ -75.556743, 6.46012 ] ] } },
{ "type": "Feature", "properties": { "source": "SANTA FÉ DE ANTIOQUIA", "target": "MEDELLÍN", "distance": 0.5, "betweenness": 0.00059165747046436949, "weight": 0.10059165747046438 }, "geometry": { "type": "LineString", "coordinates": [ [ -75.826648, 6.556484 ], [ -75.581775, 6.246631 ] ] } },
{ "type": "Feature", "properties": { "source": "SANTA FÉ DE ANTIOQUIA", "target": "OLAYA", "distance": 0.5, "betweenness": 0.00030582516458222667, "weight": 0.10030582516458224 }, "geometry": { "type": "LineString", "coordinates": [ [ -75.826648, 6.556484 ], [ -75.811773, 6.626492 ] ] } },
{ "type": "Feature", "properties": { "source": "SANTA FÉ DE ANTIOQUIA", "target": "CONCORDIA", "distance": 0.5, "betweenness": 0.00057624239637915208, "weight": 0.10057624239637916 }, "geometry": { "type": "LineString", "coordinates": [ [ -75.826648, 6.556484 ], [ -75.908448, 6.045738 ] ] } },
{ "type": "Feature", "properties": { "source": "SANTA FÉ DE ANTIOQUIA", "target": "COPACABANA", "distance": 0.5, "betweenness": 0.00017911851490064217, "weight": 0.10017911851490065 }, "geometry": { "type": "LineString", "coordinates": [ [ -75.826648, 6.556484 ], [ -75.509384, 6.348557 ] ] } },
{ "type": "Feature", "properties": { "source": "SANTA FÉ DE ANTIOQUIA", "target": "ARMENIA", "distance": 0.5, "betweenness": 0.00041809859416755321, "weight": 0.10041809859416756 }, "geometry": { "type": "LineString", "coordinates": [ [ -75.826648, 6.556484 ], [ -75.786647, 6.155667 ] ] } },
{ "type": "Feature", "properties": { "source": "SANTA FÉ DE ANTIOQUIA", "target": "ITAGÜÍ", "distance": 0.5, "betweenness": 0.00049902773311494503, "weight": 0.10049902773311495 }, "geometry": { "type": "LineString", "coordinates": [ [ -75.826648, 6.556484 ], [ -75.612056, 6.175079 ] ] } },
{ "type": "Feature", "properties": { "source": "SANTA FÉ DE ANTIOQUIA", "target": "ANGELÓPOLIS", "distance": 0.5, "betweenness": 0.00072835017560557533, "weight": 0.10072835017560558 }, "geometry": { "type": "LineString", "coordinates": [ [ -75.826648, 6.556484 ], [ -75.711389, 6.109719 ] ] } },
{ "type": "Feature", "properties": { "source": "SANTA FÉ DE ANTIOQUIA", "target": "SALGAR", "distance": 0.5, "betweenness": 0.0014909010793994167, "weight": 0.10149090107939943 }, "geometry": { "type": "LineString", "coordinates": [ [ -75.826648, 6.556484 ], [ -75.976807, 5.964198 ] ] } },
{ "type": "Feature", "properties": { "source": "SANTA FÉ DE ANTIOQUIA", "target": "TITIRIBÍ", "distance": 0.5, "betweenness": 0.00078778178653653435, "weight": 0.10078778178653654 }, "geometry": { "type": "LineString", "coordinates": [ [ -75.826648, 6.556484 ], [ -75.791887, 6.062391 ] ] } },
{ "type": "Feature", "properties": { "source": "SANTA FÉ DE ANTIOQUIA", "target": "CALDAS", "distance": 0.5, "betweenness": 0.00034204470455434158, "weight": 0.10034204470455435 }, "geometry": { "type": "LineString", "coordinates": [ [ -75.826648, 6.556484 ], [ -75.633673, 6.091077 ] ] } },
{ "type": "Feature", "properties": { "source": "SANTA FÉ DE ANTIOQUIA", "target": "ANGOSTURA", "distance": 0.5, "betweenness": 0.00052513399971027084, "weight": 0.10052513399971028 }, "geometry": { "type": "LineString", "coordinates": [ [ -75.826648, 6.556484 ], [ -75.335116, 6.885175 ] ] } },
{ "type": "Feature", "properties": { "source": "SANTA FÉ DE ANTIOQUIA", "target": "DONMATÍAS", "distance": 0.5, "betweenness": 0.00050098990776956879, "weight": 0.10050098990776958 }, "geometry": { "type": "LineString", "coordinates": [ [ -75.826648, 6.556484 ], [ -75.39263, 6.485603 ] ] } },
{ "type": "Feature", "properties": { "source": "SANTA FÉ DE ANTIOQUIA", "target": "GIRARDOTA", "distance": 0.5, "betweenness": 0.00042055943430766317, "weight": 0.10042055943430767 }, "geometry": { "type": "LineString", "coordinates": [ [ -75.826648, 6.556484 ], [ -75.444238, 6.379472 ] ] } },
{ "type": "Feature", "properties": { "source": "SANTA FÉ DE ANTIOQUIA", "target": "LA ESTRELLA", "distance": 0.5, "betweenness": 0.00053036862169181795, "weight": 0.10053036862169182 }, "geometry": { "type": "LineString", "coordinates": [ [ -75.826648, 6.556484 ], [ -75.637708, 6.145238 ] ] } },
{ "type": "Feature", "properties": { "source": "SANTA FÉ DE ANTIOQUIA", "target": "SABANETA", "distance": 0.5, "betweenness": 0.0004986000796645783, "weight": 0.10049860007966459 }, "geometry": { "type": "LineString", "coordinates": [ [ -75.826648, 6.556484 ], [ -75.615479, 6.149903 ] ] } },
{ "type": "Feature", "properties": { "source": "SANTA FÉ DE ANTIOQUIA", "target": "AMAGÁ", "distance": 0.5, "betweenness": 0.00083699858933873486, "weight": 0.10083699858933874 }, "geometry": { "type": "LineString", "coordinates": [ [ -75.826648, 6.556484 ], [ -75.702188, 6.038708 ] ] } },
{ "type": "Feature", "properties": { "source": "SANTA FÉ DE ANTIOQUIA", "target": "GUARNE", "distance": 0.5, "betweenness": 0.00080686490535889703, "weight": 0.10080686490535891 }, "geometry": { "type": "LineString", "coordinates": [ [ -75.826648, 6.556484 ], [ -75.441612, 6.27787 ] ] } },
{ "type": "Feature", "properties": { "source": "SANTA FÉ DE ANTIOQUIA", "target": "ENVIGADO", "distance": 0.5, "betweenness": 0.0011711156770412201, "weight": 0.10117111567704122 }, "geometry": { "type": "LineString", "coordinates": [ [ -75.826648, 6.556484 ], [ -75.582192, 6.166695 ] ] } },
{ "type": "Feature", "properties": { "source": "URRAO", "target": "BETULIA", "distance": 0.5, "betweenness": 0.00029576512627360081, "weight": 0.10029576512627361 }, "geometry": { "type": "LineString", "coordinates": [ [ -76.133951, 6.317343 ], [ -75.984452, 6.115208 ] ] } },
{ "type": "Feature", "properties": { "source": "URRAO", "target": "ANZÁ", "distance": 0.5, "betweenness": 0.00019315273552561685, "weight": 0.10019315273552562 }, "geometry": { "type": "LineString", "coordinates": [ [ -76.133951, 6.317343 ], [ -75.854442, 6.302641 ] ] } },
{ "type": "Feature", "properties": { "source": "URRAO", "target": "CAICEDO", "distance": 0.5, "betweenness": 0.00055003893488439839, "weight": 0.1005500389348844 }, "geometry": { "type": "LineString", "coordinates": [ [ -76.133951, 6.317343 ], [ -75.98293, 6.405607 ] ] } },
{ "type": "Feature", "properties": { "source": "URRAO", "target": "CIUDAD BOLÍVAR", "distance": 0.5, "betweenness": 0.00084504321792457375, "weight": 0.10084504321792458 }, "geometry": { "type": "LineString", "coordinates": [ [ -76.133951, 6.317343 ], [ -76.021509, 5.850273 ] ] } },
{ "type": "Feature", "properties": { "source": "URRAO", "target": "MURINDÓ", "distance": 0.5, "betweenness": 0.0028731469409435505, "weight": 0.10287314694094356 }, "geometry": { "type": "LineString", "coordinates": [ [ -76.133951, 6.317343 ], [ -76.817485, 6.97771 ] ] } },
{ "type": "Feature", "properties": { "source": "URRAO", "target": "VIGÍA DEL FUERTE", "distance": 0.5, "betweenness": 0.0059780771645178421, "weight": 0.10597807716451785 }, "geometry": { "type": "LineString", "coordinates": [ [ -76.133951, 6.317343 ], [ -76.896004, 6.588164 ] ] } },
{ "type": "Feature", "properties": { "source": "URRAO", "target": "EBÉJICO", "distance": 0.5, "betweenness": 0.00058635651855990835, "weight": 0.10058635651855992 }, "geometry": { "type": "LineString", "coordinates": [ [ -76.133951, 6.317343 ], [ -75.766413, 6.325615 ] ] } },
{ "type": "Feature", "properties": { "source": "URRAO", "target": "CONCORDIA", "distance": 0.5, "betweenness": 0.00033077405958761884, "weight": 0.10033077405958762 }, "geometry": { "type": "LineString", "coordinates": [ [ -76.133951, 6.317343 ], [ -75.908448, 6.045738 ] ] } },
{ "type": "Feature", "properties": { "source": "URRAO", "target": "SALGAR", "distance": 0.5, "betweenness": 0.00071426271991243729, "weight": 0.10071426271991245 }, "geometry": { "type": "LineString", "coordinates": [ [ -76.133951, 6.317343 ], [ -75.976807, 5.964198 ] ] } },
{ "type": "Feature", "properties": { "source": "URRAO", "target": "ARMENIA", "distance": 0.5, "betweenness": 0.00028248587570621464, "weight": 0.10028248587570622 }, "geometry": { "type": "LineString", "coordinates": [ [ -76.133951, 6.317343 ], [ -75.786647, 6.155667 ] ] } },
{ "type": "Feature", "properties": { "source": "URRAO", "target": "HELICONIA", "distance": 0.5, "betweenness": 0.00021729682746631898, "weight": 0.10021729682746633 }, "geometry": { "type": "LineString", "coordinates": [ [ -76.133951, 6.317343 ], [ -75.734322, 6.206757 ] ] } },
{ "type": "Feature", "properties": { "source": "URRAO", "target": "TITIRIBÍ", "distance": 0.5, "betweenness": 0.00071132209332991597, "weight": 0.10071132209332992 }, "geometry": { "type": "LineString", "coordinates": [ [ -76.133951, 6.317343 ], [ -75.791887, 6.062391 ] ] } },
{ "type": "Feature", "properties": { "source": "URRAO", "target": "SOPETRÁN", "distance": 0.5, "betweenness": 0.00028627994729689643, "weight": 0.1002862799472969 }, "geometry": { "type": "LineString", "coordinates": [ [ -76.133951, 6.317343 ], [ -75.747378, 6.500745 ] ] } },
{ "type": "Feature", "properties": { "source": "URRAO", "target": "MEDELLÍN", "distance": 0.5, "betweenness": 0.0006160077629004182, "weight": 0.10061600776290042 }, "geometry": { "type": "LineString", "coordinates": [ [ -76.133951, 6.317343 ], [ -75.581775, 6.246631 ] ] } },
{ "type": "Feature", "properties": { "source": "URRAO", "target": "SAN PEDRO DE LOS MILAGROS", "distance": 0.5, "betweenness": 0.0011353471805449207, "weight": 0.10113534718054493 }, "geometry": { "type": "LineString", "coordinates": [ [ -76.133951, 6.317343 ], [ -75.556743, 6.46012 ] ] } },
{ "type": "Feature", "properties": { "source": "URRAO", "target": "SAN JERÓNIMO", "distance": 0.5, "betweenness": 0.00041786524837372297, "weight": 0.10041786524837373 }, "geometry": { "type": "LineString", "coordinates": [ [ -76.133951, 6.317343 ], [ -75.726975, 6.44809 ] ] } },
{ "type": "Feature", "properties": { "source": "URRAO", "target": "BELLO", "distance": 0.5, "betweenness": 0.00099853065954760866, "weight": 0.10099853065954761 }, "geometry": { "type": "LineString", "coordinates": [ [ -76.133951, 6.317343 ], [ -75.555245, 6.333587 ] ] } },
{ "type": "Feature", "properties": { "source": "URRAO", "target": "ANGELÓPOLIS", "distance": 0.5, "betweenness": 0.00087401612825341649, "weight": 0.10087401612825342 }, "geometry": { "type": "LineString", "coordinates": [ [ -76.133951, 6.317343 ], [ -75.711389, 6.109719 ] ] } },
{ "type": "Feature", "properties": { "source": "URRAO", "target": "AMAGÁ", "distance": 0.5, "betweenness": 0.00077743976049060787, "weight": 0.10077743976049061 }, "geometry": { "type": "LineString", "coordinates": [ [ -76.133951, 6.317343 ], [ -75.702188, 6.038708 ] ] } },
{ "type": "Feature", "properties": { "source": "URRAO", "target": "LA ESTRELLA", "distance": 0.5, "betweenness": 0.00049897790010784357, "weight": 0.10049897790010785 }, "geometry": { "type": "LineString", "coordinates": [ [ -76.133951, 6.317343 ], [ -75.637708, 6.145238 ] ] } },
{ "type": "Feature", "properties": { "source": "URRAO", "target": "OLAYA", "distance": 0.5, "betweenness": 0.0013574728263993799, "weight": 0.10135747282639938 }, "geometry": { "type": "LineString", "coordinates": [ [ -76.133951, 6.317343 ], [ -75.811773, 6.626492 ] ] } },
{ "type": "Feature", "properties": { "source": "URRAO", "target": "CALDAS", "distance": 0.5, "betweenness": 0.00069213063563346047, "weight": 0.10069213063563347 }, "geometry": { "type": "LineString", "coordinates": [ [ -76.133951, 6.317343 ], [ -75.633673, 6.091077 ] ] } },
{ "type": "Feature", "properties": { "source": "URRAO", "target": "FREDONIA", "distance": 0.33333333333333331, "betweenness": 0.0035298662417306485, "weight": 0.10352986624173065 }, "geometry": { "type": "LineString", "coordinates": [ [ -76.133951, 6.317343 ], [ -75.675072, 5.928039 ] ] } },
{ "type": "Feature", "properties": { "source": "URRAO", "target": "BETANIA", "distance": 0.33333333333333331, "betweenness": 0.0058187261577092074, "weight": 0.10581872615770921 }, "geometry": { "type": "LineString", "coordinates": [ [ -76.133951, 6.317343 ], [ -75.97679, 5.74615 ] ] } },
{ "type": "Feature", "properties": { "source": "URRAO", "target": "VENECIA", "distance": 0.5, "betweenness": 0.00076778212371432714, "weight": 0.10076778212371433 }, "geometry": { "type": "LineString", "coordinates": [ [ -76.133951, 6.317343 ], [ -75.735544, 5.964693 ] ] } },
{ "type": "Feature", "properties": { "source": "URRAO", "target": "TARSO", "distance": 0.5, "betweenness": 0.0017414636432582593, "weight": 0.10174146364325827 }, "geometry": { "type": "LineString", "coordinates": [ [ -76.133951, 6.317343 ], [ -75.822956, 5.864542 ] ] } },
{ "type": "Feature", "properties": { "source": "URRAO", "target": "ANDES", "distance": 0.5, "betweenness": 0.0023902651021295088, "weight": 0.10239026510212951 }, "geometry": { "type": "LineString", "coordinates": [ [ -76.133951, 6.317343 ], [ -75.878828, 5.657194 ] ] } },
{ "type": "Feature", "properties": { "source": "URRAO", "target": "PUEBLORRICO", "distance": 0.33333333333333331, "betweenness": 0.0034308754647737701, "weight": 0.10343087546477378 }, "geometry": { "type": "LineString", "coordinates": [ [ -76.133951, 6.317343 ], [ -75.839903, 5.79158 ] ] } },
{ "type": "Feature", "properties": { "source": "URRAO", "target": "JERICÓ", "distance": 0.33333333333333331, "betweenness": 0.004554265571214724, "weight": 0.10455426557121474 }, "geometry": { "type": "LineString", "coordinates": [ [ -76.133951, 6.317343 ], [ -75.785499, 5.789748 ] ] } },
{ "type": "Feature", "properties": { "source": "URRAO", "target": "HISPANIA", "distance": 0.5, "betweenness": 0.0022296865495474798, "weight": 0.10222968654954749 }, "geometry": { "type": "LineString", "coordinates": [ [ -76.133951, 6.317343 ], [ -75.906587, 5.799461 ] ] } },
{ "type": "Feature", "properties": { "source": "URRAO", "target": "SANTA BÁRBARA", "distance": 0.5, "betweenness": 0.0012836608881806621, "weight": 0.10128366088818067 }, "geometry": { "type": "LineString", "coordinates": [ [ -76.133951, 6.317343 ], [ -75.567351, 5.875527 ] ] } },
{ "type": "Feature", "properties": { "source": "URRAO", "target": "ITAGÜÍ", "distance": 0.5, "betweenness": 0.00071627472757416263, "weight": 0.10071627472757416 }, "geometry": { "type": "LineString", "coordinates": [ [ -76.133951, 6.317343 ], [ -75.612056, 6.175079 ] ] } },
{ "type": "Feature", "properties": { "source": "URRAO", "target": "SABANETA", "distance": 0.5, "betweenness": 0.00064384245175205627, "weight": 0.10064384245175206 }, "geometry": { "type": "LineString", "coordinates": [ [ -76.133951, 6.317343 ], [ -75.615479, 6.149903 ] ] } },
{ "type": "Feature", "properties": { "source": "URRAO", "target": "ENVIGADO", "distance": 0.5, "betweenness": 0.0010629149047228143, "weight": 0.10106291490472281 }, "geometry": { "type": "LineString", "coordinates": [ [ -76.133951, 6.317343 ], [ -75.582192, 6.166695 ] ] } },
{ "type": "Feature", "properties": { "source": "URRAO", "target": "RETIRO", "distance": 1.0, "betweenness": 0.0, "weight": 0.1 }, "geometry": { "type": "LineString", "coordinates": [ [ -76.133951, 6.317343 ], [ -75.501301, 6.062454 ] ] } },
{ "type": "Feature", "properties": { "source": "ANGOSTURA", "target": "CAROLINA", "distance": 0.5, "betweenness": 0.00014486455164421265, "weight": 0.10014486455164422 }, "geometry": { "type": "LineString", "coordinates": [ [ -75.335116, 6.885175 ], [ -75.283192, 6.725995 ] ] } },
{ "type": "Feature", "properties": { "source": "ANGOSTURA", "target": "SOPETRÁN", "distance": 0.5, "betweenness": 0.0010864841373315949, "weight": 0.10108648413733159 }, "geometry": { "type": "LineString", "coordinates": [ [ -75.335116, 6.885175 ], [ -75.747378, 6.500745 ] ] } },
{ "type": "Feature", "properties": { "source": "ANGOSTURA", "target": "GÓMEZ PLATA", "distance": 0.5, "betweenness": 0.0001787289922883143, "weight": 0.10017872899228832 }, "geometry": { "type": "LineString", "coordinates": [ [ -75.335116, 6.885175 ], [ -75.220018, 6.683269 ] ] } },
{ "type": "Feature", "properties": { "source": "ANGOSTURA", "target": "AMALFI", "distance": 0.5, "betweenness": 0.00079195870770422459, "weight": 0.10079195870770423 }, "geometry": { "type": "LineString", "coordinates": [ [ -75.335116, 6.885175 ], [ -75.077501, 6.909655 ] ] } },
{ "type": "Feature", "properties": { "source": "ANGOSTURA", "target": "SAN PEDRO DE LOS MILAGROS", "distance": 0.5, "betweenness": 0.00014486455164421265, "weight": 0.10014486455164422 }, "geometry": { "type": "LineString", "coordinates": [ [ -75.335116, 6.885175 ], [ -75.556743, 6.46012 ] ] } },
{ "type": "Feature", "properties": { "source": "ANGOSTURA", "target": "DONMATÍAS", "distance": 0.5, "betweenness": 0.00016787245102299934, "weight": 0.100167872451023 }, "geometry": { "type": "LineString", "coordinates": [ [ -75.335116, 6.885175 ], [ -75.39263, 6.485603 ] ] } },
{ "type": "Feature", "properties": { "source": "ANGOSTURA", "target": "ANORÍ", "distance": 0.5, "betweenness": 0.00081758858991820072, "weight": 0.10081758858991821 }, "geometry": { "type": "LineString", "coordinates": [ [ -75.335116, 6.885175 ], [ -75.148355, 7.074703 ] ] } },
{ "type": "Feature", "properties": { "source": "ANGOSTURA", "target": "ENTRERRÍOS", "distance": 0.5, "betweenness": 0.00036216137911053165, "weight": 0.10036216137911054 }, "geometry": { "type": "LineString", "coordinates": [ [ -75.335116, 6.885175 ], [ -75.517685, 6.566273 ] ] } },
{ "type": "Feature", "properties": { "source": "ANGOSTURA", "target": "GUADALUPE", "distance": 0.5, "betweenness": 0.00018108068955526583, "weight": 0.10018108068955527 }, "geometry": { "type": "LineString", "coordinates": [ [ -75.335116, 6.885175 ], [ -75.239862, 6.815069 ] ] } },
{ "type": "Feature", "properties": { "source": "ANGOSTURA", "target": "SANTO DOMINGO", "distance": 0.5, "betweenness": 0.0003663003663003663, "weight": 0.10036630036630037 }, "geometry": { "type": "LineString", "coordinates": [ [ -75.335116, 6.885175 ], [ -75.164903, 6.473032 ] ] } },
{ "type": "Feature", "properties": { "source": "ANGOSTURA", "target": "YOLOMBÓ", "distance": 0.5, "betweenness": 0.00019453239792222843, "weight": 0.10019453239792224 }, "geometry": { "type": "LineString", "coordinates": [ [ -75.335116, 6.885175 ], [ -75.013385, 6.594511 ] ] } },
{ "type": "Feature", "properties": { "source": "ANGOSTURA", "target": "BARBOSA", "distance": 0.5, "betweenness": 0.0002897291032884253, "weight": 0.10028972910328843 }, "geometry": { "type": "LineString", "coordinates": [ [ -75.335116, 6.885175 ], [ -75.331627, 6.439195 ] ] } },
{ "type": "Feature", "properties": { "source": "ANGOSTURA", "target": "BELLO", "distance": 0.25, "betweenness": 0.0093558356270220661, "weight": 0.10935583562702207 }, "geometry": { "type": "LineString", "coordinates": [ [ -75.335116, 6.885175 ], [ -75.555245, 6.333587 ] ] } },
{ "type": "Feature", "properties": { "source": "ANGOSTURA", "target": "CONCEPCIÓN", "distance": 0.5, "betweenness": 0.00026374546148557443, "weight": 0.10026374546148557 }, "geometry": { "type": "LineString", "coordinates": [ [ -75.335116, 6.885175 ], [ -75.257587, 6.394348 ] ] } },
{ "type": "Feature", "properties": { "source": "ANGOSTURA", "target": "OLAYA", "distance": 0.5, "betweenness": 0.00026437780675068811, "weight": 0.1002643778067507 }, "geometry": { "type": "LineString", "coordinates": [ [ -75.335116, 6.885175 ], [ -75.811773, 6.626492 ] ] } },
{ "type": "Feature", "properties": { "source": "ANGOSTURA", "target": "SAN JERÓNIMO", "distance": 0.5, "betweenness": 0.00034284610555796992, "weight": 0.10034284610555798 }, "geometry": { "type": "LineString", "coordinates": [ [ -75.335116, 6.885175 ], [ -75.726975, 6.44809 ] ] } },
{ "type": "Feature", "properties": { "source": "ANGOSTURA", "target": "CISNEROS", "distance": 0.5, "betweenness": 0.00030783717224395189, "weight": 0.10030783717224395 }, "geometry": { "type": "LineString", "coordinates": [ [ -75.335116, 6.885175 ], [ -75.087047, 6.537829 ] ] } },
{ "type": "Feature", "properties": { "source": "ANGOSTURA", "target": "GIRARDOTA", "distance": 0.5, "betweenness": 0.0002897291032884253, "weight": 0.10028972910328843 }, "geometry": { "type": "LineString", "coordinates": [ [ -75.335116, 6.885175 ], [ -75.444238, 6.379472 ] ] } },
{ "type": "Feature", "properties": { "source": "ANGOSTURA", "target": "COPACABANA", "distance": 0.33333333333333331, "betweenness": 0.0014051861509488627, "weight": 0.10140518615094887 }, "geometry": { "type": "LineString", "coordinates": [ [ -75.335116, 6.885175 ], [ -75.509384, 6.348557 ] ] } },
{ "type": "Feature", "properties": { "source": "ANGOSTURA", "target": "SAN VICENTE FERRER", "distance": 0.33333333333333331, "betweenness": 0.0043547318971047782, "weight": 0.10435473189710479 }, "geometry": { "type": "LineString", "coordinates": [ [ -75.335116, 6.885175 ], [ -75.332616, 6.282164 ] ] } },
{ "type": "Feature", "properties": { "source": "ANGOSTURA", "target": "YALÍ", "distance": 0.5, "betweenness": 0.00071644718537373898, "weight": 0.10071644718537374 }, "geometry": { "type": "LineString", "coordinates": [ [ -75.335116, 6.885175 ], [ -74.840059, 6.676554 ] ] } },
{ "type": "Feature", "properties": { "source": "ANGOSTURA", "target": "VEGACHÍ", "distance": 0.5, "betweenness": 0.0012221069798337991, "weight": 0.1012221069798338 }, "geometry": { "type": "LineString", "coordinates": [ [ -75.335116, 6.885175 ], [ -74.798714, 6.773525 ] ] } },
{ "type": "Feature", "properties": { "source": "ANGOSTURA", "target": "SAN ROQUE", "distance": 0.5, "betweenness": 0.00029110876568503685, "weight": 0.10029110876568505 }, "geometry": { "type": "LineString", "coordinates": [ [ -75.335116, 6.885175 ], [ -75.019109, 6.485939 ] ] } },
{ "type": "Feature", "properties": { "source": "ANGOSTURA", "target": "REMEDIOS", "distance": 0.5, "betweenness": 0.0052383534021952097, "weight": 0.10523835340219521 }, "geometry": { "type": "LineString", "coordinates": [ [ -75.335116, 6.885175 ], [ -74.698135, 7.029424 ] ] } },
{ "type": "Feature", "properties": { "source": "ANORÍ", "target": "AMALFI", "distance": 0.5, "betweenness": 0.0002378193056159158, "weight": 0.10023781930561593 }, "geometry": { "type": "LineString", "coordinates": [ [ -75.148355, 7.074703 ], [ -75.077501, 6.909655 ] ] } },
{ "type": "Feature", "properties": { "source": "ANORÍ", "target": "GUADALUPE", "distance": 0.5, "betweenness": 0.00034313876121785719, "weight": 0.10034313876121786 }, "geometry": { "type": "LineString", "coordinates": [ [ -75.148355, 7.074703 ], [ -75.239862, 6.815069 ] ] } },
{ "type": "Feature", "properties": { "source": "ANORÍ", "target": "GÓMEZ PLATA", "distance": 0.5, "betweenness": 0.00089368154339905742, "weight": 0.10089368154339906 }, "geometry": { "type": "LineString", "coordinates": [ [ -75.148355, 7.074703 ], [ -75.220018, 6.683269 ] ] } },
{ "type": "Feature", "properties": { "source": "ANORÍ", "target": "SEGOVIA", "distance": 0.5, "betweenness": 0.0067011155342315666, "weight": 0.10670111553423157 }, "geometry": { "type": "LineString", "coordinates": [ [ -75.148355, 7.074703 ], [ -74.701596, 7.079648 ] ] } },
{ "type": "Feature", "properties": { "source": "ANORÍ", "target": "CAROLINA", "distance": 0.5, "betweenness": 0.00051923659665095321, "weight": 0.10051923659665096 }, "geometry": { "type": "LineString", "coordinates": [ [ -75.148355, 7.074703 ], [ -75.283192, 6.725995 ] ] } },
{ "type": "Feature", "properties": { "source": "ANORÍ", "target": "YOLOMBÓ", "distance": 0.5, "betweenness": 0.00038762764751465315, "weight": 0.10038762764751466 }, "geometry": { "type": "LineString", "coordinates": [ [ -75.148355, 7.074703 ], [ -75.013385, 6.594511 ] ] } },
{ "type": "Feature", "properties": { "source": "ANORÍ", "target": "VEGACHÍ", "distance": 0.5, "betweenness": 0.00056280081205305524, "weight": 0.10056280081205306 }, "geometry": { "type": "LineString", "coordinates": [ [ -75.148355, 7.074703 ], [ -74.798714, 6.773525 ] ] } },
{ "type": "Feature", "properties": { "source": "ANORÍ", "target": "CISNEROS", "distance": 0.5, "betweenness": 0.00042246412302909478, "weight": 0.1004224641230291 }, "geometry": { "type": "LineString", "coordinates": [ [ -75.148355, 7.074703 ], [ -75.087047, 6.537829 ] ] } },
{ "type": "Feature", "properties": { "source": "ANORÍ", "target": "YALÍ", "distance": 0.5, "betweenness": 0.00062067562067562071, "weight": 0.10062067562067563 }, "geometry": { "type": "LineString", "coordinates": [ [ -75.148355, 7.074703 ], [ -74.840059, 6.676554 ] ] } },
{ "type": "Feature", "properties": { "source": "ANORÍ", "target": "SANTO DOMINGO", "distance": 0.5, "betweenness": 0.0012200151161472323, "weight": 0.10122001511614724 }, "geometry": { "type": "LineString", "coordinates": [ [ -75.148355, 7.074703 ], [ -75.164903, 6.473032 ] ] } },
{ "type": "Feature", "properties": { "source": "ANORÍ", "target": "REMEDIOS", "distance": 0.5, "betweenness": 0.00091978015706829265, "weight": 0.1009197801570683 }, "geometry": { "type": "LineString", "coordinates": [ [ -75.148355, 7.074703 ], [ -74.698135, 7.029424 ] ] } },
{ "type": "Feature", "properties": { "source": "ANORÍ", "target": "DONMATÍAS", "distance": 0.5, "betweenness": 0.0064552150921248774, "weight": 0.10645521509212488 }, "geometry": { "type": "LineString", "coordinates": [ [ -75.148355, 7.074703 ], [ -75.39263, 6.485603 ] ] } },
{ "type": "Feature", "properties": { "source": "ANORÍ", "target": "ZARAGOZA", "distance": 0.5, "betweenness": 0.0072684264160559906, "weight": 0.107268426416056 }, "geometry": { "type": "LineString", "coordinates": [ [ -75.148355, 7.074703 ], [ -74.867075, 7.488583 ] ] } },
{ "type": "Feature", "properties": { "source": "ANORÍ", "target": "ENTRERRÍOS", "distance": 0.5, "betweenness": 0.0055826751082122096, "weight": 0.10558267510821222 }, "geometry": { "type": "LineString", "coordinates": [ [ -75.148355, 7.074703 ], [ -75.517685, 6.566273 ] ] } },
{ "type": "Feature", "properties": { "source": "ANORÍ", "target": "BARBOSA", "distance": 1.0, "betweenness": 0.0, "weight": 0.1 }, "geometry": { "type": "LineString", "coordinates": [ [ -75.148355, 7.074703 ], [ -75.331627, 6.439195 ] ] } },
{ "type": "Feature", "properties": { "source": "AMALFI", "target": "YOLOMBÓ", "distance": 0.33333333333333331, "betweenness": 0.0054704241144919114, "weight": 0.10547042411449192 }, "geometry": { "type": "LineString", "coordinates": [ [ -75.077501, 6.909655 ], [ -75.013385, 6.594511 ] ] } },
{ "type": "Feature", "properties": { "source": "AMALFI", "target": "CONCEPCIÓN", "distance": 0.5, "betweenness": 0.0022439597841596966, "weight": 0.1022439597841597 }, "geometry": { "type": "LineString", "coordinates": [ [ -75.077501, 6.909655 ], [ -75.257587, 6.394348 ] ] } },
{ "type": "Feature", "properties": { "source": "AMALFI", "target": "GÓMEZ PLATA", "distance": 0.5, "betweenness": 0.00065827142098328544, "weight": 0.1006582714209833 }, "geometry": { "type": "LineString", "coordinates": [ [ -75.077501, 6.909655 ], [ -75.220018, 6.683269 ] ] } },
{ "type": "Feature", "properties": { "source": "AMALFI", "target": "SANTO DOMINGO", "distance": 0.5, "betweenness": 0.00078737598294312771, "weight": 0.10078737598294313 }, "geometry": { "type": "LineString", "coordinates": [ [ -75.077501, 6.909655 ], [ -75.164903, 6.473032 ] ] } },
{ "type": "Feature", "properties": { "source": "AMALFI", "target": "VEGACHÍ", "distance": 0.5, "betweenness": 0.00041672905581180761, "weight": 0.10041672905581181 }, "geometry": { "type": "LineString", "coordinates": [ [ -75.077501, 6.909655 ], [ -74.798714, 6.773525 ] ] } },
{ "type": "Feature", "properties": { "source": "AMALFI", "target": "CAROLINA", "distance": 0.5, "betweenness": 0.00048452393699261798, "weight": 0.10048452393699263 }, "geometry": { "type": "LineString", "coordinates": [ [ -75.077501, 6.909655 ], [ -75.283192, 6.725995 ] ] } },
{ "type": "Feature", "properties": { "source": "AMALFI", "target": "BARBOSA", "distance": 0.5, "betweenness": 0.0015599869250455948, "weight": 0.1015599869250456 }, "geometry": { "type": "LineString", "coordinates": [ [ -75.077501, 6.909655 ], [ -75.331627, 6.439195 ] ] } },
{ "type": "Feature", "properties": { "source": "AMALFI", "target": "REMEDIOS", "distance": 0.5, "betweenness": 0.00059785893119226462, "weight": 0.10059785893119227 }, "geometry": { "type": "LineString", "coordinates": [ [ -75.077501, 6.909655 ], [ -74.698135, 7.029424 ] ] } },
{ "type": "Feature", "properties": { "source": "AMALFI", "target": "YALÍ", "distance": 0.5, "betweenness": 0.00035974696991646142, "weight": 0.10035974696991647 }, "geometry": { "type": "LineString", "coordinates": [ [ -75.077501, 6.909655 ], [ -74.840059, 6.676554 ] ] } },
{ "type": "Feature", "properties": { "source": "AMALFI", "target": "GUADALUPE", "distance": 0.5, "betweenness": 0.00035762521638227856, "weight": 0.10035762521638228 }, "geometry": { "type": "LineString", "coordinates": [ [ -75.077501, 6.909655 ], [ -75.239862, 6.815069 ] ] } },
{ "type": "Feature", "properties": { "source": "AMALFI", "target": "SAN ROQUE", "distance": 0.5, "betweenness": 0.00074662368230382138, "weight": 0.10074662368230383 }, "geometry": { "type": "LineString", "coordinates": [ [ -75.077501, 6.909655 ], [ -75.019109, 6.485939 ] ] } },
{ "type": "Feature", "properties": { "source": "AMALFI", "target": "MACEO", "distance": 0.5, "betweenness": 0.0010321599304650151, "weight": 0.10103215993046502 }, "geometry": { "type": "LineString", "coordinates": [ [ -75.077501, 6.909655 ], [ -74.78716, 6.552116 ] ] } },
{ "type": "Feature", "properties": { "source": "AMALFI", "target": "SEGOVIA", "distance": 0.5, "betweenness": 0.0092894574641641144, "weight": 0.10928945746416412 }, "geometry": { "type": "LineString", "coordinates": [ [ -75.077501, 6.909655 ], [ -74.701596, 7.079648 ] ] } },
{ "type": "Feature", "properties": { "source": "AMALFI", "target": "ZARAGOZA", "distance": 0.5, "betweenness": 0.010598661507529104, "weight": 0.11059866150752912 }, "geometry": { "type": "LineString", "coordinates": [ [ -75.077501, 6.909655 ], [ -74.867075, 7.488583 ] ] } },
{ "type": "Feature", "properties": { "source": "AMALFI", "target": "PUERTO BERRÍO", "distance": 0.5, "betweenness": 0.0020098806821970657, "weight": 0.10200988068219707 }, "geometry": { "type": "LineString", "coordinates": [ [ -75.077501, 6.909655 ], [ -74.410016, 6.487028 ] ] } },
{ "type": "Feature", "properties": { "source": "AMALFI", "target": "DONMATÍAS", "distance": 0.5, "betweenness": 0.0051802920657894186, "weight": 0.10518029206578942 }, "geometry": { "type": "LineString", "coordinates": [ [ -75.077501, 6.909655 ], [ -75.39263, 6.485603 ] ] } },
{ "type": "Feature", "properties": { "source": "AMALFI", "target": "CISNEROS", "distance": 0.5, "betweenness": 0.00028168107264152462, "weight": 0.10028168107264153 }, "geometry": { "type": "LineString", "coordinates": [ [ -75.077501, 6.909655 ], [ -75.087047, 6.537829 ] ] } },
{ "type": "Feature", "properties": { "source": "AMALFI", "target": "ALEJANDRÍA", "distance": 0.5, "betweenness": 0.0042222179771071542, "weight": 0.10422221797710716 }, "geometry": { "type": "LineString", "coordinates": [ [ -75.077501, 6.909655 ], [ -75.141346, 6.376061 ] ] } },
{ "type": "Feature", "properties": { "source": "AMALFI", "target": "ENTRERRÍOS", "distance": 0.5, "betweenness": 0.0043349606162560832, "weight": 0.10433496061625609 }, "geometry": { "type": "LineString", "coordinates": [ [ -75.077501, 6.909655 ], [ -75.517685, 6.566273 ] ] } },
{ "type": "Feature", "properties": { "source": "AMALFI", "target": "SAN RAFAEL", "distance": 1.0, "betweenness": 0.0, "weight": 0.1 }, "geometry": { "type": "LineString", "coordinates": [ [ -75.077501, 6.909655 ], [ -75.02849, 6.293759 ] ] } },
{ "type": "Feature", "properties": { "source": "AMALFI", "target": "CARACOLÍ", "distance": 1.0, "betweenness": 0.0, "weight": 0.1 }, "geometry": { "type": "LineString", "coordinates": [ [ -75.077501, 6.909655 ], [ -74.757421, 6.409829 ] ] } },
{ "type": "Feature", "properties": { "source": "GÓMEZ PLATA", "target": "YOLOMBÓ", "distance": 0.5, "betweenness": 0.00016297262059973924, "weight": 0.10016297262059974 }, "geometry": { "type": "LineString", "coordinates": [ [ -75.220018, 6.683269 ], [ -75.013385, 6.594511 ] ] } },
{ "type": "Feature", "properties": { "source": "GÓMEZ PLATA", "target": "SAN PEDRO DE LOS MILAGROS", "distance": 0.5, "betweenness": 0.0002897291032884253, "weight": 0.10028972910328843 }, "geometry": { "type": "LineString", "coordinates": [ [ -75.220018, 6.683269 ], [ -75.556743, 6.46012 ] ] } },
{ "type": "Feature", "properties": { "source": "GÓMEZ PLATA", "target": "CISNEROS", "distance": 0.5, "betweenness": 0.00015452218842049349, "weight": 0.1001545221884205 }, "geometry": { "type": "LineString", "coordinates": [ [ -75.220018, 6.683269 ], [ -75.087047, 6.537829 ] ] } },
{ "type": "Feature", "properties": { "source": "GÓMEZ PLATA", "target": "CAROLINA", "distance": 0.33333333333333331, "betweenness": 0.00065671930078709732, "weight": 0.10065671930078711 }, "geometry": { "type": "LineString", "coordinates": [ [ -75.220018, 6.683269 ], [ -75.283192, 6.725995 ] ] } },
{ "type": "Feature", "properties": { "source": "GÓMEZ PLATA", "target": "VEGACHÍ", "distance": 0.5, "betweenness": 0.00057129988617577127, "weight": 0.10057129988617577 }, "geometry": { "type": "LineString", "coordinates": [ [ -75.220018, 6.683269 ], [ -74.798714, 6.773525 ] ] } },
{ "type": "Feature", "properties": { "source": "GÓMEZ PLATA", "target": "SANTO DOMINGO", "distance": 0.5, "betweenness": 0.00030783717224395189, "weight": 0.10030783717224395 }, "geometry": { "type": "LineString", "coordinates": [ [ -75.220018, 6.683269 ], [ -75.164903, 6.473032 ] ] } },
{ "type": "Feature", "properties": { "source": "GÓMEZ PLATA", "target": "SAN ROQUE", "distance": 0.5, "betweenness": 0.00019194553092858179, "weight": 0.10019194553092858 }, "geometry": { "type": "LineString", "coordinates": [ [ -75.220018, 6.683269 ], [ -75.019109, 6.485939 ] ] } },
{ "type": "Feature", "properties": { "source": "GÓMEZ PLATA", "target": "CONCEPCIÓN", "distance": 0.5, "betweenness": 0.0001851047048787162, "weight": 0.10018510470487872 }, "geometry": { "type": "LineString", "coordinates": [ [ -75.220018, 6.683269 ], [ -75.257587, 6.394348 ] ] } },
{ "type": "Feature", "properties": { "source": "GÓMEZ PLATA", "target": "SAN RAFAEL", "distance": 0.5, "betweenness": 0.0004622355448083392, "weight": 0.10046223554480835 }, "geometry": { "type": "LineString", "coordinates": [ [ -75.220018, 6.683269 ], [ -75.02849, 6.293759 ] ] } },
{ "type": "Feature", "properties": { "source": "GÓMEZ PLATA", "target": "GIRARDOTA", "distance": 0.33333333333333331, "betweenness": 0.0023202472355014722, "weight": 0.10232024723550148 }, "geometry": { "type": "LineString", "coordinates": [ [ -75.220018, 6.683269 ], [ -75.444238, 6.379472 ] ] } },
{ "type": "Feature", "properties": { "source": "GÓMEZ PLATA", "target": "ALEJANDRÍA", "distance": 0.5, "betweenness": 0.00022574725964556475, "weight": 0.10022574725964557 }, "geometry": { "type": "LineString", "coordinates": [ [ -75.220018, 6.683269 ], [ -75.141346, 6.376061 ] ] } },
{ "type": "Feature", "properties": { "source": "GÓMEZ PLATA", "target": "GUADALUPE", "distance": 0.5, "betweenness": 0.00042712048361765863, "weight": 0.10042712048361767 }, "geometry": { "type": "LineString", "coordinates": [ [ -75.220018, 6.683269 ], [ -75.239862, 6.815069 ] ] } },
{ "type": "Feature", "properties": { "source": "GÓMEZ PLATA", "target": "DONMATÍAS", "distance": 0.5, "betweenness": 0.00035688619935878154, "weight": 0.10035688619935879 }, "geometry": { "type": "LineString", "coordinates": [ [ -75.220018, 6.683269 ], [ -75.39263, 6.485603 ] ] } },
{ "type": "Feature", "properties": { "source": "GÓMEZ PLATA", "target": "BARBOSA", "distance": 0.5, "betweenness": 0.0001738374619730552, "weight": 0.10017383746197306 }, "geometry": { "type": "LineString", "coordinates": [ [ -75.220018, 6.683269 ], [ -75.331627, 6.439195 ] ] } },
{ "type": "Feature", "properties": { "source": "GÓMEZ PLATA", "target": "ENTRERRÍOS", "distance": 0.5, "betweenness": 0.00035008933314018058, "weight": 0.10035008933314019 }, "geometry": { "type": "LineString", "coordinates": [ [ -75.220018, 6.683269 ], [ -75.517685, 6.566273 ] ] } },
{ "type": "Feature", "properties": { "source": "GÓMEZ PLATA", "target": "COPACABANA", "distance": 0.5, "betweenness": 0.00020924879681941829, "weight": 0.10020924879681943 }, "geometry": { "type": "LineString", "coordinates": [ [ -75.220018, 6.683269 ], [ -75.509384, 6.348557 ] ] } },
{ "type": "Feature", "properties": { "source": "GÓMEZ PLATA", "target": "SAN VICENTE FERRER", "distance": 0.5, "betweenness": 0.00024787934392454168, "weight": 0.10024787934392455 }, "geometry": { "type": "LineString", "coordinates": [ [ -75.220018, 6.683269 ], [ -75.332616, 6.282164 ] ] } },
{ "type": "Feature", "properties": { "source": "GÓMEZ PLATA", "target": "BELLO", "distance": 0.5, "betweenness": 0.00025632977610378738, "weight": 0.1002563297761038 }, "geometry": { "type": "LineString", "coordinates": [ [ -75.220018, 6.683269 ], [ -75.555245, 6.333587 ] ] } },
{ "type": "Feature", "properties": { "source": "GÓMEZ PLATA", "target": "YALÍ", "distance": 0.5, "betweenness": 0.00029978914159705115, "weight": 0.10029978914159705 }, "geometry": { "type": "LineString", "coordinates": [ [ -75.220018, 6.683269 ], [ -74.840059, 6.676554 ] ] } },
{ "type": "Feature", "properties": { "source": "GÓMEZ PLATA", "target": "MACEO", "distance": 0.5, "betweenness": 0.000354918151528321, "weight": 0.10035491815152833 }, "geometry": { "type": "LineString", "coordinates": [ [ -75.220018, 6.683269 ], [ -74.78716, 6.552116 ] ] } },
{ "type": "Feature", "properties": { "source": "GÓMEZ PLATA", "target": "PEÑOL", "distance": 0.5, "betweenness": 0.00044706810243533399, "weight": 0.10044706810243534 }, "geometry": { "type": "LineString", "coordinates": [ [ -75.220018, 6.683269 ], [ -75.242693, 6.219349 ] ] } },
{ "type": "Feature", "properties": { "source": "GÓMEZ PLATA", "target": "GUARNE", "distance": 0.5, "betweenness": 0.00036859980362805212, "weight": 0.10036859980362806 }, "geometry": { "type": "LineString", "coordinates": [ [ -75.220018, 6.683269 ], [ -75.441612, 6.27787 ] ] } },
{ "type": "Feature", "properties": { "source": "GÓMEZ PLATA", "target": "GUATAPÉ", "distance": 0.5, "betweenness": 0.00034043169636389968, "weight": 0.1003404316963639 }, "geometry": { "type": "LineString", "coordinates": [ [ -75.220018, 6.683269 ], [ -75.160041, 6.232461 ] ] } },
{ "type": "Feature", "properties": { "source": "GÓMEZ PLATA", "target": "SAN JERÓNIMO", "distance": 0.5, "betweenness": 0.00061728395061728394, "weight": 0.1006172839506173 }, "geometry": { "type": "LineString", "coordinates": [ [ -75.220018, 6.683269 ], [ -75.726975, 6.44809 ] ] } },
{ "type": "Feature", "properties": { "source": "GÓMEZ PLATA", "target": "SOPETRÁN", "distance": 0.33333333333333331, "betweenness": 0.0053722433665936509, "weight": 0.10537224336659366 }, "geometry": { "type": "LineString", "coordinates": [ [ -75.220018, 6.683269 ], [ -75.747378, 6.500745 ] ] } },
{ "type": "Feature", "properties": { "source": "GÓMEZ PLATA", "target": "MEDELLÍN", "distance": 0.5, "betweenness": 0.0013186410785280839, "weight": 0.10131864107852809 }, "geometry": { "type": "LineString", "coordinates": [ [ -75.220018, 6.683269 ], [ -75.581775, 6.246631 ] ] } },
{ "type": "Feature", "properties": { "source": "GÓMEZ PLATA", "target": "MARINILLA", "distance": 0.5, "betweenness": 0.0002599513898948927, "weight": 0.10025995138989489 }, "geometry": { "type": "LineString", "coordinates": [ [ -75.220018, 6.683269 ], [ -75.339345, 6.173995 ] ] } },
{ "type": "Feature", "properties": { "source": "GÓMEZ PLATA", "target": "CARACOLÍ", "distance": 0.5, "betweenness": 0.0016390964131077124, "weight": 0.10163909641310771 }, "geometry": { "type": "LineString", "coordinates": [ [ -75.220018, 6.683269 ], [ -74.757421, 6.409829 ] ] } },
{ "type": "Feature", "properties": { "source": "GÓMEZ PLATA", "target": "SAN CARLOS", "distance": 0.5, "betweenness": 0.00045166697709070585, "weight": 0.10045166697709071 }, "geometry": { "type": "LineString", "coordinates": [ [ -75.220018, 6.683269 ], [ -74.988097, 6.187746 ] ] } },
{ "type": "Feature", "properties": { "source": "GÓMEZ PLATA", "target": "RIONEGRO", "distance": 0.5, "betweenness": 0.00061702526391791931, "weight": 0.10061702526391793 }, "geometry": { "type": "LineString", "coordinates": [ [ -75.220018, 6.683269 ], [ -75.377316, 6.147148 ] ] } },
{ "type": "Feature", "properties": { "source": "GÓMEZ PLATA", "target": "REMEDIOS", "distance": 0.5, "betweenness": 0.0022878356211689542, "weight": 0.10228783562116896 }, "geometry": { "type": "LineString", "coordinates": [ [ -75.220018, 6.683269 ], [ -74.698135, 7.029424 ] ] } },
{ "type": "Feature", "properties": { "source": "GÓMEZ PLATA", "target": "GRANADA", "distance": 1.0, "betweenness": 0.0, "weight": 0.1 }, "geometry": { "type": "LineString", "coordinates": [ [ -75.220018, 6.683269 ], [ -75.184446, 6.142892 ] ] } },
{ "type": "Feature", "properties": { "source": "ENTRERRÍOS", "target": "GUADALUPE", "distance": 0.33333333333333331, "betweenness": 0.0069667777294895924, "weight": 0.10696677772948959 }, "geometry": { "type": "LineString", "coordinates": [ [ -75.517685, 6.566273 ], [ -75.239862, 6.815069 ] ] } },
{ "type": "Feature", "properties": { "source": "ENTRERRÍOS", "target": "BARBOSA", "distance": 0.5, "betweenness": 0.00024626973779516152, "weight": 0.10024626973779517 }, "geometry": { "type": "LineString", "coordinates": [ [ -75.517685, 6.566273 ], [ -75.331627, 6.439195 ] ] } },
{ "type": "Feature", "properties": { "source": "ENTRERRÍOS", "target": "OLAYA", "distance": 0.25, "betweenness": 0.0082069792521769925, "weight": 0.108206979252177 }, "geometry": { "type": "LineString", "coordinates": [ [ -75.517685, 6.566273 ], [ -75.811773, 6.626492 ] ] } },
{ "type": "Feature", "properties": { "source": "ENTRERRÍOS", "target": "GIRARDOTA", "distance": 0.5, "betweenness": 0.00036699019749867202, "weight": 0.10036699019749867 }, "geometry": { "type": "LineString", "coordinates": [ [ -75.517685, 6.566273 ], [ -75.444238, 6.379472 ] ] } },
{ "type": "Feature", "properties": { "source": "ENTRERRÍOS", "target": "CAICEDO", "distance": 0.5, "betweenness": 0.00099473658795692682, "weight": 0.10099473658795693 }, "geometry": { "type": "LineString", "coordinates": [ [ -75.517685, 6.566273 ], [ -75.98293, 6.405607 ] ] } },
{ "type": "Feature", "properties": { "source": "ENTRERRÍOS", "target": "SOPETRÁN", "distance": 0.5, "betweenness": 0.00042735042735042735, "weight": 0.10042735042735043 }, "geometry": { "type": "LineString", "coordinates": [ [ -75.517685, 6.566273 ], [ -75.747378, 6.500745 ] ] } },
{ "type": "Feature", "properties": { "source": "ENTRERRÍOS", "target": "CAROLINA", "distance": 0.25, "betweenness": 0.0035184400671273391, "weight": 0.10351844006712735 }, "geometry": { "type": "LineString", "coordinates": [ [ -75.517685, 6.566273 ], [ -75.283192, 6.725995 ] ] } },
{ "type": "Feature", "properties": { "source": "ENTRERRÍOS", "target": "SAN PEDRO DE LOS MILAGROS", "distance": 0.33333333333333331, "betweenness": 0.00069593515921199522, "weight": 0.100695935159212 }, "geometry": { "type": "LineString", "coordinates": [ [ -75.517685, 6.566273 ], [ -75.556743, 6.46012 ] ] } },
{ "type": "Feature", "properties": { "source": "ENTRERRÍOS", "target": "DONMATÍAS", "distance": 0.25, "betweenness": 0.0039563239463538567, "weight": 0.10395632394635386 }, "geometry": { "type": "LineString", "coordinates": [ [ -75.517685, 6.566273 ], [ -75.39263, 6.485603 ] ] } },
{ "type": "Feature", "properties": { "source": "ENTRERRÍOS", "target": "SAN JERÓNIMO", "distance": 0.5, "betweenness": 0.00047080979284369113, "weight": 0.1004708097928437 }, "geometry": { "type": "LineString", "coordinates": [ [ -75.517685, 6.566273 ], [ -75.726975, 6.44809 ] ] } },
{ "type": "Feature", "properties": { "source": "ENTRERRÍOS", "target": "MEDELLÍN", "distance": 0.5, "betweenness": 0.00020056842090740394, "weight": 0.10020056842090741 }, "geometry": { "type": "LineString", "coordinates": [ [ -75.517685, 6.566273 ], [ -75.581775, 6.246631 ] ] } },
{ "type": "Feature", "properties": { "source": "ENTRERRÍOS", "target": "SAN VICENTE FERRER", "distance": 0.5, "betweenness": 0.00024626973779516152, "weight": 0.10024626973779517 }, "geometry": { "type": "LineString", "coordinates": [ [ -75.517685, 6.566273 ], [ -75.332616, 6.282164 ] ] } },
{ "type": "Feature", "properties": { "source": "ENTRERRÍOS", "target": "GUARNE", "distance": 0.5, "betweenness": 0.00041648558597711136, "weight": 0.10041648558597711 }, "geometry": { "type": "LineString", "coordinates": [ [ -75.517685, 6.566273 ], [ -75.441612, 6.27787 ] ] } },
{ "type": "Feature", "properties": { "source": "ENTRERRÍOS", "target": "EBÉJICO", "distance": 0.5, "betweenness": 0.00094003249153183969, "weight": 0.10094003249153184 }, "geometry": { "type": "LineString", "coordinates": [ [ -75.517685, 6.566273 ], [ -75.766413, 6.325615 ] ] } },
{ "type": "Feature", "properties": { "source": "ENTRERRÍOS", "target": "COPACABANA", "distance": 0.5, "betweenness": 7.2432275822106325e-05, "weight": 0.10007243227582212 }, "geometry": { "type": "LineString", "coordinates": [ [ -75.517685, 6.566273 ], [ -75.509384, 6.348557 ] ] } },
{ "type": "Feature", "properties": { "source": "ENTRERRÍOS", "target": "CONCEPCIÓN", "distance": 0.33333333333333331, "betweenness": 0.0023515248091519276, "weight": 0.10235152480915194 }, "geometry": { "type": "LineString", "coordinates": [ [ -75.517685, 6.566273 ], [ -75.257587, 6.394348 ] ] } },
{ "type": "Feature", "properties": { "source": "ENTRERRÍOS", "target": "SANTO DOMINGO", "distance": 0.5, "betweenness": 0.00051843950149034891, "weight": 0.10051843950149035 }, "geometry": { "type": "LineString", "coordinates": [ [ -75.517685, 6.566273 ], [ -75.164903, 6.473032 ] ] } },
{ "type": "Feature", "properties": { "source": "ENTRERRÍOS", "target": "HELICONIA", "distance": 0.5, "betweenness": 0.00088436359622800294, "weight": 0.100884363596228 }, "geometry": { "type": "LineString", "coordinates": [ [ -75.517685, 6.566273 ], [ -75.734322, 6.206757 ] ] } },
{ "type": "Feature", "properties": { "source": "ENTRERRÍOS", "target": "BELLO", "distance": 0.33333333333333331, "betweenness": 0.00086918730986527591, "weight": 0.10086918730986529 }, "geometry": { "type": "LineString", "coordinates": [ [ -75.517685, 6.566273 ], [ -75.555245, 6.333587 ] ] } },
{ "type": "Feature", "properties": { "source": "ENTRERRÍOS", "target": "ANZÁ", "distance": 0.33333333333333331, "betweenness": 0.004846816711223491, "weight": 0.10484681671122349 }, "geometry": { "type": "LineString", "coordinates": [ [ -75.517685, 6.566273 ], [ -75.854442, 6.302641 ] ] } },
{ "type": "Feature", "properties": { "source": "ENTRERRÍOS", "target": "YOLOMBÓ", "distance": 0.25, "betweenness": 0.013166850351130842, "weight": 0.11316685035113085 }, "geometry": { "type": "LineString", "coordinates": [ [ -75.517685, 6.566273 ], [ -75.013385, 6.594511 ] ] } },
{ "type": "Feature", "properties": { "source": "ENTRERRÍOS", "target": "LA ESTRELLA", "distance": 0.5, "betweenness": 0.0012072045970351053, "weight": 0.10120720459703511 }, "geometry": { "type": "LineString", "coordinates": [ [ -75.517685, 6.566273 ], [ -75.637708, 6.145238 ] ] } },
{ "type": "Feature", "properties": { "source": "ENTRERRÍOS", "target": "RETIRO", "distance": 0.5, "betweenness": 0.0010864841373315949, "weight": 0.10108648413733159 }, "geometry": { "type": "LineString", "coordinates": [ [ -75.517685, 6.566273 ], [ -75.501301, 6.062454 ] ] } },
{ "type": "Feature", "properties": { "source": "ENTRERRÍOS", "target": "MARINILLA", "distance": 0.2, "betweenness": 0.014426094934569509, "weight": 0.11442609493456951 }, "geometry": { "type": "LineString", "coordinates": [ [ -75.517685, 6.566273 ], [ -75.339345, 6.173995 ] ] } },
{ "type": "Feature", "properties": { "source": "ENTRERRÍOS", "target": "EL CARMEN DE VIBORAL", "distance": 0.5, "betweenness": 0.0014838667055094691, "weight": 0.10148386670550948 }, "geometry": { "type": "LineString", "coordinates": [ [ -75.517685, 6.566273 ], [ -75.333901, 6.082885 ] ] } },
{ "type": "Feature", "properties": { "source": "ENTRERRÍOS", "target": "RIONEGRO", "distance": 0.5, "betweenness": 0.00062429723446672588, "weight": 0.10062429723446673 }, "geometry": { "type": "LineString", "coordinates": [ [ -75.517685, 6.566273 ], [ -75.377316, 6.147148 ] ] } },
{ "type": "Feature", "properties": { "source": "ENTRERRÍOS", "target": "PEÑOL", "distance": 0.5, "betweenness": 0.00063378241344343037, "weight": 0.10063378241344344 }, "geometry": { "type": "LineString", "coordinates": [ [ -75.517685, 6.566273 ], [ -75.242693, 6.219349 ] ] } },
{ "type": "Feature", "properties": { "source": "ENTRERRÍOS", "target": "ALEJANDRÍA", "distance": 0.33333333333333331, "betweenness": 0.0032787676855473469, "weight": 0.10327876768554735 }, "geometry": { "type": "LineString", "coordinates": [ [ -75.517685, 6.566273 ], [ -75.141346, 6.376061 ] ] } },
{ "type": "Feature", "properties": { "source": "ENTRERRÍOS", "target": "SAN ROQUE", "distance": 0.33333333333333331, "betweenness": 0.0044388913032980832, "weight": 0.10443889130329809 }, "geometry": { "type": "LineString", "coordinates": [ [ -75.517685, 6.566273 ], [ -75.019109, 6.485939 ] ] } },
{ "type": "Feature", "properties": { "source": "ENTRERRÍOS", "target": "CALDAS", "distance": 0.25, "betweenness": 0.0170909990825245, "weight": 0.1170909990825245 }, "geometry": { "type": "LineString", "coordinates": [ [ -75.517685, 6.566273 ], [ -75.633673, 6.091077 ] ] } },
{ "type": "Feature", "properties": { "source": "ENTRERRÍOS", "target": "ARMENIA", "distance": 0.5, "betweenness": 0.00052754840890434102, "weight": 0.10052754840890435 }, "geometry": { "type": "LineString", "coordinates": [ [ -75.517685, 6.566273 ], [ -75.786647, 6.155667 ] ] } },
{ "type": "Feature", "properties": { "source": "ENTRERRÍOS", "target": "ANGELÓPOLIS", "distance": 0.5, "betweenness": 0.0, "weight": 0.1 }, "geometry": { "type": "LineString", "coordinates": [ [ -75.517685, 6.566273 ], [ -75.711389, 6.109719 ] ] } },
{ "type": "Feature", "properties": { "source": "ENTRERRÍOS", "target": "EL SANTUARIO", "distance": 0.5, "betweenness": 0.0011709884591240523, "weight": 0.10117098845912406 }, "geometry": { "type": "LineString", "coordinates": [ [ -75.517685, 6.566273 ], [ -75.265465, 6.136871 ] ] } },
{ "type": "Feature", "properties": { "source": "ENTRERRÍOS", "target": "ENVIGADO", "distance": 0.33333333333333331, "betweenness": 0.0023166256217103673, "weight": 0.10231662562171037 }, "geometry": { "type": "LineString", "coordinates": [ [ -75.517685, 6.566273 ], [ -75.582192, 6.166695 ] ] } },
{ "type": "Feature", "properties": { "source": "ENTRERRÍOS", "target": "CISNEROS", "distance": 0.5, "betweenness": 0.00086256758355845683, "weight": 0.10086256758355847 }, "geometry": { "type": "LineString", "coordinates": [ [ -75.517685, 6.566273 ], [ -75.087047, 6.537829 ] ] } },
{ "type": "Feature", "properties": { "source": "ENTRERRÍOS", "target": "GUATAPÉ", "distance": 0.25, "betweenness": 0.015471361657802336, "weight": 0.11547136165780233 }, "geometry": { "type": "LineString", "coordinates": [ [ -75.517685, 6.566273 ], [ -75.160041, 6.232461 ] ] } },
{ "type": "Feature", "properties": { "source": "ENTRERRÍOS", "target": "SABANETA", "distance": 0.5, "betweenness": 0.0010164662707035589, "weight": 0.10101646627070357 }, "geometry": { "type": "LineString", "coordinates": [ [ -75.517685, 6.566273 ], [ -75.615479, 6.149903 ] ] } },
{ "type": "Feature", "properties": { "source": "ENTRERRÍOS", "target": "SAN RAFAEL", "distance": 0.5, "betweenness": 0.00085309124857147454, "weight": 0.10085309124857147 }, "geometry": { "type": "LineString", "coordinates": [ [ -75.517685, 6.566273 ], [ -75.02849, 6.293759 ] ] } },
{ "type": "Feature", "properties": { "source": "ENTRERRÍOS", "target": "ITAGÜÍ", "distance": 0.5, "betweenness": 0.0010285383166739098, "weight": 0.10102853831667391 }, "geometry": { "type": "LineString", "coordinates": [ [ -75.517685, 6.566273 ], [ -75.612056, 6.175079 ] ] } },
{ "type": "Feature", "properties": { "source": "ENTRERRÍOS", "target": "BETULIA", "distance": 1.0, "betweenness": 0.0, "weight": 0.1 }, "geometry": { "type": "LineString", "coordinates": [ [ -75.517685, 6.566273 ], [ -75.984452, 6.115208 ] ] } },
{ "type": "Feature", "properties": { "source": "GUADALUPE", "target": "DONMATÍAS", "distance": 0.5, "betweenness": 0.00043828628075886291, "weight": 0.10043828628075886 }, "geometry": { "type": "LineString", "coordinates": [ [ -75.239862, 6.815069 ], [ -75.39263, 6.485603 ] ] } },
{ "type": "Feature", "properties": { "source": "GUADALUPE", "target": "CAROLINA", "distance": 0.5, "betweenness": 0.00025351296537737213, "weight": 0.10025351296537738 }, "geometry": { "type": "LineString", "coordinates": [ [ -75.239862, 6.815069 ], [ -75.283192, 6.725995 ] ] } },
{ "type": "Feature", "properties": { "source": "GUADALUPE", "target": "VEGACHÍ", "distance": 0.5, "betweenness": 0.0006168950751868664, "weight": 0.10061689507518687 }, "geometry": { "type": "LineString", "coordinates": [ [ -75.239862, 6.815069 ], [ -74.798714, 6.773525 ] ] } },
{ "type": "Feature", "properties": { "source": "GUADALUPE", "target": "YOLOMBÓ", "distance": 0.5, "betweenness": 0.00037158907215404383, "weight": 0.10037158907215404 }, "geometry": { "type": "LineString", "coordinates": [ [ -75.239862, 6.815069 ], [ -75.013385, 6.594511 ] ] } },
{ "type": "Feature", "properties": { "source": "GUADALUPE", "target": "SANTO DOMINGO", "distance": 0.5, "betweenness": 0.00095104727873089449, "weight": 0.1009510472787309 }, "geometry": { "type": "LineString", "coordinates": [ [ -75.239862, 6.815069 ], [ -75.164903, 6.473032 ] ] } },
{ "type": "Feature", "properties": { "source": "GUADALUPE", "target": "BARBOSA", "distance": 0.5, "betweenness": 0.00048288183881404215, "weight": 0.10048288183881404 }, "geometry": { "type": "LineString", "coordinates": [ [ -75.239862, 6.815069 ], [ -75.331627, 6.439195 ] ] } },
{ "type": "Feature", "properties": { "source": "GUADALUPE", "target": "SAN PEDRO DE LOS MILAGROS", "distance": 0.33333333333333331, "betweenness": 0.0077941884439059568, "weight": 0.10779418844390597 }, "geometry": { "type": "LineString", "coordinates": [ [ -75.239862, 6.815069 ], [ -75.556743, 6.46012 ] ] } },
{ "type": "Feature", "properties": { "source": "GUADALUPE", "target": "SAN ROQUE", "distance": 0.5, "betweenness": 0.00051645362379825648, "weight": 0.10051645362379827 }, "geometry": { "type": "LineString", "coordinates": [ [ -75.239862, 6.815069 ], [ -75.019109, 6.485939 ] ] } },
{ "type": "Feature", "properties": { "source": "GUADALUPE", "target": "REMEDIOS", "distance": 0.5, "betweenness": 0.00079814514842763422, "weight": 0.10079814514842764 }, "geometry": { "type": "LineString", "coordinates": [ [ -75.239862, 6.815069 ], [ -74.698135, 7.029424 ] ] } },
{ "type": "Feature", "properties": { "source": "GUADALUPE", "target": "YALÍ", "distance": 0.5, "betweenness": 0.00053254968509205795, "weight": 0.10053254968509207 }, "geometry": { "type": "LineString", "coordinates": [ [ -75.239862, 6.815069 ], [ -74.840059, 6.676554 ] ] } },
{ "type": "Feature", "properties": { "source": "GUADALUPE", "target": "CONCEPCIÓN", "distance": 0.5, "betweenness": 0.00083917965273897464, "weight": 0.10083917965273897 }, "geometry": { "type": "LineString", "coordinates": [ [ -75.239862, 6.815069 ], [ -75.257587, 6.394348 ] ] } },
{ "type": "Feature", "properties": { "source": "GUADALUPE", "target": "CISNEROS", "distance": 0.5, "betweenness": 0.0002897291032884253, "weight": 0.10028972910328843 }, "geometry": { "type": "LineString", "coordinates": [ [ -75.239862, 6.815069 ], [ -75.087047, 6.537829 ] ] } },
{ "type": "Feature", "properties": { "source": "GUADALUPE", "target": "SAN VICENTE FERRER", "distance": 1.0, "betweenness": 0.0, "weight": 0.1 }, "geometry": { "type": "LineString", "coordinates": [ [ -75.239862, 6.815069 ], [ -75.332616, 6.282164 ] ] } },
{ "type": "Feature", "properties": { "source": "GUADALUPE", "target": "ALEJANDRÍA", "distance": 1.0, "betweenness": 0.0, "weight": 0.1 }, "geometry": { "type": "LineString", "coordinates": [ [ -75.239862, 6.815069 ], [ -75.141346, 6.376061 ] ] } },
{ "type": "Feature", "properties": { "source": "GUADALUPE", "target": "GIRARDOTA", "distance": 1.0, "betweenness": 0.0, "weight": 0.1 }, "geometry": { "type": "LineString", "coordinates": [ [ -75.239862, 6.815069 ], [ -75.444238, 6.379472 ] ] } },
{ "type": "Feature", "properties": { "source": "CAROLINA", "target": "CONCEPCIÓN", "distance": 0.5, "betweenness": 0.00025109855618330194, "weight": 0.1002510985561833 }, "geometry": { "type": "LineString", "coordinates": [ [ -75.283192, 6.725995 ], [ -75.257587, 6.394348 ] ] } },
{ "type": "Feature", "properties": { "source": "CAROLINA", "target": "YALÍ", "distance": 0.5, "betweenness": 0.00083354603128614436, "weight": 0.10083354603128615 }, "geometry": { "type": "LineString", "coordinates": [ [ -75.283192, 6.725995 ], [ -74.840059, 6.676554 ] ] } },
{ "type": "Feature", "properties": { "source": "CAROLINA", "target": "GIRARDOTA", "distance": 0.5, "betweenness": 0.00017383746197305517, "weight": 0.10017383746197306 }, "geometry": { "type": "LineString", "coordinates": [ [ -75.283192, 6.725995 ], [ -75.444238, 6.379472 ] ] } },
{ "type": "Feature", "properties": { "source": "CAROLINA", "target": "DONMATÍAS", "distance": 0.5, "betweenness": 0.0001582148142467185, "weight": 0.10015821481424672 }, "geometry": { "type": "LineString", "coordinates": [ [ -75.283192, 6.725995 ], [ -75.39263, 6.485603 ] ] } },
{ "type": "Feature", "properties": { "source": "CAROLINA", "target": "YOLOMBÓ", "distance": 0.5, "betweenness": 9.3127211771279554e-05, "weight": 0.10009312721177129 }, "geometry": { "type": "LineString", "coordinates": [ [ -75.283192, 6.725995 ], [ -75.013385, 6.594511 ] ] } },
{ "type": "Feature", "properties": { "source": "CAROLINA", "target": "BARBOSA", "distance": 0.5, "betweenness": 0.00023178328263074026, "weight": 0.10023178328263074 }, "geometry": { "type": "LineString", "coordinates": [ [ -75.283192, 6.725995 ], [ -75.331627, 6.439195 ] ] } },
{ "type": "Feature", "properties": { "source": "CAROLINA", "target": "COPACABANA", "distance": 0.5, "betweenness": 0.00014486455164421265, "weight": 0.10014486455164422 }, "geometry": { "type": "LineString", "coordinates": [ [ -75.283192, 6.725995 ], [ -75.509384, 6.348557 ] ] } },
{ "type": "Feature", "properties": { "source": "CAROLINA", "target": "SANTO DOMINGO", "distance": 0.5, "betweenness": 0.00070155832867697281, "weight": 0.10070155832867698 }, "geometry": { "type": "LineString", "coordinates": [ [ -75.283192, 6.725995 ], [ -75.164903, 6.473032 ] ] } },
{ "type": "Feature", "properties": { "source": "CAROLINA", "target": "SAN PEDRO DE LOS MILAGROS", "distance": 0.5, "betweenness": 0.0002897291032884253, "weight": 0.10028972910328843 }, "geometry": { "type": "LineString", "coordinates": [ [ -75.283192, 6.725995 ], [ -75.556743, 6.46012 ] ] } },
{ "type": "Feature", "properties": { "source": "CAROLINA", "target": "SAN VICENTE FERRER", "distance": 0.5, "betweenness": 0.00029455792167656572, "weight": 0.10029455792167657 }, "geometry": { "type": "LineString", "coordinates": [ [ -75.283192, 6.725995 ], [ -75.332616, 6.282164 ] ] } },
{ "type": "Feature", "properties": { "source": "CAROLINA", "target": "VEGACHÍ", "distance": 0.5, "betweenness": 0.0014935027525461349, "weight": 0.10149350275254614 }, "geometry": { "type": "LineString", "coordinates": [ [ -75.283192, 6.725995 ], [ -74.798714, 6.773525 ] ] } },
{ "type": "Feature", "properties": { "source": "CAROLINA", "target": "SAN ROQUE", "distance": 0.5, "betweenness": 0.00029110876568503685, "weight": 0.10029110876568505 }, "geometry": { "type": "LineString", "coordinates": [ [ -75.283192, 6.725995 ], [ -75.019109, 6.485939 ] ] } },
{ "type": "Feature", "properties": { "source": "CAROLINA", "target": "SOPETRÁN", "distance": 0.33333333333333331, "betweenness": 0.0018421942150755705, "weight": 0.10184219421507558 }, "geometry": { "type": "LineString", "coordinates": [ [ -75.283192, 6.725995 ], [ -75.747378, 6.500745 ] ] } },
{ "type": "Feature", "properties": { "source": "CAROLINA", "target": "SAN JERÓNIMO", "distance": 0.5, "betweenness": 0.00051668356753102509, "weight": 0.10051668356753103 }, "geometry": { "type": "LineString", "coordinates": [ [ -75.283192, 6.725995 ], [ -75.726975, 6.44809 ] ] } },
{ "type": "Feature", "properties": { "source": "CAROLINA", "target": "ALEJANDRÍA", "distance": 0.5, "betweenness": 0.0004345936549326379, "weight": 0.10043459365493264 }, "geometry": { "type": "LineString", "coordinates": [ [ -75.283192, 6.725995 ], [ -75.141346, 6.376061 ] ] } },
{ "type": "Feature", "properties": { "source": "CAROLINA", "target": "BELLO", "distance": 0.5, "betweenness": 0.00014486455164421265, "weight": 0.10014486455164422 }, "geometry": { "type": "LineString", "coordinates": [ [ -75.283192, 6.725995 ], [ -75.555245, 6.333587 ] ] } },
{ "type": "Feature", "properties": { "source": "CAROLINA", "target": "CISNEROS", "distance": 0.33333333333333331, "betweenness": 0.0015862668405041288, "weight": 0.10158626684050413 }, "geometry": { "type": "LineString", "coordinates": [ [ -75.283192, 6.725995 ], [ -75.087047, 6.537829 ] ] } },
{ "type": "Feature", "properties": { "source": "CAROLINA", "target": "OLAYA", "distance": 0.5, "betweenness": 0.00011951325510647543, "weight": 0.10011951325510648 }, "geometry": { "type": "LineString", "coordinates": [ [ -75.283192, 6.725995 ], [ -75.811773, 6.626492 ] ] } },
{ "type": "Feature", "properties": { "source": "CAROLINA", "target": "GUARNE", "distance": 0.5, "betweenness": 0.0002897291032884253, "weight": 0.10028972910328843 }, "geometry": { "type": "LineString", "coordinates": [ [ -75.283192, 6.725995 ], [ -75.441612, 6.27787 ] ] } },
{ "type": "Feature", "properties": { "source": "CAROLINA", "target": "SAN RAFAEL", "distance": 0.5, "betweenness": 0.00076420915186669214, "weight": 0.10076420915186669 }, "geometry": { "type": "LineString", "coordinates": [ [ -75.283192, 6.725995 ], [ -75.02849, 6.293759 ] ] } },
{ "type": "Feature", "properties": { "source": "CAROLINA", "target": "PEÑOL", "distance": 0.5, "betweenness": 0.00068609461264828491, "weight": 0.1006860946126483 }, "geometry": { "type": "LineString", "coordinates": [ [ -75.283192, 6.725995 ], [ -75.242693, 6.219349 ] ] } },
{ "type": "Feature", "properties": { "source": "CAROLINA", "target": "GUATAPÉ", "distance": 0.5, "betweenness": 0.0002824858757062147, "weight": 0.10028248587570622 }, "geometry": { "type": "LineString", "coordinates": [ [ -75.283192, 6.725995 ], [ -75.160041, 6.232461 ] ] } },
{ "type": "Feature", "properties": { "source": "YOLOMBÓ", "target": "VEGACHÍ", "distance": 0.5, "betweenness": 0.00056211566296695528, "weight": 0.10056211566296697 }, "geometry": { "type": "LineString", "coordinates": [ [ -75.013385, 6.594511 ], [ -74.798714, 6.773525 ] ] } },
{ "type": "Feature", "properties": { "source": "YOLOMBÓ", "target": "SAN ROQUE", "distance": 0.5, "betweenness": 0.00014486455164421265, "weight": 0.10014486455164422 }, "geometry": { "type": "LineString", "coordinates": [ [ -75.013385, 6.594511 ], [ -75.019109, 6.485939 ] ] } },
{ "type": "Feature", "properties": { "source": "YOLOMBÓ", "target": "SANTO DOMINGO", "distance": 0.5, "betweenness": 0.0002897291032884253, "weight": 0.10028972910328843 }, "geometry": { "type": "LineString", "coordinates": [ [ -75.013385, 6.594511 ], [ -75.164903, 6.473032 ] ] } },
{ "type": "Feature", "properties": { "source": "YOLOMBÓ", "target": "DONMATÍAS", "distance": 0.5, "betweenness": 0.00024461617183451679, "weight": 0.10024461617183453 }, "geometry": { "type": "LineString", "coordinates": [ [ -75.013385, 6.594511 ], [ -75.39263, 6.485603 ] ] } },
{ "type": "Feature", "properties": { "source": "YOLOMBÓ", "target": "ALEJANDRÍA", "distance": 0.5, "betweenness": 0.00023540489642184556, "weight": 0.10023540489642185 }, "geometry": { "type": "LineString", "coordinates": [ [ -75.013385, 6.594511 ], [ -75.141346, 6.376061 ] ] } },
{ "type": "Feature", "properties": { "source": "YOLOMBÓ", "target": "CARACOLÍ", "distance": 0.5, "betweenness": 0.0018055809016260991, "weight": 0.1018055809016261 }, "geometry": { "type": "LineString", "coordinates": [ [ -75.013385, 6.594511 ], [ -74.757421, 6.409829 ] ] } },
{ "type": "Feature", "properties": { "source": "YOLOMBÓ", "target": "BARBOSA", "distance": 0.5, "betweenness": 0.00019315273552561685, "weight": 0.10019315273552562 }, "geometry": { "type": "LineString", "coordinates": [ [ -75.013385, 6.594511 ], [ -75.331627, 6.439195 ] ] } },
{ "type": "Feature", "properties": { "source": "YOLOMBÓ", "target": "CONCEPCIÓN", "distance": 0.5, "betweenness": 0.00018872631866982152, "weight": 0.10018872631866983 }, "geometry": { "type": "LineString", "coordinates": [ [ -75.013385, 6.594511 ], [ -75.257587, 6.394348 ] ] } },
{ "type": "Feature", "properties": { "source": "YOLOMBÓ", "target": "SAN RAFAEL", "distance": 0.5, "betweenness": 0.00084612660666550277, "weight": 0.1008461266066655 }, "geometry": { "type": "LineString", "coordinates": [ [ -75.013385, 6.594511 ], [ -75.02849, 6.293759 ] ] } },
{ "type": "Feature", "properties": { "source": "YOLOMBÓ", "target": "SAN VICENTE FERRER", "distance": 0.5, "betweenness": 0.00035974696991646142, "weight": 0.10035974696991647 }, "geometry": { "type": "LineString", "coordinates": [ [ -75.013385, 6.594511 ], [ -75.332616, 6.282164 ] ] } },
{ "type": "Feature", "properties": { "source": "YOLOMBÓ", "target": "REMEDIOS", "distance": 0.5, "betweenness": 0.0032325829642213815, "weight": 0.10323258296422139 }, "geometry": { "type": "LineString", "coordinates": [ [ -75.013385, 6.594511 ], [ -74.698135, 7.029424 ] ] } },
{ "type": "Feature", "properties": { "source": "YOLOMBÓ", "target": "YALÍ", "distance": 0.5, "betweenness": 0.00021126080448114344, "weight": 0.10021126080448114 }, "geometry": { "type": "LineString", "coordinates": [ [ -75.013385, 6.594511 ], [ -74.840059, 6.676554 ] ] } },
{ "type": "Feature", "properties": { "source": "YOLOMBÓ", "target": "PEÑOL", "distance": 0.5, "betweenness": 0.00083975451207089617, "weight": 0.1008397545120709 }, "geometry": { "type": "LineString", "coordinates": [ [ -75.013385, 6.594511 ], [ -75.242693, 6.219349 ] ] } },
{ "type": "Feature", "properties": { "source": "YOLOMBÓ", "target": "PUERTO BERRÍO", "distance": 0.5, "betweenness": 0.002201136381927342, "weight": 0.10220113638192735 }, "geometry": { "type": "LineString", "coordinates": [ [ -75.013385, 6.594511 ], [ -74.410016, 6.487028 ] ] } },
{ "type": "Feature", "properties": { "source": "YOLOMBÓ", "target": "SAN CARLOS", "distance": 0.5, "betweenness": 0.00085970213088857152, "weight": 0.10085970213088857 }, "geometry": { "type": "LineString", "coordinates": [ [ -75.013385, 6.594511 ], [ -74.988097, 6.187746 ] ] } },
{ "type": "Feature", "properties": { "source": "YOLOMBÓ", "target": "SAN PEDRO DE LOS MILAGROS", "distance": 0.5, "betweenness": 0.00034313876121785719, "weight": 0.10034313876121786 }, "geometry": { "type": "LineString", "coordinates": [ [ -75.013385, 6.594511 ], [ -75.556743, 6.46012 ] ] } },
{ "type": "Feature", "properties": { "source": "YOLOMBÓ", "target": "GUATAPÉ", "distance": 0.5, "betweenness": 0.00021126080448114344, "weight": 0.10021126080448114 }, "geometry": { "type": "LineString", "coordinates": [ [ -75.013385, 6.594511 ], [ -75.160041, 6.232461 ] ] } },
{ "type": "Feature", "properties": { "source": "YOLOMBÓ", "target": "CISNEROS", "distance": 0.5, "betweenness": 0.00017061824971429494, "weight": 0.10017061824971429 }, "geometry": { "type": "LineString", "coordinates": [ [ -75.013385, 6.594511 ], [ -75.087047, 6.537829 ] ] } },
{ "type": "Feature", "properties": { "source": "YOLOMBÓ", "target": "MARINILLA", "distance": 0.5, "betweenness": 0.0, "weight": 0.1 }, "geometry": { "type": "LineString", "coordinates": [ [ -75.013385, 6.594511 ], [ -75.339345, 6.173995 ] ] } },
{ "type": "Feature", "properties": { "source": "YOLOMBÓ", "target": "GUARNE", "distance": 0.5, "betweenness": 0.00068086339272779937, "weight": 0.1006808633927278 }, "geometry": { "type": "LineString", "coordinates": [ [ -75.013385, 6.594511 ], [ -75.441612, 6.27787 ] ] } },
{ "type": "Feature", "properties": { "source": "YOLOMBÓ", "target": "GRANADA", "distance": 0.5, "betweenness": 0.00073777446658802577, "weight": 0.10073777446658803 }, "geometry": { "type": "LineString", "coordinates": [ [ -75.013385, 6.594511 ], [ -75.184446, 6.142892 ] ] } },
{ "type": "Feature", "properties": { "source": "YOLOMBÓ", "target": "MACEO", "distance": 0.5, "betweenness": 0.00016297262059973924, "weight": 0.10016297262059974 }, "geometry": { "type": "LineString", "coordinates": [ [ -75.013385, 6.594511 ], [ -74.78716, 6.552116 ] ] } },
{ "type": "Feature", "properties": { "source": "YOLOMBÓ", "target": "GIRARDOTA", "distance": 0.5, "betweenness": 0.00033077405958761884, "weight": 0.10033077405958762 }, "geometry": { "type": "LineString", "coordinates": [ [ -75.013385, 6.594511 ], [ -75.444238, 6.379472 ] ] } },
{ "type": "Feature", "properties": { "source": "YOLOMBÓ", "target": "RIONEGRO", "distance": 0.5, "betweenness": 0.00092446003462952613, "weight": 0.10092446003462953 }, "geometry": { "type": "LineString", "coordinates": [ [ -75.013385, 6.594511 ], [ -75.377316, 6.147148 ] ] } },
{ "type": "Feature", "properties": { "source": "YOLOMBÓ", "target": "COPACABANA", "distance": 0.5, "betweenness": 0.00014486455164421265, "weight": 0.10014486455164422 }, "geometry": { "type": "LineString", "coordinates": [ [ -75.013385, 6.594511 ], [ -75.509384, 6.348557 ] ] } },
{ "type": "Feature", "properties": { "source": "YOLOMBÓ", "target": "BELLO", "distance": 1.0, "betweenness": 0.0, "weight": 0.1 }, "geometry": { "type": "LineString", "coordinates": [ [ -75.013385, 6.594511 ], [ -75.555245, 6.333587 ] ] } },
{ "type": "Feature", "properties": { "source": "YOLOMBÓ", "target": "MEDELLÍN", "distance": 0.5, "betweenness": 0.0011733741253515265, "weight": 0.10117337412535153 }, "geometry": { "type": "LineString", "coordinates": [ [ -75.013385, 6.594511 ], [ -75.581775, 6.246631 ] ] } },
{ "type": "Feature", "properties": { "source": "YOLOMBÓ", "target": "EL SANTUARIO", "distance": 0.5, "betweenness": 0.0011470795369100454, "weight": 0.10114707953691005 }, "geometry": { "type": "LineString", "coordinates": [ [ -75.013385, 6.594511 ], [ -75.265465, 6.136871 ] ] } },
{ "type": "Feature", "properties": { "source": "YOLOMBÓ", "target": "SEGOVIA", "distance": 1.0, "betweenness": 0.0, "weight": 0.1 }, "geometry": { "type": "LineString", "coordinates": [ [ -75.013385, 6.594511 ], [ -74.701596, 7.079648 ] ] } },
{ "type": "Feature", "properties": { "source": "YOLOMBÓ", "target": "PUERTO NARE", "distance": 1.0, "betweenness": 1.8108068955526581e-05, "weight": 0.10001810806895553 }, "geometry": { "type": "LineString", "coordinates": [ [ -75.013385, 6.594511 ], [ -74.583012, 6.186025 ] ] } },
{ "type": "Feature", "properties": { "source": "SEGOVIA", "target": "VEGACHÍ", "distance": 1.0, "betweenness": 3.6216137911053163e-05, "weight": 0.10003621613791105 }, "geometry": { "type": "LineString", "coordinates": [ [ -74.701596, 7.079648 ], [ -74.798714, 6.773525 ] ] } },
{ "type": "Feature", "properties": { "source": "SEGOVIA", "target": "REMEDIOS", "distance": 0.5, "betweenness": 0.00074128271651087809, "weight": 0.10074128271651088 }, "geometry": { "type": "LineString", "coordinates": [ [ -74.701596, 7.079648 ], [ -74.698135, 7.029424 ] ] } },
{ "type": "Feature", "properties": { "source": "SEGOVIA", "target": "ZARAGOZA", "distance": 1.0, "betweenness": 7.2432275822106312e-05, "weight": 0.10007243227582212 }, "geometry": { "type": "LineString", "coordinates": [ [ -74.701596, 7.079648 ], [ -74.867075, 7.488583 ] ] } },
{ "type": "Feature", "properties": { "source": "SEGOVIA", "target": "YALÍ", "distance": 1.0, "betweenness": 3.6216137911053163e-05, "weight": 0.10003621613791105 }, "geometry": { "type": "LineString", "coordinates": [ [ -74.701596, 7.079648 ], [ -74.840059, 6.676554 ] ] } },
{ "type": "Feature", "properties": { "source": "DONMATÍAS", "target": "GUARNE", "distance": 0.5, "betweenness": 0.00016297262059973924, "weight": 0.10016297262059974 }, "geometry": { "type": "LineString", "coordinates": [ [ -75.39263, 6.485603 ], [ -75.441612, 6.27787 ] ] } },
{ "type": "Feature", "properties": { "source": "DONMATÍAS", "target": "SANTO DOMINGO", "distance": 0.5, "betweenness": 0.00048781302520086161, "weight": 0.10048781302520086 }, "geometry": { "type": "LineString", "coordinates": [ [ -75.39263, 6.485603 ], [ -75.164903, 6.473032 ] ] } },
{ "type": "Feature", "properties": { "source": "DONMATÍAS", "target": "RIONEGRO", "distance": 0.5, "betweenness": 0.00016555948759338588, "weight": 0.1001655594875934 }, "geometry": { "type": "LineString", "coordinates": [ [ -75.39263, 6.485603 ], [ -75.377316, 6.147148 ] ] } },
{ "type": "Feature", "properties": { "source": "DONMATÍAS", "target": "SOPETRÁN", "distance": 0.5, "betweenness": 0.00014486455164421265, "weight": 0.10014486455164422 }, "geometry": { "type": "LineString", "coordinates": [ [ -75.39263, 6.485603 ], [ -75.747378, 6.500745 ] ] } },
{ "type": "Feature", "properties": { "source": "DONMATÍAS", "target": "PEÑOL", "distance": 0.5, "betweenness": 0.00022040106785869499, "weight": 0.10022040106785871 }, "geometry": { "type": "LineString", "coordinates": [ [ -75.39263, 6.485603 ], [ -75.242693, 6.219349 ] ] } },
{ "type": "Feature", "properties": { "source": "DONMATÍAS", "target": "SAN PEDRO DE LOS MILAGROS", "distance": 0.5, "betweenness": 0.00014486455164421265, "weight": 0.10014486455164422 }, "geometry": { "type": "LineString", "coordinates": [ [ -75.39263, 6.485603 ], [ -75.556743, 6.46012 ] ] } },
{ "type": "Feature", "properties": { "source": "DONMATÍAS", "target": "SAN ROQUE", "distance": 0.5, "betweenness": 0.00045466977171862503, "weight": 0.10045466977171863 }, "geometry": { "type": "LineString", "coordinates": [ [ -75.39263, 6.485603 ], [ -75.019109, 6.485939 ] ] } },
{ "type": "Feature", "properties": { "source": "DONMATÍAS", "target": "SAN JERÓNIMO", "distance": 0.5, "betweenness": 0.00014486455164421265, "weight": 0.10014486455164422 }, "geometry": { "type": "LineString", "coordinates": [ [ -75.39263, 6.485603 ], [ -75.726975, 6.44809 ] ] } },
{ "type": "Feature", "properties": { "source": "DONMATÍAS", "target": "ALEJANDRÍA", "distance": 0.5, "betweenness": 0.00021202164771456892, "weight": 0.10021202164771457 }, "geometry": { "type": "LineString", "coordinates": [ [ -75.39263, 6.485603 ], [ -75.141346, 6.376061 ] ] } },
{ "type": "Feature", "properties": { "source": "DONMATÍAS", "target": "BARBOSA", "distance": 0.5, "betweenness": 0.00019315273552561685, "weight": 0.10019315273552562 }, "geometry": { "type": "LineString", "coordinates": [ [ -75.39263, 6.485603 ], [ -75.331627, 6.439195 ] ] } },
{ "type": "Feature", "properties": { "source": "DONMATÍAS", "target": "SAN VICENTE FERRER", "distance": 0.5, "betweenness": 0.0, "weight": 0.1 }, "geometry": { "type": "LineString", "coordinates": [ [ -75.39263, 6.485603 ], [ -75.332616, 6.282164 ] ] } },
{ "type": "Feature", "properties": { "source": "DONMATÍAS", "target": "GRANADA", "distance": 0.5, "betweenness": 0.00069121086070238604, "weight": 0.10069121086070239 }, "geometry": { "type": "LineString", "coordinates": [ [ -75.39263, 6.485603 ], [ -75.184446, 6.142892 ] ] } },
{ "type": "Feature", "properties": { "source": "DONMATÍAS", "target": "BELLO", "distance": 0.5, "betweenness": 0.00014486455164421265, "weight": 0.10014486455164422 }, "geometry": { "type": "LineString", "coordinates": [ [ -75.39263, 6.485603 ], [ -75.555245, 6.333587 ] ] } },
{ "type": "Feature", "properties": { "source": "DONMATÍAS", "target": "RETIRO", "distance": 0.33333333333333331, "betweenness": 0.0056348861433607195, "weight": 0.10563488614336072 }, "geometry": { "type": "LineString", "coordinates": [ [ -75.39263, 6.485603 ], [ -75.501301, 6.062454 ] ] } },
{ "type": "Feature", "properties": { "source": "DONMATÍAS", "target": "SAN RAFAEL", "distance": 0.5, "betweenness": 0.00085740269356088554, "weight": 0.10085740269356089 }, "geometry": { "type": "LineString", "coordinates": [ [ -75.39263, 6.485603 ], [ -75.02849, 6.293759 ] ] } },
{ "type": "Feature", "properties": { "source": "DONMATÍAS", "target": "COPACABANA", "distance": 0.33333333333333331, "betweenness": 0.0001738374619730552, "weight": 0.10017383746197306 }, "geometry": { "type": "LineString", "coordinates": [ [ -75.39263, 6.485603 ], [ -75.509384, 6.348557 ] ] } },
{ "type": "Feature", "properties": { "source": "DONMATÍAS", "target": "MARINILLA", "distance": 0.33333333333333331, "betweenness": 0.0005963590709353421, "weight": 0.10059635907093535 }, "geometry": { "type": "LineString", "coordinates": [ [ -75.39263, 6.485603 ], [ -75.339345, 6.173995 ] ] } },
{ "type": "Feature", "properties": { "source": "DONMATÍAS", "target": "GUATAPÉ", "distance": 0.5, "betweenness": 0.00014313997364844822, "weight": 0.10014313997364846 }, "geometry": { "type": "LineString", "coordinates": [ [ -75.39263, 6.485603 ], [ -75.160041, 6.232461 ] ] } },
{ "type": "Feature", "properties": { "source": "DONMATÍAS", "target": "MEDELLÍN", "distance": 0.5, "betweenness": 0.00016555948759338588, "weight": 0.1001655594875934 }, "geometry": { "type": "LineString", "coordinates": [ [ -75.39263, 6.485603 ], [ -75.581775, 6.246631 ] ] } },
{ "type": "Feature", "properties": { "source": "DONMATÍAS", "target": "CISNEROS", "distance": 0.5, "betweenness": 0.0010738994000747198, "weight": 0.10107389940007473 }, "geometry": { "type": "LineString", "coordinates": [ [ -75.39263, 6.485603 ], [ -75.087047, 6.537829 ] ] } },
{ "type": "Feature", "properties": { "source": "DONMATÍAS", "target": "YALÍ", "distance": 0.5, "betweenness": 0.003047285358684496, "weight": 0.1030472853586845 }, "geometry": { "type": "LineString", "coordinates": [ [ -75.39263, 6.485603 ], [ -74.840059, 6.676554 ] ] } },
{ "type": "Feature", "properties": { "source": "DONMATÍAS", "target": "CONCEPCIÓN", "distance": 0.5, "betweenness": 0.0001894161498681273, "weight": 0.10018941614986814 }, "geometry": { "type": "LineString", "coordinates": [ [ -75.39263, 6.485603 ], [ -75.257587, 6.394348 ] ] } },
{ "type": "Feature", "properties": { "source": "DONMATÍAS", "target": "EL CARMEN DE VIBORAL", "distance": 0.5, "betweenness": 0.00025251801653366183, "weight": 0.10025251801653366 }, "geometry": { "type": "LineString", "coordinates": [ [ -75.39263, 6.485603 ], [ -75.333901, 6.082885 ] ] } },
{ "type": "Feature", "properties": { "source": "DONMATÍAS", "target": "GIRARDOTA", "distance": 0.5, "betweenness": 0.00014486455164421265, "weight": 0.10014486455164422 }, "geometry": { "type": "LineString", "coordinates": [ [ -75.39263, 6.485603 ], [ -75.444238, 6.379472 ] ] } },
{ "type": "Feature", "properties": { "source": "DONMATÍAS", "target": "COCORNÁ", "distance": 0.33333333333333331, "betweenness": 0.0015500507025930752, "weight": 0.10155005070259308 }, "geometry": { "type": "LineString", "coordinates": [ [ -75.39263, 6.485603 ], [ -75.185483, 6.058295 ] ] } },
{ "type": "Feature", "properties": { "source": "DONMATÍAS", "target": "ENVIGADO", "distance": 0.5, "betweenness": 0.00014486455164421265, "weight": 0.10014486455164422 }, "geometry": { "type": "LineString", "coordinates": [ [ -75.39263, 6.485603 ], [ -75.582192, 6.166695 ] ] } },
{ "type": "Feature", "properties": { "source": "DONMATÍAS", "target": "EL SANTUARIO", "distance": 0.33333333333333331, "betweenness": 0.0037033587881045507, "weight": 0.10370335878810455 }, "geometry": { "type": "LineString", "coordinates": [ [ -75.39263, 6.485603 ], [ -75.265465, 6.136871 ] ] } },
{ "type": "Feature", "properties": { "source": "DONMATÍAS", "target": "VEGACHÍ", "distance": 1.0, "betweenness": 8.5214442143654498e-06, "weight": 0.10000852144421438 }, "geometry": { "type": "LineString", "coordinates": [ [ -75.39263, 6.485603 ], [ -74.798714, 6.773525 ] ] } },
{ "type": "Feature", "properties": { "source": "DONMATÍAS", "target": "SAN CARLOS", "distance": 0.5, "betweenness": 0.00019401502452349908, "weight": 0.10019401502452351 }, "geometry": { "type": "LineString", "coordinates": [ [ -75.39263, 6.485603 ], [ -74.988097, 6.187746 ] ] } },
{ "type": "Feature", "properties": { "source": "DONMATÍAS", "target": "EBÉJICO", "distance": 0.5, "betweenness": 0.0003485022389846379, "weight": 0.10034850223898464 }, "geometry": { "type": "LineString", "coordinates": [ [ -75.39263, 6.485603 ], [ -75.766413, 6.325615 ] ] } },
{ "type": "Feature", "properties": { "source": "DONMATÍAS", "target": "OLAYA", "distance": 0.5, "betweenness": 0.00029576512627360081, "weight": 0.10029576512627361 }, "geometry": { "type": "LineString", "coordinates": [ [ -75.39263, 6.485603 ], [ -75.811773, 6.626492 ] ] } },
{ "type": "Feature", "properties": { "source": "DONMATÍAS", "target": "HELICONIA", "distance": 0.5, "betweenness": 0.00034112152756220551, "weight": 0.10034112152756221 }, "geometry": { "type": "LineString", "coordinates": [ [ -75.39263, 6.485603 ], [ -75.734322, 6.206757 ] ] } },
{ "type": "Feature", "properties": { "source": "DONMATÍAS", "target": "CALDAS", "distance": 0.25, "betweenness": 0.0036022985175527549, "weight": 0.10360229851755276 }, "geometry": { "type": "LineString", "coordinates": [ [ -75.39263, 6.485603 ], [ -75.633673, 6.091077 ] ] } },
{ "type": "Feature", "properties": { "source": "DONMATÍAS", "target": "ANGELÓPOLIS", "distance": 0.2, "betweenness": 0.0095113925622400189, "weight": 0.10951139256224002 }, "geometry": { "type": "LineString", "coordinates": [ [ -75.39263, 6.485603 ], [ -75.711389, 6.109719 ] ] } },
{ "type": "Feature", "properties": { "source": "DONMATÍAS", "target": "SABANETA", "distance": 0.5, "betweenness": 0.00035146899553679207, "weight": 0.10035146899553679 }, "geometry": { "type": "LineString", "coordinates": [ [ -75.39263, 6.485603 ], [ -75.615479, 6.149903 ] ] } },
{ "type": "Feature", "properties": { "source": "DONMATÍAS", "target": "LA CEJA", "distance": 0.5, "betweenness": 0.00030289860798335372, "weight": 0.10030289860798336 }, "geometry": { "type": "LineString", "coordinates": [ [ -75.39263, 6.485603 ], [ -75.429433, 6.028062 ] ] } },
{ "type": "Feature", "properties": { "source": "DONMATÍAS", "target": "ANZÁ", "distance": 0.5, "betweenness": 0.0002897291032884253, "weight": 0.10028972910328843 }, "geometry": { "type": "LineString", "coordinates": [ [ -75.39263, 6.485603 ], [ -75.854442, 6.302641 ] ] } },
{ "type": "Feature", "properties": { "source": "DONMATÍAS", "target": "LA ESTRELLA", "distance": 0.5, "betweenness": 0.00034043169636389974, "weight": 0.1003404316963639 }, "geometry": { "type": "LineString", "coordinates": [ [ -75.39263, 6.485603 ], [ -75.637708, 6.145238 ] ] } },
{ "type": "Feature", "properties": { "source": "DONMATÍAS", "target": "ARMENIA", "distance": 0.33333333333333331, "betweenness": 0.0023928519691231555, "weight": 0.10239285196912316 }, "geometry": { "type": "LineString", "coordinates": [ [ -75.39263, 6.485603 ], [ -75.786647, 6.155667 ] ] } },
{ "type": "Feature", "properties": { "source": "DONMATÍAS", "target": "AMAGÁ", "distance": 0.33333333333333331, "betweenness": 0.0021564698118370436, "weight": 0.10215646981183706 }, "geometry": { "type": "LineString", "coordinates": [ [ -75.39263, 6.485603 ], [ -75.702188, 6.038708 ] ] } },
{ "type": "Feature", "properties": { "source": "DONMATÍAS", "target": "ITAGÜÍ", "distance": 0.5, "betweenness": 0.00036940460669274231, "weight": 0.10036940460669275 }, "geometry": { "type": "LineString", "coordinates": [ [ -75.39263, 6.485603 ], [ -75.612056, 6.175079 ] ] } },
{ "type": "Feature", "properties": { "source": "DONMATÍAS", "target": "LA UNIÓN", "distance": 1.0, "betweenness": 0.0, "weight": 0.1 }, "geometry": { "type": "LineString", "coordinates": [ [ -75.39263, 6.485603 ], [ -75.360874, 5.973845 ] ] } },
{ "type": "Feature", "properties": { "source": "DONMATÍAS", "target": "MACEO", "distance": 1.0, "betweenness": 0.0, "weight": 0.1 }, "geometry": { "type": "LineString", "coordinates": [ [ -75.39263, 6.485603 ], [ -74.78716, 6.552116 ] ] } },
{ "type": "Feature", "properties": { "source": "DONMATÍAS", "target": "CAICEDO", "distance": 1.0, "betweenness": 0.0, "weight": 0.1 }, "geometry": { "type": "LineString", "coordinates": [ [ -75.39263, 6.485603 ], [ -75.98293, 6.405607 ] ] } },
{ "type": "Feature", "properties": { "source": "SAN VICENTE FERRER", "target": "RETIRO", "distance": 0.5, "betweenness": 0.0006277463904582548, "weight": 0.10062774639045827 }, "geometry": { "type": "LineString", "coordinates": [ [ -75.332616, 6.282164 ], [ -75.501301, 6.062454 ] ] } },
{ "type": "Feature", "properties": { "source": "SAN VICENTE FERRER", "target": "EBÉJICO", "distance": 0.5, "betweenness": 0.00016259273104123168, "weight": 0.10016259273104124 }, "geometry": { "type": "LineString", "coordinates": [ [ -75.332616, 6.282164 ], [ -75.766413, 6.325615 ] ] } },
{ "type": "Feature", "properties": { "source": "SAN VICENTE FERRER", "target": "COCORNÁ", "distance": 0.33333333333333331, "betweenness": 0.00070017866628036116, "weight": 0.10070017866628037 }, "geometry": { "type": "LineString", "coordinates": [ [ -75.332616, 6.282164 ], [ -75.185483, 6.058295 ] ] } },
{ "type": "Feature", "properties": { "source": "SAN VICENTE FERRER", "target": "MEDELLÍN", "distance": 0.5, "betweenness": 0.0003947559032304795, "weight": 0.10039475590323048 }, "geometry": { "type": "LineString", "coordinates": [ [ -75.332616, 6.282164 ], [ -75.581775, 6.246631 ] ] } },
{ "type": "Feature", "properties": { "source": "SAN VICENTE FERRER", "target": "SANTO DOMINGO", "distance": 0.5, "betweenness": 0.00037357494984613626, "weight": 0.10037357494984614 }, "geometry": { "type": "LineString", "coordinates": [ [ -75.332616, 6.282164 ], [ -75.164903, 6.473032 ] ] } },
{ "type": "Feature", "properties": { "source": "SAN VICENTE FERRER", "target": "MONTEBELLO", "distance": 0.5, "betweenness": 0.00016900864358491478, "weight": 0.10016900864358493 }, "geometry": { "type": "LineString", "coordinates": [ [ -75.332616, 6.282164 ], [ -75.523455, 5.946313 ] ] } },
{ "type": "Feature", "properties": { "source": "SAN VICENTE FERRER", "target": "SAN RAFAEL", "distance": 0.5, "betweenness": 0.00031870201361726788, "weight": 0.10031870201361727 }, "geometry": { "type": "LineString", "coordinates": [ [ -75.332616, 6.282164 ], [ -75.02849, 6.293759 ] ] } },
{ "type": "Feature", "properties": { "source": "SAN VICENTE FERRER", "target": "LA CEJA", "distance": 0.5, "betweenness": 0.00021729682746631898, "weight": 0.10021729682746633 }, "geometry": { "type": "LineString", "coordinates": [ [ -75.332616, 6.282164 ], [ -75.429433, 6.028062 ] ] } },
{ "type": "Feature", "properties": { "source": "SAN VICENTE FERRER", "target": "PEÑOL", "distance": 0.5, "betweenness": 0.00016900864358491478, "weight": 0.10016900864358493 }, "geometry": { "type": "LineString", "coordinates": [ [ -75.332616, 6.282164 ], [ -75.242693, 6.219349 ] ] } },
{ "type": "Feature", "properties": { "source": "SAN VICENTE FERRER", "target": "LA UNIÓN", "distance": 0.5, "betweenness": 0.00014486455164421265, "weight": 0.10014486455164422 }, "geometry": { "type": "LineString", "coordinates": [ [ -75.332616, 6.282164 ], [ -75.360874, 5.973845 ] ] } },
{ "type": "Feature", "properties": { "source": "SAN VICENTE FERRER", "target": "AMAGÁ", "distance": 0.5, "betweenness": 0.00017303265890836512, "weight": 0.10017303265890837 }, "geometry": { "type": "LineString", "coordinates": [ [ -75.332616, 6.282164 ], [ -75.702188, 6.038708 ] ] } },
{ "type": "Feature", "properties": { "source": "SAN VICENTE FERRER", "target": "EL CARMEN DE VIBORAL", "distance": 0.5, "betweenness": 0.00015176286362727039, "weight": 0.10015176286362727 }, "geometry": { "type": "LineString", "coordinates": [ [ -75.332616, 6.282164 ], [ -75.333901, 6.082885 ] ] } },
{ "type": "Feature", "properties": { "source": "SAN VICENTE FERRER", "target": "COPACABANA", "distance": 0.5, "betweenness": 0.0003380172871698295, "weight": 0.10033801728716983 }, "geometry": { "type": "LineString", "coordinates": [ [ -75.332616, 6.282164 ], [ -75.509384, 6.348557 ] ] } },
{ "type": "Feature", "properties": { "source": "SAN VICENTE FERRER", "target": "GRANADA", "distance": 0.5, "betweenness": 0.00018108068955526583, "weight": 0.10018108068955527 }, "geometry": { "type": "LineString", "coordinates": [ [ -75.332616, 6.282164 ], [ -75.184446, 6.142892 ] ] } },
{ "type": "Feature", "properties": { "source": "SAN VICENTE FERRER", "target": "GUARNE", "distance": 0.5, "betweenness": 0.00014486455164421265, "weight": 0.10014486455164422 }, "geometry": { "type": "LineString", "coordinates": [ [ -75.332616, 6.282164 ], [ -75.441612, 6.27787 ] ] } },
{ "type": "Feature", "properties": { "source": "SAN VICENTE FERRER", "target": "SANTA BÁRBARA", "distance": 0.5, "betweenness": 0.00014486455164421265, "weight": 0.10014486455164422 }, "geometry": { "type": "LineString", "coordinates": [ [ -75.332616, 6.282164 ], [ -75.567351, 5.875527 ] ] } },
{ "type": "Feature", "properties": { "source": "SAN VICENTE FERRER", "target": "SAN ROQUE", "distance": 0.5, "betweenness": 0.00030240475155729387, "weight": 0.1003024047515573 }, "geometry": { "type": "LineString", "coordinates": [ [ -75.332616, 6.282164 ], [ -75.019109, 6.485939 ] ] } },
{ "type": "Feature", "properties": { "source": "SAN VICENTE FERRER", "target": "EL SANTUARIO", "distance": 0.5, "betweenness": 0.0002414409194070211, "weight": 0.10024144091940702 }, "geometry": { "type": "LineString", "coordinates": [ [ -75.332616, 6.282164 ], [ -75.265465, 6.136871 ] ] } },
{ "type": "Feature", "properties": { "source": "SAN VICENTE FERRER", "target": "ITAGÜÍ", "distance": 0.5, "betweenness": 0.00014486455164421265, "weight": 0.10014486455164422 }, "geometry": { "type": "LineString", "coordinates": [ [ -75.332616, 6.282164 ], [ -75.612056, 6.175079 ] ] } },
{ "type": "Feature", "properties": { "source": "SAN VICENTE FERRER", "target": "SAN CARLOS", "distance": 0.5, "betweenness": 0.0001738374619730552, "weight": 0.10017383746197306 }, "geometry": { "type": "LineString", "coordinates": [ [ -75.332616, 6.282164 ], [ -74.988097, 6.187746 ] ] } },
{ "type": "Feature", "properties": { "source": "SAN VICENTE FERRER", "target": "GUATAPÉ", "distance": 0.33333333333333331, "betweenness": 0.0011335651166159641, "weight": 0.10113356511661598 }, "geometry": { "type": "LineString", "coordinates": [ [ -75.332616, 6.282164 ], [ -75.160041, 6.232461 ] ] } },
{ "type": "Feature", "properties": { "source": "SAN VICENTE FERRER", "target": "CONCEPCIÓN", "distance": 0.33333333333333331, "betweenness": 0.00090822025850274422, "weight": 0.10090822025850275 }, "geometry": { "type": "LineString", "coordinates": [ [ -75.332616, 6.282164 ], [ -75.257587, 6.394348 ] ] } },
{ "type": "Feature", "properties": { "source": "SAN VICENTE FERRER", "target": "RIONEGRO", "distance": 0.5, "betweenness": 0.00014486455164421265, "weight": 0.10014486455164422 }, "geometry": { "type": "LineString", "coordinates": [ [ -75.332616, 6.282164 ], [ -75.377316, 6.147148 ] ] } },
{ "type": "Feature", "properties": { "source": "SAN VICENTE FERRER", "target": "CISNEROS", "distance": 0.5, "betweenness": 0.00039779381369994137, "weight": 0.10039779381369995 }, "geometry": { "type": "LineString", "coordinates": [ [ -75.332616, 6.282164 ], [ -75.087047, 6.537829 ] ] } },
{ "type": "Feature", "properties": { "source": "SAN VICENTE FERRER", "target": "BARBOSA", "distance": 0.5, "betweenness": 0.00014486455164421265, "weight": 0.10014486455164422 }, "geometry": { "type": "LineString", "coordinates": [ [ -75.332616, 6.282164 ], [ -75.331627, 6.439195 ] ] } },
{ "type": "Feature", "properties": { "source": "SAN VICENTE FERRER", "target": "SAN PEDRO DE LOS MILAGROS", "distance": 0.5, "betweenness": 0.00018108068955526583, "weight": 0.10018108068955527 }, "geometry": { "type": "LineString", "coordinates": [ [ -75.332616, 6.282164 ], [ -75.556743, 6.46012 ] ] } },
{ "type": "Feature", "properties": { "source": "SAN VICENTE FERRER", "target": "ANGELÓPOLIS", "distance": 0.25, "betweenness": 0.0032111642281133805, "weight": 0.10321116422811338 }, "geometry": { "type": "LineString", "coordinates": [ [ -75.332616, 6.282164 ], [ -75.711389, 6.109719 ] ] } },
{ "type": "Feature", "properties": { "source": "SAN VICENTE FERRER", "target": "SOPETRÁN", "distance": 0.33333333333333331, "betweenness": 0.001500555314114636, "weight": 0.10150055531411464 }, "geometry": { "type": "LineString", "coordinates": [ [ -75.332616, 6.282164 ], [ -75.747378, 6.500745 ] ] } },
{ "type": "Feature", "properties": { "source": "SAN VICENTE FERRER", "target": "MARINILLA", "distance": 0.5, "betweenness": 0.00014486455164421265, "weight": 0.10014486455164422 }, "geometry": { "type": "LineString", "coordinates": [ [ -75.332616, 6.282164 ], [ -75.339345, 6.173995 ] ] } },
{ "type": "Feature", "properties": { "source": "SAN VICENTE FERRER", "target": "CALDAS", "distance": 0.33333333333333331, "betweenness": 0.00065189048239895696, "weight": 0.10065189048239896 }, "geometry": { "type": "LineString", "coordinates": [ [ -75.332616, 6.282164 ], [ -75.633673, 6.091077 ] ] } },
{ "type": "Feature", "properties": { "source": "SAN VICENTE FERRER", "target": "ABEJORRAL", "distance": 0.5, "betweenness": 0.00018108068955526583, "weight": 0.10018108068955527 }, "geometry": { "type": "LineString", "coordinates": [ [ -75.332616, 6.282164 ], [ -75.428739, 5.789315 ] ] } },
{ "type": "Feature", "properties": { "source": "SAN VICENTE FERRER", "target": "ALEJANDRÍA", "distance": 0.5, "betweenness": 0.00014486455164421265, "weight": 0.10014486455164422 }, "geometry": { "type": "LineString", "coordinates": [ [ -75.332616, 6.282164 ], [ -75.141346, 6.376061 ] ] } },
{ "type": "Feature", "properties": { "source": "SAN VICENTE FERRER", "target": "LA ESTRELLA", "distance": 0.5, "betweenness": 0.00015452218842049349, "weight": 0.1001545221884205 }, "geometry": { "type": "LineString", "coordinates": [ [ -75.332616, 6.282164 ], [ -75.637708, 6.145238 ] ] } },
{ "type": "Feature", "properties": { "source": "SAN VICENTE FERRER", "target": "BELLO", "distance": 0.5, "betweenness": 0.00020120076617251756, "weight": 0.10020120076617252 }, "geometry": { "type": "LineString", "coordinates": [ [ -75.332616, 6.282164 ], [ -75.555245, 6.333587 ] ] } },
{ "type": "Feature", "properties": { "source": "SAN VICENTE FERRER", "target": "HELICONIA", "distance": 0.5, "betweenness": 0.00015521201961879926, "weight": 0.1001552120196188 }, "geometry": { "type": "LineString", "coordinates": [ [ -75.332616, 6.282164 ], [ -75.734322, 6.206757 ] ] } },
{ "type": "Feature", "properties": { "source": "SAN VICENTE FERRER", "target": "SAN JERÓNIMO", "distance": 0.5, "betweenness": 0.00030582516458222667, "weight": 0.10030582516458224 }, "geometry": { "type": "LineString", "coordinates": [ [ -75.332616, 6.282164 ], [ -75.726975, 6.44809 ] ] } },
{ "type": "Feature", "properties": { "source": "SAN VICENTE FERRER", "target": "ENVIGADO", "distance": 0.33333333333333331, "betweenness": 0.00050702593075474425, "weight": 0.10050702593075475 }, "geometry": { "type": "LineString", "coordinates": [ [ -75.332616, 6.282164 ], [ -75.582192, 6.166695 ] ] } },
{ "type": "Feature", "properties": { "source": "SAN VICENTE FERRER", "target": "GIRARDOTA", "distance": 0.5, "betweenness": 0.00014486455164421265, "weight": 0.10014486455164422 }, "geometry": { "type": "LineString", "coordinates": [ [ -75.332616, 6.282164 ], [ -75.444238, 6.379472 ] ] } },
{ "type": "Feature", "properties": { "source": "SAN VICENTE FERRER", "target": "FREDONIA", "distance": 0.5, "betweenness": 0.00018711671254044131, "weight": 0.10018711671254045 }, "geometry": { "type": "LineString", "coordinates": [ [ -75.332616, 6.282164 ], [ -75.675072, 5.928039 ] ] } },
{ "type": "Feature", "properties": { "source": "SAN VICENTE FERRER", "target": "SABANETA", "distance": 0.5, "betweenness": 0.00014486455164421265, "weight": 0.10014486455164422 }, "geometry": { "type": "LineString", "coordinates": [ [ -75.332616, 6.282164 ], [ -75.615479, 6.149903 ] ] } },
{ "type": "Feature", "properties": { "source": "SAN VICENTE FERRER", "target": "OLAYA", "distance": 0.5, "betweenness": 0.00043459365493263795, "weight": 0.10043459365493264 }, "geometry": { "type": "LineString", "coordinates": [ [ -75.332616, 6.282164 ], [ -75.811773, 6.626492 ] ] } },
{ "type": "Feature", "properties": { "source": "SAN VICENTE FERRER", "target": "SAN LUIS", "distance": 0.5, "betweenness": 0.00046632589005470362, "weight": 0.10046632589005471 }, "geometry": { "type": "LineString", "coordinates": [ [ -75.332616, 6.282164 ], [ -74.993619, 6.043017 ] ] } },
{ "type": "Feature", "properties": { "source": "SAN VICENTE FERRER", "target": "ARMENIA", "distance": 0.5, "betweenness": 0.00016297262059973924, "weight": 0.10016297262059974 }, "geometry": { "type": "LineString", "coordinates": [ [ -75.332616, 6.282164 ], [ -75.786647, 6.155667 ] ] } },
{ "type": "Feature", "properties": { "source": "SAN VICENTE FERRER", "target": "TITIRIBÍ", "distance": 0.33333333333333331, "betweenness": 0.0023385277622565755, "weight": 0.10233852776225658 }, "geometry": { "type": "LineString", "coordinates": [ [ -75.332616, 6.282164 ], [ -75.791887, 6.062391 ] ] } },
{ "type": "Feature", "properties": { "source": "SAN VICENTE FERRER", "target": "SONSÓN", "distance": 0.5, "betweenness": 0.00031042403923759853, "weight": 0.10031042403923761 }, "geometry": { "type": "LineString", "coordinates": [ [ -75.332616, 6.282164 ], [ -75.309596, 5.714851 ] ] } },
{ "type": "Feature", "properties": { "source": "SAN VICENTE FERRER", "target": "SAN FRANCISCO", "distance": 0.5, "betweenness": 0.0010731813697915391, "weight": 0.10107318136979154 }, "geometry": { "type": "LineString", "coordinates": [ [ -75.332616, 6.282164 ], [ -75.101562, 5.963476 ] ] } },
{ "type": "Feature", "properties": { "source": "SAN VICENTE FERRER", "target": "VENECIA", "distance": 0.5, "betweenness": 0.00031295864629197958, "weight": 0.10031295864629199 }, "geometry": { "type": "LineString", "coordinates": [ [ -75.332616, 6.282164 ], [ -75.735544, 5.964693 ] ] } },
{ "type": "Feature", "properties": { "source": "ALEJANDRÍA", "target": "SAN ROQUE", "distance": 0.5, "betweenness": 0.00022031483895890673, "weight": 0.10022031483895891 }, "geometry": { "type": "LineString", "coordinates": [ [ -75.141346, 6.376061 ], [ -75.019109, 6.485939 ] ] } },
{ "type": "Feature", "properties": { "source": "ALEJANDRÍA", "target": "COCORNÁ", "distance": 0.5, "betweenness": 0.0002063222402205453, "weight": 0.10020632224022055 }, "geometry": { "type": "LineString", "coordinates": [ [ -75.141346, 6.376061 ], [ -75.185483, 6.058295 ] ] } },
{ "type": "Feature", "properties": { "source": "ALEJANDRÍA", "target": "SAN LUIS", "distance": 0.5, "betweenness": 0.00019315273552561685, "weight": 0.10019315273552562 }, "geometry": { "type": "LineString", "coordinates": [ [ -75.141346, 6.376061 ], [ -74.993619, 6.043017 ] ] } },
{ "type": "Feature", "properties": { "source": "ALEJANDRÍA", "target": "COPACABANA", "distance": 0.33333333333333331, "betweenness": 0.0011154570476604375, "weight": 0.10111545704766044 }, "geometry": { "type": "LineString", "coordinates": [ [ -75.141346, 6.376061 ], [ -75.509384, 6.348557 ] ] } },
{ "type": "Feature", "properties": { "source": "ALEJANDRÍA", "target": "SAN PEDRO DE LOS MILAGROS", "distance": 0.5, "betweenness": 0.00014486455164421265, "weight": 0.10014486455164422 }, "geometry": { "type": "LineString", "coordinates": [ [ -75.141346, 6.376061 ], [ -75.556743, 6.46012 ] ] } },
{ "type": "Feature", "properties": { "source": "ALEJANDRÍA", "target": "EL SANTUARIO", "distance": 0.5, "betweenness": 0.00023288074135531761, "weight": 0.10023288074135532 }, "geometry": { "type": "LineString", "coordinates": [ [ -75.141346, 6.376061 ], [ -75.265465, 6.136871 ] ] } },
{ "type": "Feature", "properties": { "source": "ALEJANDRÍA", "target": "CISNEROS", "distance": 0.5, "betweenness": 0.00045718562667715205, "weight": 0.10045718562667716 }, "geometry": { "type": "LineString", "coordinates": [ [ -75.141346, 6.376061 ], [ -75.087047, 6.537829 ] ] } },
{ "type": "Feature", "properties": { "source": "ALEJANDRÍA", "target": "EL CARMEN DE VIBORAL", "distance": 0.5, "betweenness": 0.00024378899867817731, "weight": 0.10024378899867818 }, "geometry": { "type": "LineString", "coordinates": [ [ -75.141346, 6.376061 ], [ -75.333901, 6.082885 ] ] } },
{ "type": "Feature", "properties": { "source": "ALEJANDRÍA", "target": "SAN FRANCISCO", "distance": 0.5, "betweenness": 0.00094130341305482537, "weight": 0.10094130341305484 }, "geometry": { "type": "LineString", "coordinates": [ [ -75.141346, 6.376061 ], [ -75.101562, 5.963476 ] ] } },
{ "type": "Feature", "properties": { "source": "ALEJANDRÍA", "target": "SAN RAFAEL", "distance": 0.5, "betweenness": 0.00031294457630833114, "weight": 0.10031294457630834 }, "geometry": { "type": "LineString", "coordinates": [ [ -75.141346, 6.376061 ], [ -75.02849, 6.293759 ] ] } },
{ "type": "Feature", "properties": { "source": "ALEJANDRÍA", "target": "LA CEJA", "distance": 0.33333333333333331, "betweenness": 0.0034530075490527461, "weight": 0.10345300754905275 }, "geometry": { "type": "LineString", "coordinates": [ [ -75.141346, 6.376061 ], [ -75.429433, 6.028062 ] ] } },
{ "type": "Feature", "properties": { "source": "ALEJANDRÍA", "target": "ENVIGADO", "distance": 0.25, "betweenness": 0.0065671930078709737, "weight": 0.10656719300787099 }, "geometry": { "type": "LineString", "coordinates": [ [ -75.141346, 6.376061 ], [ -75.582192, 6.166695 ] ] } },
{ "type": "Feature", "properties": { "source": "ALEJANDRÍA", "target": "GIRARDOTA", "distance": 0.5, "betweenness": 0.00014486455164421265, "weight": 0.10014486455164422 }, "geometry": { "type": "LineString", "coordinates": [ [ -75.141346, 6.376061 ], [ -75.444238, 6.379472 ] ] } },
{ "type": "Feature", "properties": { "source": "ALEJANDRÍA", "target": "GUATAPÉ", "distance": 0.5, "betweenness": 0.00014486455164421265, "weight": 0.10014486455164422 }, "geometry": { "type": "LineString", "coordinates": [ [ -75.141346, 6.376061 ], [ -75.160041, 6.232461 ] ] } },
{ "type": "Feature", "properties": { "source": "ALEJANDRÍA", "target": "GRANADA", "distance": 0.5, "betweenness": 0.00016297262059973924, "weight": 0.10016297262059974 }, "geometry": { "type": "LineString", "coordinates": [ [ -75.141346, 6.376061 ], [ -75.184446, 6.142892 ] ] } },
{ "type": "Feature", "properties": { "source": "ALEJANDRÍA", "target": "CONCEPCIÓN", "distance": 0.5, "betweenness": 0.00015452218842049349, "weight": 0.1001545221884205 }, "geometry": { "type": "LineString", "coordinates": [ [ -75.141346, 6.376061 ], [ -75.257587, 6.394348 ] ] } },
{ "type": "Feature", "properties": { "source": "ALEJANDRÍA", "target": "GUARNE", "distance": 0.5, "betweenness": 0.00016297262059973924, "weight": 0.10016297262059974 }, "geometry": { "type": "LineString", "coordinates": [ [ -75.141346, 6.376061 ], [ -75.441612, 6.27787 ] ] } },
{ "type": "Feature", "properties": { "source": "ALEJANDRÍA", "target": "RIONEGRO", "distance": 0.5, "betweenness": 0.00017763153356373696, "weight": 0.10017763153356374 }, "geometry": { "type": "LineString", "coordinates": [ [ -75.141346, 6.376061 ], [ -75.377316, 6.147148 ] ] } },
{ "type": "Feature", "properties": { "source": "ALEJANDRÍA", "target": "SAN CARLOS", "distance": 0.5, "betweenness": 0.0, "weight": 0.1 }, "geometry": { "type": "LineString", "coordinates": [ [ -75.141346, 6.376061 ], [ -74.988097, 6.187746 ] ] } },
{ "type": "Feature", "properties": { "source": "ALEJANDRÍA", "target": "SANTO DOMINGO", "distance": 0.5, "betweenness": 0.00014486455164421265, "weight": 0.10014486455164422 }, "geometry": { "type": "LineString", "coordinates": [ [ -75.141346, 6.376061 ], [ -75.164903, 6.473032 ] ] } },
{ "type": "Feature", "properties": { "source": "ALEJANDRÍA", "target": "RETIRO", "distance": 0.33333333333333331, "betweenness": 0.0056206296319290666, "weight": 0.10562062963192907 }, "geometry": { "type": "LineString", "coordinates": [ [ -75.141346, 6.376061 ], [ -75.501301, 6.062454 ] ] } },
{ "type": "Feature", "properties": { "source": "ALEJANDRÍA", "target": "LA UNIÓN", "distance": 0.5, "betweenness": 0.0005794582065768505, "weight": 0.10057945820657685 }, "geometry": { "type": "LineString", "coordinates": [ [ -75.141346, 6.376061 ], [ -75.360874, 5.973845 ] ] } },
{ "type": "Feature", "properties": { "source": "ALEJANDRÍA", "target": "MACEO", "distance": 0.5, "betweenness": 0.0004432165449114601, "weight": 0.10044321654491147 }, "geometry": { "type": "LineString", "coordinates": [ [ -75.141346, 6.376061 ], [ -74.78716, 6.552116 ] ] } },
{ "type": "Feature", "properties": { "source": "ALEJANDRÍA", "target": "MARINILLA", "distance": 0.33333333333333331, "betweenness": 0.00076295330532618667, "weight": 0.1007629533053262 }, "geometry": { "type": "LineString", "coordinates": [ [ -75.141346, 6.376061 ], [ -75.339345, 6.173995 ] ] } },
{ "type": "Feature", "properties": { "source": "ALEJANDRÍA", "target": "MEDELLÍN", "distance": 0.5, "betweenness": 0.00052191478745151063, "weight": 0.10052191478745151 }, "geometry": { "type": "LineString", "coordinates": [ [ -75.141346, 6.376061 ], [ -75.581775, 6.246631 ] ] } },
{ "type": "Feature", "properties": { "source": "ALEJANDRÍA", "target": "PEÑOL", "distance": 0.5, "betweenness": 0.00016096061293801407, "weight": 0.10016096061293801 }, "geometry": { "type": "LineString", "coordinates": [ [ -75.141346, 6.376061 ], [ -75.242693, 6.219349 ] ] } },
{ "type": "Feature", "properties": { "source": "ALEJANDRÍA", "target": "BARBOSA", "distance": 0.5, "betweenness": 0.00014486455164421265, "weight": 0.10014486455164422 }, "geometry": { "type": "LineString", "coordinates": [ [ -75.141346, 6.376061 ], [ -75.331627, 6.439195 ] ] } },
{ "type": "Feature", "properties": { "source": "ALEJANDRÍA", "target": "YALÍ", "distance": 0.5, "betweenness": 0.00071966639763249951, "weight": 0.10071966639763251 }, "geometry": { "type": "LineString", "coordinates": [ [ -75.141346, 6.376061 ], [ -74.840059, 6.676554 ] ] } },
{ "type": "Feature", "properties": { "source": "ALEJANDRÍA", "target": "PUERTO BERRÍO", "distance": 1.0, "betweenness": 0.0, "weight": 0.1 }, "geometry": { "type": "LineString", "coordinates": [ [ -75.141346, 6.376061 ], [ -74.410016, 6.487028 ] ] } },
{ "type": "Feature", "properties": { "source": "ALEJANDRÍA", "target": "VEGACHÍ", "distance": 0.5, "betweenness": 0.0045050048085812583, "weight": 0.10450500480858127 }, "geometry": { "type": "LineString", "coordinates": [ [ -75.141346, 6.376061 ], [ -74.798714, 6.773525 ] ] } },
{ "type": "Feature", "properties": { "source": "ALEJANDRÍA", "target": "PUERTO NARE", "distance": 1.0, "betweenness": 0.0, "weight": 0.1 }, "geometry": { "type": "LineString", "coordinates": [ [ -75.141346, 6.376061 ], [ -74.583012, 6.186025 ] ] } },
{ "type": "Feature", "properties": { "source": "ALEJANDRÍA", "target": "CARACOLÍ", "distance": 0.5, "betweenness": 0.0010852298987892208, "weight": 0.10108522989878922 }, "geometry": { "type": "LineString", "coordinates": [ [ -75.141346, 6.376061 ], [ -74.757421, 6.409829 ] ] } },
{ "type": "Feature", "properties": { "source": "ALEJANDRÍA", "target": "BELLO", "distance": 0.5, "betweenness": 0.00021930883512804415, "weight": 0.10021930883512804 }, "geometry": { "type": "LineString", "coordinates": [ [ -75.141346, 6.376061 ], [ -75.555245, 6.333587 ] ] } },
{ "type": "Feature", "properties": { "source": "ALEJANDRÍA", "target": "SONSÓN", "distance": 1.0, "betweenness": 0.0, "weight": 0.1 }, "geometry": { "type": "LineString", "coordinates": [ [ -75.141346, 6.376061 ], [ -75.309596, 5.714851 ] ] } },
{ "type": "Feature", "properties": { "source": "SAN JERÓNIMO", "target": "GUARNE", "distance": 0.5, "betweenness": 0.00062452717819949449, "weight": 0.1006245271781995 }, "geometry": { "type": "LineString", "coordinates": [ [ -75.726975, 6.44809 ], [ -75.441612, 6.27787 ] ] } },
{ "type": "Feature", "properties": { "source": "SAN JERÓNIMO", "target": "RIONEGRO", "distance": 0.5, "betweenness": 0.00059555426787065197, "weight": 0.10059555426787066 }, "geometry": { "type": "LineString", "coordinates": [ [ -75.726975, 6.44809 ], [ -75.377316, 6.147148 ] ] } },
{ "type": "Feature", "properties": { "source": "SAN JERÓNIMO", "target": "ANGELÓPOLIS", "distance": 0.5, "betweenness": 0.00014486455164421265, "weight": 0.10014486455164422 }, "geometry": { "type": "LineString", "coordinates": [ [ -75.726975, 6.44809 ], [ -75.711389, 6.109719 ] ] } },
{ "type": "Feature", "properties": { "source": "SAN JERÓNIMO", "target": "CAICEDO", "distance": 0.5, "betweenness": 0.0002655850113477232, "weight": 0.10026558501134773 }, "geometry": { "type": "LineString", "coordinates": [ [ -75.726975, 6.44809 ], [ -75.98293, 6.405607 ] ] } },
{ "type": "Feature", "properties": { "source": "SAN JERÓNIMO", "target": "MEDELLÍN", "distance": 0.5, "betweenness": 0.00032594524119947848, "weight": 0.10032594524119949 }, "geometry": { "type": "LineString", "coordinates": [ [ -75.726975, 6.44809 ], [ -75.581775, 6.246631 ] ] } },
{ "type": "Feature", "properties": { "source": "SAN JERÓNIMO", "target": "HELICONIA", "distance": 0.5, "betweenness": 0.0005794582065768506, "weight": 0.10057945820657685 }, "geometry": { "type": "LineString", "coordinates": [ [ -75.726975, 6.44809 ], [ -75.734322, 6.206757 ] ] } },
{ "type": "Feature", "properties": { "source": "SAN JERÓNIMO", "target": "RETIRO", "distance": 0.5, "betweenness": 0.00052191478745151063, "weight": 0.10052191478745151 }, "geometry": { "type": "LineString", "coordinates": [ [ -75.726975, 6.44809 ], [ -75.501301, 6.062454 ] ] } },
{ "type": "Feature", "properties": { "source": "SAN JERÓNIMO", "target": "SOPETRÁN", "distance": 0.5, "betweenness": 0.00014486455164421265, "weight": 0.10014486455164422 }, "geometry": { "type": "LineString", "coordinates": [ [ -75.726975, 6.44809 ], [ -75.747378, 6.500745 ] ] } },
{ "type": "Feature", "properties": { "source": "SAN JERÓNIMO", "target": "SAN PEDRO DE LOS MILAGROS", "distance": 0.5, "betweenness": 0.00018108068955526583, "weight": 0.10018108068955527 }, "geometry": { "type": "LineString", "coordinates": [ [ -75.726975, 6.44809 ], [ -75.556743, 6.46012 ] ] } },
{ "type": "Feature", "properties": { "source": "SAN JERÓNIMO", "target": "ENVIGADO", "distance": 0.33333333333333331, "betweenness": 0.0016562847071321645, "weight": 0.10165628470713217 }, "geometry": { "type": "LineString", "coordinates": [ [ -75.726975, 6.44809 ], [ -75.582192, 6.166695 ] ] } },
{ "type": "Feature", "properties": { "source": "SAN JERÓNIMO", "target": "CONCORDIA", "distance": 0.33333333333333331, "betweenness": 0.0026630933410594433, "weight": 0.10266309334105946 }, "geometry": { "type": "LineString", "coordinates": [ [ -75.726975, 6.44809 ], [ -75.908448, 6.045738 ] ] } },
{ "type": "Feature", "properties": { "source": "SAN JERÓNIMO", "target": "COPACABANA", "distance": 0.33333333333333331, "betweenness": 0.00049374668018735814, "weight": 0.10049374668018736 }, "geometry": { "type": "LineString", "coordinates": [ [ -75.726975, 6.44809 ], [ -75.509384, 6.348557 ] ] } },
{ "type": "Feature", "properties": { "source": "SAN JERÓNIMO", "target": "CONCEPCIÓN", "distance": 0.5, "betweenness": 0.00043056963960918756, "weight": 0.1004305696396092 }, "geometry": { "type": "LineString", "coordinates": [ [ -75.726975, 6.44809 ], [ -75.257587, 6.394348 ] ] } },
{ "type": "Feature", "properties": { "source": "SAN JERÓNIMO", "target": "LA ESTRELLA", "distance": 0.5, "betweenness": 0.0005794582065768506, "weight": 0.10057945820657685 }, "geometry": { "type": "LineString", "coordinates": [ [ -75.726975, 6.44809 ], [ -75.637708, 6.145238 ] ] } },
{ "type": "Feature", "properties": { "source": "SAN JERÓNIMO", "target": "BELLO", "distance": 0.5, "betweenness": 0.00014486455164421265, "weight": 0.10014486455164422 }, "geometry": { "type": "LineString", "coordinates": [ [ -75.726975, 6.44809 ], [ -75.555245, 6.333587 ] ] } },
{ "type": "Feature", "properties": { "source": "SAN JERÓNIMO", "target": "AMAGÁ", "distance": 0.33333333333333331, "betweenness": 0.0020671366716564455, "weight": 0.10206713667165646 }, "geometry": { "type": "LineString", "coordinates": [ [ -75.726975, 6.44809 ], [ -75.702188, 6.038708 ] ] } },
{ "type": "Feature", "properties": { "source": "SAN JERÓNIMO", "target": "ANZÁ", "distance": 0.5, "betweenness": 0.00030783717224395189, "weight": 0.10030783717224395 }, "geometry": { "type": "LineString", "coordinates": [ [ -75.726975, 6.44809 ], [ -75.854442, 6.302641 ] ] } },
{ "type": "Feature", "properties": { "source": "SAN JERÓNIMO", "target": "BARBOSA", "distance": 0.33333333333333331, "betweenness": 0.0026016983644102285, "weight": 0.10260169836441023 }, "geometry": { "type": "LineString", "coordinates": [ [ -75.726975, 6.44809 ], [ -75.331627, 6.439195 ] ] } },
{ "type": "Feature", "properties": { "source": "SAN JERÓNIMO", "target": "EBÉJICO", "distance": 0.5, "betweenness": 0.00058604295892431479, "weight": 0.10058604295892432 }, "geometry": { "type": "LineString", "coordinates": [ [ -75.726975, 6.44809 ], [ -75.766413, 6.325615 ] ] } },
{ "type": "Feature", "properties": { "source": "SAN JERÓNIMO", "target": "ITAGÜÍ", "distance": 0.5, "betweenness": 0.00059394466174127181, "weight": 0.10059394466174128 }, "geometry": { "type": "LineString", "coordinates": [ [ -75.726975, 6.44809 ], [ -75.612056, 6.175079 ] ] } },
{ "type": "Feature", "properties": { "source": "SAN JERÓNIMO", "target": "TITIRIBÍ", "distance": 0.5, "betweenness": 0.00059060163362640542, "weight": 0.10059060163362642 }, "geometry": { "type": "LineString", "coordinates": [ [ -75.726975, 6.44809 ], [ -75.791887, 6.062391 ] ] } },
{ "type": "Feature", "properties": { "source": "SAN JERÓNIMO", "target": "SANTO DOMINGO", "distance": 0.5, "betweenness": 0.0011331418111079127, "weight": 0.10113314181110791 }, "geometry": { "type": "LineString", "coordinates": [ [ -75.726975, 6.44809 ], [ -75.164903, 6.473032 ] ] } },
{ "type": "Feature", "properties": { "source": "SAN JERÓNIMO", "target": "BETULIA", "distance": 0.5, "betweenness": 0.00073749226291599168, "weight": 0.10073749226291599 }, "geometry": { "type": "LineString", "coordinates": [ [ -75.726975, 6.44809 ], [ -75.984452, 6.115208 ] ] } },
{ "type": "Feature", "properties": { "source": "SAN JERÓNIMO", "target": "CALDAS", "distance": 0.5, "betweenness": 0.00018108068955526583, "weight": 0.10018108068955527 }, "geometry": { "type": "LineString", "coordinates": [ [ -75.726975, 6.44809 ], [ -75.633673, 6.091077 ] ] } },
{ "type": "Feature", "properties": { "source": "SAN JERÓNIMO", "target": "MARINILLA", "distance": 0.5, "betweenness": 0.00016096061293801407, "weight": 0.10016096061293801 }, "geometry": { "type": "LineString", "coordinates": [ [ -75.726975, 6.44809 ], [ -75.339345, 6.173995 ] ] } },
{ "type": "Feature", "properties": { "source": "SAN JERÓNIMO", "target": "GIRARDOTA", "distance": 0.5, "betweenness": 0.00032594524119947848, "weight": 0.10032594524119949 }, "geometry": { "type": "LineString", "coordinates": [ [ -75.726975, 6.44809 ], [ -75.444238, 6.379472 ] ] } },
{ "type": "Feature", "properties": { "source": "SAN JERÓNIMO", "target": "OLAYA", "distance": 0.5, "betweenness": 0.00041447357831538614, "weight": 0.10041447357831539 }, "geometry": { "type": "LineString", "coordinates": [ [ -75.726975, 6.44809 ], [ -75.811773, 6.626492 ] ] } },
{ "type": "Feature", "properties": { "source": "SAN JERÓNIMO", "target": "EL CARMEN DE VIBORAL", "distance": 0.5, "betweenness": 0.00070420268160381139, "weight": 0.10070420268160382 }, "geometry": { "type": "LineString", "coordinates": [ [ -75.726975, 6.44809 ], [ -75.333901, 6.082885 ] ] } },
{ "type": "Feature", "properties": { "source": "SAN JERÓNIMO", "target": "SABANETA", "distance": 0.5, "betweenness": 0.0005794582065768506, "weight": 0.10057945820657685 }, "geometry": { "type": "LineString", "coordinates": [ [ -75.726975, 6.44809 ], [ -75.615479, 6.149903 ] ] } },
{ "type": "Feature", "properties": { "source": "SAN JERÓNIMO", "target": "SANTA BÁRBARA", "distance": 0.33333333333333331, "betweenness": 0.003022840310975904, "weight": 0.10302284031097592 }, "geometry": { "type": "LineString", "coordinates": [ [ -75.726975, 6.44809 ], [ -75.567351, 5.875527 ] ] } },
{ "type": "Feature", "properties": { "source": "SAN JERÓNIMO", "target": "LA CEJA", "distance": 0.5, "betweenness": 0.00079463328050898658, "weight": 0.10079463328050899 }, "geometry": { "type": "LineString", "coordinates": [ [ -75.726975, 6.44809 ], [ -75.429433, 6.028062 ] ] } },
{ "type": "Feature", "properties": { "source": "SAN JERÓNIMO", "target": "ARMENIA", "distance": 0.5, "betweenness": 0.00016297262059973924, "weight": 0.10016297262059974 }, "geometry": { "type": "LineString", "coordinates": [ [ -75.726975, 6.44809 ], [ -75.786647, 6.155667 ] ] } },
{ "type": "Feature", "properties": { "source": "SAN JERÓNIMO", "target": "FREDONIA", "distance": 0.33333333333333331, "betweenness": 0.0031257976173230412, "weight": 0.10312579761732305 }, "geometry": { "type": "LineString", "coordinates": [ [ -75.726975, 6.44809 ], [ -75.675072, 5.928039 ] ] } },
{ "type": "Feature", "properties": { "source": "SAN JERÓNIMO", "target": "PEÑOL", "distance": 0.5, "betweenness": 0.00077663495742591774, "weight": 0.10077663495742592 }, "geometry": { "type": "LineString", "coordinates": [ [ -75.726975, 6.44809 ], [ -75.242693, 6.219349 ] ] } },
{ "type": "Feature", "properties": { "source": "SAN JERÓNIMO", "target": "VENECIA", "distance": 0.5, "betweenness": 0.00068730181724532, "weight": 0.10068730181724532 }, "geometry": { "type": "LineString", "coordinates": [ [ -75.726975, 6.44809 ], [ -75.735544, 5.964693 ] ] } },
{ "type": "Feature", "properties": { "source": "SAN JERÓNIMO", "target": "MONTEBELLO", "distance": 1.0, "betweenness": 0.0, "weight": 0.1 }, "geometry": { "type": "LineString", "coordinates": [ [ -75.726975, 6.44809 ], [ -75.523455, 5.946313 ] ] } },
{ "type": "Feature", "properties": { "source": "SAN JERÓNIMO", "target": "SALGAR", "distance": 0.5, "betweenness": 0.0010933249633814604, "weight": 0.10109332496338147 }, "geometry": { "type": "LineString", "coordinates": [ [ -75.726975, 6.44809 ], [ -75.976807, 5.964198 ] ] } },
{ "type": "Feature", "properties": { "source": "SAN ROQUE", "target": "SAN RAFAEL", "distance": 0.5, "betweenness": 0.00045720552565402624, "weight": 0.10045720552565403 }, "geometry": { "type": "LineString", "coordinates": [ [ -75.019109, 6.485939 ], [ -75.02849, 6.293759 ] ] } },
{ "type": "Feature", "properties": { "source": "SAN ROQUE", "target": "SANTO DOMINGO", "distance": 0.5, "betweenness": 0.00014486455164421265, "weight": 0.10014486455164422 }, "geometry": { "type": "LineString", "coordinates": [ [ -75.019109, 6.485939 ], [ -75.164903, 6.473032 ] ] } },
{ "type": "Feature", "properties": { "source": "SAN ROQUE", "target": "CISNEROS", "distance": 0.5, "betweenness": 0.00017751656169735265, "weight": 0.10017751656169736 }, "geometry": { "type": "LineString", "coordinates": [ [ -75.019109, 6.485939 ], [ -75.087047, 6.537829 ] ] } },
{ "type": "Feature", "properties": { "source": "SAN ROQUE", "target": "EL SANTUARIO", "distance": 0.5, "betweenness": 0.00061133938252582321, "weight": 0.10061133938252582 }, "geometry": { "type": "LineString", "coordinates": [ [ -75.019109, 6.485939 ], [ -75.265465, 6.136871 ] ] } },
{ "type": "Feature", "properties": { "source": "SAN ROQUE", "target": "CARACOLÍ", "distance": 0.5, "betweenness": 0.00035619329404640131, "weight": 0.10035619329404641 }, "geometry": { "type": "LineString", "coordinates": [ [ -75.019109, 6.485939 ], [ -74.757421, 6.409829 ] ] } },
{ "type": "Feature", "properties": { "source": "SAN ROQUE", "target": "PEÑOL", "distance": 0.5, "betweenness": 0.00034626651858290272, "weight": 0.1003462665185829 }, "geometry": { "type": "LineString", "coordinates": [ [ -75.019109, 6.485939 ], [ -75.242693, 6.219349 ] ] } },
{ "type": "Feature", "properties": { "source": "SAN ROQUE", "target": "CONCEPCIÓN", "distance": 0.5, "betweenness": 0.00019778035314758482, "weight": 0.10019778035314759 }, "geometry": { "type": "LineString", "coordinates": [ [ -75.019109, 6.485939 ], [ -75.257587, 6.394348 ] ] } },
{ "type": "Feature", "properties": { "source": "SAN ROQUE", "target": "SAN CARLOS", "distance": 0.5, "betweenness": 0.00038570186875271621, "weight": 0.10038570186875272 }, "geometry": { "type": "LineString", "coordinates": [ [ -75.019109, 6.485939 ], [ -74.988097, 6.187746 ] ] } },
{ "type": "Feature", "properties": { "source": "SAN ROQUE", "target": "PUERTO NARE", "distance": 1.0, "betweenness": 1.4486455164421266e-05, "weight": 0.10001448645516443 }, "geometry": { "type": "LineString", "coordinates": [ [ -75.019109, 6.485939 ], [ -74.583012, 6.186025 ] ] } },
{ "type": "Feature", "properties": { "source": "SAN ROQUE", "target": "MACEO", "distance": 0.5, "betweenness": 0.00014486455164421265, "weight": 0.10014486455164422 }, "geometry": { "type": "LineString", "coordinates": [ [ -75.019109, 6.485939 ], [ -74.78716, 6.552116 ] ] } },
{ "type": "Feature", "properties": { "source": "SAN ROQUE", "target": "VEGACHÍ", "distance": 0.5, "betweenness": 0.000475528321477653, "weight": 0.10047552832147766 }, "geometry": { "type": "LineString", "coordinates": [ [ -75.019109, 6.485939 ], [ -74.798714, 6.773525 ] ] } },
{ "type": "Feature", "properties": { "source": "SAN ROQUE", "target": "BARBOSA", "distance": 0.5, "betweenness": 0.00021729682746631898, "weight": 0.10021729682746633 }, "geometry": { "type": "LineString", "coordinates": [ [ -75.019109, 6.485939 ], [ -75.331627, 6.439195 ] ] } },
{ "type": "Feature", "properties": { "source": "SAN ROQUE", "target": "GRANADA", "distance": 0.5, "betweenness": 0.0002434241841021502, "weight": 0.10024342418410216 }, "geometry": { "type": "LineString", "coordinates": [ [ -75.019109, 6.485939 ], [ -75.184446, 6.142892 ] ] } },
{ "type": "Feature", "properties": { "source": "SAN ROQUE", "target": "MARINILLA", "distance": 0.5, "betweenness": 0.00024445893089960883, "weight": 0.10024445893089962 }, "geometry": { "type": "LineString", "coordinates": [ [ -75.019109, 6.485939 ], [ -75.339345, 6.173995 ] ] } },
{ "type": "Feature", "properties": { "source": "SAN ROQUE", "target": "GUARNE", "distance": 0.5, "betweenness": 0.00029153991018397799, "weight": 0.10029153991018398 }, "geometry": { "type": "LineString", "coordinates": [ [ -75.019109, 6.485939 ], [ -75.441612, 6.27787 ] ] } },
{ "type": "Feature", "properties": { "source": "SAN ROQUE", "target": "SAN PEDRO DE LOS MILAGROS", "distance": 0.33333333333333331, "betweenness": 0.0033356892113954265, "weight": 0.10333568921139544 }, "geometry": { "type": "LineString", "coordinates": [ [ -75.019109, 6.485939 ], [ -75.556743, 6.46012 ] ] } },
{ "type": "Feature", "properties": { "source": "SAN ROQUE", "target": "RIONEGRO", "distance": 0.5, "betweenness": 0.00063395487124300683, "weight": 0.10063395487124301 }, "geometry": { "type": "LineString", "coordinates": [ [ -75.019109, 6.485939 ], [ -75.377316, 6.147148 ] ] } },
{ "type": "Feature", "properties": { "source": "SAN ROQUE", "target": "YALÍ", "distance": 0.5, "betweenness": 0.00014486455164421265, "weight": 0.10014486455164422 }, "geometry": { "type": "LineString", "coordinates": [ [ -75.019109, 6.485939 ], [ -74.840059, 6.676554 ] ] } },
{ "type": "Feature", "properties": { "source": "SAN ROQUE", "target": "COCORNÁ", "distance": 0.5, "betweenness": 0.000403700191835785, "weight": 0.1004037001918358 }, "geometry": { "type": "LineString", "coordinates": [ [ -75.019109, 6.485939 ], [ -75.185483, 6.058295 ] ] } },
{ "type": "Feature", "properties": { "source": "SAN ROQUE", "target": "GIRARDOTA", "distance": 0.5, "betweenness": 0.0001738374619730552, "weight": 0.10017383746197306 }, "geometry": { "type": "LineString", "coordinates": [ [ -75.019109, 6.485939 ], [ -75.444238, 6.379472 ] ] } },
{ "type": "Feature", "properties": { "source": "SAN ROQUE", "target": "GUATAPÉ", "distance": 0.5, "betweenness": 0.00045813414457482245, "weight": 0.10045813414457483 }, "geometry": { "type": "LineString", "coordinates": [ [ -75.019109, 6.485939 ], [ -75.160041, 6.232461 ] ] } },
{ "type": "Feature", "properties": { "source": "SAN ROQUE", "target": "PUERTO BERRÍO", "distance": 0.5, "betweenness": 0.00066057085831097142, "weight": 0.10066057085831098 }, "geometry": { "type": "LineString", "coordinates": [ [ -75.019109, 6.485939 ], [ -74.410016, 6.487028 ] ] } },
{ "type": "Feature", "properties": { "source": "SAN ROQUE", "target": "SAN LUIS", "distance": 0.5, "betweenness": 0.0003132695929306098, "weight": 0.10031326959293062 }, "geometry": { "type": "LineString", "coordinates": [ [ -75.019109, 6.485939 ], [ -74.993619, 6.043017 ] ] } },
{ "type": "Feature", "properties": { "source": "SAN ROQUE", "target": "COPACABANA", "distance": 0.5, "betweenness": 0.00024747694239219661, "weight": 0.10024747694239221 }, "geometry": { "type": "LineString", "coordinates": [ [ -75.019109, 6.485939 ], [ -75.509384, 6.348557 ] ] } },
{ "type": "Feature", "properties": { "source": "SAN ROQUE", "target": "REMEDIOS", "distance": 0.5, "betweenness": 0.0012686299246490471, "weight": 0.10126862992464905 }, "geometry": { "type": "LineString", "coordinates": [ [ -75.019109, 6.485939 ], [ -74.698135, 7.029424 ] ] } },
{ "type": "Feature", "properties": { "source": "SAN ROQUE", "target": "EL CARMEN DE VIBORAL", "distance": 0.5, "betweenness": 0.00073117463925808117, "weight": 0.10073117463925808 }, "geometry": { "type": "LineString", "coordinates": [ [ -75.019109, 6.485939 ], [ -75.333901, 6.082885 ] ] } },
{ "type": "Feature", "properties": { "source": "SAN ROQUE", "target": "SAN FRANCISCO", "distance": 1.0, "betweenness": 9.0540344777632907e-06, "weight": 0.10000905403447777 }, "geometry": { "type": "LineString", "coordinates": [ [ -75.019109, 6.485939 ], [ -75.101562, 5.963476 ] ] } },
{ "type": "Feature", "properties": { "source": "BARBOSA", "target": "SAN CARLOS", "distance": 0.5, "betweenness": 0.00014486455164421265, "weight": 0.10014486455164422 }, "geometry": { "type": "LineString", "coordinates": [ [ -75.331627, 6.439195 ], [ -74.988097, 6.187746 ] ] } },
{ "type": "Feature", "properties": { "source": "BARBOSA", "target": "RIONEGRO", "distance": 0.5, "betweenness": 0.00021729682746631898, "weight": 0.10021729682746633 }, "geometry": { "type": "LineString", "coordinates": [ [ -75.331627, 6.439195 ], [ -75.377316, 6.147148 ] ] } },
{ "type": "Feature", "properties": { "source": "BARBOSA", "target": "EL SANTUARIO", "distance": 0.5, "betweenness": 0.00039837751702158478, "weight": 0.10039837751702159 }, "geometry": { "type": "LineString", "coordinates": [ [ -75.331627, 6.439195 ], [ -75.265465, 6.136871 ] ] } },
{ "type": "Feature", "properties": { "source": "BARBOSA", "target": "MEDELLÍN", "distance": 0.5, "betweenness": 0.00045873774687334005, "weight": 0.10045873774687335 }, "geometry": { "type": "LineString", "coordinates": [ [ -75.331627, 6.439195 ], [ -75.581775, 6.246631 ] ] } },
{ "type": "Feature", "properties": { "source": "BARBOSA", "target": "SAN RAFAEL", "distance": 0.33333333333333331, "betweenness": 0.0023950939205176487, "weight": 0.10239509392051765 }, "geometry": { "type": "LineString", "coordinates": [ [ -75.331627, 6.439195 ], [ -75.02849, 6.293759 ] ] } },
{ "type": "Feature", "properties": { "source": "BARBOSA", "target": "PEÑOL", "distance": 0.5, "betweenness": 0.00027162103433289871, "weight": 0.1002716210343329 }, "geometry": { "type": "LineString", "coordinates": [ [ -75.331627, 6.439195 ], [ -75.242693, 6.219349 ] ] } },
{ "type": "Feature", "properties": { "source": "BARBOSA", "target": "GRANADA", "distance": 0.5, "betweenness": 0.0001979815539137573, "weight": 0.10019798155391377 }, "geometry": { "type": "LineString", "coordinates": [ [ -75.331627, 6.439195 ], [ -75.184446, 6.142892 ] ] } },
{ "type": "Feature", "properties": { "source": "BARBOSA", "target": "SAN PEDRO DE LOS MILAGROS", "distance": 0.5, "betweenness": 0.00014486455164421265, "weight": 0.10014486455164422 }, "geometry": { "type": "LineString", "coordinates": [ [ -75.331627, 6.439195 ], [ -75.556743, 6.46012 ] ] } },
{ "type": "Feature", "properties": { "source": "BARBOSA", "target": "MACEO", "distance": 0.33333333333333331, "betweenness": 0.0059325483054296592, "weight": 0.10593254830542967 }, "geometry": { "type": "LineString", "coordinates": [ [ -75.331627, 6.439195 ], [ -74.78716, 6.552116 ] ] } },
{ "type": "Feature", "properties": { "source": "BARBOSA", "target": "GUARNE", "distance": 0.5, "betweenness": 0.00019315273552561685, "weight": 0.10019315273552562 }, "geometry": { "type": "LineString", "coordinates": [ [ -75.331627, 6.439195 ], [ -75.441612, 6.27787 ] ] } },
{ "type": "Feature", "properties": { "source": "BARBOSA", "target": "CONCEPCIÓN", "distance": 0.5, "betweenness": 0.00016096061293801407, "weight": 0.10016096061293801 }, "geometry": { "type": "LineString", "coordinates": [ [ -75.331627, 6.439195 ], [ -75.257587, 6.394348 ] ] } },
{ "type": "Feature", "properties": { "source": "BARBOSA", "target": "EL CARMEN DE VIBORAL", "distance": 0.5, "betweenness": 0.00026551868142480917, "weight": 0.10026551868142482 }, "geometry": { "type": "LineString", "coordinates": [ [ -75.331627, 6.439195 ], [ -75.333901, 6.082885 ] ] } },
{ "type": "Feature", "properties": { "source": "BARBOSA", "target": "YALÍ", "distance": 0.5, "betweenness": 0.00062228522680500076, "weight": 0.10062228522680501 }, "geometry": { "type": "LineString", "coordinates": [ [ -75.331627, 6.439195 ], [ -74.840059, 6.676554 ] ] } },
{ "type": "Feature", "properties": { "source": "BARBOSA", "target": "BELLO", "distance": 0.5, "betweenness": 0.00021729682746631898, "weight": 0.10021729682746633 }, "geometry": { "type": "LineString", "coordinates": [ [ -75.331627, 6.439195 ], [ -75.555245, 6.333587 ] ] } },
{ "type": "Feature", "properties": { "source": "BARBOSA", "target": "SANTO DOMINGO", "distance": 0.5, "betweenness": 0.00018042221432051941, "weight": 0.10018042221432052 }, "geometry": { "type": "LineString", "coordinates": [ [ -75.331627, 6.439195 ], [ -75.164903, 6.473032 ] ] } },
{ "type": "Feature", "properties": { "source": "BARBOSA", "target": "COPACABANA", "distance": 0.5, "betweenness": 0.00018108068955526583, "weight": 0.10018108068955527 }, "geometry": { "type": "LineString", "coordinates": [ [ -75.331627, 6.439195 ], [ -75.509384, 6.348557 ] ] } },
{ "type": "Feature", "properties": { "source": "BARBOSA", "target": "RETIRO", "distance": 0.5, "betweenness": 0.00095024247566620436, "weight": 0.10095024247566621 }, "geometry": { "type": "LineString", "coordinates": [ [ -75.331627, 6.439195 ], [ -75.501301, 6.062454 ] ] } },
{ "type": "Feature", "properties": { "source": "BARBOSA", "target": "GIRARDOTA", "distance": 0.5, "betweenness": 0.00014486455164421265, "weight": 0.10014486455164422 }, "geometry": { "type": "LineString", "coordinates": [ [ -75.331627, 6.439195 ], [ -75.444238, 6.379472 ] ] } },
{ "type": "Feature", "properties": { "source": "BARBOSA", "target": "MARINILLA", "distance": 0.5, "betweenness": 0.00014486455164421265, "weight": 0.10014486455164422 }, "geometry": { "type": "LineString", "coordinates": [ [ -75.331627, 6.439195 ], [ -75.339345, 6.173995 ] ] } },
{ "type": "Feature", "properties": { "source": "BARBOSA", "target": "GUATAPÉ", "distance": 0.5, "betweenness": 0.00021729682746631898, "weight": 0.10021729682746633 }, "geometry": { "type": "LineString", "coordinates": [ [ -75.331627, 6.439195 ], [ -75.160041, 6.232461 ] ] } },
{ "type": "Feature", "properties": { "source": "BARBOSA", "target": "CISNEROS", "distance": 0.5, "betweenness": 0.00033260476546004573, "weight": 0.10033260476546005 }, "geometry": { "type": "LineString", "coordinates": [ [ -75.331627, 6.439195 ], [ -75.087047, 6.537829 ] ] } },
{ "type": "Feature", "properties": { "source": "BARBOSA", "target": "COCORNÁ", "distance": 0.5, "betweenness": 0.00021729682746631898, "weight": 0.10021729682746633 }, "geometry": { "type": "LineString", "coordinates": [ [ -75.331627, 6.439195 ], [ -75.185483, 6.058295 ] ] } },
{ "type": "Feature", "properties": { "source": "BARBOSA", "target": "CALDAS", "distance": 0.5, "betweenness": 0.00021729682746631898, "weight": 0.10021729682746633 }, "geometry": { "type": "LineString", "coordinates": [ [ -75.331627, 6.439195 ], [ -75.633673, 6.091077 ] ] } },
{ "type": "Feature", "properties": { "source": "BARBOSA", "target": "SOPETRÁN", "distance": 0.5, "betweenness": 0.00026256699985513542, "weight": 0.10026256699985514 }, "geometry": { "type": "LineString", "coordinates": [ [ -75.331627, 6.439195 ], [ -75.747378, 6.500745 ] ] } },
{ "type": "Feature", "properties": { "source": "BARBOSA", "target": "ENVIGADO", "distance": 0.5, "betweenness": 0.00037121541358829489, "weight": 0.1003712154135883 }, "geometry": { "type": "LineString", "coordinates": [ [ -75.331627, 6.439195 ], [ -75.582192, 6.166695 ] ] } },
{ "type": "Feature", "properties": { "source": "BARBOSA", "target": "AMAGÁ", "distance": 0.33333333333333331, "betweenness": 0.0040760975789224376, "weight": 0.10407609757892244 }, "geometry": { "type": "LineString", "coordinates": [ [ -75.331627, 6.439195 ], [ -75.702188, 6.038708 ] ] } },
{ "type": "Feature", "properties": { "source": "BARBOSA", "target": "LA CEJA", "distance": 0.5, "betweenness": 0.00028479053902782714, "weight": 0.10028479053902783 }, "geometry": { "type": "LineString", "coordinates": [ [ -75.331627, 6.439195 ], [ -75.429433, 6.028062 ] ] } },
{ "type": "Feature", "properties": { "source": "BARBOSA", "target": "HELICONIA", "distance": 0.5, "betweenness": 0.00040148175741396079, "weight": 0.10040148175741397 }, "geometry": { "type": "LineString", "coordinates": [ [ -75.331627, 6.439195 ], [ -75.734322, 6.206757 ] ] } },
{ "type": "Feature", "properties": { "source": "BARBOSA", "target": "OLAYA", "distance": 0.5, "betweenness": 0.00047382780433627886, "weight": 0.10047382780433628 }, "geometry": { "type": "LineString", "coordinates": [ [ -75.331627, 6.439195 ], [ -75.811773, 6.626492 ] ] } },
{ "type": "Feature", "properties": { "source": "BARBOSA", "target": "ARMENIA", "distance": 0.5, "betweenness": 0.00038630547105123375, "weight": 0.10038630547105123 }, "geometry": { "type": "LineString", "coordinates": [ [ -75.331627, 6.439195 ], [ -75.786647, 6.155667 ] ] } },
{ "type": "Feature", "properties": { "source": "BARBOSA", "target": "ANGELÓPOLIS", "distance": 0.5, "betweenness": 0.0002897291032884253, "weight": 0.10028972910328843 }, "geometry": { "type": "LineString", "coordinates": [ [ -75.331627, 6.439195 ], [ -75.711389, 6.109719 ] ] } },
{ "type": "Feature", "properties": { "source": "BARBOSA", "target": "EBÉJICO", "distance": 0.5, "betweenness": 0.00040886246883639317, "weight": 0.1004088624688364 }, "geometry": { "type": "LineString", "coordinates": [ [ -75.331627, 6.439195 ], [ -75.766413, 6.325615 ] ] } },
{ "type": "Feature", "properties": { "source": "BARBOSA", "target": "LA UNIÓN", "distance": 0.5, "betweenness": 0.00037423342508088262, "weight": 0.10037423342508089 }, "geometry": { "type": "LineString", "coordinates": [ [ -75.331627, 6.439195 ], [ -75.360874, 5.973845 ] ] } },
{ "type": "Feature", "properties": { "source": "BARBOSA", "target": "SABANETA", "distance": 0.5, "betweenness": 0.00049253947559032305, "weight": 0.10049253947559032 }, "geometry": { "type": "LineString", "coordinates": [ [ -75.331627, 6.439195 ], [ -75.615479, 6.149903 ] ] } },
{ "type": "Feature", "properties": { "source": "BARBOSA", "target": "LA ESTRELLA", "distance": 0.5, "betweenness": 0.00040079192621565501, "weight": 0.10040079192621566 }, "geometry": { "type": "LineString", "coordinates": [ [ -75.331627, 6.439195 ], [ -75.637708, 6.145238 ] ] } },
{ "type": "Feature", "properties": { "source": "BARBOSA", "target": "ITAGÜÍ", "distance": 0.5, "betweenness": 0.00033318846878168908, "weight": 0.1003331884687817 }, "geometry": { "type": "LineString", "coordinates": [ [ -75.331627, 6.439195 ], [ -75.612056, 6.175079 ] ] } },
{ "type": "Feature", "properties": { "source": "BARBOSA", "target": "SAN LUIS", "distance": 0.5, "betweenness": 0.0010071535495264309, "weight": 0.10100715354952644 }, "geometry": { "type": "LineString", "coordinates": [ [ -75.331627, 6.439195 ], [ -74.993619, 6.043017 ] ] } },
{ "type": "Feature", "properties": { "source": "BARBOSA", "target": "CARACOLÍ", "distance": 1.0, "betweenness": 0.0, "weight": 0.1 }, "geometry": { "type": "LineString", "coordinates": [ [ -75.331627, 6.439195 ], [ -74.757421, 6.409829 ] ] } },
{ "type": "Feature", "properties": { "source": "SANTO DOMINGO", "target": "RIONEGRO", "distance": 0.5, "betweenness": 0.00051746746662000899, "weight": 0.10051746746662002 }, "geometry": { "type": "LineString", "coordinates": [ [ -75.164903, 6.473032 ], [ -75.377316, 6.147148 ] ] } },
{ "type": "Feature", "properties": { "source": "SANTO DOMINGO", "target": "CONCEPCIÓN", "distance": 0.5, "betweenness": 0.00017921500972348432, "weight": 0.10017921500972349 }, "geometry": { "type": "LineString", "coordinates": [ [ -75.164903, 6.473032 ], [ -75.257587, 6.394348 ] ] } },
{ "type": "Feature", "properties": { "source": "SANTO DOMINGO", "target": "GUARNE", "distance": 0.5, "betweenness": 0.00044710468439281996, "weight": 0.10044710468439283 }, "geometry": { "type": "LineString", "coordinates": [ [ -75.164903, 6.473032 ], [ -75.441612, 6.27787 ] ] } },
{ "type": "Feature", "properties": { "source": "SANTO DOMINGO", "target": "GUATAPÉ", "distance": 0.5, "betweenness": 0.00032594524119947848, "weight": 0.10032594524119949 }, "geometry": { "type": "LineString", "coordinates": [ [ -75.164903, 6.473032 ], [ -75.160041, 6.232461 ] ] } },
{ "type": "Feature", "properties": { "source": "SANTO DOMINGO", "target": "PEÑOL", "distance": 0.5, "betweenness": 0.00050435544785827266, "weight": 0.10050435544785828 }, "geometry": { "type": "LineString", "coordinates": [ [ -75.164903, 6.473032 ], [ -75.242693, 6.219349 ] ] } },
{ "type": "Feature", "properties": { "source": "SANTO DOMINGO", "target": "GRANADA", "distance": 0.5, "betweenness": 0.00035750501852196769, "weight": 0.10035750501852198 }, "geometry": { "type": "LineString", "coordinates": [ [ -75.164903, 6.473032 ], [ -75.184446, 6.142892 ] ] } },
{ "type": "Feature", "properties": { "source": "SANTO DOMINGO", "target": "MARINILLA", "distance": 0.5, "betweenness": 0.00028424180966553841, "weight": 0.10028424180966554 }, "geometry": { "type": "LineString", "coordinates": [ [ -75.164903, 6.473032 ], [ -75.339345, 6.173995 ] ] } },
{ "type": "Feature", "properties": { "source": "SANTO DOMINGO", "target": "COCORNÁ", "distance": 0.5, "betweenness": 0.0003077274263714942, "weight": 0.10030772742637149 }, "geometry": { "type": "LineString", "coordinates": [ [ -75.164903, 6.473032 ], [ -75.185483, 6.058295 ] ] } },
{ "type": "Feature", "properties": { "source": "SANTO DOMINGO", "target": "YALÍ", "distance": 0.33333333333333331, "betweenness": 0.0023533591330201489, "weight": 0.10235335913302016 }, "geometry": { "type": "LineString", "coordinates": [ [ -75.164903, 6.473032 ], [ -74.840059, 6.676554 ] ] } },
{ "type": "Feature", "properties": { "source": "SANTO DOMINGO", "target": "SAN PEDRO DE LOS MILAGROS", "distance": 0.5, "betweenness": 0.00018531374463577851, "weight": 0.10018531374463578 }, "geometry": { "type": "LineString", "coordinates": [ [ -75.164903, 6.473032 ], [ -75.556743, 6.46012 ] ] } },
{ "type": "Feature", "properties": { "source": "SANTO DOMINGO", "target": "SAN CARLOS", "distance": 0.5, "betweenness": 0.0002379917634154922, "weight": 0.1002379917634155 }, "geometry": { "type": "LineString", "coordinates": [ [ -75.164903, 6.473032 ], [ -74.988097, 6.187746 ] ] } },
{ "type": "Feature", "properties": { "source": "SANTO DOMINGO", "target": "SAN RAFAEL", "distance": 0.5, "betweenness": 0.00034513669889593398, "weight": 0.10034513669889594 }, "geometry": { "type": "LineString", "coordinates": [ [ -75.164903, 6.473032 ], [ -75.02849, 6.293759 ] ] } },
{ "type": "Feature", "properties": { "source": "SANTO DOMINGO", "target": "EL SANTUARIO", "distance": 0.5, "betweenness": 0.00051191746107000333, "weight": 0.10051191746107001 }, "geometry": { "type": "LineString", "coordinates": [ [ -75.164903, 6.473032 ], [ -75.265465, 6.136871 ] ] } },
{ "type": "Feature", "properties": { "source": "SANTO DOMINGO", "target": "VEGACHÍ", "distance": 0.5, "betweenness": 0.00070892121023777321, "weight": 0.10070892121023778 }, "geometry": { "type": "LineString", "coordinates": [ [ -75.164903, 6.473032 ], [ -74.798714, 6.773525 ] ] } },
{ "type": "Feature", "properties": { "source": "SANTO DOMINGO", "target": "SAN LUIS", "distance": 0.33333333333333331, "betweenness": 0.0051999475728289283, "weight": 0.10519994757282894 }, "geometry": { "type": "LineString", "coordinates": [ [ -75.164903, 6.473032 ], [ -74.993619, 6.043017 ] ] } },
{ "type": "Feature", "properties": { "source": "SANTO DOMINGO", "target": "MACEO", "distance": 0.5, "betweenness": 0.00021126080448114344, "weight": 0.10021126080448114 }, "geometry": { "type": "LineString", "coordinates": [ [ -75.164903, 6.473032 ], [ -74.78716, 6.552116 ] ] } },
{ "type": "Feature", "properties": { "source": "SANTO DOMINGO", "target": "EL CARMEN DE VIBORAL", "distance": 0.5, "betweenness": 0.0006405794215442193, "weight": 0.10064057942154422 }, "geometry": { "type": "LineString", "coordinates": [ [ -75.164903, 6.473032 ], [ -75.333901, 6.082885 ] ] } },
{ "type": "Feature", "properties": { "source": "SANTO DOMINGO", "target": "GIRARDOTA", "distance": 0.5, "betweenness": 0.00030114267402402991, "weight": 0.10030114267402404 }, "geometry": { "type": "LineString", "coordinates": [ [ -75.164903, 6.473032 ], [ -75.444238, 6.379472 ] ] } },
{ "type": "Feature", "properties": { "source": "SANTO DOMINGO", "target": "MEDELLÍN", "distance": 0.5, "betweenness": 0.0011613099183720652, "weight": 0.10116130991837208 }, "geometry": { "type": "LineString", "coordinates": [ [ -75.164903, 6.473032 ], [ -75.581775, 6.246631 ] ] } },
{ "type": "Feature", "properties": { "source": "SANTO DOMINGO", "target": "CISNEROS", "distance": 0.5, "betweenness": 0.00035135402367040771, "weight": 0.10035135402367042 }, "geometry": { "type": "LineString", "coordinates": [ [ -75.164903, 6.473032 ], [ -75.087047, 6.537829 ] ] } },
{ "type": "Feature", "properties": { "source": "SANTO DOMINGO", "target": "COPACABANA", "distance": 0.5, "betweenness": 0.00043503263842246888, "weight": 0.10043503263842248 }, "geometry": { "type": "LineString", "coordinates": [ [ -75.164903, 6.473032 ], [ -75.509384, 6.348557 ] ] } },
{ "type": "Feature", "properties": { "source": "SANTO DOMINGO", "target": "BELLO", "distance": 0.5, "betweenness": 0.00079495206613850692, "weight": 0.10079495206613852 }, "geometry": { "type": "LineString", "coordinates": [ [ -75.164903, 6.473032 ], [ -75.555245, 6.333587 ] ] } },
{ "type": "Feature", "properties": { "source": "SANTO DOMINGO", "target": "CARACOLÍ", "distance": 0.5, "betweenness": 0.00051192268706393, "weight": 0.10051192268706394 }, "geometry": { "type": "LineString", "coordinates": [ [ -75.164903, 6.473032 ], [ -74.757421, 6.409829 ] ] } },
{ "type": "Feature", "properties": { "source": "SANTO DOMINGO", "target": "ENVIGADO", "distance": 0.5, "betweenness": 0.00078167281557112048, "weight": 0.10078167281557113 }, "geometry": { "type": "LineString", "coordinates": [ [ -75.164903, 6.473032 ], [ -75.582192, 6.166695 ] ] } },
{ "type": "Feature", "properties": { "source": "SANTO DOMINGO", "target": "PUERTO BERRÍO", "distance": 0.5, "betweenness": 0.0015780463520576513, "weight": 0.10157804635205765 }, "geometry": { "type": "LineString", "coordinates": [ [ -75.164903, 6.473032 ], [ -74.410016, 6.487028 ] ] } },
{ "type": "Feature", "properties": { "source": "SANTO DOMINGO", "target": "PUERTO NARE", "distance": 1.0, "betweenness": 0.0, "weight": 0.1 }, "geometry": { "type": "LineString", "coordinates": [ [ -75.164903, 6.473032 ], [ -74.583012, 6.186025 ] ] } },
{ "type": "Feature", "properties": { "source": "SANTO DOMINGO", "target": "SOPETRÁN", "distance": 0.5, "betweenness": 0.00049918693986490594, "weight": 0.10049918693986491 }, "geometry": { "type": "LineString", "coordinates": [ [ -75.164903, 6.473032 ], [ -75.747378, 6.500745 ] ] } },
{ "type": "Feature", "properties": { "source": "SANTO DOMINGO", "target": "RETIRO", "distance": 0.5, "betweenness": 0.0023510387917167574, "weight": 0.10235103879171677 }, "geometry": { "type": "LineString", "coordinates": [ [ -75.164903, 6.473032 ], [ -75.501301, 6.062454 ] ] } },
{ "type": "Feature", "properties": { "source": "SANTO DOMINGO", "target": "LA CEJA", "distance": 0.5, "betweenness": 0.00060777264167094687, "weight": 0.10060777264167095 }, "geometry": { "type": "LineString", "coordinates": [ [ -75.164903, 6.473032 ], [ -75.429433, 6.028062 ] ] } },
{ "type": "Feature", "properties": { "source": "SAN RAFAEL", "target": "GUARNE", "distance": 0.5, "betweenness": 0.00031870201361726788, "weight": 0.10031870201361727 }, "geometry": { "type": "LineString", "coordinates": [ [ -75.02849, 6.293759 ], [ -75.441612, 6.27787 ] ] } },
{ "type": "Feature", "properties": { "source": "SAN RAFAEL", "target": "MEDELLÍN", "distance": 0.25, "betweenness": 0.014317618978635928, "weight": 0.11431761897863593 }, "geometry": { "type": "LineString", "coordinates": [ [ -75.02849, 6.293759 ], [ -75.581775, 6.246631 ] ] } },
{ "type": "Feature", "properties": { "source": "SAN RAFAEL", "target": "SAN CARLOS", "distance": 0.5, "betweenness": 0.00012072045970351054, "weight": 0.10012072045970352 }, "geometry": { "type": "LineString", "coordinates": [ [ -75.02849, 6.293759 ], [ -74.988097, 6.187746 ] ] } },
{ "type": "Feature", "properties": { "source": "SAN RAFAEL", "target": "CONCEPCIÓN", "distance": 0.5, "betweenness": 0.00031990921821430291, "weight": 0.10031990921821431 }, "geometry": { "type": "LineString", "coordinates": [ [ -75.02849, 6.293759 ], [ -75.257587, 6.394348 ] ] } },
{ "type": "Feature", "properties": { "source": "SAN RAFAEL", "target": "EL SANTUARIO", "distance": 0.5, "betweenness": 0.00047673606995640889, "weight": 0.10047673606995641 }, "geometry": { "type": "LineString", "coordinates": [ [ -75.02849, 6.293759 ], [ -75.265465, 6.136871 ] ] } },
{ "type": "Feature", "properties": { "source": "SAN RAFAEL", "target": "CARACOLÍ", "distance": 0.5, "betweenness": 0.0011884657908125963, "weight": 0.1011884657908126 }, "geometry": { "type": "LineString", "coordinates": [ [ -75.02849, 6.293759 ], [ -74.757421, 6.409829 ] ] } },
{ "type": "Feature", "properties": { "source": "SAN RAFAEL", "target": "SAN FRANCISCO", "distance": 0.5, "betweenness": 0.0011948163784321975, "weight": 0.10119481637843221 }, "geometry": { "type": "LineString", "coordinates": [ [ -75.02849, 6.293759 ], [ -75.101562, 5.963476 ] ] } },
{ "type": "Feature", "properties": { "source": "SAN RAFAEL", "target": "GIRARDOTA", "distance": 0.5, "betweenness": 0.00031870201361726788, "weight": 0.10031870201361727 }, "geometry": { "type": "LineString", "coordinates": [ [ -75.02849, 6.293759 ], [ -75.444238, 6.379472 ] ] } },
{ "type": "Feature", "properties": { "source": "SAN RAFAEL", "target": "RIONEGRO", "distance": 0.5, "betweenness": 0.00034394356428254727, "weight": 0.10034394356428256 }, "geometry": { "type": "LineString", "coordinates": [ [ -75.02849, 6.293759 ], [ -75.377316, 6.147148 ] ] } },
{ "type": "Feature", "properties": { "source": "SAN RAFAEL", "target": "RETIRO", "distance": 0.5, "betweenness": 0.0027644985272103906, "weight": 0.1027644985272104 }, "geometry": { "type": "LineString", "coordinates": [ [ -75.02849, 6.293759 ], [ -75.501301, 6.062454 ] ] } },
{ "type": "Feature", "properties": { "source": "SAN RAFAEL", "target": "ABEJORRAL", "distance": 0.5, "betweenness": 0.00078468298807281842, "weight": 0.10078468298807282 }, "geometry": { "type": "LineString", "coordinates": [ [ -75.02849, 6.293759 ], [ -75.428739, 5.789315 ] ] } },
{ "type": "Feature", "properties": { "source": "SAN RAFAEL", "target": "LA UNIÓN", "distance": 0.5, "betweenness": 0.0005794582065768506, "weight": 0.10057945820657685 }, "geometry": { "type": "LineString", "coordinates": [ [ -75.02849, 6.293759 ], [ -75.360874, 5.973845 ] ] } },
{ "type": "Feature", "properties": { "source": "SAN RAFAEL", "target": "SAN LUIS", "distance": 0.5, "betweenness": 0.00079675503404316955, "weight": 0.10079675503404317 }, "geometry": { "type": "LineString", "coordinates": [ [ -75.02849, 6.293759 ], [ -74.993619, 6.043017 ] ] } },
{ "type": "Feature", "properties": { "source": "SAN RAFAEL", "target": "GRANADA", "distance": 0.5, "betweenness": 0.0002379917634154922, "weight": 0.1002379917634155 }, "geometry": { "type": "LineString", "coordinates": [ [ -75.02849, 6.293759 ], [ -75.184446, 6.142892 ] ] } },
{ "type": "Feature", "properties": { "source": "SAN RAFAEL", "target": "SONSÓN", "distance": 0.5, "betweenness": 0.00043459365493263795, "weight": 0.10043459365493264 }, "geometry": { "type": "LineString", "coordinates": [ [ -75.02849, 6.293759 ], [ -75.309596, 5.714851 ] ] } },
{ "type": "Feature", "properties": { "source": "SAN RAFAEL", "target": "LA CEJA", "distance": 0.5, "betweenness": 0.00050702593075474425, "weight": 0.10050702593075475 }, "geometry": { "type": "LineString", "coordinates": [ [ -75.02849, 6.293759 ], [ -75.429433, 6.028062 ] ] } },
{ "type": "Feature", "properties": { "source": "SAN RAFAEL", "target": "GUATAPÉ", "distance": 0.5, "betweenness": 0.0002897291032884253, "weight": 0.10028972910328843 }, "geometry": { "type": "LineString", "coordinates": [ [ -75.02849, 6.293759 ], [ -75.160041, 6.232461 ] ] } },
{ "type": "Feature", "properties": { "source": "SAN RAFAEL", "target": "EL CARMEN DE VIBORAL", "distance": 0.5, "betweenness": 0.00027489773252485118, "weight": 0.10027489773252486 }, "geometry": { "type": "LineString", "coordinates": [ [ -75.02849, 6.293759 ], [ -75.333901, 6.082885 ] ] } },
{ "type": "Feature", "properties": { "source": "SAN RAFAEL", "target": "CISNEROS", "distance": 0.5, "betweenness": 0.00060715758238574389, "weight": 0.10060715758238575 }, "geometry": { "type": "LineString", "coordinates": [ [ -75.02849, 6.293759 ], [ -75.087047, 6.537829 ] ] } },
{ "type": "Feature", "properties": { "source": "SAN RAFAEL", "target": "PEÑOL", "distance": 0.5, "betweenness": 0.00031870201361726788, "weight": 0.10031870201361727 }, "geometry": { "type": "LineString", "coordinates": [ [ -75.02849, 6.293759 ], [ -75.242693, 6.219349 ] ] } },
{ "type": "Feature", "properties": { "source": "SAN RAFAEL", "target": "MARINILLA", "distance": 0.5, "betweenness": 0.0002897291032884253, "weight": 0.10028972910328843 }, "geometry": { "type": "LineString", "coordinates": [ [ -75.02849, 6.293759 ], [ -75.339345, 6.173995 ] ] } },
{ "type": "Feature", "properties": { "source": "SAN RAFAEL", "target": "COCORNÁ", "distance": 0.5, "betweenness": 0.00025943924249008995, "weight": 0.10025943924249009 }, "geometry": { "type": "LineString", "coordinates": [ [ -75.02849, 6.293759 ], [ -75.185483, 6.058295 ] ] } },
{ "type": "Feature", "properties": { "source": "SAN RAFAEL", "target": "BELLO", "distance": 0.5, "betweenness": 0.00069874151795055745, "weight": 0.10069874151795057 }, "geometry": { "type": "LineString", "coordinates": [ [ -75.02849, 6.293759 ], [ -75.555245, 6.333587 ] ] } },
{ "type": "Feature", "properties": { "source": "SAN RAFAEL", "target": "COPACABANA", "distance": 0.5, "betweenness": 0.00045873774687334005, "weight": 0.10045873774687335 }, "geometry": { "type": "LineString", "coordinates": [ [ -75.02849, 6.293759 ], [ -75.509384, 6.348557 ] ] } },
{ "type": "Feature", "properties": { "source": "SAN RAFAEL", "target": "ENVIGADO", "distance": 0.5, "betweenness": 0.0005794582065768506, "weight": 0.10057945820657685 }, "geometry": { "type": "LineString", "coordinates": [ [ -75.02849, 6.293759 ], [ -75.582192, 6.166695 ] ] } },
{ "type": "Feature", "properties": { "source": "SAN RAFAEL", "target": "PUERTO NARE", "distance": 0.5, "betweenness": 0.0014707828267150301, "weight": 0.10147078282671504 }, "geometry": { "type": "LineString", "coordinates": [ [ -75.02849, 6.293759 ], [ -74.583012, 6.186025 ] ] } },
{ "type": "Feature", "properties": { "source": "SAN RAFAEL", "target": "MACEO", "distance": 0.5, "betweenness": 0.00064492584049298507, "weight": 0.10064492584049299 }, "geometry": { "type": "LineString", "coordinates": [ [ -75.02849, 6.293759 ], [ -74.78716, 6.552116 ] ] } },
{ "type": "Feature", "properties": { "source": "SAN RAFAEL", "target": "YALÍ", "distance": 0.5, "betweenness": 0.00074351421591751881, "weight": 0.10074351421591753 }, "geometry": { "type": "LineString", "coordinates": [ [ -75.02849, 6.293759 ], [ -74.840059, 6.676554 ] ] } },
{ "type": "Feature", "properties": { "source": "SAN RAFAEL", "target": "PUERTO BERRÍO", "distance": 0.5, "betweenness": 0.0021078367123564864, "weight": 0.10210783671235649 }, "geometry": { "type": "LineString", "coordinates": [ [ -75.02849, 6.293759 ], [ -74.410016, 6.487028 ] ] } },
{ "type": "Feature", "properties": { "source": "SAN RAFAEL", "target": "VEGACHÍ", "distance": 1.0, "betweenness": 2.3215473019905875e-05, "weight": 0.10002321547301991 }, "geometry": { "type": "LineString", "coordinates": [ [ -75.02849, 6.293759 ], [ -74.798714, 6.773525 ] ] } },
{ "type": "Feature", "properties": { "source": "SAN RAFAEL", "target": "SAN PEDRO DE LOS MILAGROS", "distance": 0.33333333333333331, "betweenness": 0.0020763919069003811, "weight": 0.10207639190690039 }, "geometry": { "type": "LineString", "coordinates": [ [ -75.02849, 6.293759 ], [ -75.556743, 6.46012 ] ] } },
{ "type": "Feature", "properties": { "source": "SAN RAFAEL", "target": "PUERTO TRIUNFO", "distance": 0.5, "betweenness": 0.01631026272486507, "weight": 0.11631026272486508 }, "geometry": { "type": "LineString", "coordinates": [ [ -75.02849, 6.293759 ], [ -74.64119, 5.871318 ] ] } },
{ "type": "Feature", "properties": { "source": "CONCEPCIÓN", "target": "EL CARMEN DE VIBORAL", "distance": 0.5, "betweenness": 0.00025816048197621432, "weight": 0.10025816048197622 }, "geometry": { "type": "LineString", "coordinates": [ [ -75.257587, 6.394348 ], [ -75.333901, 6.082885 ] ] } },
{ "type": "Feature", "properties": { "source": "CONCEPCIÓN", "target": "BELLO", "distance": 0.5, "betweenness": 0.00024828174545688669, "weight": 0.10024828174545689 }, "geometry": { "type": "LineString", "coordinates": [ [ -75.257587, 6.394348 ], [ -75.555245, 6.333587 ] ] } },
{ "type": "Feature", "properties": { "source": "CONCEPCIÓN", "target": "RETIRO", "distance": 0.5, "betweenness": 0.0010676392032324235, "weight": 0.10106763920323243 }, "geometry": { "type": "LineString", "coordinates": [ [ -75.257587, 6.394348 ], [ -75.501301, 6.062454 ] ] } },
{ "type": "Feature", "properties": { "source": "CONCEPCIÓN", "target": "CISNEROS", "distance": 0.5, "betweenness": 0.00023039477624440686, "weight": 0.10023039477624442 }, "geometry": { "type": "LineString", "coordinates": [ [ -75.257587, 6.394348 ], [ -75.087047, 6.537829 ] ] } },
{ "type": "Feature", "properties": { "source": "CONCEPCIÓN", "target": "YALÍ", "distance": 0.5, "betweenness": 0.00056295974375070417, "weight": 0.10056295974375071 }, "geometry": { "type": "LineString", "coordinates": [ [ -75.257587, 6.394348 ], [ -74.840059, 6.676554 ] ] } },
{ "type": "Feature", "properties": { "source": "CONCEPCIÓN", "target": "SAN PEDRO DE LOS MILAGROS", "distance": 0.33333333333333331, "betweenness": 0.0012115212680184429, "weight": 0.10121152126801845 }, "geometry": { "type": "LineString", "coordinates": [ [ -75.257587, 6.394348 ], [ -75.556743, 6.46012 ] ] } },
{ "type": "Feature", "properties": { "source": "CONCEPCIÓN", "target": "COCORNÁ", "distance": 0.5, "betweenness": 0.0001701061023094921, "weight": 0.1001701061023095 }, "geometry": { "type": "LineString", "coordinates": [ [ -75.257587, 6.394348 ], [ -75.185483, 6.058295 ] ] } },
{ "type": "Feature", "properties": { "source": "CONCEPCIÓN", "target": "EL SANTUARIO", "distance": 0.5, "betweenness": 0.00029082656201300265, "weight": 0.10029082656201301 }, "geometry": { "type": "LineString", "coordinates": [ [ -75.257587, 6.394348 ], [ -75.265465, 6.136871 ] ] } },
{ "type": "Feature", "properties": { "source": "CONCEPCIÓN", "target": "GUATAPÉ", "distance": 0.5, "betweenness": 0.00019315273552561685, "weight": 0.10019315273552562 }, "geometry": { "type": "LineString", "coordinates": [ [ -75.257587, 6.394348 ], [ -75.160041, 6.232461 ] ] } },
{ "type": "Feature", "properties": { "source": "CONCEPCIÓN", "target": "RIONEGRO", "distance": 0.5, "betweenness": 0.0002106336852099564, "weight": 0.10021063368520997 }, "geometry": { "type": "LineString", "coordinates": [ [ -75.257587, 6.394348 ], [ -75.377316, 6.147148 ] ] } },
{ "type": "Feature", "properties": { "source": "CONCEPCIÓN", "target": "PEÑOL", "distance": 0.5, "betweenness": 0.00018108068955526583, "weight": 0.10018108068955527 }, "geometry": { "type": "LineString", "coordinates": [ [ -75.257587, 6.394348 ], [ -75.242693, 6.219349 ] ] } },
{ "type": "Feature", "properties": { "source": "CONCEPCIÓN", "target": "COPACABANA", "distance": 0.5, "betweenness": 0.00019315273552561685, "weight": 0.10019315273552562 }, "geometry": { "type": "LineString", "coordinates": [ [ -75.257587, 6.394348 ], [ -75.509384, 6.348557 ] ] } },
{ "type": "Feature", "properties": { "source": "CONCEPCIÓN", "target": "GRANADA", "distance": 0.5, "betweenness": 0.0001569365976145637, "weight": 0.10015693659761457 }, "geometry": { "type": "LineString", "coordinates": [ [ -75.257587, 6.394348 ], [ -75.184446, 6.142892 ] ] } },
{ "type": "Feature", "properties": { "source": "CONCEPCIÓN", "target": "GIRARDOTA", "distance": 0.5, "betweenness": 0.00014486455164421265, "weight": 0.10014486455164422 }, "geometry": { "type": "LineString", "coordinates": [ [ -75.257587, 6.394348 ], [ -75.444238, 6.379472 ] ] } },
{ "type": "Feature", "properties": { "source": "CONCEPCIÓN", "target": "LA CEJA", "distance": 0.5, "betweenness": 0.0003545836879170212, "weight": 0.10035458368791703 }, "geometry": { "type": "LineString", "coordinates": [ [ -75.257587, 6.394348 ], [ -75.429433, 6.028062 ] ] } },
{ "type": "Feature", "properties": { "source": "CONCEPCIÓN", "target": "SAN CARLOS", "distance": 0.5, "betweenness": 0.00017504466657009029, "weight": 0.1001750446665701 }, "geometry": { "type": "LineString", "coordinates": [ [ -75.257587, 6.394348 ], [ -74.988097, 6.187746 ] ] } },
{ "type": "Feature", "properties": { "source": "CONCEPCIÓN", "target": "GUARNE", "distance": 0.5, "betweenness": 0.00014486455164421265, "weight": 0.10014486455164422 }, "geometry": { "type": "LineString", "coordinates": [ [ -75.257587, 6.394348 ], [ -75.441612, 6.27787 ] ] } },
{ "type": "Feature", "properties": { "source": "CONCEPCIÓN", "target": "MARINILLA", "distance": 0.33333333333333331, "betweenness": 0.00066195052070758297, "weight": 0.10066195052070759 }, "geometry": { "type": "LineString", "coordinates": [ [ -75.257587, 6.394348 ], [ -75.339345, 6.173995 ] ] } },
{ "type": "Feature", "properties": { "source": "CONCEPCIÓN", "target": "ENVIGADO", "distance": 0.5, "betweenness": 0.00024191125886041141, "weight": 0.10024191125886042 }, "geometry": { "type": "LineString", "coordinates": [ [ -75.257587, 6.394348 ], [ -75.582192, 6.166695 ] ] } },
{ "type": "Feature", "properties": { "source": "CONCEPCIÓN", "target": "MEDELLÍN", "distance": 0.5, "betweenness": 0.00046765851850597603, "weight": 0.10046765851850598 }, "geometry": { "type": "LineString", "coordinates": [ [ -75.257587, 6.394348 ], [ -75.581775, 6.246631 ] ] } },
{ "type": "Feature", "properties": { "source": "CONCEPCIÓN", "target": "SAN FRANCISCO", "distance": 0.5, "betweenness": 0.00093325538240792458, "weight": 0.10093325538240792 }, "geometry": { "type": "LineString", "coordinates": [ [ -75.257587, 6.394348 ], [ -75.101562, 5.963476 ] ] } },
{ "type": "Feature", "properties": { "source": "CONCEPCIÓN", "target": "MACEO", "distance": 0.5, "betweenness": 0.00018872631866982152, "weight": 0.10018872631866983 }, "geometry": { "type": "LineString", "coordinates": [ [ -75.257587, 6.394348 ], [ -74.78716, 6.552116 ] ] } },
{ "type": "Feature", "properties": { "source": "CONCEPCIÓN", "target": "LA UNIÓN", "distance": 0.5, "betweenness": 0.00039079982582807427, "weight": 0.10039079982582808 }, "geometry": { "type": "LineString", "coordinates": [ [ -75.257587, 6.394348 ], [ -75.360874, 5.973845 ] ] } },
{ "type": "Feature", "properties": { "source": "CONCEPCIÓN", "target": "SAN LUIS", "distance": 0.5, "betweenness": 0.0001569365976145637, "weight": 0.10015693659761457 }, "geometry": { "type": "LineString", "coordinates": [ [ -75.257587, 6.394348 ], [ -74.993619, 6.043017 ] ] } },
{ "type": "Feature", "properties": { "source": "CONCEPCIÓN", "target": "CARACOLÍ", "distance": 0.5, "betweenness": 0.00081596578771720005, "weight": 0.1008159657877172 }, "geometry": { "type": "LineString", "coordinates": [ [ -75.257587, 6.394348 ], [ -74.757421, 6.409829 ] ] } },
{ "type": "Feature", "properties": { "source": "CONCEPCIÓN", "target": "ITAGÜÍ", "distance": 0.5, "betweenness": 0.00025661720576974814, "weight": 0.10025661720576975 }, "geometry": { "type": "LineString", "coordinates": [ [ -75.257587, 6.394348 ], [ -75.612056, 6.175079 ] ] } },
{ "type": "Feature", "properties": { "source": "CONCEPCIÓN", "target": "SOPETRÁN", "distance": 0.5, "betweenness": 0.00014486455164421265, "weight": 0.10014486455164422 }, "geometry": { "type": "LineString", "coordinates": [ [ -75.257587, 6.394348 ], [ -75.747378, 6.500745 ] ] } },
{ "type": "Feature", "properties": { "source": "CONCEPCIÓN", "target": "CALDAS", "distance": 0.5, "betweenness": 0.0004157487208334665, "weight": 0.10041574872083348 }, "geometry": { "type": "LineString", "coordinates": [ [ -75.257587, 6.394348 ], [ -75.633673, 6.091077 ] ] } },
{ "type": "Feature", "properties": { "source": "CONCEPCIÓN", "target": "LA ESTRELLA", "distance": 0.5, "betweenness": 0.00038194699211648356, "weight": 0.10038194699211649 }, "geometry": { "type": "LineString", "coordinates": [ [ -75.257587, 6.394348 ], [ -75.637708, 6.145238 ] ] } },
{ "type": "Feature", "properties": { "source": "CONCEPCIÓN", "target": "SABANETA", "distance": 0.5, "betweenness": 0.00051715390698441543, "weight": 0.10051715390698442 }, "geometry": { "type": "LineString", "coordinates": [ [ -75.257587, 6.394348 ], [ -75.615479, 6.149903 ] ] } },
{ "type": "Feature", "properties": { "source": "CONCEPCIÓN", "target": "VEGACHÍ", "distance": 1.0, "betweenness": 9.6576367762808432e-06, "weight": 0.10000965763677629 }, "geometry": { "type": "LineString", "coordinates": [ [ -75.257587, 6.394348 ], [ -74.798714, 6.773525 ] ] } },
{ "type": "Feature", "properties": { "source": "CONCEPCIÓN", "target": "SONSÓN", "distance": 0.5, "betweenness": 0.00067540745506847221, "weight": 0.10067540745506848 }, "geometry": { "type": "LineString", "coordinates": [ [ -75.257587, 6.394348 ], [ -75.309596, 5.714851 ] ] } },
{ "type": "Feature", "properties": { "source": "CONCEPCIÓN", "target": "PUERTO NARE", "distance": 1.0, "betweenness": 1.2072045970351053e-05, "weight": 0.10001207204597036 }, "geometry": { "type": "LineString", "coordinates": [ [ -75.257587, 6.394348 ], [ -74.583012, 6.186025 ] ] } },
{ "type": "Feature", "properties": { "source": "CONCEPCIÓN", "target": "HELICONIA", "distance": 0.5, "betweenness": 0.00040678091525549138, "weight": 0.1004067809152555 }, "geometry": { "type": "LineString", "coordinates": [ [ -75.257587, 6.394348 ], [ -75.734322, 6.206757 ] ] } },
{ "type": "Feature", "properties": { "source": "CONCEPCIÓN", "target": "ABEJORRAL", "distance": 1.0, "betweenness": 0.0, "weight": 0.1 }, "geometry": { "type": "LineString", "coordinates": [ [ -75.257587, 6.394348 ], [ -75.428739, 5.789315 ] ] } },
{ "type": "Feature", "properties": { "source": "CONCEPCIÓN", "target": "EBÉJICO", "distance": 0.5, "betweenness": 0.00035994716568380191, "weight": 0.1003599471656838 }, "geometry": { "type": "LineString", "coordinates": [ [ -75.257587, 6.394348 ], [ -75.766413, 6.325615 ] ] } },
{ "type": "Feature", "properties": { "source": "CONCEPCIÓN", "target": "ANGELÓPOLIS", "distance": 1.0, "betweenness": 0.0, "weight": 0.1 }, "geometry": { "type": "LineString", "coordinates": [ [ -75.257587, 6.394348 ], [ -75.711389, 6.109719 ] ] } },
{ "type": "Feature", "properties": { "source": "SAN PEDRO DE LOS MILAGROS", "target": "SOPETRÁN", "distance": 0.5, "betweenness": 0.00021005359988410835, "weight": 0.10021005359988411 }, "geometry": { "type": "LineString", "coordinates": [ [ -75.556743, 6.46012 ], [ -75.747378, 6.500745 ] ] } },
{ "type": "Feature", "properties": { "source": "SAN PEDRO DE LOS MILAGROS", "target": "RETIRO", "distance": 0.33333333333333331, "betweenness": 0.0061325993529383373, "weight": 0.10613259935293834 }, "geometry": { "type": "LineString", "coordinates": [ [ -75.556743, 6.46012 ], [ -75.501301, 6.062454 ] ] } },
{ "type": "Feature", "properties": { "source": "SAN PEDRO DE LOS MILAGROS", "target": "EBÉJICO", "distance": 0.5, "betweenness": 0.00030745728268544436, "weight": 0.10030745728268545 }, "geometry": { "type": "LineString", "coordinates": [ [ -75.556743, 6.46012 ], [ -75.766413, 6.325615 ] ] } },
{ "type": "Feature", "properties": { "source": "SAN PEDRO DE LOS MILAGROS", "target": "ANGELÓPOLIS", "distance": 0.5, "betweenness": 7.2432275822106325e-05, "weight": 0.10007243227582212 }, "geometry": { "type": "LineString", "coordinates": [ [ -75.556743, 6.46012 ], [ -75.711389, 6.109719 ] ] } },
{ "type": "Feature", "properties": { "source": "SAN PEDRO DE LOS MILAGROS", "target": "GUARNE", "distance": 0.5, "betweenness": 0.00021729682746631898, "weight": 0.10021729682746633 }, "geometry": { "type": "LineString", "coordinates": [ [ -75.556743, 6.46012 ], [ -75.441612, 6.27787 ] ] } },
{ "type": "Feature", "properties": { "source": "SAN PEDRO DE LOS MILAGROS", "target": "MEDELLÍN", "distance": 0.5, "betweenness": 0.00013762132406200202, "weight": 0.10013762132406201 }, "geometry": { "type": "LineString", "coordinates": [ [ -75.556743, 6.46012 ], [ -75.581775, 6.246631 ] ] } },
{ "type": "Feature", "properties": { "source": "SAN PEDRO DE LOS MILAGROS", "target": "BELLO", "distance": 0.5, "betweenness": 0.00014486455164421265, "weight": 0.10014486455164422 }, "geometry": { "type": "LineString", "coordinates": [ [ -75.556743, 6.46012 ], [ -75.555245, 6.333587 ] ] } },
{ "type": "Feature", "properties": { "source": "SAN PEDRO DE LOS MILAGROS", "target": "MARINILLA", "distance": 0.5, "betweenness": 0.00014486455164421265, "weight": 0.10014486455164422 }, "geometry": { "type": "LineString", "coordinates": [ [ -75.556743, 6.46012 ], [ -75.339345, 6.173995 ] ] } },
{ "type": "Feature", "properties": { "source": "SAN PEDRO DE LOS MILAGROS", "target": "RIONEGRO", "distance": 0.5, "betweenness": 0.00021729682746631898, "weight": 0.10021729682746633 }, "geometry": { "type": "LineString", "coordinates": [ [ -75.556743, 6.46012 ], [ -75.377316, 6.147148 ] ] } },
{ "type": "Feature", "properties": { "source": "SAN PEDRO DE LOS MILAGROS", "target": "ENVIGADO", "distance": 0.33333333333333331, "betweenness": 0.0010804481143464194, "weight": 0.10108044811434642 }, "geometry": { "type": "LineString", "coordinates": [ [ -75.556743, 6.46012 ], [ -75.582192, 6.166695 ] ] } },
{ "type": "Feature", "properties": { "source": "SAN PEDRO DE LOS MILAGROS", "target": "CAICEDO", "distance": 0.5, "betweenness": 0.00041527838138007622, "weight": 0.10041527838138008 }, "geometry": { "type": "LineString", "coordinates": [ [ -75.556743, 6.46012 ], [ -75.98293, 6.405607 ] ] } },
{ "type": "Feature", "properties": { "source": "SAN PEDRO DE LOS MILAGROS", "target": "ANZÁ", "distance": 0.5, "betweenness": 0.00031387319522912746, "weight": 0.10031387319522914 }, "geometry": { "type": "LineString", "coordinates": [ [ -75.556743, 6.46012 ], [ -75.854442, 6.302641 ] ] } },
{ "type": "Feature", "properties": { "source": "SAN PEDRO DE LOS MILAGROS", "target": "GIRARDOTA", "distance": 0.5, "betweenness": 0.00019315273552561685, "weight": 0.10019315273552562 }, "geometry": { "type": "LineString", "coordinates": [ [ -75.556743, 6.46012 ], [ -75.444238, 6.379472 ] ] } },
{ "type": "Feature", "properties": { "source": "SAN PEDRO DE LOS MILAGROS", "target": "COPACABANA", "distance": 0.5, "betweenness": 0.00014486455164421265, "weight": 0.10014486455164422 }, "geometry": { "type": "LineString", "coordinates": [ [ -75.556743, 6.46012 ], [ -75.509384, 6.348557 ] ] } },
{ "type": "Feature", "properties": { "source": "SAN PEDRO DE LOS MILAGROS", "target": "HELICONIA", "distance": 0.5, "betweenness": 0.00030007657126301186, "weight": 0.10030007657126301 }, "geometry": { "type": "LineString", "coordinates": [ [ -75.556743, 6.46012 ], [ -75.734322, 6.206757 ] ] } },
{ "type": "Feature", "properties": { "source": "SAN PEDRO DE LOS MILAGROS", "target": "CALDAS", "distance": 0.5, "betweenness": 0.00018108068955526583, "weight": 0.10018108068955527 }, "geometry": { "type": "LineString", "coordinates": [ [ -75.556743, 6.46012 ], [ -75.633673, 6.091077 ] ] } },
{ "type": "Feature", "properties": { "source": "SAN PEDRO DE LOS MILAGROS", "target": "BETULIA", "distance": 0.5, "betweenness": 0.00082199658470844905, "weight": 0.10082199658470846 }, "geometry": { "type": "LineString", "coordinates": [ [ -75.556743, 6.46012 ], [ -75.984452, 6.115208 ] ] } },
{ "type": "Feature", "properties": { "source": "SAN PEDRO DE LOS MILAGROS", "target": "ARMENIA", "distance": 0.5, "betweenness": 0.00024506253319812638, "weight": 0.10024506253319813 }, "geometry": { "type": "LineString", "coordinates": [ [ -75.556743, 6.46012 ], [ -75.786647, 6.155667 ] ] } },
{ "type": "Feature", "properties": { "source": "SAN PEDRO DE LOS MILAGROS", "target": "PEÑOL", "distance": 0.5, "betweenness": 0.00021729682746631898, "weight": 0.10021729682746633 }, "geometry": { "type": "LineString", "coordinates": [ [ -75.556743, 6.46012 ], [ -75.242693, 6.219349 ] ] } },
{ "type": "Feature", "properties": { "source": "SAN PEDRO DE LOS MILAGROS", "target": "LA ESTRELLA", "distance": 0.5, "betweenness": 0.00029938674006470609, "weight": 0.10029938674006471 }, "geometry": { "type": "LineString", "coordinates": [ [ -75.556743, 6.46012 ], [ -75.637708, 6.145238 ] ] } },
{ "type": "Feature", "properties": { "source": "SAN PEDRO DE LOS MILAGROS", "target": "OLAYA", "distance": 0.5, "betweenness": 0.00071707953063885265, "weight": 0.10071707953063885 }, "geometry": { "type": "LineString", "coordinates": [ [ -75.556743, 6.46012 ], [ -75.811773, 6.626492 ] ] } },
{ "type": "Feature", "properties": { "source": "SAN PEDRO DE LOS MILAGROS", "target": "AMAGÁ", "distance": 0.5, "betweenness": 0.00025753698070082247, "weight": 0.10025753698070083 }, "geometry": { "type": "LineString", "coordinates": [ [ -75.556743, 6.46012 ], [ -75.702188, 6.038708 ] ] } },
{ "type": "Feature", "properties": { "source": "SAN PEDRO DE LOS MILAGROS", "target": "EL SANTUARIO", "distance": 0.5, "betweenness": 0.00019315273552561685, "weight": 0.10019315273552562 }, "geometry": { "type": "LineString", "coordinates": [ [ -75.556743, 6.46012 ], [ -75.265465, 6.136871 ] ] } },
{ "type": "Feature", "properties": { "source": "SAN PEDRO DE LOS MILAGROS", "target": "ITAGÜÍ", "distance": 0.5, "betweenness": 0.0002655850113477232, "weight": 0.10026558501134773 }, "geometry": { "type": "LineString", "coordinates": [ [ -75.556743, 6.46012 ], [ -75.612056, 6.175079 ] ] } },
{ "type": "Feature", "properties": { "source": "SAN PEDRO DE LOS MILAGROS", "target": "SABANETA", "distance": 0.5, "betweenness": 0.00030180114925877632, "weight": 0.10030180114925878 }, "geometry": { "type": "LineString", "coordinates": [ [ -75.556743, 6.46012 ], [ -75.615479, 6.149903 ] ] } },
{ "type": "Feature", "properties": { "source": "SAN PEDRO DE LOS MILAGROS", "target": "EL CARMEN DE VIBORAL", "distance": 0.5, "betweenness": 0.00022419513944937672, "weight": 0.10022419513944938 }, "geometry": { "type": "LineString", "coordinates": [ [ -75.556743, 6.46012 ], [ -75.333901, 6.082885 ] ] } },
{ "type": "Feature", "properties": { "source": "SAN PEDRO DE LOS MILAGROS", "target": "FREDONIA", "distance": 0.5, "betweenness": 0.00040441354000676034, "weight": 0.10040441354000676 }, "geometry": { "type": "LineString", "coordinates": [ [ -75.556743, 6.46012 ], [ -75.675072, 5.928039 ] ] } },
{ "type": "Feature", "properties": { "source": "SAN PEDRO DE LOS MILAGROS", "target": "TITIRIBÍ", "distance": 0.5, "betweenness": 0.00037330480616008642, "weight": 0.10037330480616009 }, "geometry": { "type": "LineString", "coordinates": [ [ -75.556743, 6.46012 ], [ -75.791887, 6.062391 ] ] } },
{ "type": "Feature", "properties": { "source": "SAN PEDRO DE LOS MILAGROS", "target": "CONCORDIA", "distance": 0.5, "betweenness": 0.00070017866628036116, "weight": 0.10070017866628037 }, "geometry": { "type": "LineString", "coordinates": [ [ -75.556743, 6.46012 ], [ -75.908448, 6.045738 ] ] } },
{ "type": "Feature", "properties": { "source": "SAN PEDRO DE LOS MILAGROS", "target": "LA CEJA", "distance": 0.5, "betweenness": 0.00049605134350897057, "weight": 0.10049605134350897 }, "geometry": { "type": "LineString", "coordinates": [ [ -75.556743, 6.46012 ], [ -75.429433, 6.028062 ] ] } },
{ "type": "Feature", "properties": { "source": "SAN PEDRO DE LOS MILAGROS", "target": "MONTEBELLO", "distance": 0.5, "betweenness": 0.00080317227953267186, "weight": 0.10080317227953267 }, "geometry": { "type": "LineString", "coordinates": [ [ -75.556743, 6.46012 ], [ -75.523455, 5.946313 ] ] } },
{ "type": "Feature", "properties": { "source": "SAN PEDRO DE LOS MILAGROS", "target": "GUATAPÉ", "distance": 0.33333333333333331, "betweenness": 0.00094765560867255782, "weight": 0.10094765560867257 }, "geometry": { "type": "LineString", "coordinates": [ [ -75.556743, 6.46012 ], [ -75.160041, 6.232461 ] ] } },
{ "type": "Feature", "properties": { "source": "SAN PEDRO DE LOS MILAGROS", "target": "CISNEROS", "distance": 0.5, "betweenness": 0.0008335946732296142, "weight": 0.10083359467322962 }, "geometry": { "type": "LineString", "coordinates": [ [ -75.556743, 6.46012 ], [ -75.087047, 6.537829 ] ] } },
{ "type": "Feature", "properties": { "source": "SAN PEDRO DE LOS MILAGROS", "target": "LA UNIÓN", "distance": 0.5, "betweenness": 0.00072432275822106331, "weight": 0.10072432275822107 }, "geometry": { "type": "LineString", "coordinates": [ [ -75.556743, 6.46012 ], [ -75.360874, 5.973845 ] ] } },
{ "type": "Feature", "properties": { "source": "SAN PEDRO DE LOS MILAGROS", "target": "GRANADA", "distance": 0.5, "betweenness": 0.00052312199204854572, "weight": 0.10052312199204855 }, "geometry": { "type": "LineString", "coordinates": [ [ -75.556743, 6.46012 ], [ -75.184446, 6.142892 ] ] } },
{ "type": "Feature", "properties": { "source": "SAN PEDRO DE LOS MILAGROS", "target": "SANTA BÁRBARA", "distance": 0.5, "betweenness": 0.00036216137911053165, "weight": 0.10036216137911054 }, "geometry": { "type": "LineString", "coordinates": [ [ -75.556743, 6.46012 ], [ -75.567351, 5.875527 ] ] } },
{ "type": "Feature", "properties": { "source": "SAN PEDRO DE LOS MILAGROS", "target": "COCORNÁ", "distance": 0.25, "betweenness": 0.0053164192994701459, "weight": 0.10531641929947015 }, "geometry": { "type": "LineString", "coordinates": [ [ -75.556743, 6.46012 ], [ -75.185483, 6.058295 ] ] } },
{ "type": "Feature", "properties": { "source": "SAN PEDRO DE LOS MILAGROS", "target": "SAN CARLOS", "distance": 0.25, "betweenness": 0.0029444347240957414, "weight": 0.10294443472409574 }, "geometry": { "type": "LineString", "coordinates": [ [ -75.556743, 6.46012 ], [ -74.988097, 6.187746 ] ] } },
{ "type": "Feature", "properties": { "source": "COPACABANA", "target": "LA UNIÓN", "distance": 0.5, "betweenness": 0.00077261094210246751, "weight": 0.10077261094210248 }, "geometry": { "type": "LineString", "coordinates": [ [ -75.509384, 6.348557 ], [ -75.360874, 5.973845 ] ] } },
{ "type": "Feature", "properties": { "source": "COPACABANA", "target": "SANTA BÁRBARA", "distance": 0.5, "betweenness": 0.00079675503404316955, "weight": 0.10079675503404317 }, "geometry": { "type": "LineString", "coordinates": [ [ -75.509384, 6.348557 ], [ -75.567351, 5.875527 ] ] } },
{ "type": "Feature", "properties": { "source": "COPACABANA", "target": "EBÉJICO", "distance": 0.5, "betweenness": 0.0003557454665668485, "weight": 0.10035574546656685 }, "geometry": { "type": "LineString", "coordinates": [ [ -75.509384, 6.348557 ], [ -75.766413, 6.325615 ] ] } },
{ "type": "Feature", "properties": { "source": "COPACABANA", "target": "MEDELLÍN", "distance": 0.5, "betweenness": 0.00036216137911053165, "weight": 0.10036216137911054 }, "geometry": { "type": "LineString", "coordinates": [ [ -75.509384, 6.348557 ], [ -75.581775, 6.246631 ] ] } },
{ "type": "Feature", "properties": { "source": "COPACABANA", "target": "ANGELÓPOLIS", "distance": 0.5, "betweenness": 0.00014486455164421265, "weight": 0.10014486455164422 }, "geometry": { "type": "LineString", "coordinates": [ [ -75.509384, 6.348557 ], [ -75.711389, 6.109719 ] ] } },
{ "type": "Feature", "properties": { "source": "COPACABANA", "target": "GUARNE", "distance": 0.5, "betweenness": 0.00036216137911053165, "weight": 0.10036216137911054 }, "geometry": { "type": "LineString", "coordinates": [ [ -75.509384, 6.348557 ], [ -75.441612, 6.27787 ] ] } },
{ "type": "Feature", "properties": { "source": "COPACABANA", "target": "EL CARMEN DE VIBORAL", "distance": 0.5, "betweenness": 0.00058635651855990835, "weight": 0.10058635651855992 }, "geometry": { "type": "LineString", "coordinates": [ [ -75.509384, 6.348557 ], [ -75.333901, 6.082885 ] ] } },
{ "type": "Feature", "properties": { "source": "COPACABANA", "target": "RETIRO", "distance": 0.5, "betweenness": 0.00050702593075474425, "weight": 0.10050702593075475 }, "geometry": { "type": "LineString", "coordinates": [ [ -75.509384, 6.348557 ], [ -75.501301, 6.062454 ] ] } },
{ "type": "Feature", "properties": { "source": "COPACABANA", "target": "RIONEGRO", "distance": 0.5, "betweenness": 0.00043459365493263795, "weight": 0.10043459365493264 }, "geometry": { "type": "LineString", "coordinates": [ [ -75.509384, 6.348557 ], [ -75.377316, 6.147148 ] ] } },
{ "type": "Feature", "properties": { "source": "COPACABANA", "target": "SABANETA", "distance": 0.5, "betweenness": 0.00043459365493263795, "weight": 0.10043459365493264 }, "geometry": { "type": "LineString", "coordinates": [ [ -75.509384, 6.348557 ], [ -75.615479, 6.149903 ] ] } },
{ "type": "Feature", "properties": { "source": "COPACABANA", "target": "CALDAS", "distance": 0.25, "betweenness": 0.0079434062484909935, "weight": 0.107943406248491 }, "geometry": { "type": "LineString", "coordinates": [ [ -75.509384, 6.348557 ], [ -75.633673, 6.091077 ] ] } },
{ "type": "Feature", "properties": { "source": "COPACABANA", "target": "EL SANTUARIO", "distance": 0.5, "betweenness": 0.00066396252836930798, "weight": 0.10066396252836932 }, "geometry": { "type": "LineString", "coordinates": [ [ -75.509384, 6.348557 ], [ -75.265465, 6.136871 ] ] } },
{ "type": "Feature", "properties": { "source": "COPACABANA", "target": "MONTEBELLO", "distance": 0.5, "betweenness": 0.00091302789786286659, "weight": 0.10091302789786287 }, "geometry": { "type": "LineString", "coordinates": [ [ -75.509384, 6.348557 ], [ -75.523455, 5.946313 ] ] } },
{ "type": "Feature", "properties": { "source": "COPACABANA", "target": "OLAYA", "distance": 0.5, "betweenness": 0.00021729682746631898, "weight": 0.10021729682746633 }, "geometry": { "type": "LineString", "coordinates": [ [ -75.509384, 6.348557 ], [ -75.811773, 6.626492 ] ] } },
{ "type": "Feature", "properties": { "source": "COPACABANA", "target": "PEÑOL", "distance": 0.5, "betweenness": 0.00043459365493263795, "weight": 0.10043459365493264 }, "geometry": { "type": "LineString", "coordinates": [ [ -75.509384, 6.348557 ], [ -75.242693, 6.219349 ] ] } },
{ "type": "Feature", "properties": { "source": "COPACABANA", "target": "LA CEJA", "distance": 0.5, "betweenness": 0.00088235681456020427, "weight": 0.1008823568145602 }, "geometry": { "type": "LineString", "coordinates": [ [ -75.509384, 6.348557 ], [ -75.429433, 6.028062 ] ] } },
{ "type": "Feature", "properties": { "source": "COPACABANA", "target": "SOPETRÁN", "distance": 0.5, "betweenness": 0.00014486455164421265, "weight": 0.10014486455164422 }, "geometry": { "type": "LineString", "coordinates": [ [ -75.509384, 6.348557 ], [ -75.747378, 6.500745 ] ] } },
{ "type": "Feature", "properties": { "source": "COPACABANA", "target": "GRANADA", "distance": 0.5, "betweenness": 0.00060843111690569312, "weight": 0.10060843111690571 }, "geometry": { "type": "LineString", "coordinates": [ [ -75.509384, 6.348557 ], [ -75.184446, 6.142892 ] ] } },
{ "type": "Feature", "properties": { "source": "COPACABANA", "target": "COCORNÁ", "distance": 0.5, "betweenness": 0.00014486455164421265, "weight": 0.10014486455164422 }, "geometry": { "type": "LineString", "coordinates": [ [ -75.509384, 6.348557 ], [ -75.185483, 6.058295 ] ] } },
{ "type": "Feature", "properties": { "source": "COPACABANA", "target": "ANZÁ", "distance": 0.5, "betweenness": 0.00043459365493263795, "weight": 0.10043459365493264 }, "geometry": { "type": "LineString", "coordinates": [ [ -75.509384, 6.348557 ], [ -75.854442, 6.302641 ] ] } },
{ "type": "Feature", "properties": { "source": "COPACABANA", "target": "AMAGÁ", "distance": 0.5, "betweenness": 0.00018108068955526583, "weight": 0.10018108068955527 }, "geometry": { "type": "LineString", "coordinates": [ [ -75.509384, 6.348557 ], [ -75.702188, 6.038708 ] ] } },
{ "type": "Feature", "properties": { "source": "COPACABANA", "target": "MARINILLA", "distance": 0.5, "betweenness": 0.00014486455164421265, "weight": 0.10014486455164422 }, "geometry": { "type": "LineString", "coordinates": [ [ -75.509384, 6.348557 ], [ -75.339345, 6.173995 ] ] } },
{ "type": "Feature", "properties": { "source": "COPACABANA", "target": "HELICONIA", "distance": 0.5, "betweenness": 0.00034836475514441611, "weight": 0.10034836475514443 }, "geometry": { "type": "LineString", "coordinates": [ [ -75.509384, 6.348557 ], [ -75.734322, 6.206757 ] ] } },
{ "type": "Feature", "properties": { "source": "COPACABANA", "target": "VENECIA", "distance": 0.5, "betweenness": 0.00080198625396365509, "weight": 0.10080198625396367 }, "geometry": { "type": "LineString", "coordinates": [ [ -75.509384, 6.348557 ], [ -75.735544, 5.964693 ] ] } },
{ "type": "Feature", "properties": { "source": "COPACABANA", "target": "LA ESTRELLA", "distance": 0.5, "betweenness": 0.00044425129170891874, "weight": 0.10044425129170892 }, "geometry": { "type": "LineString", "coordinates": [ [ -75.509384, 6.348557 ], [ -75.637708, 6.145238 ] ] } },
{ "type": "Feature", "properties": { "source": "COPACABANA", "target": "ABEJORRAL", "distance": 0.5, "betweenness": 0.00097428512184244995, "weight": 0.10097428512184245 }, "geometry": { "type": "LineString", "coordinates": [ [ -75.509384, 6.348557 ], [ -75.428739, 5.789315 ] ] } },
{ "type": "Feature", "properties": { "source": "COPACABANA", "target": "SAN CARLOS", "distance": 0.33333333333333331, "betweenness": 0.0018699599208073781, "weight": 0.10186995992080738 }, "geometry": { "type": "LineString", "coordinates": [ [ -75.509384, 6.348557 ], [ -74.988097, 6.187746 ] ] } },
{ "type": "Feature", "properties": { "source": "COPACABANA", "target": "BETULIA", "distance": 0.5, "betweenness": 0.0004115470217165132, "weight": 0.10041154702171652 }, "geometry": { "type": "LineString", "coordinates": [ [ -75.509384, 6.348557 ], [ -75.984452, 6.115208 ] ] } },
{ "type": "Feature", "properties": { "source": "COPACABANA", "target": "GUATAPÉ", "distance": 0.5, "betweenness": 0.00018108068955526583, "weight": 0.10018108068955527 }, "geometry": { "type": "LineString", "coordinates": [ [ -75.509384, 6.348557 ], [ -75.160041, 6.232461 ] ] } },
{ "type": "Feature", "properties": { "source": "COPACABANA", "target": "BELLO", "distance": 0.5, "betweenness": 0.00014486455164421265, "weight": 0.10014486455164422 }, "geometry": { "type": "LineString", "coordinates": [ [ -75.509384, 6.348557 ], [ -75.555245, 6.333587 ] ] } },
{ "type": "Feature", "properties": { "source": "COPACABANA", "target": "TITIRIBÍ", "distance": 0.5, "betweenness": 0.00073546618527061802, "weight": 0.10073546618527063 }, "geometry": { "type": "LineString", "coordinates": [ [ -75.509384, 6.348557 ], [ -75.791887, 6.062391 ] ] } },
{ "type": "Feature", "properties": { "source": "COPACABANA", "target": "FREDONIA", "distance": 0.5, "betweenness": 0.00065189048239895696, "weight": 0.10065189048239896 }, "geometry": { "type": "LineString", "coordinates": [ [ -75.509384, 6.348557 ], [ -75.675072, 5.928039 ] ] } },
{ "type": "Feature", "properties": { "source": "COPACABANA", "target": "ENVIGADO", "distance": 0.5, "betweenness": 0.00016900864358491478, "weight": 0.10016900864358493 }, "geometry": { "type": "LineString", "coordinates": [ [ -75.509384, 6.348557 ], [ -75.582192, 6.166695 ] ] } },
{ "type": "Feature", "properties": { "source": "COPACABANA", "target": "CONCORDIA", "distance": 1.0, "betweenness": 0.0, "weight": 0.1 }, "geometry": { "type": "LineString", "coordinates": [ [ -75.509384, 6.348557 ], [ -75.908448, 6.045738 ] ] } },
{ "type": "Feature", "properties": { "source": "COPACABANA", "target": "GIRARDOTA", "distance": 0.5, "betweenness": 0.00014486455164421265, "weight": 0.10014486455164422 }, "geometry": { "type": "LineString", "coordinates": [ [ -75.509384, 6.348557 ], [ -75.444238, 6.379472 ] ] } },
{ "type": "Feature", "properties": { "source": "COPACABANA", "target": "ARMENIA", "distance": 0.5, "betweenness": 0.0003380172871698295, "weight": 0.10033801728716983 }, "geometry": { "type": "LineString", "coordinates": [ [ -75.509384, 6.348557 ], [ -75.786647, 6.155667 ] ] } },
{ "type": "Feature", "properties": { "source": "COPACABANA", "target": "CAICEDO", "distance": 0.5, "betweenness": 0.00017383746197305517, "weight": 0.10017383746197306 }, "geometry": { "type": "LineString", "coordinates": [ [ -75.509384, 6.348557 ], [ -75.98293, 6.405607 ] ] } },
{ "type": "Feature", "properties": { "source": "COPACABANA", "target": "CISNEROS", "distance": 0.5, "betweenness": 0.00058491052624038255, "weight": 0.10058491052624038 }, "geometry": { "type": "LineString", "coordinates": [ [ -75.509384, 6.348557 ], [ -75.087047, 6.537829 ] ] } },
{ "type": "Feature", "properties": { "source": "COPACABANA", "target": "ITAGÜÍ", "distance": 0.5, "betweenness": 0.00043459365493263795, "weight": 0.10043459365493264 }, "geometry": { "type": "LineString", "coordinates": [ [ -75.509384, 6.348557 ], [ -75.612056, 6.175079 ] ] } },
{ "type": "Feature", "properties": { "source": "GUATAPÉ", "target": "EL CARMEN DE VIBORAL", "distance": 0.5, "betweenness": 0.00025075364058414903, "weight": 0.10025075364058415 }, "geometry": { "type": "LineString", "coordinates": [ [ -75.160041, 6.232461 ], [ -75.333901, 6.082885 ] ] } },
{ "type": "Feature", "properties": { "source": "GUATAPÉ", "target": "SAN CARLOS", "distance": 0.5, "betweenness": 0.00014486455164421265, "weight": 0.10014486455164422 }, "geometry": { "type": "LineString", "coordinates": [ [ -75.160041, 6.232461 ], [ -74.988097, 6.187746 ] ] } },
{ "type": "Feature", "properties": { "source": "GUATAPÉ", "target": "COCORNÁ", "distance": 0.5, "betweenness": 0.0002304663321612474, "weight": 0.10023046633216125 }, "geometry": { "type": "LineString", "coordinates": [ [ -75.160041, 6.232461 ], [ -75.185483, 6.058295 ] ] } },
{ "type": "Feature", "properties": { "source": "GUATAPÉ", "target": "EL SANTUARIO", "distance": 0.5, "betweenness": 0.00029686258499817816, "weight": 0.10029686258499819 }, "geometry": { "type": "LineString", "coordinates": [ [ -75.160041, 6.232461 ], [ -75.265465, 6.136871 ] ] } },
{ "type": "Feature", "properties": { "source": "GUATAPÉ", "target": "SAN LUIS", "distance": 0.5, "betweenness": 0.0002897291032884253, "weight": 0.10028972910328843 }, "geometry": { "type": "LineString", "coordinates": [ [ -75.160041, 6.232461 ], [ -74.993619, 6.043017 ] ] } },
{ "type": "Feature", "properties": { "source": "GUATAPÉ", "target": "MEDELLÍN", "distance": 0.5, "betweenness": 0.00014486455164421265, "weight": 0.10014486455164422 }, "geometry": { "type": "LineString", "coordinates": [ [ -75.160041, 6.232461 ], [ -75.581775, 6.246631 ] ] } },
{ "type": "Feature", "properties": { "source": "GUATAPÉ", "target": "SONSÓN", "distance": 0.33333333333333331, "betweenness": 0.0034821529171811657, "weight": 0.10348215291718117 }, "geometry": { "type": "LineString", "coordinates": [ [ -75.160041, 6.232461 ], [ -75.309596, 5.714851 ] ] } },
{ "type": "Feature", "properties": { "source": "GUATAPÉ", "target": "RETIRO", "distance": 0.5, "betweenness": 0.00094420645268102879, "weight": 0.10094420645268104 }, "geometry": { "type": "LineString", "coordinates": [ [ -75.160041, 6.232461 ], [ -75.501301, 6.062454 ] ] } },
{ "type": "Feature", "properties": { "source": "GUATAPÉ", "target": "MARINILLA", "distance": 0.5, "betweenness": 0.0, "weight": 0.1 }, "geometry": { "type": "LineString", "coordinates": [ [ -75.160041, 6.232461 ], [ -75.339345, 6.173995 ] ] } },
{ "type": "Feature", "properties": { "source": "GUATAPÉ", "target": "GRANADA", "distance": 0.5, "betweenness": 0.00014486455164421265, "weight": 0.10014486455164422 }, "geometry": { "type": "LineString", "coordinates": [ [ -75.160041, 6.232461 ], [ -75.184446, 6.142892 ] ] } },
{ "type": "Feature", "properties": { "source": "GUATAPÉ", "target": "ABEJORRAL", "distance": 0.33333333333333331, "betweenness": 0.0060488710912439715, "weight": 0.10604887109124397 }, "geometry": { "type": "LineString", "coordinates": [ [ -75.160041, 6.232461 ], [ -75.428739, 5.789315 ] ] } },
{ "type": "Feature", "properties": { "source": "GUATAPÉ", "target": "ENVIGADO", "distance": 0.5, "betweenness": 0.0001738374619730552, "weight": 0.10017383746197306 }, "geometry": { "type": "LineString", "coordinates": [ [ -75.160041, 6.232461 ], [ -75.582192, 6.166695 ] ] } },
{ "type": "Feature", "properties": { "source": "GUATAPÉ", "target": "LA UNIÓN", "distance": 0.5, "betweenness": 0.00035008933314018058, "weight": 0.10035008933314019 }, "geometry": { "type": "LineString", "coordinates": [ [ -75.160041, 6.232461 ], [ -75.360874, 5.973845 ] ] } },
{ "type": "Feature", "properties": { "source": "GUATAPÉ", "target": "LA CEJA", "distance": 0.5, "betweenness": 0.00024747694239219661, "weight": 0.10024747694239221 }, "geometry": { "type": "LineString", "coordinates": [ [ -75.160041, 6.232461 ], [ -75.429433, 6.028062 ] ] } },
{ "type": "Feature", "properties": { "source": "GUATAPÉ", "target": "CARACOLÍ", "distance": 0.5, "betweenness": 0.0019144069991527616, "weight": 0.10191440699915277 }, "geometry": { "type": "LineString", "coordinates": [ [ -75.160041, 6.232461 ], [ -74.757421, 6.409829 ] ] } },
{ "type": "Feature", "properties": { "source": "GUATAPÉ", "target": "RIONEGRO", "distance": 0.5, "betweenness": 0.00024253837813159848, "weight": 0.1002425383781316 }, "geometry": { "type": "LineString", "coordinates": [ [ -75.160041, 6.232461 ], [ -75.377316, 6.147148 ] ] } },
{ "type": "Feature", "properties": { "source": "GUATAPÉ", "target": "GIRARDOTA", "distance": 0.33333333333333331, "betweenness": 0.00080279105702834501, "weight": 0.10080279105702836 }, "geometry": { "type": "LineString", "coordinates": [ [ -75.160041, 6.232461 ], [ -75.444238, 6.379472 ] ] } },
{ "type": "Feature", "properties": { "source": "GUATAPÉ", "target": "GUARNE", "distance": 0.5, "betweenness": 0.00019315273552561685, "weight": 0.10019315273552562 }, "geometry": { "type": "LineString", "coordinates": [ [ -75.160041, 6.232461 ], [ -75.441612, 6.27787 ] ] } },
{ "type": "Feature", "properties": { "source": "GUATAPÉ", "target": "PEÑOL", "distance": 0.5, "betweenness": 0.00021729682746631898, "weight": 0.10021729682746633 }, "geometry": { "type": "LineString", "coordinates": [ [ -75.160041, 6.232461 ], [ -75.242693, 6.219349 ] ] } },
{ "type": "Feature", "properties": { "source": "GUATAPÉ", "target": "MACEO", "distance": 0.33333333333333331, "betweenness": 0.0074147368638894044, "weight": 0.10741473686388942 }, "geometry": { "type": "LineString", "coordinates": [ [ -75.160041, 6.232461 ], [ -74.78716, 6.552116 ] ] } },
{ "type": "Feature", "properties": { "source": "GUATAPÉ", "target": "SAN FRANCISCO", "distance": 0.5, "betweenness": 0.00055499794200359167, "weight": 0.10055499794200359 }, "geometry": { "type": "LineString", "coordinates": [ [ -75.160041, 6.232461 ], [ -75.101562, 5.963476 ] ] } },
{ "type": "Feature", "properties": { "source": "GUATAPÉ", "target": "BELLO", "distance": 0.5, "betweenness": 0.00030036400092897268, "weight": 0.10030036400092898 }, "geometry": { "type": "LineString", "coordinates": [ [ -75.160041, 6.232461 ], [ -75.555245, 6.333587 ] ] } },
{ "type": "Feature", "properties": { "source": "GUATAPÉ", "target": "YALÍ", "distance": 1.0, "betweenness": 0.0, "weight": 0.1 }, "geometry": { "type": "LineString", "coordinates": [ [ -75.160041, 6.232461 ], [ -74.840059, 6.676554 ] ] } },
{ "type": "Feature", "properties": { "source": "GUATAPÉ", "target": "CISNEROS", "distance": 0.5, "betweenness": 0.00048736574160302966, "weight": 0.10048736574160304 }, "geometry": { "type": "LineString", "coordinates": [ [ -75.160041, 6.232461 ], [ -75.087047, 6.537829 ] ] } },
{ "type": "Feature", "properties": { "source": "GUATAPÉ", "target": "ITAGÜÍ", "distance": 0.5, "betweenness": 0.00021729682746631898, "weight": 0.10021729682746633 }, "geometry": { "type": "LineString", "coordinates": [ [ -75.160041, 6.232461 ], [ -75.612056, 6.175079 ] ] } },
{ "type": "Feature", "properties": { "source": "GUATAPÉ", "target": "PUERTO NARE", "distance": 0.5, "betweenness": 0.0041568130551181406, "weight": 0.10415681305511815 }, "geometry": { "type": "LineString", "coordinates": [ [ -75.160041, 6.232461 ], [ -74.583012, 6.186025 ] ] } },
{ "type": "Feature", "properties": { "source": "GUATAPÉ", "target": "MONTEBELLO", "distance": 0.5, "betweenness": 0.00035008933314018063, "weight": 0.10035008933314019 }, "geometry": { "type": "LineString", "coordinates": [ [ -75.160041, 6.232461 ], [ -75.523455, 5.946313 ] ] } },
{ "type": "Feature", "properties": { "source": "GUATAPÉ", "target": "ARGELIA", "distance": 1.0, "betweenness": 0.0, "weight": 0.1 }, "geometry": { "type": "LineString", "coordinates": [ [ -75.160041, 6.232461 ], [ -75.14107, 5.731474 ] ] } },
{ "type": "Feature", "properties": { "source": "GUATAPÉ", "target": "CALDAS", "distance": 0.33333333333333331, "betweenness": 0.0027200044149196688, "weight": 0.10272000441491967 }, "geometry": { "type": "LineString", "coordinates": [ [ -75.160041, 6.232461 ], [ -75.633673, 6.091077 ] ] } },
{ "type": "Feature", "properties": { "source": "GUATAPÉ", "target": "SABANETA", "distance": 1.0, "betweenness": 0.0, "weight": 0.1 }, "geometry": { "type": "LineString", "coordinates": [ [ -75.160041, 6.232461 ], [ -75.615479, 6.149903 ] ] } },
{ "type": "Feature", "properties": { "source": "PEÑOL", "target": "RETIRO", "distance": 0.33333333333333331, "betweenness": 0.0029178135110338498, "weight": 0.10291781351103385 }, "geometry": { "type": "LineString", "coordinates": [ [ -75.242693, 6.219349 ], [ -75.501301, 6.062454 ] ] } },
{ "type": "Feature", "properties": { "source": "PEÑOL", "target": "COCORNÁ", "distance": 0.5, "betweenness": 0.00015803405633914107, "weight": 0.10015803405633915 }, "geometry": { "type": "LineString", "coordinates": [ [ -75.242693, 6.219349 ], [ -75.185483, 6.058295 ] ] } },
{ "type": "Feature", "properties": { "source": "PEÑOL", "target": "EL CARMEN DE VIBORAL", "distance": 0.5, "betweenness": 0.00018435738774721827, "weight": 0.10018435738774722 }, "geometry": { "type": "LineString", "coordinates": [ [ -75.242693, 6.219349 ], [ -75.333901, 6.082885 ] ] } },
{ "type": "Feature", "properties": { "source": "PEÑOL", "target": "BELLO", "distance": 0.5, "betweenness": 0.0004814446904842385, "weight": 0.10048144469048424 }, "geometry": { "type": "LineString", "coordinates": [ [ -75.242693, 6.219349 ], [ -75.555245, 6.333587 ] ] } },
{ "type": "Feature", "properties": { "source": "PEÑOL", "target": "LA UNIÓN", "distance": 0.5, "betweenness": 0.00018711671254044131, "weight": 0.10018711671254045 }, "geometry": { "type": "LineString", "coordinates": [ [ -75.242693, 6.219349 ], [ -75.360874, 5.973845 ] ] } },
{ "type": "Feature", "properties": { "source": "PEÑOL", "target": "MARINILLA", "distance": 0.5, "betweenness": 0.00014486455164421265, "weight": 0.10014486455164422 }, "geometry": { "type": "LineString", "coordinates": [ [ -75.242693, 6.219349 ], [ -75.339345, 6.173995 ] ] } },
{ "type": "Feature", "properties": { "source": "PEÑOL", "target": "SONSÓN", "distance": 0.5, "betweenness": 0.00014486455164421265, "weight": 0.10014486455164422 }, "geometry": { "type": "LineString", "coordinates": [ [ -75.242693, 6.219349 ], [ -75.309596, 5.714851 ] ] } },
{ "type": "Feature", "properties": { "source": "PEÑOL", "target": "GUARNE", "distance": 0.5, "betweenness": 0.00014486455164421265, "weight": 0.10014486455164422 }, "geometry": { "type": "LineString", "coordinates": [ [ -75.242693, 6.219349 ], [ -75.441612, 6.27787 ] ] } },
{ "type": "Feature", "properties": { "source": "PEÑOL", "target": "SAN FRANCISCO", "distance": 0.5, "betweenness": 0.00037794126777177618, "weight": 0.10037794126777178 }, "geometry": { "type": "LineString", "coordinates": [ [ -75.242693, 6.219349 ], [ -75.101562, 5.963476 ] ] } },
{ "type": "Feature", "properties": { "source": "PEÑOL", "target": "RIONEGRO", "distance": 0.5, "betweenness": 0.00019907901263833467, "weight": 0.10019907901263835 }, "geometry": { "type": "LineString", "coordinates": [ [ -75.242693, 6.219349 ], [ -75.377316, 6.147148 ] ] } },
{ "type": "Feature", "properties": { "source": "PEÑOL", "target": "SAN CARLOS", "distance": 0.5, "betweenness": 0.0001738374619730552, "weight": 0.10017383746197306 }, "geometry": { "type": "LineString", "coordinates": [ [ -75.242693, 6.219349 ], [ -74.988097, 6.187746 ] ] } },
{ "type": "Feature", "properties": { "source": "PEÑOL", "target": "SAN LUIS", "distance": 0.5, "betweenness": 0.00032594524119947848, "weight": 0.10032594524119949 }, "geometry": { "type": "LineString", "coordinates": [ [ -75.242693, 6.219349 ], [ -74.993619, 6.043017 ] ] } },
{ "type": "Feature", "properties": { "source": "PEÑOL", "target": "SABANETA", "distance": 0.5, "betweenness": 0.00026615987067964467, "weight": 0.10026615987067965 }, "geometry": { "type": "LineString", "coordinates": [ [ -75.242693, 6.219349 ], [ -75.615479, 6.149903 ] ] } },
{ "type": "Feature", "properties": { "source": "PEÑOL", "target": "CALDAS", "distance": 0.5, "betweenness": 0.00024144091940702108, "weight": 0.10024144091940702 }, "geometry": { "type": "LineString", "coordinates": [ [ -75.242693, 6.219349 ], [ -75.633673, 6.091077 ] ] } },
{ "type": "Feature", "properties": { "source": "PEÑOL", "target": "MEDELLÍN", "distance": 0.5, "betweenness": 0.00076053889613211638, "weight": 0.10076053889613212 }, "geometry": { "type": "LineString", "coordinates": [ [ -75.242693, 6.219349 ], [ -75.581775, 6.246631 ] ] } },
{ "type": "Feature", "properties": { "source": "PEÑOL", "target": "GRANADA", "distance": 0.5, "betweenness": 0.00014486455164421265, "weight": 0.10014486455164422 }, "geometry": { "type": "LineString", "coordinates": [ [ -75.242693, 6.219349 ], [ -75.184446, 6.142892 ] ] } },
{ "type": "Feature", "properties": { "source": "PEÑOL", "target": "LA CEJA", "distance": 0.5, "betweenness": 0.00019918875851079239, "weight": 0.1001991887585108 }, "geometry": { "type": "LineString", "coordinates": [ [ -75.242693, 6.219349 ], [ -75.429433, 6.028062 ] ] } },
{ "type": "Feature", "properties": { "source": "PEÑOL", "target": "EL SANTUARIO", "distance": 0.5, "betweenness": 0.00015803405633914107, "weight": 0.10015803405633915 }, "geometry": { "type": "LineString", "coordinates": [ [ -75.242693, 6.219349 ], [ -75.265465, 6.136871 ] ] } },
{ "type": "Feature", "properties": { "source": "PEÑOL", "target": "ENVIGADO", "distance": 0.5, "betweenness": 0.00039837751702158478, "weight": 0.10039837751702159 }, "geometry": { "type": "LineString", "coordinates": [ [ -75.242693, 6.219349 ], [ -75.582192, 6.166695 ] ] } },
{ "type": "Feature", "properties": { "source": "PEÑOL", "target": "ABEJORRAL", "distance": 0.5, "betweenness": 0.00019315273552561685, "weight": 0.10019315273552562 }, "geometry": { "type": "LineString", "coordinates": [ [ -75.242693, 6.219349 ], [ -75.428739, 5.789315 ] ] } },
{ "type": "Feature", "properties": { "source": "PEÑOL", "target": "SANTA BÁRBARA", "distance": 0.5, "betweenness": 0.00024144091940702108, "weight": 0.10024144091940702 }, "geometry": { "type": "LineString", "coordinates": [ [ -75.242693, 6.219349 ], [ -75.567351, 5.875527 ] ] } },
{ "type": "Feature", "properties": { "source": "PEÑOL", "target": "GIRARDOTA", "distance": 0.5, "betweenness": 0.00014486455164421265, "weight": 0.10014486455164422 }, "geometry": { "type": "LineString", "coordinates": [ [ -75.242693, 6.219349 ], [ -75.444238, 6.379472 ] ] } },
{ "type": "Feature", "properties": { "source": "PEÑOL", "target": "PUERTO NARE", "distance": 0.5, "betweenness": 0.0013742064589522215, "weight": 0.10137420645895223 }, "geometry": { "type": "LineString", "coordinates": [ [ -75.242693, 6.219349 ], [ -74.583012, 6.186025 ] ] } },
{ "type": "Feature", "properties": { "source": "PEÑOL", "target": "LA ESTRELLA", "distance": 0.5, "betweenness": 0.00026799942054179344, "weight": 0.10026799942054179 }, "geometry": { "type": "LineString", "coordinates": [ [ -75.242693, 6.219349 ], [ -75.637708, 6.145238 ] ] } },
{ "type": "Feature", "properties": { "source": "PEÑOL", "target": "CISNEROS", "distance": 0.5, "betweenness": 0.00072655586562583472, "weight": 0.10072655586562584 }, "geometry": { "type": "LineString", "coordinates": [ [ -75.242693, 6.219349 ], [ -75.087047, 6.537829 ] ] } },
{ "type": "Feature", "properties": { "source": "PEÑOL", "target": "MONTEBELLO", "distance": 0.33333333333333331, "betweenness": 0.0021435354768688094, "weight": 0.10214353547686882 }, "geometry": { "type": "LineString", "coordinates": [ [ -75.242693, 6.219349 ], [ -75.523455, 5.946313 ] ] } },
{ "type": "Feature", "properties": { "source": "PEÑOL", "target": "ANGELÓPOLIS", "distance": 0.5, "betweenness": 0.0002897291032884253, "weight": 0.10028972910328843 }, "geometry": { "type": "LineString", "coordinates": [ [ -75.242693, 6.219349 ], [ -75.711389, 6.109719 ] ] } },
{ "type": "Feature", "properties": { "source": "PEÑOL", "target": "HELICONIA", "distance": 0.5, "betweenness": 0.00027593247932230982, "weight": 0.10027593247932232 }, "geometry": { "type": "LineString", "coordinates": [ [ -75.242693, 6.219349 ], [ -75.734322, 6.206757 ] ] } },
{ "type": "Feature", "properties": { "source": "PEÑOL", "target": "ARGELIA", "distance": 0.5, "betweenness": 0.00032594524119947848, "weight": 0.10032594524119949 }, "geometry": { "type": "LineString", "coordinates": [ [ -75.242693, 6.219349 ], [ -75.14107, 5.731474 ] ] } },
{ "type": "Feature", "properties": { "source": "PEÑOL", "target": "CARACOLÍ", "distance": 0.5, "betweenness": 0.0018304775366922261, "weight": 0.10183047753669223 }, "geometry": { "type": "LineString", "coordinates": [ [ -75.242693, 6.219349 ], [ -74.757421, 6.409829 ] ] } },
{ "type": "Feature", "properties": { "source": "PEÑOL", "target": "ITAGÜÍ", "distance": 0.33333333333333331, "betweenness": 0.0017469975097093738, "weight": 0.10174699750970938 }, "geometry": { "type": "LineString", "coordinates": [ [ -75.242693, 6.219349 ], [ -75.612056, 6.175079 ] ] } },
{ "type": "Feature", "properties": { "source": "PEÑOL", "target": "EBÉJICO", "distance": 0.5, "betweenness": 0.00030745728268544436, "weight": 0.10030745728268545 }, "geometry": { "type": "LineString", "coordinates": [ [ -75.242693, 6.219349 ], [ -75.766413, 6.325615 ] ] } },
{ "type": "Feature", "properties": { "source": "PEÑOL", "target": "MACEO", "distance": 1.0, "betweenness": 0.0, "weight": 0.1 }, "geometry": { "type": "LineString", "coordinates": [ [ -75.242693, 6.219349 ], [ -74.78716, 6.552116 ] ] } },
{ "type": "Feature", "properties": { "source": "PEÑOL", "target": "AMAGÁ", "distance": 1.0, "betweenness": 0.0, "weight": 0.1 }, "geometry": { "type": "LineString", "coordinates": [ [ -75.242693, 6.219349 ], [ -75.702188, 6.038708 ] ] } },
{ "type": "Feature", "properties": { "source": "PEÑOL", "target": "FREDONIA", "distance": 1.0, "betweenness": 0.0, "weight": 0.1 }, "geometry": { "type": "LineString", "coordinates": [ [ -75.242693, 6.219349 ], [ -75.675072, 5.928039 ] ] } },
{ "type": "Feature", "properties": { "source": "BELLO", "target": "CAICEDO", "distance": 0.33333333333333331, "betweenness": 0.0021174368631995751, "weight": 0.10211743686319959 }, "geometry": { "type": "LineString", "coordinates": [ [ -75.555245, 6.333587 ], [ -75.98293, 6.405607 ] ] } },
{ "type": "Feature", "properties": { "source": "BELLO", "target": "RETIRO", "distance": 0.5, "betweenness": 0.00081943584768443521, "weight": 0.10081943584768444 }, "geometry": { "type": "LineString", "coordinates": [ [ -75.555245, 6.333587 ], [ -75.501301, 6.062454 ] ] } },
{ "type": "Feature", "properties": { "source": "BELLO", "target": "SOPETRÁN", "distance": 0.33333333333333331, "betweenness": 0.00024626973779516152, "weight": 0.10024626973779517 }, "geometry": { "type": "LineString", "coordinates": [ [ -75.555245, 6.333587 ], [ -75.747378, 6.500745 ] ] } },
{ "type": "Feature", "properties": { "source": "BELLO", "target": "GIRARDOTA", "distance": 0.5, "betweenness": 0.00025351296537737213, "weight": 0.10025351296537738 }, "geometry": { "type": "LineString", "coordinates": [ [ -75.555245, 6.333587 ], [ -75.444238, 6.379472 ] ] } },
{ "type": "Feature", "properties": { "source": "BELLO", "target": "COCORNÁ", "distance": 0.5, "betweenness": 0.00017360751824028659, "weight": 0.1001736075182403 }, "geometry": { "type": "LineString", "coordinates": [ [ -75.555245, 6.333587 ], [ -75.185483, 6.058295 ] ] } },
{ "type": "Feature", "properties": { "source": "BELLO", "target": "MEDELLÍN", "distance": 0.5, "betweenness": 0.00040496226936904902, "weight": 0.10040496226936906 }, "geometry": { "type": "LineString", "coordinates": [ [ -75.555245, 6.333587 ], [ -75.581775, 6.246631 ] ] } },
{ "type": "Feature", "properties": { "source": "BELLO", "target": "FREDONIA", "distance": 0.5, "betweenness": 0.00054580280568981127, "weight": 0.10054580280568981 }, "geometry": { "type": "LineString", "coordinates": [ [ -75.555245, 6.333587 ], [ -75.675072, 5.928039 ] ] } },
{ "type": "Feature", "properties": { "source": "BELLO", "target": "RIONEGRO", "distance": 0.5, "betweenness": 0.00042508234598630072, "weight": 0.10042508234598631 }, "geometry": { "type": "LineString", "coordinates": [ [ -75.555245, 6.333587 ], [ -75.377316, 6.147148 ] ] } },
{ "type": "Feature", "properties": { "source": "BELLO", "target": "ANZÁ", "distance": 0.5, "betweenness": 0.00035813736378708131, "weight": 0.10035813736378708 }, "geometry": { "type": "LineString", "coordinates": [ [ -75.555245, 6.333587 ], [ -75.854442, 6.302641 ] ] } },
{ "type": "Feature", "properties": { "source": "BELLO", "target": "CALDAS", "distance": 0.5, "betweenness": 0.0002319296104606839, "weight": 0.10023192961046069 }, "geometry": { "type": "LineString", "coordinates": [ [ -75.555245, 6.333587 ], [ -75.633673, 6.091077 ] ] } },
{ "type": "Feature", "properties": { "source": "BELLO", "target": "TITIRIBÍ", "distance": 0.5, "betweenness": 0.00031550531333234504, "weight": 0.10031550531333235 }, "geometry": { "type": "LineString", "coordinates": [ [ -75.555245, 6.333587 ], [ -75.791887, 6.062391 ] ] } },
{ "type": "Feature", "properties": { "source": "BELLO", "target": "BETULIA", "distance": 0.5, "betweenness": 0.00054690026441438873, "weight": 0.10054690026441439 }, "geometry": { "type": "LineString", "coordinates": [ [ -75.555245, 6.333587 ], [ -75.984452, 6.115208 ] ] } },
{ "type": "Feature", "properties": { "source": "BELLO", "target": "EL SANTUARIO", "distance": 0.5, "betweenness": 0.0011876593797497752, "weight": 0.10118765937974979 }, "geometry": { "type": "LineString", "coordinates": [ [ -75.555245, 6.333587 ], [ -75.265465, 6.136871 ] ] } },
{ "type": "Feature", "properties": { "source": "BELLO", "target": "GUARNE", "distance": 0.5, "betweenness": 0.00040642554766848546, "weight": 0.10040642554766849 }, "geometry": { "type": "LineString", "coordinates": [ [ -75.555245, 6.333587 ], [ -75.441612, 6.27787 ] ] } },
{ "type": "Feature", "properties": { "source": "BELLO", "target": "MONTEBELLO", "distance": 0.5, "betweenness": 0.00093450150690709693, "weight": 0.10093450150690711 }, "geometry": { "type": "LineString", "coordinates": [ [ -75.555245, 6.333587 ], [ -75.523455, 5.946313 ] ] } },
{ "type": "Feature", "properties": { "source": "BELLO", "target": "MARINILLA", "distance": 0.5, "betweenness": 0.00015291258229111333, "weight": 0.10015291258229111 }, "geometry": { "type": "LineString", "coordinates": [ [ -75.555245, 6.333587 ], [ -75.339345, 6.173995 ] ] } },
{ "type": "Feature", "properties": { "source": "BELLO", "target": "HELICONIA", "distance": 0.5, "betweenness": 0.00037679416210489657, "weight": 0.1003767941621049 }, "geometry": { "type": "LineString", "coordinates": [ [ -75.555245, 6.333587 ], [ -75.734322, 6.206757 ] ] } },
{ "type": "Feature", "properties": { "source": "BELLO", "target": "ENVIGADO", "distance": 0.5, "betweenness": 0.00033252999354694266, "weight": 0.10033252999354694 }, "geometry": { "type": "LineString", "coordinates": [ [ -75.555245, 6.333587 ], [ -75.582192, 6.166695 ] ] } },
{ "type": "Feature", "properties": { "source": "BELLO", "target": "AMAGÁ", "distance": 0.5, "betweenness": 0.00037679416210489657, "weight": 0.1003767941621049 }, "geometry": { "type": "LineString", "coordinates": [ [ -75.555245, 6.333587 ], [ -75.702188, 6.038708 ] ] } },
{ "type": "Feature", "properties": { "source": "BELLO", "target": "LA CEJA", "distance": 0.5, "betweenness": 0.001078070287109835, "weight": 0.10107807028710984 }, "geometry": { "type": "LineString", "coordinates": [ [ -75.555245, 6.333587 ], [ -75.429433, 6.028062 ] ] } },
{ "type": "Feature", "properties": { "source": "BELLO", "target": "LA ESTRELLA", "distance": 0.5, "betweenness": 0.00044922643792700287, "weight": 0.100449226437927 }, "geometry": { "type": "LineString", "coordinates": [ [ -75.555245, 6.333587 ], [ -75.637708, 6.145238 ] ] } },
{ "type": "Feature", "properties": { "source": "BELLO", "target": "LA UNIÓN", "distance": 0.5, "betweenness": 0.00052165871374910923, "weight": 0.10052165871374912 }, "geometry": { "type": "LineString", "coordinates": [ [ -75.555245, 6.333587 ], [ -75.360874, 5.973845 ] ] } },
{ "type": "Feature", "properties": { "source": "BELLO", "target": "EBÉJICO", "distance": 0.5, "betweenness": 0.00036874613145799584, "weight": 0.10036874613145801 }, "geometry": { "type": "LineString", "coordinates": [ [ -75.555245, 6.333587 ], [ -75.766413, 6.325615 ] ] } },
{ "type": "Feature", "properties": { "source": "BELLO", "target": "SANTA BÁRBARA", "distance": 0.5, "betweenness": 0.00059409098957121558, "weight": 0.10059409098957123 }, "geometry": { "type": "LineString", "coordinates": [ [ -75.555245, 6.333587 ], [ -75.567351, 5.875527 ] ] } },
{ "type": "Feature", "properties": { "source": "BELLO", "target": "EL CARMEN DE VIBORAL", "distance": 0.5, "betweenness": 0.0005182095577575803, "weight": 0.10051820955775759 }, "geometry": { "type": "LineString", "coordinates": [ [ -75.555245, 6.333587 ], [ -75.333901, 6.082885 ] ] } },
{ "type": "Feature", "properties": { "source": "BELLO", "target": "CONCORDIA", "distance": 0.5, "betweenness": 0.00069066735733402387, "weight": 0.10069066735733403 }, "geometry": { "type": "LineString", "coordinates": [ [ -75.555245, 6.333587 ], [ -75.908448, 6.045738 ] ] } },
{ "type": "Feature", "properties": { "source": "BELLO", "target": "ARMENIA", "distance": 0.5, "betweenness": 0.0004130103000159497, "weight": 0.10041301030001595 }, "geometry": { "type": "LineString", "coordinates": [ [ -75.555245, 6.333587 ], [ -75.786647, 6.155667 ] ] } },
{ "type": "Feature", "properties": { "source": "BELLO", "target": "OLAYA", "distance": 0.5, "betweenness": 0.00021729682746631898, "weight": 0.10021729682746633 }, "geometry": { "type": "LineString", "coordinates": [ [ -75.555245, 6.333587 ], [ -75.811773, 6.626492 ] ] } },
{ "type": "Feature", "properties": { "source": "BELLO", "target": "ANGELÓPOLIS", "distance": 0.5, "betweenness": 0.0002319296104606839, "weight": 0.10023192961046069 }, "geometry": { "type": "LineString", "coordinates": [ [ -75.555245, 6.333587 ], [ -75.711389, 6.109719 ] ] } },
{ "type": "Feature", "properties": { "source": "BELLO", "target": "ITAGÜÍ", "distance": 0.5, "betweenness": 0.00043459365493263795, "weight": 0.10043459365493264 }, "geometry": { "type": "LineString", "coordinates": [ [ -75.555245, 6.333587 ], [ -75.612056, 6.175079 ] ] } },
{ "type": "Feature", "properties": { "source": "BELLO", "target": "VENECIA", "distance": 0.5, "betweenness": 0.00065364641635828067, "weight": 0.10065364641635828 }, "geometry": { "type": "LineString", "coordinates": [ [ -75.555245, 6.333587 ], [ -75.735544, 5.964693 ] ] } },
{ "type": "Feature", "properties": { "source": "BELLO", "target": "GRANADA", "distance": 0.5, "betweenness": 0.00064240530342225247, "weight": 0.10064240530342226 }, "geometry": { "type": "LineString", "coordinates": [ [ -75.555245, 6.333587 ], [ -75.184446, 6.142892 ] ] } },
{ "type": "Feature", "properties": { "source": "BELLO", "target": "ABEJORRAL", "distance": 0.5, "betweenness": 0.0010211100274244175, "weight": 0.10102111002742442 }, "geometry": { "type": "LineString", "coordinates": [ [ -75.555245, 6.333587 ], [ -75.428739, 5.789315 ] ] } },
{ "type": "Feature", "properties": { "source": "BELLO", "target": "SABANETA", "distance": 0.5, "betweenness": 0.0005578748516601624, "weight": 0.10055787485166016 }, "geometry": { "type": "LineString", "coordinates": [ [ -75.555245, 6.333587 ], [ -75.615479, 6.149903 ] ] } },
{ "type": "Feature", "properties": { "source": "BELLO", "target": "CISNEROS", "distance": 1.0, "betweenness": 0.0, "weight": 0.1 }, "geometry": { "type": "LineString", "coordinates": [ [ -75.555245, 6.333587 ], [ -75.087047, 6.537829 ] ] } },
{ "type": "Feature", "properties": { "source": "BELLO", "target": "SAN CARLOS", "distance": 1.0, "betweenness": 0.0, "weight": 0.1 }, "geometry": { "type": "LineString", "coordinates": [ [ -75.555245, 6.333587 ], [ -74.988097, 6.187746 ] ] } },
{ "type": "Feature", "properties": { "source": "MEDELLÍN", "target": "EL CARMEN DE VIBORAL", "distance": 0.5, "betweenness": 0.00072432275822106331, "weight": 0.10072432275822107 }, "geometry": { "type": "LineString", "coordinates": [ [ -75.581775, 6.246631 ], [ -75.333901, 6.082885 ] ] } },
{ "type": "Feature", "properties": { "source": "MEDELLÍN", "target": "EBÉJICO", "distance": 0.5, "betweenness": 0.00015144930399167686, "weight": 0.10015144930399168 }, "geometry": { "type": "LineString", "coordinates": [ [ -75.581775, 6.246631 ], [ -75.766413, 6.325615 ] ] } },
{ "type": "Feature", "properties": { "source": "MEDELLÍN", "target": "BETULIA", "distance": 0.5, "betweenness": 0.00058635024736719641, "weight": 0.1005863502473672 }, "geometry": { "type": "LineString", "coordinates": [ [ -75.581775, 6.246631 ], [ -75.984452, 6.115208 ] ] } },
{ "type": "Feature", "properties": { "source": "MEDELLÍN", "target": "SOPETRÁN", "distance": 0.5, "betweenness": 0.00016297262059973924, "weight": 0.10016297262059974 }, "geometry": { "type": "LineString", "coordinates": [ [ -75.581775, 6.246631 ], [ -75.747378, 6.500745 ] ] } },
{ "type": "Feature", "properties": { "source": "MEDELLÍN", "target": "ANZÁ", "distance": 0.5, "betweenness": 0.00068182915640542746, "weight": 0.10068182915640543 }, "geometry": { "type": "LineString", "coordinates": [ [ -75.581775, 6.246631 ], [ -75.854442, 6.302641 ] ] } },
{ "type": "Feature", "properties": { "source": "MEDELLÍN", "target": "CALDAS", "distance": 0.5, "betweenness": 0.00022309140953208749, "weight": 0.10022309140953209 }, "geometry": { "type": "LineString", "coordinates": [ [ -75.581775, 6.246631 ], [ -75.633673, 6.091077 ] ] } },
{ "type": "Feature", "properties": { "source": "MEDELLÍN", "target": "GUARNE", "distance": 0.5, "betweenness": 0.00062774639045825491, "weight": 0.10062774639045827 }, "geometry": { "type": "LineString", "coordinates": [ [ -75.581775, 6.246631 ], [ -75.441612, 6.27787 ] ] } },
{ "type": "Feature", "properties": { "source": "MEDELLÍN", "target": "MARINILLA", "distance": 0.5, "betweenness": 0.00014486455164421265, "weight": 0.10014486455164422 }, "geometry": { "type": "LineString", "coordinates": [ [ -75.581775, 6.246631 ], [ -75.339345, 6.173995 ] ] } },
{ "type": "Feature", "properties": { "source": "MEDELLÍN", "target": "HELICONIA", "distance": 0.5, "betweenness": 0.00029552368535419382, "weight": 0.1002955236853542 }, "geometry": { "type": "LineString", "coordinates": [ [ -75.581775, 6.246631 ], [ -75.734322, 6.206757 ] ] } },
{ "type": "Feature", "properties": { "source": "MEDELLÍN", "target": "CAICEDO", "distance": 0.5, "betweenness": 0.00057418302682510055, "weight": 0.10057418302682511 }, "geometry": { "type": "LineString", "coordinates": [ [ -75.581775, 6.246631 ], [ -75.98293, 6.405607 ] ] } },
{ "type": "Feature", "properties": { "source": "MEDELLÍN", "target": "LA CEJA", "distance": 0.5, "betweenness": 0.001428013292420072, "weight": 0.10142801329242007 }, "geometry": { "type": "LineString", "coordinates": [ [ -75.581775, 6.246631 ], [ -75.429433, 6.028062 ] ] } },
{ "type": "Feature", "properties": { "source": "MEDELLÍN", "target": "FREDONIA", "distance": 0.5, "betweenness": 0.00065164904147954985, "weight": 0.10065164904147955 }, "geometry": { "type": "LineString", "coordinates": [ [ -75.581775, 6.246631 ], [ -75.675072, 5.928039 ] ] } },
{ "type": "Feature", "properties": { "source": "MEDELLÍN", "target": "RETIRO", "distance": 0.5, "betweenness": 0.00052489255879086384, "weight": 0.10052489255879087 }, "geometry": { "type": "LineString", "coordinates": [ [ -75.581775, 6.246631 ], [ -75.501301, 6.062454 ] ] } },
{ "type": "Feature", "properties": { "source": "MEDELLÍN", "target": "SANTA BÁRBARA", "distance": 0.5, "betweenness": 0.00080254961610893801, "weight": 0.10080254961610895 }, "geometry": { "type": "LineString", "coordinates": [ [ -75.581775, 6.246631 ], [ -75.567351, 5.875527 ] ] } },
{ "type": "Feature", "properties": { "source": "MEDELLÍN", "target": "ENVIGADO", "distance": 0.5, "betweenness": 0.0, "weight": 0.1 }, "geometry": { "type": "LineString", "coordinates": [ [ -75.581775, 6.246631 ], [ -75.582192, 6.166695 ] ] } },
{ "type": "Feature", "properties": { "source": "MEDELLÍN", "target": "GIRARDOTA", "distance": 0.5, "betweenness": 0.00066396252836930809, "weight": 0.10066396252836932 }, "geometry": { "type": "LineString", "coordinates": [ [ -75.581775, 6.246631 ], [ -75.444238, 6.379472 ] ] } },
{ "type": "Feature", "properties": { "source": "MEDELLÍN", "target": "CONCORDIA", "distance": 0.5, "betweenness": 0.00062146892655367224, "weight": 0.10062146892655367 }, "geometry": { "type": "LineString", "coordinates": [ [ -75.581775, 6.246631 ], [ -75.908448, 6.045738 ] ] } },
{ "type": "Feature", "properties": { "source": "MEDELLÍN", "target": "RIONEGRO", "distance": 0.5, "betweenness": 0.0005794582065768506, "weight": 0.10057945820657685 }, "geometry": { "type": "LineString", "coordinates": [ [ -75.581775, 6.246631 ], [ -75.377316, 6.147148 ] ] } },
{ "type": "Feature", "properties": { "source": "MEDELLÍN", "target": "TITIRIBÍ", "distance": 0.5, "betweenness": 0.00090682025492977252, "weight": 0.10090682025492978 }, "geometry": { "type": "LineString", "coordinates": [ [ -75.581775, 6.246631 ], [ -75.791887, 6.062391 ] ] } },
{ "type": "Feature", "properties": { "source": "MEDELLÍN", "target": "AMAGÁ", "distance": 0.5, "betweenness": 0.0004369390810068776, "weight": 0.10043693908100688 }, "geometry": { "type": "LineString", "coordinates": [ [ -75.581775, 6.246631 ], [ -75.702188, 6.038708 ] ] } },
{ "type": "Feature", "properties": { "source": "MEDELLÍN", "target": "EL SANTUARIO", "distance": 0.5, "betweenness": 0.00076053889613211638, "weight": 0.10076053889613212 }, "geometry": { "type": "LineString", "coordinates": [ [ -75.581775, 6.246631 ], [ -75.265465, 6.136871 ] ] } },
{ "type": "Feature", "properties": { "source": "MEDELLÍN", "target": "VENECIA", "distance": 0.5, "betweenness": 0.0012435816955590965, "weight": 0.1012435816955591 }, "geometry": { "type": "LineString", "coordinates": [ [ -75.581775, 6.246631 ], [ -75.735544, 5.964693 ] ] } },
{ "type": "Feature", "properties": { "source": "MEDELLÍN", "target": "LA UNIÓN", "distance": 0.5, "betweenness": 0.00014486455164421265, "weight": 0.10014486455164422 }, "geometry": { "type": "LineString", "coordinates": [ [ -75.581775, 6.246631 ], [ -75.360874, 5.973845 ] ] } },
{ "type": "Feature", "properties": { "source": "MEDELLÍN", "target": "ANGELÓPOLIS", "distance": 0.5, "betweenness": 0.00058525278864261906, "weight": 0.10058525278864262 }, "geometry": { "type": "LineString", "coordinates": [ [ -75.581775, 6.246631 ], [ -75.711389, 6.109719 ] ] } },
{ "type": "Feature", "properties": { "source": "MEDELLÍN", "target": "MONTEBELLO", "distance": 0.5, "betweenness": 0.0013932538865634315, "weight": 0.10139325388656344 }, "geometry": { "type": "LineString", "coordinates": [ [ -75.581775, 6.246631 ], [ -75.523455, 5.946313 ] ] } },
{ "type": "Feature", "properties": { "source": "MEDELLÍN", "target": "SALGAR", "distance": 0.5, "betweenness": 0.0012270832327329502, "weight": 0.10122708323273295 }, "geometry": { "type": "LineString", "coordinates": [ [ -75.581775, 6.246631 ], [ -75.976807, 5.964198 ] ] } },
{ "type": "Feature", "properties": { "source": "MEDELLÍN", "target": "ABEJORRAL", "distance": 0.5, "betweenness": 0.0010766560716710266, "weight": 0.10107665607167103 }, "geometry": { "type": "LineString", "coordinates": [ [ -75.581775, 6.246631 ], [ -75.428739, 5.789315 ] ] } },
{ "type": "Feature", "properties": { "source": "MEDELLÍN", "target": "ARMENIA", "distance": 0.5, "betweenness": 0.00061060408518035631, "weight": 0.10061060408518036 }, "geometry": { "type": "LineString", "coordinates": [ [ -75.581775, 6.246631 ], [ -75.786647, 6.155667 ] ] } },
{ "type": "Feature", "properties": { "source": "MEDELLÍN", "target": "LA ESTRELLA", "distance": 0.5, "betweenness": 0.00082669370804964028, "weight": 0.10082669370804964 }, "geometry": { "type": "LineString", "coordinates": [ [ -75.581775, 6.246631 ], [ -75.637708, 6.145238 ] ] } },
{ "type": "Feature", "properties": { "source": "MEDELLÍN", "target": "SABANETA", "distance": 0.5, "betweenness": 0.00080254961610893812, "weight": 0.10080254961610895 }, "geometry": { "type": "LineString", "coordinates": [ [ -75.581775, 6.246631 ], [ -75.615479, 6.149903 ] ] } },
{ "type": "Feature", "properties": { "source": "MEDELLÍN", "target": "OLAYA", "distance": 0.5, "betweenness": 0.00087321132518872625, "weight": 0.10087321132518873 }, "geometry": { "type": "LineString", "coordinates": [ [ -75.581775, 6.246631 ], [ -75.811773, 6.626492 ] ] } },
{ "type": "Feature", "properties": { "source": "MEDELLÍN", "target": "GRANADA", "distance": 0.5, "betweenness": 0.0008804545527709369, "weight": 0.10088045455277095 }, "geometry": { "type": "LineString", "coordinates": [ [ -75.581775, 6.246631 ], [ -75.184446, 6.142892 ] ] } },
{ "type": "Feature", "properties": { "source": "MEDELLÍN", "target": "ITAGÜÍ", "distance": 0.5, "betweenness": 0.00077261094210246751, "weight": 0.10077261094210248 }, "geometry": { "type": "LineString", "coordinates": [ [ -75.581775, 6.246631 ], [ -75.612056, 6.175079 ] ] } },
{ "type": "Feature", "properties": { "source": "MEDELLÍN", "target": "COCORNÁ", "distance": 0.5, "betweenness": 0.00014486455164421265, "weight": 0.10014486455164422 }, "geometry": { "type": "LineString", "coordinates": [ [ -75.581775, 6.246631 ], [ -75.185483, 6.058295 ] ] } },
{ "type": "Feature", "properties": { "source": "MEDELLÍN", "target": "TARSO", "distance": 0.5, "betweenness": 0.0016739114005647736, "weight": 0.10167391140056478 }, "geometry": { "type": "LineString", "coordinates": [ [ -75.581775, 6.246631 ], [ -75.822956, 5.864542 ] ] } },
{ "type": "Feature", "properties": { "source": "MEDELLÍN", "target": "PUEBLORRICO", "distance": 0.5, "betweenness": 0.00078795341507205895, "weight": 0.10078795341507206 }, "geometry": { "type": "LineString", "coordinates": [ [ -75.581775, 6.246631 ], [ -75.839903, 5.79158 ] ] } },
{ "type": "Feature", "properties": { "source": "MEDELLÍN", "target": "JERICÓ", "distance": 0.5, "betweenness": 0.0009892116671777688, "weight": 0.10098921166717778 }, "geometry": { "type": "LineString", "coordinates": [ [ -75.581775, 6.246631 ], [ -75.785499, 5.789748 ] ] } },
{ "type": "Feature", "properties": { "source": "MEDELLÍN", "target": "SAN CARLOS", "distance": 0.25, "betweenness": 0.0065963383759993915, "weight": 0.1065963383759994 }, "geometry": { "type": "LineString", "coordinates": [ [ -75.581775, 6.246631 ], [ -74.988097, 6.187746 ] ] } },
{ "type": "Feature", "properties": { "source": "MEDELLÍN", "target": "HISPANIA", "distance": 1.0, "betweenness": 5.7945820657685062e-06, "weight": 0.10000579458206578 }, "geometry": { "type": "LineString", "coordinates": [ [ -75.581775, 6.246631 ], [ -75.906587, 5.799461 ] ] } },
{ "type": "Feature", "properties": { "source": "MEDELLÍN", "target": "TÁMESIS", "distance": 0.5, "betweenness": 0.0020342082467245436, "weight": 0.10203420824672454 }, "geometry": { "type": "LineString", "coordinates": [ [ -75.581775, 6.246631 ], [ -75.714429, 5.664645 ] ] } },
{ "type": "Feature", "properties": { "source": "MEDELLÍN", "target": "CIUDAD BOLÍVAR", "distance": 0.5, "betweenness": 0.00087498189193104437, "weight": 0.10087498189193105 }, "geometry": { "type": "LineString", "coordinates": [ [ -75.581775, 6.246631 ], [ -76.021509, 5.850273 ] ] } },
{ "type": "Feature", "properties": { "source": "MEDELLÍN", "target": "LA PINTADA", "distance": 0.33333333333333331, "betweenness": 0.00571950543701956, "weight": 0.10571950543701956 }, "geometry": { "type": "LineString", "coordinates": [ [ -75.581775, 6.246631 ], [ -75.60781, 5.743808 ] ] } },
{ "type": "Feature", "properties": { "source": "MEDELLÍN", "target": "SONSÓN", "distance": 0.33333333333333331, "betweenness": 0.0030910186277417918, "weight": 0.1030910186277418 }, "geometry": { "type": "LineString", "coordinates": [ [ -75.581775, 6.246631 ], [ -75.309596, 5.714851 ] ] } },
{ "type": "Feature", "properties": { "source": "RIONEGRO", "target": "SONSÓN", "distance": 0.5, "betweenness": 0.00019425019425019422, "weight": 0.1001942501942502 }, "geometry": { "type": "LineString", "coordinates": [ [ -75.377316, 6.147148 ], [ -75.309596, 5.714851 ] ] } },
{ "type": "Feature", "properties": { "source": "RIONEGRO", "target": "LA UNIÓN", "distance": 0.5, "betweenness": 0.00014486455164421265, "weight": 0.10014486455164422 }, "geometry": { "type": "LineString", "coordinates": [ [ -75.377316, 6.147148 ], [ -75.360874, 5.973845 ] ] } },
{ "type": "Feature", "properties": { "source": "RIONEGRO", "target": "ABEJORRAL", "distance": 0.5, "betweenness": 0.00014486455164421265, "weight": 0.10014486455164422 }, "geometry": { "type": "LineString", "coordinates": [ [ -75.377316, 6.147148 ], [ -75.428739, 5.789315 ] ] } },
{ "type": "Feature", "properties": { "source": "RIONEGRO", "target": "COCORNÁ", "distance": 0.5, "betweenness": 0.00015803405633914107, "weight": 0.10015803405633915 }, "geometry": { "type": "LineString", "coordinates": [ [ -75.377316, 6.147148 ], [ -75.185483, 6.058295 ] ] } },
{ "type": "Feature", "properties": { "source": "RIONEGRO", "target": "LA CEJA", "distance": 0.5, "betweenness": 0.00021729682746631898, "weight": 0.10021729682746633 }, "geometry": { "type": "LineString", "coordinates": [ [ -75.377316, 6.147148 ], [ -75.429433, 6.028062 ] ] } },
{ "type": "Feature", "properties": { "source": "RIONEGRO", "target": "SAN CARLOS", "distance": 0.5, "betweenness": 0.00019907901263833467, "weight": 0.10019907901263835 }, "geometry": { "type": "LineString", "coordinates": [ [ -75.377316, 6.147148 ], [ -74.988097, 6.187746 ] ] } },
{ "type": "Feature", "properties": { "source": "RIONEGRO", "target": "GUARNE", "distance": 0.5, "betweenness": 0.00014486455164421265, "weight": 0.10014486455164422 }, "geometry": { "type": "LineString", "coordinates": [ [ -75.377316, 6.147148 ], [ -75.441612, 6.27787 ] ] } },
{ "type": "Feature", "properties": { "source": "RIONEGRO", "target": "SABANETA", "distance": 0.5, "betweenness": 0.00021384767147479011, "weight": 0.1002138476714748 }, "geometry": { "type": "LineString", "coordinates": [ [ -75.377316, 6.147148 ], [ -75.615479, 6.149903 ] ] } },
{ "type": "Feature", "properties": { "source": "RIONEGRO", "target": "CALDAS", "distance": 0.5, "betweenness": 0.00014486455164421265, "weight": 0.10014486455164422 }, "geometry": { "type": "LineString", "coordinates": [ [ -75.377316, 6.147148 ], [ -75.633673, 6.091077 ] ] } },
{ "type": "Feature", "properties": { "source": "RIONEGRO", "target": "FREDONIA", "distance": 0.5, "betweenness": 0.00018108068955526583, "weight": 0.10018108068955527 }, "geometry": { "type": "LineString", "coordinates": [ [ -75.377316, 6.147148 ], [ -75.675072, 5.928039 ] ] } },
{ "type": "Feature", "properties": { "source": "RIONEGRO", "target": "ENVIGADO", "distance": 0.33333333333333331, "betweenness": 0.00035008933314018047, "weight": 0.10035008933314019 }, "geometry": { "type": "LineString", "coordinates": [ [ -75.377316, 6.147148 ], [ -75.582192, 6.166695 ] ] } },
{ "type": "Feature", "properties": { "source": "RIONEGRO", "target": "RETIRO", "distance": 0.5, "betweenness": 0.00055531411463614845, "weight": 0.10055531411463615 }, "geometry": { "type": "LineString", "coordinates": [ [ -75.377316, 6.147148 ], [ -75.501301, 6.062454 ] ] } },
{ "type": "Feature", "properties": { "source": "RIONEGRO", "target": "EL CARMEN DE VIBORAL", "distance": 0.5, "betweenness": 0.00016493236832219882, "weight": 0.1001649323683222 }, "geometry": { "type": "LineString", "coordinates": [ [ -75.377316, 6.147148 ], [ -75.333901, 6.082885 ] ] } },
{ "type": "Feature", "properties": { "source": "RIONEGRO", "target": "MARINILLA", "distance": 0.5, "betweenness": 0.00014486455164421265, "weight": 0.10014486455164422 }, "geometry": { "type": "LineString", "coordinates": [ [ -75.377316, 6.147148 ], [ -75.339345, 6.173995 ] ] } },
{ "type": "Feature", "properties": { "source": "RIONEGRO", "target": "TITIRIBÍ", "distance": 0.5, "betweenness": 0.00014486455164421265, "weight": 0.10014486455164422 }, "geometry": { "type": "LineString", "coordinates": [ [ -75.377316, 6.147148 ], [ -75.791887, 6.062391 ] ] } },
{ "type": "Feature", "properties": { "source": "RIONEGRO", "target": "SANTA BÁRBARA", "distance": 0.5, "betweenness": 0.00014486455164421265, "weight": 0.10014486455164422 }, "geometry": { "type": "LineString", "coordinates": [ [ -75.377316, 6.147148 ], [ -75.567351, 5.875527 ] ] } },
{ "type": "Feature", "properties": { "source": "RIONEGRO", "target": "VENECIA", "distance": 0.5, "betweenness": 0.00023569755208173286, "weight": 0.10023569755208174 }, "geometry": { "type": "LineString", "coordinates": [ [ -75.377316, 6.147148 ], [ -75.735544, 5.964693 ] ] } },
{ "type": "Feature", "properties": { "source": "RIONEGRO", "target": "ARGELIA", "distance": 0.5, "betweenness": 0.00045873774687334005, "weight": 0.10045873774687335 }, "geometry": { "type": "LineString", "coordinates": [ [ -75.377316, 6.147148 ], [ -75.14107, 5.731474 ] ] } },
{ "type": "Feature", "properties": { "source": "RIONEGRO", "target": "ANGELÓPOLIS", "distance": 0.5, "betweenness": 0.00014486455164421265, "weight": 0.10014486455164422 }, "geometry": { "type": "LineString", "coordinates": [ [ -75.377316, 6.147148 ], [ -75.711389, 6.109719 ] ] } },
{ "type": "Feature", "properties": { "source": "RIONEGRO", "target": "EL SANTUARIO", "distance": 0.5, "betweenness": 0.00015803405633914107, "weight": 0.10015803405633915 }, "geometry": { "type": "LineString", "coordinates": [ [ -75.377316, 6.147148 ], [ -75.265465, 6.136871 ] ] } },
{ "type": "Feature", "properties": { "source": "RIONEGRO", "target": "LA ESTRELLA", "distance": 0.5, "betweenness": 0.00015452218842049349, "weight": 0.1001545221884205 }, "geometry": { "type": "LineString", "coordinates": [ [ -75.377316, 6.147148 ], [ -75.637708, 6.145238 ] ] } },
{ "type": "Feature", "properties": { "source": "RIONEGRO", "target": "GRANADA", "distance": 0.5, "betweenness": 0.00023770955974345808, "weight": 0.10023770955974347 }, "geometry": { "type": "LineString", "coordinates": [ [ -75.377316, 6.147148 ], [ -75.184446, 6.142892 ] ] } },
{ "type": "Feature", "properties": { "source": "RIONEGRO", "target": "SAN LUIS", "distance": 0.5, "betweenness": 0.00046362927718859918, "weight": 0.1004636292771886 }, "geometry": { "type": "LineString", "coordinates": [ [ -75.377316, 6.147148 ], [ -74.993619, 6.043017 ] ] } },
{ "type": "Feature", "properties": { "source": "RIONEGRO", "target": "GIRARDOTA", "distance": 0.5, "betweenness": 0.00014486455164421265, "weight": 0.10014486455164422 }, "geometry": { "type": "LineString", "coordinates": [ [ -75.377316, 6.147148 ], [ -75.444238, 6.379472 ] ] } },
{ "type": "Feature", "properties": { "source": "RIONEGRO", "target": "HELICONIA", "distance": 0.5, "betweenness": 0.00015521201961879926, "weight": 0.1001552120196188 }, "geometry": { "type": "LineString", "coordinates": [ [ -75.377316, 6.147148 ], [ -75.734322, 6.206757 ] ] } },
{ "type": "Feature", "properties": { "source": "RIONEGRO", "target": "ARMENIA", "distance": 0.33333333333333331, "betweenness": 0.0018254658085166554, "weight": 0.10182546580851666 }, "geometry": { "type": "LineString", "coordinates": [ [ -75.377316, 6.147148 ], [ -75.786647, 6.155667 ] ] } },
{ "type": "Feature", "properties": { "source": "RIONEGRO", "target": "AMAGÁ", "distance": 0.5, "betweenness": 0.00014486455164421265, "weight": 0.10014486455164422 }, "geometry": { "type": "LineString", "coordinates": [ [ -75.377316, 6.147148 ], [ -75.702188, 6.038708 ] ] } },
{ "type": "Feature", "properties": { "source": "RIONEGRO", "target": "NARIÑO", "distance": 0.5, "betweenness": 0.00022936887343667003, "weight": 0.10022936887343667 }, "geometry": { "type": "LineString", "coordinates": [ [ -75.377316, 6.147148 ], [ -75.176262, 5.610777 ] ] } },
{ "type": "Feature", "properties": { "source": "RIONEGRO", "target": "EBÉJICO", "distance": 0.5, "betweenness": 0.00016259273104123168, "weight": 0.10016259273104124 }, "geometry": { "type": "LineString", "coordinates": [ [ -75.377316, 6.147148 ], [ -75.766413, 6.325615 ] ] } },
{ "type": "Feature", "properties": { "source": "RIONEGRO", "target": "MONTEBELLO", "distance": 0.5, "betweenness": 0.00014486455164421265, "weight": 0.10014486455164422 }, "geometry": { "type": "LineString", "coordinates": [ [ -75.377316, 6.147148 ], [ -75.523455, 5.946313 ] ] } },
{ "type": "Feature", "properties": { "source": "RIONEGRO", "target": "SAN FRANCISCO", "distance": 0.5, "betweenness": 0.00049683262960099114, "weight": 0.10049683262960099 }, "geometry": { "type": "LineString", "coordinates": [ [ -75.377316, 6.147148 ], [ -75.101562, 5.963476 ] ] } },
{ "type": "Feature", "properties": { "source": "RIONEGRO", "target": "SOPETRÁN", "distance": 0.5, "betweenness": 0.00024144091940702108, "weight": 0.10024144091940702 }, "geometry": { "type": "LineString", "coordinates": [ [ -75.377316, 6.147148 ], [ -75.747378, 6.500745 ] ] } },
{ "type": "Feature", "properties": { "source": "RIONEGRO", "target": "BETULIA", "distance": 0.5, "betweenness": 0.00036325883783510895, "weight": 0.10036325883783512 }, "geometry": { "type": "LineString", "coordinates": [ [ -75.377316, 6.147148 ], [ -75.984452, 6.115208 ] ] } },
{ "type": "Feature", "properties": { "source": "RIONEGRO", "target": "LA PINTADA", "distance": 0.5, "betweenness": 0.00035290614386659577, "weight": 0.1003529061438666 }, "geometry": { "type": "LineString", "coordinates": [ [ -75.377316, 6.147148 ], [ -75.60781, 5.743808 ] ] } },
{ "type": "Feature", "properties": { "source": "RIONEGRO", "target": "CISNEROS", "distance": 0.5, "betweenness": 0.0012087766162081676, "weight": 0.10120877661620817 }, "geometry": { "type": "LineString", "coordinates": [ [ -75.377316, 6.147148 ], [ -75.087047, 6.537829 ] ] } },
{ "type": "Feature", "properties": { "source": "RIONEGRO", "target": "TARSO", "distance": 0.5, "betweenness": 0.00064976872886477409, "weight": 0.10064976872886477 }, "geometry": { "type": "LineString", "coordinates": [ [ -75.377316, 6.147148 ], [ -75.822956, 5.864542 ] ] } },
{ "type": "Feature", "properties": { "source": "RIONEGRO", "target": "ITAGÜÍ", "distance": 0.5, "betweenness": 0.00016900864358491478, "weight": 0.10016900864358493 }, "geometry": { "type": "LineString", "coordinates": [ [ -75.377316, 6.147148 ], [ -75.612056, 6.175079 ] ] } },
{ "type": "Feature", "properties": { "source": "RIONEGRO", "target": "ANZÁ", "distance": 0.5, "betweenness": 0.00065189048239895696, "weight": 0.10065189048239896 }, "geometry": { "type": "LineString", "coordinates": [ [ -75.377316, 6.147148 ], [ -75.854442, 6.302641 ] ] } },
{ "type": "Feature", "properties": { "source": "RIONEGRO", "target": "CONCORDIA", "distance": 0.5, "betweenness": 0.00027041382973586357, "weight": 0.10027041382973587 }, "geometry": { "type": "LineString", "coordinates": [ [ -75.377316, 6.147148 ], [ -75.908448, 6.045738 ] ] } },
{ "type": "Feature", "properties": { "source": "RIONEGRO", "target": "JERICÓ", "distance": 0.5, "betweenness": 0.00068765195883839947, "weight": 0.1006876519588384 }, "geometry": { "type": "LineString", "coordinates": [ [ -75.377316, 6.147148 ], [ -75.785499, 5.789748 ] ] } },
{ "type": "Feature", "properties": { "source": "RIONEGRO", "target": "TÁMESIS", "distance": 0.5, "betweenness": 0.00073251711669790754, "weight": 0.10073251711669791 }, "geometry": { "type": "LineString", "coordinates": [ [ -75.377316, 6.147148 ], [ -75.714429, 5.664645 ] ] } },
{ "type": "Feature", "properties": { "source": "RIONEGRO", "target": "VALPARAÍSO", "distance": 1.0, "betweenness": 0.0, "weight": 0.1 }, "geometry": { "type": "LineString", "coordinates": [ [ -75.377316, 6.147148 ], [ -75.624452, 5.614555 ] ] } },
{ "type": "Feature", "properties": { "source": "GUARNE", "target": "AMAGÁ", "distance": 0.5, "betweenness": 0.00016900864358491478, "weight": 0.10016900864358493 }, "geometry": { "type": "LineString", "coordinates": [ [ -75.441612, 6.27787 ], [ -75.702188, 6.038708 ] ] } },
{ "type": "Feature", "properties": { "source": "GUARNE", "target": "RETIRO", "distance": 0.5, "betweenness": 0.00070017866628036116, "weight": 0.10070017866628037 }, "geometry": { "type": "LineString", "coordinates": [ [ -75.441612, 6.27787 ], [ -75.501301, 6.062454 ] ] } },
{ "type": "Feature", "properties": { "source": "GUARNE", "target": "OLAYA", "distance": 0.5, "betweenness": 0.00050702593075474425, "weight": 0.10050702593075475 }, "geometry": { "type": "LineString", "coordinates": [ [ -75.441612, 6.27787 ], [ -75.811773, 6.626492 ] ] } },
{ "type": "Feature", "properties": { "source": "GUARNE", "target": "EBÉJICO", "distance": 0.5, "betweenness": 0.00016259273104123168, "weight": 0.10016259273104124 }, "geometry": { "type": "LineString", "coordinates": [ [ -75.441612, 6.27787 ], [ -75.766413, 6.325615 ] ] } },
{ "type": "Feature", "properties": { "source": "GUARNE", "target": "COCORNÁ", "distance": 0.5, "betweenness": 0.00014486455164421265, "weight": 0.10014486455164422 }, "geometry": { "type": "LineString", "coordinates": [ [ -75.441612, 6.27787 ], [ -75.185483, 6.058295 ] ] } },
{ "type": "Feature", "properties": { "source": "GUARNE", "target": "EL CARMEN DE VIBORAL", "distance": 0.5, "betweenness": 0.00015176286362727039, "weight": 0.10015176286362727 }, "geometry": { "type": "LineString", "coordinates": [ [ -75.441612, 6.27787 ], [ -75.333901, 6.082885 ] ] } },
{ "type": "Feature", "properties": { "source": "GUARNE", "target": "GRANADA", "distance": 0.33333333333333331, "betweenness": 0.0016586991163262347, "weight": 0.10165869911632625 }, "geometry": { "type": "LineString", "coordinates": [ [ -75.441612, 6.27787 ], [ -75.184446, 6.142892 ] ] } },
{ "type": "Feature", "properties": { "source": "GUARNE", "target": "LA CEJA", "distance": 0.5, "betweenness": 0.0002304663321612474, "weight": 0.10023046633216125 }, "geometry": { "type": "LineString", "coordinates": [ [ -75.441612, 6.27787 ], [ -75.429433, 6.028062 ] ] } },
{ "type": "Feature", "properties": { "source": "GUARNE", "target": "HELICONIA", "distance": 0.5, "betweenness": 0.00015521201961879926, "weight": 0.1001552120196188 }, "geometry": { "type": "LineString", "coordinates": [ [ -75.441612, 6.27787 ], [ -75.734322, 6.206757 ] ] } },
{ "type": "Feature", "properties": { "source": "GUARNE", "target": "CALDAS", "distance": 0.33333333333333331, "betweenness": 0.0010261239074798399, "weight": 0.10102612390747985 }, "geometry": { "type": "LineString", "coordinates": [ [ -75.441612, 6.27787 ], [ -75.633673, 6.091077 ] ] } },
{ "type": "Feature", "properties": { "source": "GUARNE", "target": "TITIRIBÍ", "distance": 0.5, "betweenness": 0.00019222411660482062, "weight": 0.10019222411660482 }, "geometry": { "type": "LineString", "coordinates": [ [ -75.441612, 6.27787 ], [ -75.791887, 6.062391 ] ] } },
{ "type": "Feature", "properties": { "source": "GUARNE", "target": "ABEJORRAL", "distance": 0.5, "betweenness": 0.00021374622571033338, "weight": 0.10021374622571035 }, "geometry": { "type": "LineString", "coordinates": [ [ -75.441612, 6.27787 ], [ -75.428739, 5.789315 ] ] } },
{ "type": "Feature", "properties": { "source": "GUARNE", "target": "SOPETRÁN", "distance": 0.5, "betweenness": 0.00021729682746631898, "weight": 0.10021729682746633 }, "geometry": { "type": "LineString", "coordinates": [ [ -75.441612, 6.27787 ], [ -75.747378, 6.500745 ] ] } },
{ "type": "Feature", "properties": { "source": "GUARNE", "target": "LA UNIÓN", "distance": 0.5, "betweenness": 0.00014486455164421265, "weight": 0.10014486455164422 }, "geometry": { "type": "LineString", "coordinates": [ [ -75.441612, 6.27787 ], [ -75.360874, 5.973845 ] ] } },
{ "type": "Feature", "properties": { "source": "GUARNE", "target": "CONCORDIA", "distance": 0.5, "betweenness": 0.00031870201361726788, "weight": 0.10031870201361727 }, "geometry": { "type": "LineString", "coordinates": [ [ -75.441612, 6.27787 ], [ -75.908448, 6.045738 ] ] } },
{ "type": "Feature", "properties": { "source": "GUARNE", "target": "CAICEDO", "distance": 1.0, "betweenness": 0.0, "weight": 0.1 }, "geometry": { "type": "LineString", "coordinates": [ [ -75.441612, 6.27787 ], [ -75.98293, 6.405607 ] ] } },
{ "type": "Feature", "properties": { "source": "GUARNE", "target": "EL SANTUARIO", "distance": 0.5, "betweenness": 0.00021729682746631898, "weight": 0.10021729682746633 }, "geometry": { "type": "LineString", "coordinates": [ [ -75.441612, 6.27787 ], [ -75.265465, 6.136871 ] ] } },
{ "type": "Feature", "properties": { "source": "GUARNE", "target": "ANZÁ", "distance": 0.5, "betweenness": 0.000676034574339659, "weight": 0.10067603457433967 }, "geometry": { "type": "LineString", "coordinates": [ [ -75.441612, 6.27787 ], [ -75.854442, 6.302641 ] ] } },
{ "type": "Feature", "properties": { "source": "GUARNE", "target": "SANTA BÁRBARA", "distance": 0.5, "betweenness": 0.00014486455164421265, "weight": 0.10014486455164422 }, "geometry": { "type": "LineString", "coordinates": [ [ -75.441612, 6.27787 ], [ -75.567351, 5.875527 ] ] } },
{ "type": "Feature", "properties": { "source": "GUARNE", "target": "BETULIA", "distance": 0.5, "betweenness": 0.00047190725156826848, "weight": 0.10047190725156828 }, "geometry": { "type": "LineString", "coordinates": [ [ -75.441612, 6.27787 ], [ -75.984452, 6.115208 ] ] } },
{ "type": "Feature", "properties": { "source": "GUARNE", "target": "GIRARDOTA", "distance": 0.5, "betweenness": 0.00014486455164421265, "weight": 0.10014486455164422 }, "geometry": { "type": "LineString", "coordinates": [ [ -75.441612, 6.27787 ], [ -75.444238, 6.379472 ] ] } },
{ "type": "Feature", "properties": { "source": "GUARNE", "target": "MARINILLA", "distance": 0.5, "betweenness": 0.00014486455164421265, "weight": 0.10014486455164422 }, "geometry": { "type": "LineString", "coordinates": [ [ -75.441612, 6.27787 ], [ -75.339345, 6.173995 ] ] } },
{ "type": "Feature", "properties": { "source": "GUARNE", "target": "FREDONIA", "distance": 0.5, "betweenness": 0.00022936887343667003, "weight": 0.10022936887343667 }, "geometry": { "type": "LineString", "coordinates": [ [ -75.441612, 6.27787 ], [ -75.675072, 5.928039 ] ] } },
{ "type": "Feature", "properties": { "source": "GUARNE", "target": "LA ESTRELLA", "distance": 0.5, "betweenness": 0.00015452218842049349, "weight": 0.1001545221884205 }, "geometry": { "type": "LineString", "coordinates": [ [ -75.441612, 6.27787 ], [ -75.637708, 6.145238 ] ] } },
{ "type": "Feature", "properties": { "source": "GUARNE", "target": "ANGELÓPOLIS", "distance": 0.5, "betweenness": 0.00014486455164421265, "weight": 0.10014486455164422 }, "geometry": { "type": "LineString", "coordinates": [ [ -75.441612, 6.27787 ], [ -75.711389, 6.109719 ] ] } },
{ "type": "Feature", "properties": { "source": "GUARNE", "target": "ARMENIA", "distance": 0.5, "betweenness": 0.0002379917634154922, "weight": 0.1002379917634155 }, "geometry": { "type": "LineString", "coordinates": [ [ -75.441612, 6.27787 ], [ -75.786647, 6.155667 ] ] } },
{ "type": "Feature", "properties": { "source": "GUARNE", "target": "ENVIGADO", "distance": 0.33333333333333331, "betweenness": 0.00037423342508088262, "weight": 0.10037423342508089 }, "geometry": { "type": "LineString", "coordinates": [ [ -75.441612, 6.27787 ], [ -75.582192, 6.166695 ] ] } },
{ "type": "Feature", "properties": { "source": "GUARNE", "target": "SAN CARLOS", "distance": 0.5, "betweenness": 0.0001738374619730552, "weight": 0.10017383746197306 }, "geometry": { "type": "LineString", "coordinates": [ [ -75.441612, 6.27787 ], [ -74.988097, 6.187746 ] ] } },
{ "type": "Feature", "properties": { "source": "GUARNE", "target": "VENECIA", "distance": 0.5, "betweenness": 0.00032261628306826047, "weight": 0.10032261628306827 }, "geometry": { "type": "LineString", "coordinates": [ [ -75.441612, 6.27787 ], [ -75.735544, 5.964693 ] ] } },
{ "type": "Feature", "properties": { "source": "GUARNE", "target": "CISNEROS", "distance": 0.5, "betweenness": 0.000724946259496455, "weight": 0.10072494625949646 }, "geometry": { "type": "LineString", "coordinates": [ [ -75.441612, 6.27787 ], [ -75.087047, 6.537829 ] ] } },
{ "type": "Feature", "properties": { "source": "GUARNE", "target": "MONTEBELLO", "distance": 0.5, "betweenness": 0.00021083722392078026, "weight": 0.10021083722392078 }, "geometry": { "type": "LineString", "coordinates": [ [ -75.441612, 6.27787 ], [ -75.523455, 5.946313 ] ] } },
{ "type": "Feature", "properties": { "source": "GUARNE", "target": "ITAGÜÍ", "distance": 0.5, "betweenness": 0.00016555948759338588, "weight": 0.1001655594875934 }, "geometry": { "type": "LineString", "coordinates": [ [ -75.441612, 6.27787 ], [ -75.612056, 6.175079 ] ] } },
{ "type": "Feature", "properties": { "source": "GUARNE", "target": "SABANETA", "distance": 0.33333333333333331, "betweenness": 0.0013371228060493593, "weight": 0.10133712280604937 }, "geometry": { "type": "LineString", "coordinates": [ [ -75.441612, 6.27787 ], [ -75.615479, 6.149903 ] ] } },
{ "type": "Feature", "properties": { "source": "GUARNE", "target": "SAN LUIS", "distance": 0.5, "betweenness": 0.00055048529624800808, "weight": 0.10055048529624801 }, "geometry": { "type": "LineString", "coordinates": [ [ -75.441612, 6.27787 ], [ -74.993619, 6.043017 ] ] } },
{ "type": "Feature", "properties": { "source": "GUARNE", "target": "SONSÓN", "distance": 0.5, "betweenness": 0.00014486455164421265, "weight": 0.10014486455164422 }, "geometry": { "type": "LineString", "coordinates": [ [ -75.441612, 6.27787 ], [ -75.309596, 5.714851 ] ] } },
{ "type": "Feature", "properties": { "source": "GUARNE", "target": "SAN FRANCISCO", "distance": 0.5, "betweenness": 0.00067480385276995456, "weight": 0.10067480385276996 }, "geometry": { "type": "LineString", "coordinates": [ [ -75.441612, 6.27787 ], [ -75.101562, 5.963476 ] ] } },
{ "type": "Feature", "properties": { "source": "YALÍ", "target": "PUERTO BERRÍO", "distance": 0.5, "betweenness": 0.00048535373394130454, "weight": 0.10048535373394131 }, "geometry": { "type": "LineString", "coordinates": [ [ -74.840059, 6.676554 ], [ -74.410016, 6.487028 ] ] } },
{ "type": "Feature", "properties": { "source": "YALÍ", "target": "VEGACHÍ", "distance": 0.5, "betweenness": 0.00020695404160393807, "weight": 0.10020695404160394 }, "geometry": { "type": "LineString", "coordinates": [ [ -74.840059, 6.676554 ], [ -74.798714, 6.773525 ] ] } },
{ "type": "Feature", "properties": { "source": "YALÍ", "target": "REMEDIOS", "distance": 0.5, "betweenness": 0.00052301224617608809, "weight": 0.10052301224617609 }, "geometry": { "type": "LineString", "coordinates": [ [ -74.840059, 6.676554 ], [ -74.698135, 7.029424 ] ] } },
{ "type": "Feature", "properties": { "source": "YALÍ", "target": "SAN CARLOS", "distance": 0.5, "betweenness": 0.0018725467878010248, "weight": 0.10187254678780103 }, "geometry": { "type": "LineString", "coordinates": [ [ -74.840059, 6.676554 ], [ -74.988097, 6.187746 ] ] } },
{ "type": "Feature", "properties": { "source": "YALÍ", "target": "CISNEROS", "distance": 0.5, "betweenness": 0.00017061824971429494, "weight": 0.10017061824971429 }, "geometry": { "type": "LineString", "coordinates": [ [ -74.840059, 6.676554 ], [ -75.087047, 6.537829 ] ] } },
{ "type": "Feature", "properties": { "source": "YALÍ", "target": "MACEO", "distance": 0.5, "betweenness": 0.00023540489642184556, "weight": 0.10023540489642185 }, "geometry": { "type": "LineString", "coordinates": [ [ -74.840059, 6.676554 ], [ -74.78716, 6.552116 ] ] } },
{ "type": "Feature", "properties": { "source": "YALÍ", "target": "CARACOLÍ", "distance": 0.5, "betweenness": 0.00036848483176166787, "weight": 0.10036848483176167 }, "geometry": { "type": "LineString", "coordinates": [ [ -74.840059, 6.676554 ], [ -74.757421, 6.409829 ] ] } },
{ "type": "Feature", "properties": { "source": "GIRARDOTA", "target": "EBÉJICO", "distance": 0.5, "betweenness": 0.00023502500686333803, "weight": 0.10023502500686335 }, "geometry": { "type": "LineString", "coordinates": [ [ -75.444238, 6.379472 ], [ -75.766413, 6.325615 ] ] } },
{ "type": "Feature", "properties": { "source": "GIRARDOTA", "target": "CALDAS", "distance": 0.5, "betweenness": 0.00021729682746631898, "weight": 0.10021729682746633 }, "geometry": { "type": "LineString", "coordinates": [ [ -75.444238, 6.379472 ], [ -75.633673, 6.091077 ] ] } },
{ "type": "Feature", "properties": { "source": "GIRARDOTA", "target": "EL CARMEN DE VIBORAL", "distance": 0.5, "betweenness": 0.00029662741527148304, "weight": 0.10029662741527148 }, "geometry": { "type": "LineString", "coordinates": [ [ -75.444238, 6.379472 ], [ -75.333901, 6.082885 ] ] } },
{ "type": "Feature", "properties": { "source": "GIRARDOTA", "target": "ENVIGADO", "distance": 0.5, "betweenness": 0.00019315273552561685, "weight": 0.10019315273552562 }, "geometry": { "type": "LineString", "coordinates": [ [ -75.444238, 6.379472 ], [ -75.582192, 6.166695 ] ] } },
{ "type": "Feature", "properties": { "source": "GIRARDOTA", "target": "RETIRO", "distance": 0.33333333333333331, "betweenness": 0.0018880679897629044, "weight": 0.10188806798976291 }, "geometry": { "type": "LineString", "coordinates": [ [ -75.444238, 6.379472 ], [ -75.501301, 6.062454 ] ] } },
{ "type": "Feature", "properties": { "source": "GIRARDOTA", "target": "LA UNIÓN", "distance": 0.5, "betweenness": 0.00021729682746631898, "weight": 0.10021729682746633 }, "geometry": { "type": "LineString", "coordinates": [ [ -75.444238, 6.379472 ], [ -75.360874, 5.973845 ] ] } },
{ "type": "Feature", "properties": { "source": "GIRARDOTA", "target": "SAN CARLOS", "distance": 0.5, "betweenness": 0.0001738374619730552, "weight": 0.10017383746197306 }, "geometry": { "type": "LineString", "coordinates": [ [ -75.444238, 6.379472 ], [ -74.988097, 6.187746 ] ] } },
{ "type": "Feature", "properties": { "source": "GIRARDOTA", "target": "MARINILLA", "distance": 0.5, "betweenness": 0.00014486455164421265, "weight": 0.10014486455164422 }, "geometry": { "type": "LineString", "coordinates": [ [ -75.444238, 6.379472 ], [ -75.339345, 6.173995 ] ] } },
{ "type": "Feature", "properties": { "source": "GIRARDOTA", "target": "COCORNÁ", "distance": 0.5, "betweenness": 0.00014486455164421265, "weight": 0.10014486455164422 }, "geometry": { "type": "LineString", "coordinates": [ [ -75.444238, 6.379472 ], [ -75.185483, 6.058295 ] ] } },
{ "type": "Feature", "properties": { "source": "GIRARDOTA", "target": "SANTA BÁRBARA", "distance": 0.5, "betweenness": 0.00019315273552561685, "weight": 0.10019315273552562 }, "geometry": { "type": "LineString", "coordinates": [ [ -75.444238, 6.379472 ], [ -75.567351, 5.875527 ] ] } },
{ "type": "Feature", "properties": { "source": "GIRARDOTA", "target": "SOPETRÁN", "distance": 0.5, "betweenness": 0.00021729682746631898, "weight": 0.10021729682746633 }, "geometry": { "type": "LineString", "coordinates": [ [ -75.444238, 6.379472 ], [ -75.747378, 6.500745 ] ] } },
{ "type": "Feature", "properties": { "source": "GIRARDOTA", "target": "AMAGÁ", "distance": 0.5, "betweenness": 0.00018590950794340622, "weight": 0.10018590950794341 }, "geometry": { "type": "LineString", "coordinates": [ [ -75.444238, 6.379472 ], [ -75.702188, 6.038708 ] ] } },
{ "type": "Feature", "properties": { "source": "GIRARDOTA", "target": "GRANADA", "distance": 0.5, "betweenness": 0.00021729682746631898, "weight": 0.10021729682746633 }, "geometry": { "type": "LineString", "coordinates": [ [ -75.444238, 6.379472 ], [ -75.184446, 6.142892 ] ] } },
{ "type": "Feature", "properties": { "source": "GIRARDOTA", "target": "FREDONIA", "distance": 0.5, "betweenness": 0.00030783717224395189, "weight": 0.10030783717224395 }, "geometry": { "type": "LineString", "coordinates": [ [ -75.444238, 6.379472 ], [ -75.675072, 5.928039 ] ] } },
{ "type": "Feature", "properties": { "source": "GIRARDOTA", "target": "ARMENIA", "distance": 0.5, "betweenness": 0.00020281037230189769, "weight": 0.1002028103723019 }, "geometry": { "type": "LineString", "coordinates": [ [ -75.444238, 6.379472 ], [ -75.786647, 6.155667 ] ] } },
{ "type": "Feature", "properties": { "source": "GIRARDOTA", "target": "SAN LUIS", "distance": 1.0, "betweenness": 0.0, "weight": 0.1 }, "geometry": { "type": "LineString", "coordinates": [ [ -75.444238, 6.379472 ], [ -74.993619, 6.043017 ] ] } },
{ "type": "Feature", "properties": { "source": "GIRARDOTA", "target": "SABANETA", "distance": 0.5, "betweenness": 0.0002414409194070211, "weight": 0.10024144091940702 }, "geometry": { "type": "LineString", "coordinates": [ [ -75.444238, 6.379472 ], [ -75.615479, 6.149903 ] ] } },
{ "type": "Feature", "properties": { "source": "GIRARDOTA", "target": "ABEJORRAL", "distance": 0.5, "betweenness": 0.00029825054750279073, "weight": 0.1002982505475028 }, "geometry": { "type": "LineString", "coordinates": [ [ -75.444238, 6.379472 ], [ -75.428739, 5.789315 ] ] } },
{ "type": "Feature", "properties": { "source": "GIRARDOTA", "target": "EL SANTUARIO", "distance": 0.5, "betweenness": 0.0002897291032884253, "weight": 0.10028972910328843 }, "geometry": { "type": "LineString", "coordinates": [ [ -75.444238, 6.379472 ], [ -75.265465, 6.136871 ] ] } },
{ "type": "Feature", "properties": { "source": "GIRARDOTA", "target": "LA ESTRELLA", "distance": 0.5, "betweenness": 0.00022695446424259982, "weight": 0.10022695446424261 }, "geometry": { "type": "LineString", "coordinates": [ [ -75.444238, 6.379472 ], [ -75.637708, 6.145238 ] ] } },
{ "type": "Feature", "properties": { "source": "GIRARDOTA", "target": "CISNEROS", "distance": 0.5, "betweenness": 0.00037485692635627442, "weight": 0.10037485692635628 }, "geometry": { "type": "LineString", "coordinates": [ [ -75.444238, 6.379472 ], [ -75.087047, 6.537829 ] ] } },
{ "type": "Feature", "properties": { "source": "GIRARDOTA", "target": "HELICONIA", "distance": 0.5, "betweenness": 0.00015521201961879926, "weight": 0.1001552120196188 }, "geometry": { "type": "LineString", "coordinates": [ [ -75.444238, 6.379472 ], [ -75.734322, 6.206757 ] ] } },
{ "type": "Feature", "properties": { "source": "GIRARDOTA", "target": "LA CEJA", "distance": 0.5, "betweenness": 0.00027875451604265163, "weight": 0.10027875451604265 }, "geometry": { "type": "LineString", "coordinates": [ [ -75.444238, 6.379472 ], [ -75.429433, 6.028062 ] ] } },
{ "type": "Feature", "properties": { "source": "GIRARDOTA", "target": "OLAYA", "distance": 0.5, "betweenness": 0.00036216137911053165, "weight": 0.10036216137911054 }, "geometry": { "type": "LineString", "coordinates": [ [ -75.444238, 6.379472 ], [ -75.811773, 6.626492 ] ] } },
{ "type": "Feature", "properties": { "source": "GIRARDOTA", "target": "MONTEBELLO", "distance": 0.5, "betweenness": 0.00027200225683722556, "weight": 0.10027200225683723 }, "geometry": { "type": "LineString", "coordinates": [ [ -75.444238, 6.379472 ], [ -75.523455, 5.946313 ] ] } },
{ "type": "Feature", "properties": { "source": "GIRARDOTA", "target": "ANGELÓPOLIS", "distance": 0.33333333333333331, "betweenness": 0.0011878893234825436, "weight": 0.10118788932348255 }, "geometry": { "type": "LineString", "coordinates": [ [ -75.444238, 6.379472 ], [ -75.711389, 6.109719 ] ] } },
{ "type": "Feature", "properties": { "source": "GIRARDOTA", "target": "ANZÁ", "distance": 0.5, "betweenness": 0.00065671930078709732, "weight": 0.10065671930078711 }, "geometry": { "type": "LineString", "coordinates": [ [ -75.444238, 6.379472 ], [ -75.854442, 6.302641 ] ] } },
{ "type": "Feature", "properties": { "source": "GIRARDOTA", "target": "TITIRIBÍ", "distance": 0.5, "betweenness": 0.00022844025451587379, "weight": 0.10022844025451588 }, "geometry": { "type": "LineString", "coordinates": [ [ -75.444238, 6.379472 ], [ -75.791887, 6.062391 ] ] } },
{ "type": "Feature", "properties": { "source": "GIRARDOTA", "target": "CAICEDO", "distance": 1.0, "betweenness": 0.0, "weight": 0.1 }, "geometry": { "type": "LineString", "coordinates": [ [ -75.444238, 6.379472 ], [ -75.98293, 6.405607 ] ] } },
{ "type": "Feature", "properties": { "source": "GIRARDOTA", "target": "ITAGÜÍ", "distance": 1.0, "betweenness": 0.0, "weight": 0.1 }, "geometry": { "type": "LineString", "coordinates": [ [ -75.444238, 6.379472 ], [ -75.612056, 6.175079 ] ] } },
{ "type": "Feature", "properties": { "source": "GIRARDOTA", "target": "BETULIA", "distance": 1.0, "betweenness": 0.0, "weight": 0.1 }, "geometry": { "type": "LineString", "coordinates": [ [ -75.444238, 6.379472 ], [ -75.984452, 6.115208 ] ] } },
{ "type": "Feature", "properties": { "source": "CISNEROS", "target": "MACEO", "distance": 0.5, "betweenness": 0.00036256378064287661, "weight": 0.10036256378064289 }, "geometry": { "type": "LineString", "coordinates": [ [ -75.087047, 6.537829 ], [ -74.78716, 6.552116 ] ] } },
{ "type": "Feature", "properties": { "source": "CISNEROS", "target": "GRANADA", "distance": 0.5, "betweenness": 0.00048374412781192433, "weight": 0.10048374412781193 }, "geometry": { "type": "LineString", "coordinates": [ [ -75.087047, 6.537829 ], [ -75.184446, 6.142892 ] ] } },
{ "type": "Feature", "properties": { "source": "CISNEROS", "target": "REMEDIOS", "distance": 0.5, "betweenness": 0.00084593947588297862, "weight": 0.10084593947588298 }, "geometry": { "type": "LineString", "coordinates": [ [ -75.087047, 6.537829 ], [ -74.698135, 7.029424 ] ] } },
{ "type": "Feature", "properties": { "source": "CISNEROS", "target": "MARINILLA", "distance": 0.5, "betweenness": 0.00036882090337109891, "weight": 0.1003688209033711 }, "geometry": { "type": "LineString", "coordinates": [ [ -75.087047, 6.537829 ], [ -75.339345, 6.173995 ] ] } },
{ "type": "Feature", "properties": { "source": "CISNEROS", "target": "SAN CARLOS", "distance": 0.5, "betweenness": 0.00081388584213442944, "weight": 0.10081388584213444 }, "geometry": { "type": "LineString", "coordinates": [ [ -75.087047, 6.537829 ], [ -74.988097, 6.187746 ] ] } },
{ "type": "Feature", "properties": { "source": "CISNEROS", "target": "VEGACHÍ", "distance": 0.5, "betweenness": 0.00030755442469019678, "weight": 0.10030755442469021 }, "geometry": { "type": "LineString", "coordinates": [ [ -75.087047, 6.537829 ], [ -74.798714, 6.773525 ] ] } },
{ "type": "Feature", "properties": { "source": "CISNEROS", "target": "CARACOLÍ", "distance": 1.0, "betweenness": 9.6576367762808432e-06, "weight": 0.10000965763677629 }, "geometry": { "type": "LineString", "coordinates": [ [ -75.087047, 6.537829 ], [ -74.757421, 6.409829 ] ] } },
{ "type": "Feature", "properties": { "source": "CISNEROS", "target": "PUERTO BERRÍO", "distance": 1.0, "betweenness": 1.6096061293801404e-05, "weight": 0.1000160960612938 }, "geometry": { "type": "LineString", "coordinates": [ [ -75.087047, 6.537829 ], [ -74.410016, 6.487028 ] ] } },
{ "type": "Feature", "properties": { "source": "CISNEROS", "target": "EL SANTUARIO", "distance": 0.5, "betweenness": 0.00086711781627035864, "weight": 0.10086711781627036 }, "geometry": { "type": "LineString", "coordinates": [ [ -75.087047, 6.537829 ], [ -75.265465, 6.136871 ] ] } },
{ "type": "Feature", "properties": { "source": "CISNEROS", "target": "COCORNÁ", "distance": 1.0, "betweenness": 0.0, "weight": 0.1 }, "geometry": { "type": "LineString", "coordinates": [ [ -75.087047, 6.537829 ], [ -75.185483, 6.058295 ] ] } },
{ "type": "Feature", "properties": { "source": "MARINILLA", "target": "EL CARMEN DE VIBORAL", "distance": 0.5, "betweenness": 0.00015176286362727039, "weight": 0.10015176286362727 }, "geometry": { "type": "LineString", "coordinates": [ [ -75.339345, 6.173995 ], [ -75.333901, 6.082885 ] ] } },
{ "type": "Feature", "properties": { "source": "MARINILLA", "target": "ENVIGADO", "distance": 0.5, "betweenness": 0.00014486455164421265, "weight": 0.10014486455164422 }, "geometry": { "type": "LineString", "coordinates": [ [ -75.339345, 6.173995 ], [ -75.582192, 6.166695 ] ] } },
{ "type": "Feature", "properties": { "source": "MARINILLA", "target": "CALDAS", "distance": 0.5, "betweenness": 0.0, "weight": 0.1 }, "geometry": { "type": "LineString", "coordinates": [ [ -75.339345, 6.173995 ], [ -75.633673, 6.091077 ] ] } },
{ "type": "Feature", "properties": { "source": "MARINILLA", "target": "GRANADA", "distance": 0.5, "betweenness": 0.0002897291032884253, "weight": 0.10028972910328843 }, "geometry": { "type": "LineString", "coordinates": [ [ -75.339345, 6.173995 ], [ -75.184446, 6.142892 ] ] } },
{ "type": "Feature", "properties": { "source": "MARINILLA", "target": "EBÉJICO", "distance": 0.5, "betweenness": 0.00016259273104123168, "weight": 0.10016259273104124 }, "geometry": { "type": "LineString", "coordinates": [ [ -75.339345, 6.173995 ], [ -75.766413, 6.325615 ] ] } },
{ "type": "Feature", "properties": { "source": "MARINILLA", "target": "ARGELIA", "distance": 0.5, "betweenness": 0.002163310637886909, "weight": 0.10216331063788692 }, "geometry": { "type": "LineString", "coordinates": [ [ -75.339345, 6.173995 ], [ -75.14107, 5.731474 ] ] } },
{ "type": "Feature", "properties": { "source": "MARINILLA", "target": "COCORNÁ", "distance": 0.5, "betweenness": 0.00014486455164421265, "weight": 0.10014486455164422 }, "geometry": { "type": "LineString", "coordinates": [ [ -75.339345, 6.173995 ], [ -75.185483, 6.058295 ] ] } },
{ "type": "Feature", "properties": { "source": "MARINILLA", "target": "SAN CARLOS", "distance": 0.5, "betweenness": 0.00014486455164421265, "weight": 0.10014486455164422 }, "geometry": { "type": "LineString", "coordinates": [ [ -75.339345, 6.173995 ], [ -74.988097, 6.187746 ] ] } },
{ "type": "Feature", "properties": { "source": "MARINILLA", "target": "RETIRO", "distance": 0.5, "betweenness": 0.00065189048239895696, "weight": 0.10065189048239896 }, "geometry": { "type": "LineString", "coordinates": [ [ -75.339345, 6.173995 ], [ -75.501301, 6.062454 ] ] } },
{ "type": "Feature", "properties": { "source": "MARINILLA", "target": "HELICONIA", "distance": 0.5, "betweenness": 0.00015521201961879926, "weight": 0.1001552120196188 }, "geometry": { "type": "LineString", "coordinates": [ [ -75.339345, 6.173995 ], [ -75.734322, 6.206757 ] ] } },
{ "type": "Feature", "properties": { "source": "MARINILLA", "target": "LA CEJA", "distance": 0.5, "betweenness": 0.00019315273552561685, "weight": 0.10019315273552562 }, "geometry": { "type": "LineString", "coordinates": [ [ -75.339345, 6.173995 ], [ -75.429433, 6.028062 ] ] } },
{ "type": "Feature", "properties": { "source": "MARINILLA", "target": "ABEJORRAL", "distance": 0.5, "betweenness": 0.00025351296537737213, "weight": 0.10025351296537738 }, "geometry": { "type": "LineString", "coordinates": [ [ -75.339345, 6.173995 ], [ -75.428739, 5.789315 ] ] } },
{ "type": "Feature", "properties": { "source": "MARINILLA", "target": "SONSÓN", "distance": 0.5, "betweenness": 0.00014486455164421265, "weight": 0.10014486455164422 }, "geometry": { "type": "LineString", "coordinates": [ [ -75.339345, 6.173995 ], [ -75.309596, 5.714851 ] ] } },
{ "type": "Feature", "properties": { "source": "MARINILLA", "target": "LA UNIÓN", "distance": 0.5, "betweenness": 0.0002655850113477232, "weight": 0.10026558501134773 }, "geometry": { "type": "LineString", "coordinates": [ [ -75.339345, 6.173995 ], [ -75.360874, 5.973845 ] ] } },
{ "type": "Feature", "properties": { "source": "MARINILLA", "target": "FREDONIA", "distance": 0.5, "betweenness": 0.0005311700226954463, "weight": 0.10053117002269545 }, "geometry": { "type": "LineString", "coordinates": [ [ -75.339345, 6.173995 ], [ -75.675072, 5.928039 ] ] } },
{ "type": "Feature", "properties": { "source": "MARINILLA", "target": "SAN LUIS", "distance": 0.5, "betweenness": 0.00091264667535853963, "weight": 0.10091264667535854 }, "geometry": { "type": "LineString", "coordinates": [ [ -75.339345, 6.173995 ], [ -74.993619, 6.043017 ] ] } },
{ "type": "Feature", "properties": { "source": "MARINILLA", "target": "EL SANTUARIO", "distance": 0.5, "betweenness": 0.00014486455164421265, "weight": 0.10014486455164422 }, "geometry": { "type": "LineString", "coordinates": [ [ -75.339345, 6.173995 ], [ -75.265465, 6.136871 ] ] } },
{ "type": "Feature", "properties": { "source": "MARINILLA", "target": "MONTEBELLO", "distance": 0.5, "betweenness": 0.00065189048239895696, "weight": 0.10065189048239896 }, "geometry": { "type": "LineString", "coordinates": [ [ -75.339345, 6.173995 ], [ -75.523455, 5.946313 ] ] } },
{ "type": "Feature", "properties": { "source": "MARINILLA", "target": "SAN FRANCISCO", "distance": 0.5, "betweenness": 0.0022924580127969959, "weight": 0.102292458012797 }, "geometry": { "type": "LineString", "coordinates": [ [ -75.339345, 6.173995 ], [ -75.101562, 5.963476 ] ] } },
{ "type": "Feature", "properties": { "source": "MARINILLA", "target": "ANGELÓPOLIS", "distance": 0.5, "betweenness": 0.00014486455164421265, "weight": 0.10014486455164422 }, "geometry": { "type": "LineString", "coordinates": [ [ -75.339345, 6.173995 ], [ -75.711389, 6.109719 ] ] } },
{ "type": "Feature", "properties": { "source": "MARINILLA", "target": "TITIRIBÍ", "distance": 0.5, "betweenness": 0.00014486455164421265, "weight": 0.10014486455164422 }, "geometry": { "type": "LineString", "coordinates": [ [ -75.339345, 6.173995 ], [ -75.791887, 6.062391 ] ] } },
{ "type": "Feature", "properties": { "source": "MARINILLA", "target": "AMAGÁ", "distance": 0.5, "betweenness": 0.00016096061293801407, "weight": 0.10016096061293801 }, "geometry": { "type": "LineString", "coordinates": [ [ -75.339345, 6.173995 ], [ -75.702188, 6.038708 ] ] } },
{ "type": "Feature", "properties": { "source": "MARINILLA", "target": "LA PINTADA", "distance": 1.0, "betweenness": 0.0, "weight": 0.1 }, "geometry": { "type": "LineString", "coordinates": [ [ -75.339345, 6.173995 ], [ -75.60781, 5.743808 ] ] } },
{ "type": "Feature", "properties": { "source": "MARINILLA", "target": "SABANETA", "distance": 0.5, "betweenness": 0.00021729682746631898, "weight": 0.10021729682746633 }, "geometry": { "type": "LineString", "coordinates": [ [ -75.339345, 6.173995 ], [ -75.615479, 6.149903 ] ] } },
{ "type": "Feature", "properties": { "source": "MARINILLA", "target": "SANTA BÁRBARA", "distance": 0.33333333333333331, "betweenness": 0.004732242020377613, "weight": 0.10473224202037762 }, "geometry": { "type": "LineString", "coordinates": [ [ -75.339345, 6.173995 ], [ -75.567351, 5.875527 ] ] } },
{ "type": "Feature", "properties": { "source": "MARINILLA", "target": "ARMENIA", "distance": 0.5, "betweenness": 0.00021126080448114344, "weight": 0.10021126080448114 }, "geometry": { "type": "LineString", "coordinates": [ [ -75.339345, 6.173995 ], [ -75.786647, 6.155667 ] ] } },
{ "type": "Feature", "properties": { "source": "MARINILLA", "target": "LA ESTRELLA", "distance": 0.5, "betweenness": 0.00015452218842049349, "weight": 0.1001545221884205 }, "geometry": { "type": "LineString", "coordinates": [ [ -75.339345, 6.173995 ], [ -75.637708, 6.145238 ] ] } },
{ "type": "Feature", "properties": { "source": "MARINILLA", "target": "VENECIA", "distance": 0.5, "betweenness": 0.00028398573596313706, "weight": 0.10028398573596314 }, "geometry": { "type": "LineString", "coordinates": [ [ -75.339345, 6.173995 ], [ -75.735544, 5.964693 ] ] } },
{ "type": "Feature", "properties": { "source": "MARINILLA", "target": "ITAGÜÍ", "distance": 0.5, "betweenness": 0.00014486455164421265, "weight": 0.10014486455164422 }, "geometry": { "type": "LineString", "coordinates": [ [ -75.339345, 6.173995 ], [ -75.612056, 6.175079 ] ] } },
{ "type": "Feature", "properties": { "source": "MARINILLA", "target": "PUERTO NARE", "distance": 1.0, "betweenness": 0.0, "weight": 0.1 }, "geometry": { "type": "LineString", "coordinates": [ [ -75.339345, 6.173995 ], [ -74.583012, 6.186025 ] ] } },
{ "type": "Feature", "properties": { "source": "SAN CARLOS", "target": "EL CARMEN DE VIBORAL", "distance": 0.5, "betweenness": 0.00020246545670274486, "weight": 0.10020246545670275 }, "geometry": { "type": "LineString", "coordinates": [ [ -74.988097, 6.187746 ], [ -75.333901, 6.082885 ] ] } },
{ "type": "Feature", "properties": { "source": "SAN CARLOS", "target": "MACEO", "distance": 0.5, "betweenness": 0.00095369163165773339, "weight": 0.10095369163165774 }, "geometry": { "type": "LineString", "coordinates": [ [ -74.988097, 6.187746 ], [ -74.78716, 6.552116 ] ] } },
{ "type": "Feature", "properties": { "source": "SAN CARLOS", "target": "LA UNIÓN", "distance": 0.33333333333333331, "betweenness": 0.0020329325414071174, "weight": 0.10203293254140712 }, "geometry": { "type": "LineString", "coordinates": [ [ -74.988097, 6.187746 ], [ -75.360874, 5.973845 ] ] } },
{ "type": "Feature", "properties": { "source": "SAN CARLOS", "target": "COCORNÁ", "distance": 0.5, "betweenness": 0.00011457469084587728, "weight": 0.10011457469084588 }, "geometry": { "type": "LineString", "coordinates": [ [ -74.988097, 6.187746 ], [ -75.185483, 6.058295 ] ] } },
{ "type": "Feature", "properties": { "source": "SAN CARLOS", "target": "SONSÓN", "distance": 0.5, "betweenness": 0.0002655850113477232, "weight": 0.10026558501134773 }, "geometry": { "type": "LineString", "coordinates": [ [ -74.988097, 6.187746 ], [ -75.309596, 5.714851 ] ] } },
{ "type": "Feature", "properties": { "source": "SAN CARLOS", "target": "GRANADA", "distance": 0.5, "betweenness": 0.00016555948759338588, "weight": 0.1001655594875934 }, "geometry": { "type": "LineString", "coordinates": [ [ -74.988097, 6.187746 ], [ -75.184446, 6.142892 ] ] } },
{ "type": "Feature", "properties": { "source": "SAN CARLOS", "target": "SAN FRANCISCO", "distance": 0.5, "betweenness": 0.0015851458648068813, "weight": 0.10158514586480688 }, "geometry": { "type": "LineString", "coordinates": [ [ -74.988097, 6.187746 ], [ -75.101562, 5.963476 ] ] } },
{ "type": "Feature", "properties": { "source": "SAN CARLOS", "target": "SAN LUIS", "distance": 0.5, "betweenness": 0.0011347723212129992, "weight": 0.101134772321213 }, "geometry": { "type": "LineString", "coordinates": [ [ -74.988097, 6.187746 ], [ -74.993619, 6.043017 ] ] } },
{ "type": "Feature", "properties": { "source": "SAN CARLOS", "target": "ARGELIA", "distance": 0.5, "betweenness": 0.0022212564585445938, "weight": 0.1022212564585446 }, "geometry": { "type": "LineString", "coordinates": [ [ -74.988097, 6.187746 ], [ -75.14107, 5.731474 ] ] } },
{ "type": "Feature", "properties": { "source": "SAN CARLOS", "target": "PUERTO BERRÍO", "distance": 0.5, "betweenness": 0.0072153469046124423, "weight": 0.10721534690461244 }, "geometry": { "type": "LineString", "coordinates": [ [ -74.988097, 6.187746 ], [ -74.410016, 6.487028 ] ] } },
{ "type": "Feature", "properties": { "source": "SAN CARLOS", "target": "EL SANTUARIO", "distance": 0.5, "betweenness": 0.00018700696666798362, "weight": 0.10018700696666799 }, "geometry": { "type": "LineString", "coordinates": [ [ -74.988097, 6.187746 ], [ -75.265465, 6.136871 ] ] } },
{ "type": "Feature", "properties": { "source": "SAN CARLOS", "target": "ABEJORRAL", "distance": 0.5, "betweenness": 0.00038630547105123375, "weight": 0.10038630547105123 }, "geometry": { "type": "LineString", "coordinates": [ [ -74.988097, 6.187746 ], [ -75.428739, 5.789315 ] ] } },
{ "type": "Feature", "properties": { "source": "SAN CARLOS", "target": "RETIRO", "distance": 0.5, "betweenness": 0.0011709884591240523, "weight": 0.10117098845912406 }, "geometry": { "type": "LineString", "coordinates": [ [ -74.988097, 6.187746 ], [ -75.501301, 6.062454 ] ] } },
{ "type": "Feature", "properties": { "source": "SAN CARLOS", "target": "LA CEJA", "distance": 0.33333333333333331, "betweenness": 0.0017009512772224635, "weight": 0.10170095127722246 }, "geometry": { "type": "LineString", "coordinates": [ [ -74.988097, 6.187746 ], [ -75.429433, 6.028062 ] ] } },
{ "type": "Feature", "properties": { "source": "SAN CARLOS", "target": "CARACOLÍ", "distance": 0.5, "betweenness": 0.0036726769777617229, "weight": 0.10367267697776172 }, "geometry": { "type": "LineString", "coordinates": [ [ -74.988097, 6.187746 ], [ -74.757421, 6.409829 ] ] } },
{ "type": "Feature", "properties": { "source": "SAN CARLOS", "target": "PUERTO NARE", "distance": 0.5, "betweenness": 0.0036278849838171879, "weight": 0.1036278849838172 }, "geometry": { "type": "LineString", "coordinates": [ [ -74.988097, 6.187746 ], [ -74.583012, 6.186025 ] ] } },
{ "type": "Feature", "properties": { "source": "SAN CARLOS", "target": "ENVIGADO", "distance": 0.2, "betweenness": 0.015295282244434787, "weight": 0.11529528224443479 }, "geometry": { "type": "LineString", "coordinates": [ [ -74.988097, 6.187746 ], [ -75.582192, 6.166695 ] ] } },
{ "type": "Feature", "properties": { "source": "SAN CARLOS", "target": "PUERTO TRIUNFO", "distance": 1.0, "betweenness": 4.8288183881404212e-05, "weight": 0.10004828818388141 }, "geometry": { "type": "LineString", "coordinates": [ [ -74.988097, 6.187746 ], [ -74.64119, 5.871318 ] ] } },
{ "type": "Feature", "properties": { "source": "MACEO", "target": "VEGACHÍ", "distance": 0.5, "betweenness": 0.00081410694187747628, "weight": 0.10081410694187748 }, "geometry": { "type": "LineString", "coordinates": [ [ -74.78716, 6.552116 ], [ -74.798714, 6.773525 ] ] } },
{ "type": "Feature", "properties": { "source": "MACEO", "target": "GRANADA", "distance": 0.5, "betweenness": 0.0005579009816297952, "weight": 0.1005579009816298 }, "geometry": { "type": "LineString", "coordinates": [ [ -74.78716, 6.552116 ], [ -75.184446, 6.142892 ] ] } },
{ "type": "Feature", "properties": { "source": "MACEO", "target": "PUERTO BERRÍO", "distance": 0.5, "betweenness": 0.00053691861601466121, "weight": 0.10053691861601467 }, "geometry": { "type": "LineString", "coordinates": [ [ -74.78716, 6.552116 ], [ -74.410016, 6.487028 ] ] } },
{ "type": "Feature", "properties": { "source": "MACEO", "target": "REMEDIOS", "distance": 0.5, "betweenness": 0.0014496515202729893, "weight": 0.10144965152027299 }, "geometry": { "type": "LineString", "coordinates": [ [ -74.78716, 6.552116 ], [ -74.698135, 7.029424 ] ] } },
{ "type": "Feature", "properties": { "source": "MACEO", "target": "CARACOLÍ", "distance": 0.5, "betweenness": 0.00030076640246131774, "weight": 0.10030076640246133 }, "geometry": { "type": "LineString", "coordinates": [ [ -74.78716, 6.552116 ], [ -74.757421, 6.409829 ] ] } },
{ "type": "Feature", "properties": { "source": "MACEO", "target": "SAN LUIS", "distance": 1.0, "betweenness": 0.0, "weight": 0.1 }, "geometry": { "type": "LineString", "coordinates": [ [ -74.78716, 6.552116 ], [ -74.993619, 6.043017 ] ] } },
{ "type": "Feature", "properties": { "source": "MACEO", "target": "PUERTO NARE", "distance": 1.0, "betweenness": 0.0, "weight": 0.1 }, "geometry": { "type": "LineString", "coordinates": [ [ -74.78716, 6.552116 ], [ -74.583012, 6.186025 ] ] } },
{ "type": "Feature", "properties": { "source": "SOPETRÁN", "target": "ANZÁ", "distance": 0.5, "betweenness": 0.00019315273552561685, "weight": 0.10019315273552562 }, "geometry": { "type": "LineString", "coordinates": [ [ -75.747378, 6.500745 ], [ -75.854442, 6.302641 ] ] } },
{ "type": "Feature", "properties": { "source": "SOPETRÁN", "target": "CAICEDO", "distance": 0.5, "betweenness": 0.00066396252836930809, "weight": 0.10066396252836932 }, "geometry": { "type": "LineString", "coordinates": [ [ -75.747378, 6.500745 ], [ -75.98293, 6.405607 ] ] } },
{ "type": "Feature", "properties": { "source": "SOPETRÁN", "target": "LA ESTRELLA", "distance": 0.5, "betweenness": 0.00029455792167656572, "weight": 0.10029455792167657 }, "geometry": { "type": "LineString", "coordinates": [ [ -75.747378, 6.500745 ], [ -75.637708, 6.145238 ] ] } },
{ "type": "Feature", "properties": { "source": "SOPETRÁN", "target": "BETULIA", "distance": 0.5, "betweenness": 0.00047794327455344393, "weight": 0.10047794327455345 }, "geometry": { "type": "LineString", "coordinates": [ [ -75.747378, 6.500745 ], [ -75.984452, 6.115208 ] ] } },
{ "type": "Feature", "properties": { "source": "SOPETRÁN", "target": "CONCORDIA", "distance": 0.5, "betweenness": 0.00057221497899463995, "weight": 0.10057221497899464 }, "geometry": { "type": "LineString", "coordinates": [ [ -75.747378, 6.500745 ], [ -75.908448, 6.045738 ] ] } },
{ "type": "Feature", "properties": { "source": "SOPETRÁN", "target": "EBÉJICO", "distance": 0.5, "betweenness": 0.00029631385563588949, "weight": 0.10029631385563589 }, "geometry": { "type": "LineString", "coordinates": [ [ -75.747378, 6.500745 ], [ -75.766413, 6.325615 ] ] } },
{ "type": "Feature", "properties": { "source": "SOPETRÁN", "target": "HELICONIA", "distance": 0.5, "betweenness": 0.0, "weight": 0.1 }, "geometry": { "type": "LineString", "coordinates": [ [ -75.747378, 6.500745 ], [ -75.734322, 6.206757 ] ] } },
{ "type": "Feature", "properties": { "source": "SOPETRÁN", "target": "ENVIGADO", "distance": 0.33333333333333331, "betweenness": 0.0010824601220081444, "weight": 0.10108246012200815 }, "geometry": { "type": "LineString", "coordinates": [ [ -75.747378, 6.500745 ], [ -75.582192, 6.166695 ] ] } },
{ "type": "Feature", "properties": { "source": "SOPETRÁN", "target": "ANGELÓPOLIS", "distance": 0.5, "betweenness": 0.00017383746197305517, "weight": 0.10017383746197306 }, "geometry": { "type": "LineString", "coordinates": [ [ -75.747378, 6.500745 ], [ -75.711389, 6.109719 ] ] } },
{ "type": "Feature", "properties": { "source": "SOPETRÁN", "target": "OLAYA", "distance": 0.5, "betweenness": 0.00072432275822106331, "weight": 0.10072432275822107 }, "geometry": { "type": "LineString", "coordinates": [ [ -75.747378, 6.500745 ], [ -75.811773, 6.626492 ] ] } },
{ "type": "Feature", "properties": { "source": "SOPETRÁN", "target": "ARMENIA", "distance": 0.5, "betweenness": 0.00020281037230189769, "weight": 0.1002028103723019 }, "geometry": { "type": "LineString", "coordinates": [ [ -75.747378, 6.500745 ], [ -75.786647, 6.155667 ] ] } },
{ "type": "Feature", "properties": { "source": "SOPETRÁN", "target": "RETIRO", "distance": 0.2, "betweenness": 0.025713457916847746, "weight": 0.12571345791684774 }, "geometry": { "type": "LineString", "coordinates": [ [ -75.747378, 6.500745 ], [ -75.501301, 6.062454 ] ] } },
{ "type": "Feature", "properties": { "source": "SOPETRÁN", "target": "CALDAS", "distance": 0.5, "betweenness": 0.00014486455164421265, "weight": 0.10014486455164422 }, "geometry": { "type": "LineString", "coordinates": [ [ -75.747378, 6.500745 ], [ -75.633673, 6.091077 ] ] } },
{ "type": "Feature", "properties": { "source": "SOPETRÁN", "target": "SABANETA", "distance": 0.5, "betweenness": 0.00027041382973586362, "weight": 0.10027041382973587 }, "geometry": { "type": "LineString", "coordinates": [ [ -75.747378, 6.500745 ], [ -75.615479, 6.149903 ] ] } },
{ "type": "Feature", "properties": { "source": "SOPETRÁN", "target": "AMAGÁ", "distance": 0.5, "betweenness": 0.00055289970544207838, "weight": 0.10055289970544208 }, "geometry": { "type": "LineString", "coordinates": [ [ -75.747378, 6.500745 ], [ -75.702188, 6.038708 ] ] } },
{ "type": "Feature", "properties": { "source": "SOPETRÁN", "target": "ITAGÜÍ", "distance": 0.5, "betweenness": 0.00029455792167656572, "weight": 0.10029455792167657 }, "geometry": { "type": "LineString", "coordinates": [ [ -75.747378, 6.500745 ], [ -75.612056, 6.175079 ] ] } },
{ "type": "Feature", "properties": { "source": "SOPETRÁN", "target": "TITIRIBÍ", "distance": 1.0, "betweenness": 0.0, "weight": 0.1 }, "geometry": { "type": "LineString", "coordinates": [ [ -75.747378, 6.500745 ], [ -75.791887, 6.062391 ] ] } },
{ "type": "Feature", "properties": { "source": "RETIRO", "target": "SONSÓN", "distance": 0.5, "betweenness": 0.00044425129170891874, "weight": 0.10044425129170892 }, "geometry": { "type": "LineString", "coordinates": [ [ -75.501301, 6.062454 ], [ -75.309596, 5.714851 ] ] } },
{ "type": "Feature", "properties": { "source": "RETIRO", "target": "LA UNIÓN", "distance": 0.5, "betweenness": 0.00042735042735042735, "weight": 0.10042735042735043 }, "geometry": { "type": "LineString", "coordinates": [ [ -75.501301, 6.062454 ], [ -75.360874, 5.973845 ] ] } },
{ "type": "Feature", "properties": { "source": "RETIRO", "target": "EL CARMEN DE VIBORAL", "distance": 0.5, "betweenness": 0.00055531411463614845, "weight": 0.10055531411463615 }, "geometry": { "type": "LineString", "coordinates": [ [ -75.501301, 6.062454 ], [ -75.333901, 6.082885 ] ] } },
{ "type": "Feature", "properties": { "source": "RETIRO", "target": "ABEJORRAL", "distance": 0.5, "betweenness": 0.0002897291032884253, "weight": 0.10028972910328843 }, "geometry": { "type": "LineString", "coordinates": [ [ -75.501301, 6.062454 ], [ -75.428739, 5.789315 ] ] } },
{ "type": "Feature", "properties": { "source": "RETIRO", "target": "FREDONIA", "distance": 0.33333333333333331, "betweenness": 0.0021324406917627254, "weight": 0.10213244069176274 }, "geometry": { "type": "LineString", "coordinates": [ [ -75.501301, 6.062454 ], [ -75.675072, 5.928039 ] ] } },
{ "type": "Feature", "properties": { "source": "RETIRO", "target": "COCORNÁ", "distance": 0.5, "betweenness": 0.0005794582065768506, "weight": 0.10057945820657685 }, "geometry": { "type": "LineString", "coordinates": [ [ -75.501301, 6.062454 ], [ -75.185483, 6.058295 ] ] } },
{ "type": "Feature", "properties": { "source": "RETIRO", "target": "GRANADA", "distance": 0.5, "betweenness": 0.0011313231652214702, "weight": 0.10113132316522147 }, "geometry": { "type": "LineString", "coordinates": [ [ -75.501301, 6.062454 ], [ -75.184446, 6.142892 ] ] } },
{ "type": "Feature", "properties": { "source": "RETIRO", "target": "EL SANTUARIO", "distance": 0.5, "betweenness": 0.00067603457433965911, "weight": 0.10067603457433967 }, "geometry": { "type": "LineString", "coordinates": [ [ -75.501301, 6.062454 ], [ -75.265465, 6.136871 ] ] } },
{ "type": "Feature", "properties": { "source": "RETIRO", "target": "CONCORDIA", "distance": 0.5, "betweenness": 0.00058428702496499097, "weight": 0.100584287024965 }, "geometry": { "type": "LineString", "coordinates": [ [ -75.501301, 6.062454 ], [ -75.908448, 6.045738 ] ] } },
{ "type": "Feature", "properties": { "source": "RETIRO", "target": "CALDAS", "distance": 0.5, "betweenness": 0.0002897291032884253, "weight": 0.10028972910328843 }, "geometry": { "type": "LineString", "coordinates": [ [ -75.501301, 6.062454 ], [ -75.633673, 6.091077 ] ] } },
{ "type": "Feature", "properties": { "source": "RETIRO", "target": "SALGAR", "distance": 0.5, "betweenness": 0.00072432275822106331, "weight": 0.10072432275822107 }, "geometry": { "type": "LineString", "coordinates": [ [ -75.501301, 6.062454 ], [ -75.976807, 5.964198 ] ] } },
{ "type": "Feature", "properties": { "source": "RETIRO", "target": "JERICÓ", "distance": 0.5, "betweenness": 0.0006997240048087506, "weight": 0.10069972400480875 }, "geometry": { "type": "LineString", "coordinates": [ [ -75.501301, 6.062454 ], [ -75.785499, 5.789748 ] ] } },
{ "type": "Feature", "properties": { "source": "RETIRO", "target": "AMAGÁ", "distance": 0.5, "betweenness": 0.00030783717224395189, "weight": 0.10030783717224395 }, "geometry": { "type": "LineString", "coordinates": [ [ -75.501301, 6.062454 ], [ -75.702188, 6.038708 ] ] } },
{ "type": "Feature", "properties": { "source": "RETIRO", "target": "TITIRIBÍ", "distance": 0.5, "betweenness": 0.00045873774687334011, "weight": 0.10045873774687335 }, "geometry": { "type": "LineString", "coordinates": [ [ -75.501301, 6.062454 ], [ -75.791887, 6.062391 ] ] } },
{ "type": "Feature", "properties": { "source": "RETIRO", "target": "MONTEBELLO", "distance": 0.33333333333333331, "betweenness": 0.0020899011012005357, "weight": 0.10208990110120054 }, "geometry": { "type": "LineString", "coordinates": [ [ -75.501301, 6.062454 ], [ -75.523455, 5.946313 ] ] } },
{ "type": "Feature", "properties": { "source": "RETIRO", "target": "HELICONIA", "distance": 0.25, "betweenness": 0.0027524264812400405, "weight": 0.10275242648124004 }, "geometry": { "type": "LineString", "coordinates": [ [ -75.501301, 6.062454 ], [ -75.734322, 6.206757 ] ] } },
{ "type": "Feature", "properties": { "source": "RETIRO", "target": "SANTA BÁRBARA", "distance": 0.5, "betweenness": 0.0002897291032884253, "weight": 0.10028972910328843 }, "geometry": { "type": "LineString", "coordinates": [ [ -75.501301, 6.062454 ], [ -75.567351, 5.875527 ] ] } },
{ "type": "Feature", "properties": { "source": "RETIRO", "target": "BETULIA", "distance": 0.5, "betweenness": 0.00073749226291599168, "weight": 0.10073749226291599 }, "geometry": { "type": "LineString", "coordinates": [ [ -75.501301, 6.062454 ], [ -75.984452, 6.115208 ] ] } },
{ "type": "Feature", "properties": { "source": "RETIRO", "target": "ARGELIA", "distance": 0.5, "betweenness": 0.0011975469602588248, "weight": 0.10119754696025883 }, "geometry": { "type": "LineString", "coordinates": [ [ -75.501301, 6.062454 ], [ -75.14107, 5.731474 ] ] } },
{ "type": "Feature", "properties": { "source": "RETIRO", "target": "LA CEJA", "distance": 0.5, "betweenness": 0.00047080979284369113, "weight": 0.1004708097928437 }, "geometry": { "type": "LineString", "coordinates": [ [ -75.501301, 6.062454 ], [ -75.429433, 6.028062 ] ] } },
{ "type": "Feature", "properties": { "source": "RETIRO", "target": "PUEBLORRICO", "distance": 0.5, "betweenness": 0.00056606921013700674, "weight": 0.10056606921013701 }, "geometry": { "type": "LineString", "coordinates": [ [ -75.501301, 6.062454 ], [ -75.839903, 5.79158 ] ] } },
{ "type": "Feature", "properties": { "source": "RETIRO", "target": "ANGELÓPOLIS", "distance": 0.33333333333333331, "betweenness": 0.00070017866628036116, "weight": 0.10070017866628037 }, "geometry": { "type": "LineString", "coordinates": [ [ -75.501301, 6.062454 ], [ -75.711389, 6.109719 ] ] } },
{ "type": "Feature", "properties": { "source": "RETIRO", "target": "ANDES", "distance": 0.33333333333333331, "betweenness": 0.0067289584238736768, "weight": 0.10672895842387368 }, "geometry": { "type": "LineString", "coordinates": [ [ -75.501301, 6.062454 ], [ -75.878828, 5.657194 ] ] } },
{ "type": "Feature", "properties": { "source": "RETIRO", "target": "LA ESTRELLA", "distance": 0.5, "betweenness": 0.0, "weight": 0.1 }, "geometry": { "type": "LineString", "coordinates": [ [ -75.501301, 6.062454 ], [ -75.637708, 6.145238 ] ] } },
{ "type": "Feature", "properties": { "source": "RETIRO", "target": "TÁMESIS", "distance": 0.5, "betweenness": 0.0010463903119270349, "weight": 0.10104639031192704 }, "geometry": { "type": "LineString", "coordinates": [ [ -75.501301, 6.062454 ], [ -75.714429, 5.664645 ] ] } },
{ "type": "Feature", "properties": { "source": "RETIRO", "target": "EBÉJICO", "distance": 0.5, "betweenness": 0.00037564444344105364, "weight": 0.10037564444344106 }, "geometry": { "type": "LineString", "coordinates": [ [ -75.501301, 6.062454 ], [ -75.766413, 6.325615 ] ] } },
{ "type": "Feature", "properties": { "source": "RETIRO", "target": "VALPARAÍSO", "distance": 0.25, "betweenness": 0.012566999855135447, "weight": 0.11256699985513545 }, "geometry": { "type": "LineString", "coordinates": [ [ -75.501301, 6.062454 ], [ -75.624452, 5.614555 ] ] } },
{ "type": "Feature", "properties": { "source": "RETIRO", "target": "ENVIGADO", "distance": 0.5, "betweenness": 0.00063740402723453575, "weight": 0.10063740402723455 }, "geometry": { "type": "LineString", "coordinates": [ [ -75.501301, 6.062454 ], [ -75.582192, 6.166695 ] ] } },
{ "type": "Feature", "properties": { "source": "RETIRO", "target": "ITAGÜÍ", "distance": 0.5, "betweenness": 0.00068810662031001013, "weight": 0.10068810662031001 }, "geometry": { "type": "LineString", "coordinates": [ [ -75.501301, 6.062454 ], [ -75.612056, 6.175079 ] ] } },
{ "type": "Feature", "properties": { "source": "RETIRO", "target": "ARMENIA", "distance": 0.5, "betweenness": 0.00051185474914288473, "weight": 0.10051185474914288 }, "geometry": { "type": "LineString", "coordinates": [ [ -75.501301, 6.062454 ], [ -75.786647, 6.155667 ] ] } },
{ "type": "Feature", "properties": { "source": "RETIRO", "target": "TARSO", "distance": 0.5, "betweenness": 0.00080670532647933771, "weight": 0.10080670532647934 }, "geometry": { "type": "LineString", "coordinates": [ [ -75.501301, 6.062454 ], [ -75.822956, 5.864542 ] ] } },
{ "type": "Feature", "properties": { "source": "RETIRO", "target": "VENECIA", "distance": 0.5, "betweenness": 0.00040188938494023241, "weight": 0.10040188938494024 }, "geometry": { "type": "LineString", "coordinates": [ [ -75.501301, 6.062454 ], [ -75.735544, 5.964693 ] ] } },
{ "type": "Feature", "properties": { "source": "RETIRO", "target": "HISPANIA", "distance": 0.5, "betweenness": 0.0018715580297501196, "weight": 0.10187155802975012 }, "geometry": { "type": "LineString", "coordinates": [ [ -75.501301, 6.062454 ], [ -75.906587, 5.799461 ] ] } },
{ "type": "Feature", "properties": { "source": "RETIRO", "target": "SABANETA", "distance": 0.5, "betweenness": 0.00053519403801889675, "weight": 0.1005351940380189 }, "geometry": { "type": "LineString", "coordinates": [ [ -75.501301, 6.062454 ], [ -75.615479, 6.149903 ] ] } },
{ "type": "Feature", "properties": { "source": "RETIRO", "target": "ANZÁ", "distance": 0.5, "betweenness": 0.00055531411463614845, "weight": 0.10055531411463615 }, "geometry": { "type": "LineString", "coordinates": [ [ -75.501301, 6.062454 ], [ -75.854442, 6.302641 ] ] } },
{ "type": "Feature", "properties": { "source": "RETIRO", "target": "CIUDAD BOLÍVAR", "distance": 0.16666666666666666, "betweenness": 0.012289342797817373, "weight": 0.11228934279781738 }, "geometry": { "type": "LineString", "coordinates": [ [ -75.501301, 6.062454 ], [ -76.021509, 5.850273 ] ] } },
{ "type": "Feature", "properties": { "source": "RETIRO", "target": "NARIÑO", "distance": 0.25, "betweenness": 0.012832584866483169, "weight": 0.11283258486648318 }, "geometry": { "type": "LineString", "coordinates": [ [ -75.501301, 6.062454 ], [ -75.176262, 5.610777 ] ] } },
{ "type": "Feature", "properties": { "source": "RETIRO", "target": "BETANIA", "distance": 0.5, "betweenness": 0.0021005359988410834, "weight": 0.10210053599884109 }, "geometry": { "type": "LineString", "coordinates": [ [ -75.501301, 6.062454 ], [ -75.97679, 5.74615 ] ] } },
{ "type": "Feature", "properties": { "source": "RETIRO", "target": "SAN LUIS", "distance": 0.5, "betweenness": 0.0019811952015341841, "weight": 0.10198119520153419 }, "geometry": { "type": "LineString", "coordinates": [ [ -75.501301, 6.062454 ], [ -74.993619, 6.043017 ] ] } },
{ "type": "Feature", "properties": { "source": "RETIRO", "target": "SAN FRANCISCO", "distance": 0.5, "betweenness": 0.0022588574848461853, "weight": 0.10225885748484619 }, "geometry": { "type": "LineString", "coordinates": [ [ -75.501301, 6.062454 ], [ -75.101562, 5.963476 ] ] } },
{ "type": "Feature", "properties": { "source": "RETIRO", "target": "LA PINTADA", "distance": 0.5, "betweenness": 0.00064183044409033105, "weight": 0.10064183044409034 }, "geometry": { "type": "LineString", "coordinates": [ [ -75.501301, 6.062454 ], [ -75.60781, 5.743808 ] ] } },
{ "type": "Feature", "properties": { "source": "RETIRO", "target": "JARDÍN", "distance": 0.33333333333333331, "betweenness": 0.0099877210046701564, "weight": 0.10998772100467016 }, "geometry": { "type": "LineString", "coordinates": [ [ -75.501301, 6.062454 ], [ -75.818982, 5.597542 ] ] } },
{ "type": "Feature", "properties": { "source": "RETIRO", "target": "CARAMANTA", "distance": 0.5, "betweenness": 0.0017504466657009027, "weight": 0.10175044666570091 }, "geometry": { "type": "LineString", "coordinates": [ [ -75.501301, 6.062454 ], [ -75.643868, 5.54853 ] ] } },
{ "type": "Feature", "properties": { "source": "EBÉJICO", "target": "CAICEDO", "distance": 0.5, "betweenness": 0.0004551871451173544, "weight": 0.10045518714511736 }, "geometry": { "type": "LineString", "coordinates": [ [ -75.766413, 6.325615 ], [ -75.98293, 6.405607 ] ] } },
{ "type": "Feature", "properties": { "source": "EBÉJICO", "target": "LA ESTRELLA", "distance": 0.5, "betweenness": 0.00015176286362727037, "weight": 0.10015176286362727 }, "geometry": { "type": "LineString", "coordinates": [ [ -75.766413, 6.325615 ], [ -75.637708, 6.145238 ] ] } },
{ "type": "Feature", "properties": { "source": "EBÉJICO", "target": "BETULIA", "distance": 0.5, "betweenness": 0.00036905969109358934, "weight": 0.1003690596910936 }, "geometry": { "type": "LineString", "coordinates": [ [ -75.766413, 6.325615 ], [ -75.984452, 6.115208 ] ] } },
{ "type": "Feature", "properties": { "source": "EBÉJICO", "target": "AMAGÁ", "distance": 0.5, "betweenness": 0.00015176286362727037, "weight": 0.10015176286362727 }, "geometry": { "type": "LineString", "coordinates": [ [ -75.766413, 6.325615 ], [ -75.702188, 6.038708 ] ] } },
{ "type": "Feature", "properties": { "source": "EBÉJICO", "target": "HELICONIA", "distance": 0.5, "betweenness": 0.00015176286362727037, "weight": 0.10015176286362727 }, "geometry": { "type": "LineString", "coordinates": [ [ -75.766413, 6.325615 ], [ -75.734322, 6.206757 ] ] } },
{ "type": "Feature", "properties": { "source": "EBÉJICO", "target": "ENVIGADO", "distance": 0.5, "betweenness": 0.00015144930399167686, "weight": 0.10015144930399168 }, "geometry": { "type": "LineString", "coordinates": [ [ -75.766413, 6.325615 ], [ -75.582192, 6.166695 ] ] } },
{ "type": "Feature", "properties": { "source": "EBÉJICO", "target": "LA CEJA", "distance": 0.5, "betweenness": 0.00020083494659765843, "weight": 0.10020083494659766 }, "geometry": { "type": "LineString", "coordinates": [ [ -75.766413, 6.325615 ], [ -75.429433, 6.028062 ] ] } },
{ "type": "Feature", "properties": { "source": "EBÉJICO", "target": "TITIRIBÍ", "distance": 0.5, "betweenness": 0.00016290629067682521, "weight": 0.10016290629067683 }, "geometry": { "type": "LineString", "coordinates": [ [ -75.766413, 6.325615 ], [ -75.791887, 6.062391 ] ] } },
{ "type": "Feature", "properties": { "source": "EBÉJICO", "target": "FREDONIA", "distance": 0.5, "betweenness": 0.00015176286362727037, "weight": 0.10015176286362727 }, "geometry": { "type": "LineString", "coordinates": [ [ -75.766413, 6.325615 ], [ -75.675072, 5.928039 ] ] } },
{ "type": "Feature", "properties": { "source": "EBÉJICO", "target": "CONCORDIA", "distance": 0.5, "betweenness": 0.00029662741527148304, "weight": 0.10029662741527148 }, "geometry": { "type": "LineString", "coordinates": [ [ -75.766413, 6.325615 ], [ -75.908448, 6.045738 ] ] } },
{ "type": "Feature", "properties": { "source": "EBÉJICO", "target": "ANZÁ", "distance": 0.5, "betweenness": 0.00087608562184833365, "weight": 0.10087608562184834 }, "geometry": { "type": "LineString", "coordinates": [ [ -75.766413, 6.325615 ], [ -75.854442, 6.302641 ] ] } },
{ "type": "Feature", "properties": { "source": "EBÉJICO", "target": "VENECIA", "distance": 0.5, "betweenness": 0.00016624931879169165, "weight": 0.1001662493187917 }, "geometry": { "type": "LineString", "coordinates": [ [ -75.766413, 6.325615 ], [ -75.735544, 5.964693 ] ] } },
{ "type": "Feature", "properties": { "source": "EBÉJICO", "target": "ANGELÓPOLIS", "distance": 0.5, "betweenness": 0.00015176286362727037, "weight": 0.10015176286362727 }, "geometry": { "type": "LineString", "coordinates": [ [ -75.766413, 6.325615 ], [ -75.711389, 6.109719 ] ] } },
{ "type": "Feature", "properties": { "source": "EBÉJICO", "target": "OLAYA", "distance": 0.5, "betweenness": 0.00076456291145556672, "weight": 0.10076456291145557 }, "geometry": { "type": "LineString", "coordinates": [ [ -75.766413, 6.325615 ], [ -75.811773, 6.626492 ] ] } },
{ "type": "Feature", "properties": { "source": "EBÉJICO", "target": "SALGAR", "distance": 0.5, "betweenness": 0.00034692760681461241, "weight": 0.10034692760681461 }, "geometry": { "type": "LineString", "coordinates": [ [ -75.766413, 6.325615 ], [ -75.976807, 5.964198 ] ] } },
{ "type": "Feature", "properties": { "source": "EBÉJICO", "target": "SABANETA", "distance": 0.5, "betweenness": 0.00015176286362727037, "weight": 0.10015176286362727 }, "geometry": { "type": "LineString", "coordinates": [ [ -75.766413, 6.325615 ], [ -75.615479, 6.149903 ] ] } },
{ "type": "Feature", "properties": { "source": "EBÉJICO", "target": "CALDAS", "distance": 0.5, "betweenness": 0.00015176286362727037, "weight": 0.10015176286362727 }, "geometry": { "type": "LineString", "coordinates": [ [ -75.766413, 6.325615 ], [ -75.633673, 6.091077 ] ] } },
{ "type": "Feature", "properties": { "source": "EBÉJICO", "target": "SANTA BÁRBARA", "distance": 0.5, "betweenness": 0.00015176286362727037, "weight": 0.10015176286362727 }, "geometry": { "type": "LineString", "coordinates": [ [ -75.766413, 6.325615 ], [ -75.567351, 5.875527 ] ] } },
{ "type": "Feature", "properties": { "source": "EBÉJICO", "target": "ARMENIA", "distance": 0.5, "betweenness": 0.00015176286362727037, "weight": 0.10015176286362727 }, "geometry": { "type": "LineString", "coordinates": [ [ -75.766413, 6.325615 ], [ -75.786647, 6.155667 ] ] } },
{ "type": "Feature", "properties": { "source": "EBÉJICO", "target": "TARSO", "distance": 0.5, "betweenness": 0.00027586500251837567, "weight": 0.10027586500251838 }, "geometry": { "type": "LineString", "coordinates": [ [ -75.766413, 6.325615 ], [ -75.822956, 5.864542 ] ] } },
{ "type": "Feature", "properties": { "source": "EBÉJICO", "target": "EL CARMEN DE VIBORAL", "distance": 0.5, "betweenness": 0.00022388157981378319, "weight": 0.10022388157981379 }, "geometry": { "type": "LineString", "coordinates": [ [ -75.766413, 6.325615 ], [ -75.333901, 6.082885 ] ] } },
{ "type": "Feature", "properties": { "source": "EBÉJICO", "target": "MONTEBELLO", "distance": 0.5, "betweenness": 0.00017749538266933449, "weight": 0.10017749538266935 }, "geometry": { "type": "LineString", "coordinates": [ [ -75.766413, 6.325615 ], [ -75.523455, 5.946313 ] ] } },
{ "type": "Feature", "properties": { "source": "EBÉJICO", "target": "ITAGÜÍ", "distance": 0.5, "betweenness": 0.00014486455164421265, "weight": 0.10014486455164422 }, "geometry": { "type": "LineString", "coordinates": [ [ -75.766413, 6.325615 ], [ -75.612056, 6.175079 ] ] } },
{ "type": "Feature", "properties": { "source": "EBÉJICO", "target": "CIUDAD BOLÍVAR", "distance": 0.5, "betweenness": 0.00015176286362727039, "weight": 0.10015176286362727 }, "geometry": { "type": "LineString", "coordinates": [ [ -75.766413, 6.325615 ], [ -76.021509, 5.850273 ] ] } },
{ "type": "Feature", "properties": { "source": "EBÉJICO", "target": "LA UNIÓN", "distance": 0.2, "betweenness": 0.0077261094210246744, "weight": 0.10772610942102467 }, "geometry": { "type": "LineString", "coordinates": [ [ -75.766413, 6.325615 ], [ -75.360874, 5.973845 ] ] } },
{ "type": "Feature", "properties": { "source": "EBÉJICO", "target": "JERICÓ", "distance": 0.5, "betweenness": 0.00017527983629678543, "weight": 0.10017527983629679 }, "geometry": { "type": "LineString", "coordinates": [ [ -75.766413, 6.325615 ], [ -75.785499, 5.789748 ] ] } },
{ "type": "Feature", "properties": { "source": "EBÉJICO", "target": "PUEBLORRICO", "distance": 1.0, "betweenness": 0.0, "weight": 0.1 }, "geometry": { "type": "LineString", "coordinates": [ [ -75.766413, 6.325615 ], [ -75.839903, 5.79158 ] ] } },
{ "type": "Feature", "properties": { "source": "COCORNÁ", "target": "SAN FRANCISCO", "distance": 0.5, "betweenness": 0.00041547958214624875, "weight": 0.10041547958214625 }, "geometry": { "type": "LineString", "coordinates": [ [ -75.185483, 6.058295 ], [ -75.101562, 5.963476 ] ] } },
{ "type": "Feature", "properties": { "source": "COCORNÁ", "target": "GRANADA", "distance": 0.5, "betweenness": 0.00015803405633914107, "weight": 0.10015803405633915 }, "geometry": { "type": "LineString", "coordinates": [ [ -75.185483, 6.058295 ], [ -75.184446, 6.142892 ] ] } },
{ "type": "Feature", "properties": { "source": "COCORNÁ", "target": "LA UNIÓN", "distance": 0.5, "betweenness": 0.0002897291032884253, "weight": 0.10028972910328843 }, "geometry": { "type": "LineString", "coordinates": [ [ -75.185483, 6.058295 ], [ -75.360874, 5.973845 ] ] } },
{ "type": "Feature", "properties": { "source": "COCORNÁ", "target": "ARGELIA", "distance": 0.5, "betweenness": 0.00054324206866579743, "weight": 0.1005432420686658 }, "geometry": { "type": "LineString", "coordinates": [ [ -75.185483, 6.058295 ], [ -75.14107, 5.731474 ] ] } },
{ "type": "Feature", "properties": { "source": "COCORNÁ", "target": "SONSÓN", "distance": 0.5, "betweenness": 0.00014486455164421265, "weight": 0.10014486455164422 }, "geometry": { "type": "LineString", "coordinates": [ [ -75.185483, 6.058295 ], [ -75.309596, 5.714851 ] ] } },
{ "type": "Feature", "properties": { "source": "COCORNÁ", "target": "SANTA BÁRBARA", "distance": 0.5, "betweenness": 0.00016900864358491478, "weight": 0.10016900864358493 }, "geometry": { "type": "LineString", "coordinates": [ [ -75.185483, 6.058295 ], [ -75.567351, 5.875527 ] ] } },
{ "type": "Feature", "properties": { "source": "COCORNÁ", "target": "NARIÑO", "distance": 0.5, "betweenness": 0.00016555948759338588, "weight": 0.1001655594875934 }, "geometry": { "type": "LineString", "coordinates": [ [ -75.185483, 6.058295 ], [ -75.176262, 5.610777 ] ] } },
{ "type": "Feature", "properties": { "source": "COCORNÁ", "target": "EL CARMEN DE VIBORAL", "distance": 0.5, "betweenness": 0.00014486455164421265, "weight": 0.10014486455164422 }, "geometry": { "type": "LineString", "coordinates": [ [ -75.185483, 6.058295 ], [ -75.333901, 6.082885 ] ] } },
{ "type": "Feature", "properties": { "source": "COCORNÁ", "target": "ABEJORRAL", "distance": 0.5, "betweenness": 0.00014486455164421265, "weight": 0.10014486455164422 }, "geometry": { "type": "LineString", "coordinates": [ [ -75.185483, 6.058295 ], [ -75.428739, 5.789315 ] ] } },
{ "type": "Feature", "properties": { "source": "COCORNÁ", "target": "LA CEJA", "distance": 0.5, "betweenness": 0.00021729682746631898, "weight": 0.10021729682746633 }, "geometry": { "type": "LineString", "coordinates": [ [ -75.185483, 6.058295 ], [ -75.429433, 6.028062 ] ] } },
{ "type": "Feature", "properties": { "source": "COCORNÁ", "target": "CALDAS", "distance": 0.5, "betweenness": 0.00014486455164421265, "weight": 0.10014486455164422 }, "geometry": { "type": "LineString", "coordinates": [ [ -75.185483, 6.058295 ], [ -75.633673, 6.091077 ] ] } },
{ "type": "Feature", "properties": { "source": "COCORNÁ", "target": "ENVIGADO", "distance": 0.33333333333333331, "betweenness": 0.0018108068955526582, "weight": 0.10181080689555266 }, "geometry": { "type": "LineString", "coordinates": [ [ -75.185483, 6.058295 ], [ -75.582192, 6.166695 ] ] } },
{ "type": "Feature", "properties": { "source": "COCORNÁ", "target": "FREDONIA", "distance": 0.5, "betweenness": 0.00014486455164421265, "weight": 0.10014486455164422 }, "geometry": { "type": "LineString", "coordinates": [ [ -75.185483, 6.058295 ], [ -75.675072, 5.928039 ] ] } },
{ "type": "Feature", "properties": { "source": "COCORNÁ", "target": "EL SANTUARIO", "distance": 0.5, "betweenness": 0.00014486455164421265, "weight": 0.10014486455164422 }, "geometry": { "type": "LineString", "coordinates": [ [ -75.185483, 6.058295 ], [ -75.265465, 6.136871 ] ] } },
{ "type": "Feature", "properties": { "source": "COCORNÁ", "target": "SAN LUIS", "distance": 0.5, "betweenness": 0.00033187151831219624, "weight": 0.1003318715183122 }, "geometry": { "type": "LineString", "coordinates": [ [ -75.185483, 6.058295 ], [ -74.993619, 6.043017 ] ] } },
{ "type": "Feature", "properties": { "source": "COCORNÁ", "target": "ANGELÓPOLIS", "distance": 0.25, "betweenness": 0.0026558501134772323, "weight": 0.10265585011347723 }, "geometry": { "type": "LineString", "coordinates": [ [ -75.185483, 6.058295 ], [ -75.711389, 6.109719 ] ] } },
{ "type": "Feature", "properties": { "source": "COCORNÁ", "target": "MONTEBELLO", "distance": 0.5, "betweenness": 0.00014486455164421265, "weight": 0.10014486455164422 }, "geometry": { "type": "LineString", "coordinates": [ [ -75.185483, 6.058295 ], [ -75.523455, 5.946313 ] ] } },
{ "type": "Feature", "properties": { "source": "COCORNÁ", "target": "AMAGÁ", "distance": 0.5, "betweenness": 0.00014486455164421265, "weight": 0.10014486455164422 }, "geometry": { "type": "LineString", "coordinates": [ [ -75.185483, 6.058295 ], [ -75.702188, 6.038708 ] ] } },
{ "type": "Feature", "properties": { "source": "COCORNÁ", "target": "SABANETA", "distance": 0.5, "betweenness": 0.00014486455164421265, "weight": 0.10014486455164422 }, "geometry": { "type": "LineString", "coordinates": [ [ -75.185483, 6.058295 ], [ -75.615479, 6.149903 ] ] } },
{ "type": "Feature", "properties": { "source": "COCORNÁ", "target": "ITAGÜÍ", "distance": 0.5, "betweenness": 0.00014486455164421265, "weight": 0.10014486455164422 }, "geometry": { "type": "LineString", "coordinates": [ [ -75.185483, 6.058295 ], [ -75.612056, 6.175079 ] ] } },
{ "type": "Feature", "properties": { "source": "COCORNÁ", "target": "LA ESTRELLA", "distance": 0.5, "betweenness": 0.0001738374619730552, "weight": 0.10017383746197306 }, "geometry": { "type": "LineString", "coordinates": [ [ -75.185483, 6.058295 ], [ -75.637708, 6.145238 ] ] } },
{ "type": "Feature", "properties": { "source": "COCORNÁ", "target": "PUERTO NARE", "distance": 0.5, "betweenness": 0.0013764484103467153, "weight": 0.10137644841034672 }, "geometry": { "type": "LineString", "coordinates": [ [ -75.185483, 6.058295 ], [ -74.583012, 6.186025 ] ] } },
{ "type": "Feature", "properties": { "source": "COCORNÁ", "target": "PUERTO TRIUNFO", "distance": 1.0, "betweenness": 7.2432275822106325e-05, "weight": 0.10007243227582212 }, "geometry": { "type": "LineString", "coordinates": [ [ -75.185483, 6.058295 ], [ -74.64119, 5.871318 ] ] } },
{ "type": "Feature", "properties": { "source": "COCORNÁ", "target": "LA PINTADA", "distance": 1.0, "betweenness": 0.0, "weight": 0.1 }, "geometry": { "type": "LineString", "coordinates": [ [ -75.185483, 6.058295 ], [ -75.60781, 5.743808 ] ] } },
{ "type": "Feature", "properties": { "source": "MONTEBELLO", "target": "GRANADA", "distance": 0.5, "betweenness": 0.00035871222311900278, "weight": 0.10035871222311901 }, "geometry": { "type": "LineString", "coordinates": [ [ -75.523455, 5.946313 ], [ -75.184446, 6.142892 ] ] } },
{ "type": "Feature", "properties": { "source": "MONTEBELLO", "target": "CALDAS", "distance": 0.5, "betweenness": 0.00015248900173075016, "weight": 0.10015248900173075 }, "geometry": { "type": "LineString", "coordinates": [ [ -75.523455, 5.946313 ], [ -75.633673, 6.091077 ] ] } },
{ "type": "Feature", "properties": { "source": "MONTEBELLO", "target": "TÁMESIS", "distance": 0.5, "betweenness": 0.00032206755370597174, "weight": 0.10032206755370597 }, "geometry": { "type": "LineString", "coordinates": [ [ -75.523455, 5.946313 ], [ -75.714429, 5.664645 ] ] } },
{ "type": "Feature", "properties": { "source": "MONTEBELLO", "target": "ABEJORRAL", "distance": 0.33333333333333331, "betweenness": 0.00024546493473047144, "weight": 0.10024546493473048 }, "geometry": { "type": "LineString", "coordinates": [ [ -75.523455, 5.946313 ], [ -75.428739, 5.789315 ] ] } },
{ "type": "Feature", "properties": { "source": "MONTEBELLO", "target": "JERICÓ", "distance": 0.5, "betweenness": 0.00029335071707953063, "weight": 0.10029335071707954 }, "geometry": { "type": "LineString", "coordinates": [ [ -75.523455, 5.946313 ], [ -75.785499, 5.789748 ] ] } },
{ "type": "Feature", "properties": { "source": "MONTEBELLO", "target": "SONSÓN", "distance": 0.5, "betweenness": 0.00017061824971429491, "weight": 0.10017061824971429 }, "geometry": { "type": "LineString", "coordinates": [ [ -75.523455, 5.946313 ], [ -75.309596, 5.714851 ] ] } },
{ "type": "Feature", "properties": { "source": "MONTEBELLO", "target": "ENVIGADO", "distance": 0.5, "betweenness": 0.00051827199463238714, "weight": 0.1005182719946324 }, "geometry": { "type": "LineString", "coordinates": [ [ -75.523455, 5.946313 ], [ -75.582192, 6.166695 ] ] } },
{ "type": "Feature", "properties": { "source": "MONTEBELLO", "target": "CONCORDIA", "distance": 0.5, "betweenness": 0.00030338957636013832, "weight": 0.10030338957636015 }, "geometry": { "type": "LineString", "coordinates": [ [ -75.523455, 5.946313 ], [ -75.908448, 6.045738 ] ] } },
{ "type": "Feature", "properties": { "source": "MONTEBELLO", "target": "ANGELÓPOLIS", "distance": 0.5, "betweenness": 0.00015248900173075016, "weight": 0.10015248900173075 }, "geometry": { "type": "LineString", "coordinates": [ [ -75.523455, 5.946313 ], [ -75.711389, 6.109719 ] ] } },
{ "type": "Feature", "properties": { "source": "MONTEBELLO", "target": "LA UNIÓN", "distance": 0.5, "betweenness": 0.00014486455164421265, "weight": 0.10014486455164422 }, "geometry": { "type": "LineString", "coordinates": [ [ -75.523455, 5.946313 ], [ -75.360874, 5.973845 ] ] } },
{ "type": "Feature", "properties": { "source": "MONTEBELLO", "target": "EL CARMEN DE VIBORAL", "distance": 0.5, "betweenness": 0.00019717675084906722, "weight": 0.10019717675084908 }, "geometry": { "type": "LineString", "coordinates": [ [ -75.523455, 5.946313 ], [ -75.333901, 6.082885 ] ] } },
{ "type": "Feature", "properties": { "source": "MONTEBELLO", "target": "LA CEJA", "distance": 0.5, "betweenness": 0.00014486455164421265, "weight": 0.10014486455164422 }, "geometry": { "type": "LineString", "coordinates": [ [ -75.523455, 5.946313 ], [ -75.429433, 6.028062 ] ] } },
{ "type": "Feature", "properties": { "source": "MONTEBELLO", "target": "NARIÑO", "distance": 0.5, "betweenness": 0.00014486455164421265, "weight": 0.10014486455164422 }, "geometry": { "type": "LineString", "coordinates": [ [ -75.523455, 5.946313 ], [ -75.176262, 5.610777 ] ] } },
{ "type": "Feature", "properties": { "source": "MONTEBELLO", "target": "FREDONIA", "distance": 0.5, "betweenness": 0.00016297262059973924, "weight": 0.10016297262059974 }, "geometry": { "type": "LineString", "coordinates": [ [ -75.523455, 5.946313 ], [ -75.675072, 5.928039 ] ] } },
{ "type": "Feature", "properties": { "source": "MONTEBELLO", "target": "ANDES", "distance": 0.5, "betweenness": 0.00019315273552561685, "weight": 0.10019315273552562 }, "geometry": { "type": "LineString", "coordinates": [ [ -75.523455, 5.946313 ], [ -75.878828, 5.657194 ] ] } },
{ "type": "Feature", "properties": { "source": "MONTEBELLO", "target": "SANTA BÁRBARA", "distance": 0.5, "betweenness": 0.00016297262059973924, "weight": 0.10016297262059974 }, "geometry": { "type": "LineString", "coordinates": [ [ -75.523455, 5.946313 ], [ -75.567351, 5.875527 ] ] } },
{ "type": "Feature", "properties": { "source": "MONTEBELLO", "target": "VENECIA", "distance": 0.5, "betweenness": 0.00024253837813159848, "weight": 0.1002425383781316 }, "geometry": { "type": "LineString", "coordinates": [ [ -75.523455, 5.946313 ], [ -75.735544, 5.964693 ] ] } },
{ "type": "Feature", "properties": { "source": "MONTEBELLO", "target": "CARAMANTA", "distance": 0.5, "betweenness": 0.00018108068955526583, "weight": 0.10018108068955527 }, "geometry": { "type": "LineString", "coordinates": [ [ -75.523455, 5.946313 ], [ -75.643868, 5.54853 ] ] } },
{ "type": "Feature", "properties": { "source": "MONTEBELLO", "target": "EL SANTUARIO", "distance": 0.33333333333333331, "betweenness": 0.0019100276162423049, "weight": 0.10191002761624231 }, "geometry": { "type": "LineString", "coordinates": [ [ -75.523455, 5.946313 ], [ -75.265465, 6.136871 ] ] } },
{ "type": "Feature", "properties": { "source": "MONTEBELLO", "target": "BETULIA", "distance": 0.5, "betweenness": 0.00039392992113777126, "weight": 0.10039392992113777 }, "geometry": { "type": "LineString", "coordinates": [ [ -75.523455, 5.946313 ], [ -75.984452, 6.115208 ] ] } },
{ "type": "Feature", "properties": { "source": "MONTEBELLO", "target": "VALPARAÍSO", "distance": 0.5, "betweenness": 0.00014486455164421265, "weight": 0.10014486455164422 }, "geometry": { "type": "LineString", "coordinates": [ [ -75.523455, 5.946313 ], [ -75.624452, 5.614555 ] ] } },
{ "type": "Feature", "properties": { "source": "MONTEBELLO", "target": "HELICONIA", "distance": 0.5, "betweenness": 0.00017059707068627674, "weight": 0.10017059707068628 }, "geometry": { "type": "LineString", "coordinates": [ [ -75.523455, 5.946313 ], [ -75.734322, 6.206757 ] ] } },
{ "type": "Feature", "properties": { "source": "MONTEBELLO", "target": "ITAGÜÍ", "distance": 0.5, "betweenness": 0.00017663309367145223, "weight": 0.10017663309367146 }, "geometry": { "type": "LineString", "coordinates": [ [ -75.523455, 5.946313 ], [ -75.612056, 6.175079 ] ] } },
{ "type": "Feature", "properties": { "source": "MONTEBELLO", "target": "JARDÍN", "distance": 0.5, "betweenness": 0.00019315273552561685, "weight": 0.10019315273552562 }, "geometry": { "type": "LineString", "coordinates": [ [ -75.523455, 5.946313 ], [ -75.818982, 5.597542 ] ] } },
{ "type": "Feature", "properties": { "source": "MONTEBELLO", "target": "ARMENIA", "distance": 0.5, "betweenness": 0.0002394077327172778, "weight": 0.10023940773271728 }, "geometry": { "type": "LineString", "coordinates": [ [ -75.523455, 5.946313 ], [ -75.786647, 6.155667 ] ] } },
{ "type": "Feature", "properties": { "source": "MONTEBELLO", "target": "LA ESTRELLA", "distance": 0.5, "betweenness": 0.00015248900173075016, "weight": 0.10015248900173075 }, "geometry": { "type": "LineString", "coordinates": [ [ -75.523455, 5.946313 ], [ -75.637708, 6.145238 ] ] } },
{ "type": "Feature", "properties": { "source": "MONTEBELLO", "target": "SALGAR", "distance": 0.5, "betweenness": 0.00030137756869841309, "weight": 0.10030137756869842 }, "geometry": { "type": "LineString", "coordinates": [ [ -75.523455, 5.946313 ], [ -75.976807, 5.964198 ] ] } },
{ "type": "Feature", "properties": { "source": "MONTEBELLO", "target": "PUEBLORRICO", "distance": 0.33333333333333331, "betweenness": 0.0022566677933909575, "weight": 0.10225666779339096 }, "geometry": { "type": "LineString", "coordinates": [ [ -75.523455, 5.946313 ], [ -75.839903, 5.79158 ] ] } },
{ "type": "Feature", "properties": { "source": "MONTEBELLO", "target": "TARSO", "distance": 0.5, "betweenness": 0.00024144091940702108, "weight": 0.10024144091940702 }, "geometry": { "type": "LineString", "coordinates": [ [ -75.523455, 5.946313 ], [ -75.822956, 5.864542 ] ] } },
{ "type": "Feature", "properties": { "source": "MONTEBELLO", "target": "ARGELIA", "distance": 0.5, "betweenness": 0.00027765705731807423, "weight": 0.10027765705731807 }, "geometry": { "type": "LineString", "coordinates": [ [ -75.523455, 5.946313 ], [ -75.14107, 5.731474 ] ] } },
{ "type": "Feature", "properties": { "source": "MONTEBELLO", "target": "TITIRIBÍ", "distance": 0.5, "betweenness": 0.00020077718561215435, "weight": 0.10020077718561216 }, "geometry": { "type": "LineString", "coordinates": [ [ -75.523455, 5.946313 ], [ -75.791887, 6.062391 ] ] } },
{ "type": "Feature", "properties": { "source": "MONTEBELLO", "target": "AMAGÁ", "distance": 0.5, "betweenness": 0.00022492127755285648, "weight": 0.10022492127755286 }, "geometry": { "type": "LineString", "coordinates": [ [ -75.523455, 5.946313 ], [ -75.702188, 6.038708 ] ] } },
{ "type": "Feature", "properties": { "source": "MONTEBELLO", "target": "HISPANIA", "distance": 0.5, "betweenness": 0.00040842605814357224, "weight": 0.10040842605814358 }, "geometry": { "type": "LineString", "coordinates": [ [ -75.523455, 5.946313 ], [ -75.906587, 5.799461 ] ] } },
{ "type": "Feature", "properties": { "source": "MONTEBELLO", "target": "BETANIA", "distance": 0.5, "betweenness": 0.00040562074460379538, "weight": 0.1004056207446038 }, "geometry": { "type": "LineString", "coordinates": [ [ -75.523455, 5.946313 ], [ -75.97679, 5.74615 ] ] } },
{ "type": "Feature", "properties": { "source": "MONTEBELLO", "target": "LA PINTADA", "distance": 0.5, "betweenness": 0.00023339288876012039, "weight": 0.10023339288876013 }, "geometry": { "type": "LineString", "coordinates": [ [ -75.523455, 5.946313 ], [ -75.60781, 5.743808 ] ] } },
{ "type": "Feature", "properties": { "source": "MONTEBELLO", "target": "CIUDAD BOLÍVAR", "distance": 0.5, "betweenness": 7.2432275822106325e-05, "weight": 0.10007243227582212 }, "geometry": { "type": "LineString", "coordinates": [ [ -75.523455, 5.946313 ], [ -76.021509, 5.850273 ] ] } },
{ "type": "Feature", "properties": { "source": "MONTEBELLO", "target": "SAN FRANCISCO", "distance": 0.5, "betweenness": 0.00060268774958040477, "weight": 0.10060268774958041 }, "geometry": { "type": "LineString", "coordinates": [ [ -75.523455, 5.946313 ], [ -75.101562, 5.963476 ] ] } },
{ "type": "Feature", "properties": { "source": "MONTEBELLO", "target": "SABANETA", "distance": 1.0, "betweenness": 0.0, "weight": 0.1 }, "geometry": { "type": "LineString", "coordinates": [ [ -75.523455, 5.946313 ], [ -75.615479, 6.149903 ] ] } },
{ "type": "Feature", "properties": { "source": "LA CEJA", "target": "EL CARMEN DE VIBORAL", "distance": 0.5, "betweenness": 0.00019315273552561685, "weight": 0.10019315273552562 }, "geometry": { "type": "LineString", "coordinates": [ [ -75.429433, 6.028062 ], [ -75.333901, 6.082885 ] ] } },
{ "type": "Feature", "properties": { "source": "LA CEJA", "target": "SANTA BÁRBARA", "distance": 0.5, "betweenness": 0.00014486455164421265, "weight": 0.10014486455164422 }, "geometry": { "type": "LineString", "coordinates": [ [ -75.429433, 6.028062 ], [ -75.567351, 5.875527 ] ] } },
{ "type": "Feature", "properties": { "source": "LA CEJA", "target": "SAN LUIS", "distance": 0.5, "betweenness": 0.00038285631505970483, "weight": 0.10038285631505971 }, "geometry": { "type": "LineString", "coordinates": [ [ -75.429433, 6.028062 ], [ -74.993619, 6.043017 ] ] } },
{ "type": "Feature", "properties": { "source": "LA CEJA", "target": "ABEJORRAL", "distance": 0.5, "betweenness": 0.00014486455164421265, "weight": 0.10014486455164422 }, "geometry": { "type": "LineString", "coordinates": [ [ -75.429433, 6.028062 ], [ -75.428739, 5.789315 ] ] } },
{ "type": "Feature", "properties": { "source": "LA CEJA", "target": "CALDAS", "distance": 0.5, "betweenness": 0.00014486455164421265, "weight": 0.10014486455164422 }, "geometry": { "type": "LineString", "coordinates": [ [ -75.429433, 6.028062 ], [ -75.633673, 6.091077 ] ] } },
{ "type": "Feature", "properties": { "source": "LA CEJA", "target": "VENECIA", "distance": 0.5, "betweenness": 0.00017252051150356233, "weight": 0.10017252051150356 }, "geometry": { "type": "LineString", "coordinates": [ [ -75.429433, 6.028062 ], [ -75.735544, 5.964693 ] ] } },
{ "type": "Feature", "properties": { "source": "LA CEJA", "target": "TITIRIBÍ", "distance": 0.5, "betweenness": 0.0001738374619730552, "weight": 0.10017383746197306 }, "geometry": { "type": "LineString", "coordinates": [ [ -75.429433, 6.028062 ], [ -75.791887, 6.062391 ] ] } },
{ "type": "Feature", "properties": { "source": "LA CEJA", "target": "SONSÓN", "distance": 0.5, "betweenness": 0.00014486455164421265, "weight": 0.10014486455164422 }, "geometry": { "type": "LineString", "coordinates": [ [ -75.429433, 6.028062 ], [ -75.309596, 5.714851 ] ] } },
{ "type": "Feature", "properties": { "source": "LA CEJA", "target": "TÁMESIS", "distance": 0.5, "betweenness": 0.00026774334683939203, "weight": 0.1002677433468394 }, "geometry": { "type": "LineString", "coordinates": [ [ -75.429433, 6.028062 ], [ -75.714429, 5.664645 ] ] } },
{ "type": "Feature", "properties": { "source": "LA CEJA", "target": "LA ESTRELLA", "distance": 0.5, "betweenness": 0.00014486455164421265, "weight": 0.10014486455164422 }, "geometry": { "type": "LineString", "coordinates": [ [ -75.429433, 6.028062 ], [ -75.637708, 6.145238 ] ] } },
{ "type": "Feature", "properties": { "source": "LA CEJA", "target": "AMAGÁ", "distance": 0.33333333333333331, "betweenness": 0.0012886621643683786, "weight": 0.10128866216436838 }, "geometry": { "type": "LineString", "coordinates": [ [ -75.429433, 6.028062 ], [ -75.702188, 6.038708 ] ] } },
{ "type": "Feature", "properties": { "source": "LA CEJA", "target": "GRANADA", "distance": 0.5, "betweenness": 0.00026075619295958284, "weight": 0.10026075619295959 }, "geometry": { "type": "LineString", "coordinates": [ [ -75.429433, 6.028062 ], [ -75.184446, 6.142892 ] ] } },
{ "type": "Feature", "properties": { "source": "LA CEJA", "target": "HELICONIA", "distance": 0.5, "betweenness": 0.00015803405633914107, "weight": 0.10015803405633915 }, "geometry": { "type": "LineString", "coordinates": [ [ -75.429433, 6.028062 ], [ -75.734322, 6.206757 ] ] } },
{ "type": "Feature", "properties": { "source": "LA CEJA", "target": "LA UNIÓN", "distance": 0.5, "betweenness": 0.00014486455164421265, "weight": 0.10014486455164422 }, "geometry": { "type": "LineString", "coordinates": [ [ -75.429433, 6.028062 ], [ -75.360874, 5.973845 ] ] } },
{ "type": "Feature", "properties": { "source": "LA CEJA", "target": "JERICÓ", "distance": 0.5, "betweenness": 0.00029300580148037772, "weight": 0.10029300580148039 }, "geometry": { "type": "LineString", "coordinates": [ [ -75.429433, 6.028062 ], [ -75.785499, 5.789748 ] ] } },
{ "type": "Feature", "properties": { "source": "LA CEJA", "target": "ARGELIA", "distance": 0.5, "betweenness": 0.00024868414698923176, "weight": 0.10024868414698923 }, "geometry": { "type": "LineString", "coordinates": [ [ -75.429433, 6.028062 ], [ -75.14107, 5.731474 ] ] } },
{ "type": "Feature", "properties": { "source": "LA CEJA", "target": "TARSO", "distance": 0.5, "betweenness": 0.00018700696666798362, "weight": 0.10018700696666799 }, "geometry": { "type": "LineString", "coordinates": [ [ -75.429433, 6.028062 ], [ -75.822956, 5.864542 ] ] } },
{ "type": "Feature", "properties": { "source": "LA CEJA", "target": "FREDONIA", "distance": 0.5, "betweenness": 0.00021005359988410837, "weight": 0.10021005359988411 }, "geometry": { "type": "LineString", "coordinates": [ [ -75.429433, 6.028062 ], [ -75.675072, 5.928039 ] ] } },
{ "type": "Feature", "properties": { "source": "LA CEJA", "target": "NARIÑO", "distance": 0.5, "betweenness": 0.00014486455164421265, "weight": 0.10014486455164422 }, "geometry": { "type": "LineString", "coordinates": [ [ -75.429433, 6.028062 ], [ -75.176262, 5.610777 ] ] } },
{ "type": "Feature", "properties": { "source": "LA CEJA", "target": "EL SANTUARIO", "distance": 0.5, "betweenness": 0.00014486455164421265, "weight": 0.10014486455164422 }, "geometry": { "type": "LineString", "coordinates": [ [ -75.429433, 6.028062 ], [ -75.265465, 6.136871 ] ] } },
{ "type": "Feature", "properties": { "source": "LA CEJA", "target": "SAN FRANCISCO", "distance": 0.5, "betweenness": 0.00037734289146718519, "weight": 0.10037734289146719 }, "geometry": { "type": "LineString", "coordinates": [ [ -75.429433, 6.028062 ], [ -75.101562, 5.963476 ] ] } },
{ "type": "Feature", "properties": { "source": "LA CEJA", "target": "ANGELÓPOLIS", "distance": 0.5, "betweenness": 0.00019315273552561685, "weight": 0.10019315273552562 }, "geometry": { "type": "LineString", "coordinates": [ [ -75.429433, 6.028062 ], [ -75.711389, 6.109719 ] ] } },
{ "type": "Feature", "properties": { "source": "LA CEJA", "target": "ENVIGADO", "distance": 0.5, "betweenness": 0.00089091699261190788, "weight": 0.10089091699261191 }, "geometry": { "type": "LineString", "coordinates": [ [ -75.429433, 6.028062 ], [ -75.582192, 6.166695 ] ] } },
{ "type": "Feature", "properties": { "source": "LA CEJA", "target": "ARMENIA", "distance": 0.5, "betweenness": 0.00032353083200540819, "weight": 0.10032353083200542 }, "geometry": { "type": "LineString", "coordinates": [ [ -75.429433, 6.028062 ], [ -75.786647, 6.155667 ] ] } },
{ "type": "Feature", "properties": { "source": "LA CEJA", "target": "VALPARAÍSO", "distance": 0.5, "betweenness": 0.00014486455164421265, "weight": 0.10014486455164422 }, "geometry": { "type": "LineString", "coordinates": [ [ -75.429433, 6.028062 ], [ -75.624452, 5.614555 ] ] } },
{ "type": "Feature", "properties": { "source": "LA CEJA", "target": "SABANETA", "distance": 0.5, "betweenness": 0.00022936887343667003, "weight": 0.10022936887343667 }, "geometry": { "type": "LineString", "coordinates": [ [ -75.429433, 6.028062 ], [ -75.615479, 6.149903 ] ] } },
{ "type": "Feature", "properties": { "source": "LA CEJA", "target": "CONCORDIA", "distance": 0.5, "betweenness": 0.00027041382973586357, "weight": 0.10027041382973587 }, "geometry": { "type": "LineString", "coordinates": [ [ -75.429433, 6.028062 ], [ -75.908448, 6.045738 ] ] } },
{ "type": "Feature", "properties": { "source": "LA CEJA", "target": "LA PINTADA", "distance": 0.5, "betweenness": 0.0002641478630179195, "weight": 0.10026414786301792 }, "geometry": { "type": "LineString", "coordinates": [ [ -75.429433, 6.028062 ], [ -75.60781, 5.743808 ] ] } },
{ "type": "Feature", "properties": { "source": "LA CEJA", "target": "SALGAR", "distance": 1.0, "betweenness": 0.0, "weight": 0.1 }, "geometry": { "type": "LineString", "coordinates": [ [ -75.429433, 6.028062 ], [ -75.976807, 5.964198 ] ] } },
{ "type": "Feature", "properties": { "source": "LA CEJA", "target": "CARAMANTA", "distance": 0.33333333333333331, "betweenness": 0.0043555941861026602, "weight": 0.10435559418610267 }, "geometry": { "type": "LineString", "coordinates": [ [ -75.429433, 6.028062 ], [ -75.643868, 5.54853 ] ] } },
{ "type": "Feature", "properties": { "source": "LA CEJA", "target": "ITAGÜÍ", "distance": 0.5, "betweenness": 0.00023178328263074026, "weight": 0.10023178328263074 }, "geometry": { "type": "LineString", "coordinates": [ [ -75.429433, 6.028062 ], [ -75.612056, 6.175079 ] ] } },
{ "type": "Feature", "properties": { "source": "LA CEJA", "target": "PUEBLORRICO", "distance": 0.5, "betweenness": 0.00028841215281893252, "weight": 0.10028841215281893 }, "geometry": { "type": "LineString", "coordinates": [ [ -75.429433, 6.028062 ], [ -75.839903, 5.79158 ] ] } },
{ "type": "Feature", "properties": { "source": "LA CEJA", "target": "ANDES", "distance": 0.5, "betweenness": 0.00032594524119947848, "weight": 0.10032594524119949 }, "geometry": { "type": "LineString", "coordinates": [ [ -75.429433, 6.028062 ], [ -75.878828, 5.657194 ] ] } },
{ "type": "Feature", "properties": { "source": "LA CEJA", "target": "JARDÍN", "distance": 1.0, "betweenness": 0.0, "weight": 0.1 }, "geometry": { "type": "LineString", "coordinates": [ [ -75.429433, 6.028062 ], [ -75.818982, 5.597542 ] ] } },
{ "type": "Feature", "properties": { "source": "LA CEJA", "target": "BETULIA", "distance": 1.0, "betweenness": 0.0, "weight": 0.1 }, "geometry": { "type": "LineString", "coordinates": [ [ -75.429433, 6.028062 ], [ -75.984452, 6.115208 ] ] } },
{ "type": "Feature", "properties": { "source": "LA CEJA", "target": "HISPANIA", "distance": 1.0, "betweenness": 0.0, "weight": 0.1 }, "geometry": { "type": "LineString", "coordinates": [ [ -75.429433, 6.028062 ], [ -75.906587, 5.799461 ] ] } },
{ "type": "Feature", "properties": { "source": "LA UNIÓN", "target": "SONSÓN", "distance": 0.5, "betweenness": 0.00031042403923759853, "weight": 0.10031042403923761 }, "geometry": { "type": "LineString", "coordinates": [ [ -75.360874, 5.973845 ], [ -75.309596, 5.714851 ] ] } },
{ "type": "Feature", "properties": { "source": "LA UNIÓN", "target": "ARGELIA", "distance": 0.5, "betweenness": 0.00046356656526148053, "weight": 0.10046356656526148 }, "geometry": { "type": "LineString", "coordinates": [ [ -75.360874, 5.973845 ], [ -75.14107, 5.731474 ] ] } },
{ "type": "Feature", "properties": { "source": "LA UNIÓN", "target": "SANTA BÁRBARA", "distance": 0.5, "betweenness": 0.00014486455164421265, "weight": 0.10014486455164422 }, "geometry": { "type": "LineString", "coordinates": [ [ -75.360874, 5.973845 ], [ -75.567351, 5.875527 ] ] } },
{ "type": "Feature", "properties": { "source": "LA UNIÓN", "target": "SAN LUIS", "distance": 0.5, "betweenness": 0.00057118023219718131, "weight": 0.10057118023219719 }, "geometry": { "type": "LineString", "coordinates": [ [ -75.360874, 5.973845 ], [ -74.993619, 6.043017 ] ] } },
{ "type": "Feature", "properties": { "source": "LA UNIÓN", "target": "FREDONIA", "distance": 0.5, "betweenness": 0.00014486455164421265, "weight": 0.10014486455164422 }, "geometry": { "type": "LineString", "coordinates": [ [ -75.360874, 5.973845 ], [ -75.675072, 5.928039 ] ] } },
{ "type": "Feature", "properties": { "source": "LA UNIÓN", "target": "EL CARMEN DE VIBORAL", "distance": 0.5, "betweenness": 0.00014486455164421265, "weight": 0.10014486455164422 }, "geometry": { "type": "LineString", "coordinates": [ [ -75.360874, 5.973845 ], [ -75.333901, 6.082885 ] ] } },
{ "type": "Feature", "properties": { "source": "LA UNIÓN", "target": "TÁMESIS", "distance": 0.5, "betweenness": 0.00038122057896069193, "weight": 0.10038122057896069 }, "geometry": { "type": "LineString", "coordinates": [ [ -75.360874, 5.973845 ], [ -75.714429, 5.664645 ] ] } },
{ "type": "Feature", "properties": { "source": "LA UNIÓN", "target": "LA ESTRELLA", "distance": 0.5, "betweenness": 0.00014486455164421265, "weight": 0.10014486455164422 }, "geometry": { "type": "LineString", "coordinates": [ [ -75.360874, 5.973845 ], [ -75.637708, 6.145238 ] ] } },
{ "type": "Feature", "properties": { "source": "LA UNIÓN", "target": "GRANADA", "distance": 0.5, "betweenness": 0.00036940460669274226, "weight": 0.10036940460669275 }, "geometry": { "type": "LineString", "coordinates": [ [ -75.360874, 5.973845 ], [ -75.184446, 6.142892 ] ] } },
{ "type": "Feature", "properties": { "source": "LA UNIÓN", "target": "NARIÑO", "distance": 0.5, "betweenness": 0.0002897291032884253, "weight": 0.10028972910328843 }, "geometry": { "type": "LineString", "coordinates": [ [ -75.360874, 5.973845 ], [ -75.176262, 5.610777 ] ] } },
{ "type": "Feature", "properties": { "source": "LA UNIÓN", "target": "SAN FRANCISCO", "distance": 0.5, "betweenness": 0.00055439956569900057, "weight": 0.100554399565699 }, "geometry": { "type": "LineString", "coordinates": [ [ -75.360874, 5.973845 ], [ -75.101562, 5.963476 ] ] } },
{ "type": "Feature", "properties": { "source": "LA UNIÓN", "target": "ABEJORRAL", "distance": 0.33333333333333331, "betweenness": 0.00051185474914288473, "weight": 0.10051185474914288 }, "geometry": { "type": "LineString", "coordinates": [ [ -75.360874, 5.973845 ], [ -75.428739, 5.789315 ] ] } },
{ "type": "Feature", "properties": { "source": "LA UNIÓN", "target": "AMAGÁ", "distance": 0.33333333333333331, "betweenness": 0.0012307163437106936, "weight": 0.1012307163437107 }, "geometry": { "type": "LineString", "coordinates": [ [ -75.360874, 5.973845 ], [ -75.702188, 6.038708 ] ] } },
{ "type": "Feature", "properties": { "source": "LA UNIÓN", "target": "ANGELÓPOLIS", "distance": 0.5, "betweenness": 0.00014486455164421265, "weight": 0.10014486455164422 }, "geometry": { "type": "LineString", "coordinates": [ [ -75.360874, 5.973845 ], [ -75.711389, 6.109719 ] ] } },
{ "type": "Feature", "properties": { "source": "LA UNIÓN", "target": "ITAGÜÍ", "distance": 0.5, "betweenness": 0.00015935100680863394, "weight": 0.10015935100680864 }, "geometry": { "type": "LineString", "coordinates": [ [ -75.360874, 5.973845 ], [ -75.612056, 6.175079 ] ] } },
{ "type": "Feature", "properties": { "source": "LA UNIÓN", "target": "CALDAS", "distance": 0.5, "betweenness": 0.00014486455164421265, "weight": 0.10014486455164422 }, "geometry": { "type": "LineString", "coordinates": [ [ -75.360874, 5.973845 ], [ -75.633673, 6.091077 ] ] } },
{ "type": "Feature", "properties": { "source": "LA UNIÓN", "target": "ENVIGADO", "distance": 0.5, "betweenness": 0.00014486455164421265, "weight": 0.10014486455164422 }, "geometry": { "type": "LineString", "coordinates": [ [ -75.360874, 5.973845 ], [ -75.582192, 6.166695 ] ] } },
{ "type": "Feature", "properties": { "source": "LA UNIÓN", "target": "EL SANTUARIO", "distance": 0.5, "betweenness": 0.00031387319522912746, "weight": 0.10031387319522914 }, "geometry": { "type": "LineString", "coordinates": [ [ -75.360874, 5.973845 ], [ -75.265465, 6.136871 ] ] } },
{ "type": "Feature", "properties": { "source": "LA UNIÓN", "target": "JERICÓ", "distance": 0.5, "betweenness": 0.00020367266129977992, "weight": 0.10020367266129979 }, "geometry": { "type": "LineString", "coordinates": [ [ -75.360874, 5.973845 ], [ -75.785499, 5.789748 ] ] } },
{ "type": "Feature", "properties": { "source": "LA UNIÓN", "target": "VALPARAÍSO", "distance": 0.5, "betweenness": 0.0002897291032884253, "weight": 0.10028972910328843 }, "geometry": { "type": "LineString", "coordinates": [ [ -75.360874, 5.973845 ], [ -75.624452, 5.614555 ] ] } },
{ "type": "Feature", "properties": { "source": "LA UNIÓN", "target": "LA PINTADA", "distance": 0.5, "betweenness": 0.00034462816948692654, "weight": 0.10034462816948693 }, "geometry": { "type": "LineString", "coordinates": [ [ -75.360874, 5.973845 ], [ -75.60781, 5.743808 ] ] } },
{ "type": "Feature", "properties": { "source": "LA UNIÓN", "target": "VENECIA", "distance": 0.5, "betweenness": 0.00017252051150356233, "weight": 0.10017252051150356 }, "geometry": { "type": "LineString", "coordinates": [ [ -75.360874, 5.973845 ], [ -75.735544, 5.964693 ] ] } },
{ "type": "Feature", "properties": { "source": "LA UNIÓN", "target": "TITIRIBÍ", "distance": 0.33333333333333331, "betweenness": 0.0010444044342349426, "weight": 0.10104440443423494 }, "geometry": { "type": "LineString", "coordinates": [ [ -75.360874, 5.973845 ], [ -75.791887, 6.062391 ] ] } },
{ "type": "Feature", "properties": { "source": "LA UNIÓN", "target": "HELICONIA", "distance": 0.5, "betweenness": 0.00014486455164421265, "weight": 0.10014486455164422 }, "geometry": { "type": "LineString", "coordinates": [ [ -75.360874, 5.973845 ], [ -75.734322, 6.206757 ] ] } },
{ "type": "Feature", "properties": { "source": "LA UNIÓN", "target": "ARMENIA", "distance": 0.5, "betweenness": 0.00014486455164421265, "weight": 0.10014486455164422 }, "geometry": { "type": "LineString", "coordinates": [ [ -75.360874, 5.973845 ], [ -75.786647, 6.155667 ] ] } },
{ "type": "Feature", "properties": { "source": "LA UNIÓN", "target": "SABANETA", "distance": 0.5, "betweenness": 0.00014486455164421265, "weight": 0.10014486455164422 }, "geometry": { "type": "LineString", "coordinates": [ [ -75.360874, 5.973845 ], [ -75.615479, 6.149903 ] ] } },
{ "type": "Feature", "properties": { "source": "LA UNIÓN", "target": "TARSO", "distance": 0.5, "betweenness": 0.00015803405633914107, "weight": 0.10015803405633915 }, "geometry": { "type": "LineString", "coordinates": [ [ -75.360874, 5.973845 ], [ -75.822956, 5.864542 ] ] } },
{ "type": "Feature", "properties": { "source": "LA UNIÓN", "target": "PUEBLORRICO", "distance": 0.5, "betweenness": 0.00033187151831219624, "weight": 0.1003318715183122 }, "geometry": { "type": "LineString", "coordinates": [ [ -75.360874, 5.973845 ], [ -75.839903, 5.79158 ] ] } },
{ "type": "Feature", "properties": { "source": "LA UNIÓN", "target": "CARAMANTA", "distance": 0.5, "betweenness": 0.00042735042735042735, "weight": 0.10042735042735043 }, "geometry": { "type": "LineString", "coordinates": [ [ -75.360874, 5.973845 ], [ -75.643868, 5.54853 ] ] } },
{ "type": "Feature", "properties": { "source": "LA UNIÓN", "target": "JARDÍN", "distance": 1.0, "betweenness": 0.0, "weight": 0.1 }, "geometry": { "type": "LineString", "coordinates": [ [ -75.360874, 5.973845 ], [ -75.818982, 5.597542 ] ] } },
{ "type": "Feature", "properties": { "source": "AMAGÁ", "target": "TARSO", "distance": 0.5, "betweenness": 0.00038456567619080074, "weight": 0.10038456567619081 }, "geometry": { "type": "LineString", "coordinates": [ [ -75.702188, 6.038708 ], [ -75.822956, 5.864542 ] ] } },
{ "type": "Feature", "properties": { "source": "AMAGÁ", "target": "ABEJORRAL", "distance": 0.5, "betweenness": 0.00022581827168068443, "weight": 0.10022581827168069 }, "geometry": { "type": "LineString", "coordinates": [ [ -75.702188, 6.038708 ], [ -75.428739, 5.789315 ] ] } },
{ "type": "Feature", "properties": { "source": "AMAGÁ", "target": "ANDES", "distance": 0.5, "betweenness": 0.00037423342508088262, "weight": 0.10037423342508089 }, "geometry": { "type": "LineString", "coordinates": [ [ -75.702188, 6.038708 ], [ -75.878828, 5.657194 ] ] } },
{ "type": "Feature", "properties": { "source": "AMAGÁ", "target": "JERICÓ", "distance": 0.5, "betweenness": 0.00035008933314018063, "weight": 0.10035008933314019 }, "geometry": { "type": "LineString", "coordinates": [ [ -75.702188, 6.038708 ], [ -75.785499, 5.789748 ] ] } },
{ "type": "Feature", "properties": { "source": "AMAGÁ", "target": "ARMENIA", "distance": 0.5, "betweenness": 0.00014486455164421265, "weight": 0.10014486455164422 }, "geometry": { "type": "LineString", "coordinates": [ [ -75.702188, 6.038708 ], [ -75.786647, 6.155667 ] ] } },
{ "type": "Feature", "properties": { "source": "AMAGÁ", "target": "EL CARMEN DE VIBORAL", "distance": 0.33333333333333331, "betweenness": 0.0013466079850260632, "weight": 0.10134660798502607 }, "geometry": { "type": "LineString", "coordinates": [ [ -75.702188, 6.038708 ], [ -75.333901, 6.082885 ] ] } },
{ "type": "Feature", "properties": { "source": "AMAGÁ", "target": "ANGELÓPOLIS", "distance": 0.5, "betweenness": 0.00015935100680863394, "weight": 0.10015935100680864 }, "geometry": { "type": "LineString", "coordinates": [ [ -75.702188, 6.038708 ], [ -75.711389, 6.109719 ] ] } },
{ "type": "Feature", "properties": { "source": "AMAGÁ", "target": "BETULIA", "distance": 0.5, "betweenness": 0.00039837751702158478, "weight": 0.10039837751702159 }, "geometry": { "type": "LineString", "coordinates": [ [ -75.702188, 6.038708 ], [ -75.984452, 6.115208 ] ] } },
{ "type": "Feature", "properties": { "source": "AMAGÁ", "target": "CONCORDIA", "distance": 0.5, "betweenness": 0.00018108068955526583, "weight": 0.10018108068955527 }, "geometry": { "type": "LineString", "coordinates": [ [ -75.702188, 6.038708 ], [ -75.908448, 6.045738 ] ] } },
{ "type": "Feature", "properties": { "source": "AMAGÁ", "target": "BETANIA", "distance": 0.5, "betweenness": 0.00064223284562267612, "weight": 0.10064223284562268 }, "geometry": { "type": "LineString", "coordinates": [ [ -75.702188, 6.038708 ], [ -75.97679, 5.74615 ] ] } },
{ "type": "Feature", "properties": { "source": "AMAGÁ", "target": "SALGAR", "distance": 0.5, "betweenness": 0.00027041382973586362, "weight": 0.10027041382973587 }, "geometry": { "type": "LineString", "coordinates": [ [ -75.702188, 6.038708 ], [ -75.976807, 5.964198 ] ] } },
{ "type": "Feature", "properties": { "source": "AMAGÁ", "target": "ANZÁ", "distance": 0.5, "betweenness": 0.0005794582065768506, "weight": 0.10057945820657685 }, "geometry": { "type": "LineString", "coordinates": [ [ -75.702188, 6.038708 ], [ -75.854442, 6.302641 ] ] } },
{ "type": "Feature", "properties": { "source": "AMAGÁ", "target": "CALDAS", "distance": 0.5, "betweenness": 0.00019211798872815819, "weight": 0.10019211798872817 }, "geometry": { "type": "LineString", "coordinates": [ [ -75.702188, 6.038708 ], [ -75.633673, 6.091077 ] ] } },
{ "type": "Feature", "properties": { "source": "AMAGÁ", "target": "TÁMESIS", "distance": 0.5, "betweenness": 0.00040368873484909989, "weight": 0.1004036887348491 }, "geometry": { "type": "LineString", "coordinates": [ [ -75.702188, 6.038708 ], [ -75.714429, 5.664645 ] ] } },
{ "type": "Feature", "properties": { "source": "AMAGÁ", "target": "SANTA BÁRBARA", "distance": 0.5, "betweenness": 0.00014486455164421265, "weight": 0.10014486455164422 }, "geometry": { "type": "LineString", "coordinates": [ [ -75.702188, 6.038708 ], [ -75.567351, 5.875527 ] ] } },
{ "type": "Feature", "properties": { "source": "AMAGÁ", "target": "CIUDAD BOLÍVAR", "distance": 0.5, "betweenness": 0.00014486455164421265, "weight": 0.10014486455164422 }, "geometry": { "type": "LineString", "coordinates": [ [ -75.702188, 6.038708 ], [ -76.021509, 5.850273 ] ] } },
{ "type": "Feature", "properties": { "source": "AMAGÁ", "target": "CAICEDO", "distance": 0.5, "betweenness": 0.00053624231091828291, "weight": 0.10053624231091829 }, "geometry": { "type": "LineString", "coordinates": [ [ -75.702188, 6.038708 ], [ -75.98293, 6.405607 ] ] } },
{ "type": "Feature", "properties": { "source": "AMAGÁ", "target": "VALPARAÍSO", "distance": 0.5, "betweenness": 0.00014486455164421265, "weight": 0.10014486455164422 }, "geometry": { "type": "LineString", "coordinates": [ [ -75.702188, 6.038708 ], [ -75.624452, 5.614555 ] ] } },
{ "type": "Feature", "properties": { "source": "AMAGÁ", "target": "TITIRIBÍ", "distance": 0.33333333333333331, "betweenness": 0.00044701061650214184, "weight": 0.10044701061650214 }, "geometry": { "type": "LineString", "coordinates": [ [ -75.702188, 6.038708 ], [ -75.791887, 6.062391 ] ] } },
{ "type": "Feature", "properties": { "source": "AMAGÁ", "target": "HELICONIA", "distance": 0.5, "betweenness": 0.00014486455164421265, "weight": 0.10014486455164422 }, "geometry": { "type": "LineString", "coordinates": [ [ -75.702188, 6.038708 ], [ -75.734322, 6.206757 ] ] } },
{ "type": "Feature", "properties": { "source": "AMAGÁ", "target": "ENVIGADO", "distance": 0.5, "betweenness": 0.00015935100680863394, "weight": 0.10015935100680864 }, "geometry": { "type": "LineString", "coordinates": [ [ -75.702188, 6.038708 ], [ -75.582192, 6.166695 ] ] } },
{ "type": "Feature", "properties": { "source": "AMAGÁ", "target": "FREDONIA", "distance": 0.5, "betweenness": 0.00014486455164421265, "weight": 0.10014486455164422 }, "geometry": { "type": "LineString", "coordinates": [ [ -75.702188, 6.038708 ], [ -75.675072, 5.928039 ] ] } },
{ "type": "Feature", "properties": { "source": "AMAGÁ", "target": "SONSÓN", "distance": 0.5, "betweenness": 0.00021143326228071992, "weight": 0.10021143326228073 }, "geometry": { "type": "LineString", "coordinates": [ [ -75.702188, 6.038708 ], [ -75.309596, 5.714851 ] ] } },
{ "type": "Feature", "properties": { "source": "AMAGÁ", "target": "PUEBLORRICO", "distance": 0.5, "betweenness": 0.00029576512627360081, "weight": 0.10029576512627361 }, "geometry": { "type": "LineString", "coordinates": [ [ -75.702188, 6.038708 ], [ -75.839903, 5.79158 ] ] } },
{ "type": "Feature", "properties": { "source": "AMAGÁ", "target": "LA ESTRELLA", "distance": 0.5, "betweenness": 0.00014486455164421265, "weight": 0.10014486455164422 }, "geometry": { "type": "LineString", "coordinates": [ [ -75.702188, 6.038708 ], [ -75.637708, 6.145238 ] ] } },
{ "type": "Feature", "properties": { "source": "AMAGÁ", "target": "VENECIA", "distance": 0.5, "betweenness": 0.00019315273552561685, "weight": 0.10019315273552562 }, "geometry": { "type": "LineString", "coordinates": [ [ -75.702188, 6.038708 ], [ -75.735544, 5.964693 ] ] } },
{ "type": "Feature", "properties": { "source": "AMAGÁ", "target": "EL SANTUARIO", "distance": 0.5, "betweenness": 0.0001979815539137573, "weight": 0.10019798155391377 }, "geometry": { "type": "LineString", "coordinates": [ [ -75.702188, 6.038708 ], [ -75.265465, 6.136871 ] ] } },
{ "type": "Feature", "properties": { "source": "AMAGÁ", "target": "HISPANIA", "distance": 0.5, "betweenness": 0.00052511365853391057, "weight": 0.10052511365853392 }, "geometry": { "type": "LineString", "coordinates": [ [ -75.702188, 6.038708 ], [ -75.906587, 5.799461 ] ] } },
{ "type": "Feature", "properties": { "source": "AMAGÁ", "target": "CARAMANTA", "distance": 0.5, "betweenness": 0.00053962045487469215, "weight": 0.1005396204548747 }, "geometry": { "type": "LineString", "coordinates": [ [ -75.702188, 6.038708 ], [ -75.643868, 5.54853 ] ] } },
{ "type": "Feature", "properties": { "source": "AMAGÁ", "target": "JARDÍN", "distance": 0.5, "betweenness": 0.00043355890813517932, "weight": 0.10043355890813518 }, "geometry": { "type": "LineString", "coordinates": [ [ -75.702188, 6.038708 ], [ -75.818982, 5.597542 ] ] } },
{ "type": "Feature", "properties": { "source": "AMAGÁ", "target": "SABANETA", "distance": 0.5, "betweenness": 0.00014486455164421265, "weight": 0.10014486455164422 }, "geometry": { "type": "LineString", "coordinates": [ [ -75.702188, 6.038708 ], [ -75.615479, 6.149903 ] ] } },
{ "type": "Feature", "properties": { "source": "AMAGÁ", "target": "ITAGÜÍ", "distance": 1.0, "betweenness": 0.0, "weight": 0.1 }, "geometry": { "type": "LineString", "coordinates": [ [ -75.702188, 6.038708 ], [ -75.612056, 6.175079 ] ] } },
{ "type": "Feature", "properties": { "source": "AMAGÁ", "target": "LA PINTADA", "distance": 1.0, "betweenness": 0.0, "weight": 0.1 }, "geometry": { "type": "LineString", "coordinates": [ [ -75.702188, 6.038708 ], [ -75.60781, 5.743808 ] ] } },
{ "type": "Feature", "properties": { "source": "EL CARMEN DE VIBORAL", "target": "NARIÑO", "distance": 0.5, "betweenness": 0.00016555948759338588, "weight": 0.1001655594875934 }, "geometry": { "type": "LineString", "coordinates": [ [ -75.333901, 6.082885 ], [ -75.176262, 5.610777 ] ] } },
{ "type": "Feature", "properties": { "source": "EL CARMEN DE VIBORAL", "target": "ARGELIA", "distance": 0.5, "betweenness": 0.00027041382973586357, "weight": 0.10027041382973587 }, "geometry": { "type": "LineString", "coordinates": [ [ -75.333901, 6.082885 ], [ -75.14107, 5.731474 ] ] } },
{ "type": "Feature", "properties": { "source": "EL CARMEN DE VIBORAL", "target": "SONSÓN", "distance": 0.5, "betweenness": 0.00014486455164421265, "weight": 0.10014486455164422 }, "geometry": { "type": "LineString", "coordinates": [ [ -75.333901, 6.082885 ], [ -75.309596, 5.714851 ] ] } },
{ "type": "Feature", "properties": { "source": "EL CARMEN DE VIBORAL", "target": "ABEJORRAL", "distance": 0.5, "betweenness": 0.00019315273552561685, "weight": 0.10019315273552562 }, "geometry": { "type": "LineString", "coordinates": [ [ -75.333901, 6.082885 ], [ -75.428739, 5.789315 ] ] } },
{ "type": "Feature", "properties": { "source": "EL CARMEN DE VIBORAL", "target": "CALDAS", "distance": 0.5, "betweenness": 0.00018108068955526583, "weight": 0.10018108068955527 }, "geometry": { "type": "LineString", "coordinates": [ [ -75.333901, 6.082885 ], [ -75.633673, 6.091077 ] ] } },
{ "type": "Feature", "properties": { "source": "EL CARMEN DE VIBORAL", "target": "SAN LUIS", "distance": 0.5, "betweenness": 0.0003152528576257389, "weight": 0.10031525285762574 }, "geometry": { "type": "LineString", "coordinates": [ [ -75.333901, 6.082885 ], [ -74.993619, 6.043017 ] ] } },
{ "type": "Feature", "properties": { "source": "EL CARMEN DE VIBORAL", "target": "SAN FRANCISCO", "distance": 0.5, "betweenness": 0.00034845621003813085, "weight": 0.10034845621003814 }, "geometry": { "type": "LineString", "coordinates": [ [ -75.333901, 6.082885 ], [ -75.101562, 5.963476 ] ] } },
{ "type": "Feature", "properties": { "source": "EL CARMEN DE VIBORAL", "target": "GRANADA", "distance": 0.5, "betweenness": 0.00020970868428495549, "weight": 0.10020970868428496 }, "geometry": { "type": "LineString", "coordinates": [ [ -75.333901, 6.082885 ], [ -75.184446, 6.142892 ] ] } },
{ "type": "Feature", "properties": { "source": "EL CARMEN DE VIBORAL", "target": "VENECIA", "distance": 0.5, "betweenness": 0.00026306085628119522, "weight": 0.1002630608562812 }, "geometry": { "type": "LineString", "coordinates": [ [ -75.333901, 6.082885 ], [ -75.735544, 5.964693 ] ] } },
{ "type": "Feature", "properties": { "source": "EL CARMEN DE VIBORAL", "target": "FREDONIA", "distance": 0.5, "betweenness": 0.00018108068955526583, "weight": 0.10018108068955527 }, "geometry": { "type": "LineString", "coordinates": [ [ -75.333901, 6.082885 ], [ -75.675072, 5.928039 ] ] } },
{ "type": "Feature", "properties": { "source": "EL CARMEN DE VIBORAL", "target": "EL SANTUARIO", "distance": 0.5, "betweenness": 0.00015176286362727039, "weight": 0.10015176286362727 }, "geometry": { "type": "LineString", "coordinates": [ [ -75.333901, 6.082885 ], [ -75.265465, 6.136871 ] ] } },
{ "type": "Feature", "properties": { "source": "EL CARMEN DE VIBORAL", "target": "SANTA BÁRBARA", "distance": 0.5, "betweenness": 0.00016900864358491478, "weight": 0.10016900864358493 }, "geometry": { "type": "LineString", "coordinates": [ [ -75.333901, 6.082885 ], [ -75.567351, 5.875527 ] ] } },
{ "type": "Feature", "properties": { "source": "EL CARMEN DE VIBORAL", "target": "SABANETA", "distance": 0.33333333333333331, "betweenness": 0.0011922582544051472, "weight": 0.10119225825440516 }, "geometry": { "type": "LineString", "coordinates": [ [ -75.333901, 6.082885 ], [ -75.615479, 6.149903 ] ] } },
{ "type": "Feature", "properties": { "source": "EL CARMEN DE VIBORAL", "target": "ENVIGADO", "distance": 0.5, "betweenness": 0.00043459365493263795, "weight": 0.10043459365493264 }, "geometry": { "type": "LineString", "coordinates": [ [ -75.333901, 6.082885 ], [ -75.582192, 6.166695 ] ] } },
{ "type": "Feature", "properties": { "source": "EL CARMEN DE VIBORAL", "target": "ANGELÓPOLIS", "distance": 0.5, "betweenness": 0.00014486455164421265, "weight": 0.10014486455164422 }, "geometry": { "type": "LineString", "coordinates": [ [ -75.333901, 6.082885 ], [ -75.711389, 6.109719 ] ] } },
{ "type": "Feature", "properties": { "source": "EL CARMEN DE VIBORAL", "target": "LA ESTRELLA", "distance": 0.5, "betweenness": 0.0001738374619730552, "weight": 0.10017383746197306 }, "geometry": { "type": "LineString", "coordinates": [ [ -75.333901, 6.082885 ], [ -75.637708, 6.145238 ] ] } },
{ "type": "Feature", "properties": { "source": "EL CARMEN DE VIBORAL", "target": "TÁMESIS", "distance": 0.5, "betweenness": 0.00046089608236500888, "weight": 0.10046089608236501 }, "geometry": { "type": "LineString", "coordinates": [ [ -75.333901, 6.082885 ], [ -75.714429, 5.664645 ] ] } },
{ "type": "Feature", "properties": { "source": "EL CARMEN DE VIBORAL", "target": "VALPARAÍSO", "distance": 0.5, "betweenness": 0.00021729682746631898, "weight": 0.10021729682746633 }, "geometry": { "type": "LineString", "coordinates": [ [ -75.333901, 6.082885 ], [ -75.624452, 5.614555 ] ] } },
{ "type": "Feature", "properties": { "source": "EL CARMEN DE VIBORAL", "target": "HELICONIA", "distance": 0.5, "betweenness": 0.00019315273552561685, "weight": 0.10019315273552562 }, "geometry": { "type": "LineString", "coordinates": [ [ -75.333901, 6.082885 ], [ -75.734322, 6.206757 ] ] } },
{ "type": "Feature", "properties": { "source": "EL CARMEN DE VIBORAL", "target": "LA PINTADA", "distance": 0.5, "betweenness": 0.00029633998560552234, "weight": 0.10029633998560553 }, "geometry": { "type": "LineString", "coordinates": [ [ -75.333901, 6.082885 ], [ -75.60781, 5.743808 ] ] } },
{ "type": "Feature", "properties": { "source": "EL CARMEN DE VIBORAL", "target": "TITIRIBÍ", "distance": 0.5, "betweenness": 0.0002897291032884253, "weight": 0.10028972910328843 }, "geometry": { "type": "LineString", "coordinates": [ [ -75.333901, 6.082885 ], [ -75.791887, 6.062391 ] ] } },
{ "type": "Feature", "properties": { "source": "EL CARMEN DE VIBORAL", "target": "ARMENIA", "distance": 0.5, "betweenness": 0.00034664017714865171, "weight": 0.10034664017714866 }, "geometry": { "type": "LineString", "coordinates": [ [ -75.333901, 6.082885 ], [ -75.786647, 6.155667 ] ] } },
{ "type": "Feature", "properties": { "source": "EL CARMEN DE VIBORAL", "target": "ITAGÜÍ", "distance": 0.5, "betweenness": 0.00018004594275780717, "weight": 0.10018004594275781 }, "geometry": { "type": "LineString", "coordinates": [ [ -75.333901, 6.082885 ], [ -75.612056, 6.175079 ] ] } },
{ "type": "Feature", "properties": { "source": "EL CARMEN DE VIBORAL", "target": "PUERTO NARE", "distance": 0.5, "betweenness": 0.0014733696937086766, "weight": 0.10147336969370868 }, "geometry": { "type": "LineString", "coordinates": [ [ -75.333901, 6.082885 ], [ -74.583012, 6.186025 ] ] } },
{ "type": "Feature", "properties": { "source": "EL CARMEN DE VIBORAL", "target": "JERICÓ", "distance": 0.5, "betweenness": 0.00044017501644620286, "weight": 0.10044017501644621 }, "geometry": { "type": "LineString", "coordinates": [ [ -75.333901, 6.082885 ], [ -75.785499, 5.789748 ] ] } },
{ "type": "Feature", "properties": { "source": "EL CARMEN DE VIBORAL", "target": "PUERTO TRIUNFO", "distance": 1.0, "betweenness": 7.2432275822106325e-05, "weight": 0.10007243227582212 }, "geometry": { "type": "LineString", "coordinates": [ [ -75.333901, 6.082885 ], [ -74.64119, 5.871318 ] ] } },
{ "type": "Feature", "properties": { "source": "EL CARMEN DE VIBORAL", "target": "CARAMANTA", "distance": 1.0, "betweenness": 0.0, "weight": 0.1 }, "geometry": { "type": "LineString", "coordinates": [ [ -75.333901, 6.082885 ], [ -75.643868, 5.54853 ] ] } },
{ "type": "Feature", "properties": { "source": "GRANADA", "target": "ABEJORRAL", "distance": 0.5, "betweenness": 0.00035871222311900284, "weight": 0.10035871222311901 }, "geometry": { "type": "LineString", "coordinates": [ [ -75.184446, 6.142892 ], [ -75.428739, 5.789315 ] ] } },
{ "type": "Feature", "properties": { "source": "GRANADA", "target": "SONSÓN", "distance": 0.5, "betweenness": 0.00016417982519677436, "weight": 0.10016417982519678 }, "geometry": { "type": "LineString", "coordinates": [ [ -75.184446, 6.142892 ], [ -75.309596, 5.714851 ] ] } },
{ "type": "Feature", "properties": { "source": "GRANADA", "target": "EL SANTUARIO", "distance": 0.5, "betweenness": 0.00020632224022054527, "weight": 0.10020632224022055 }, "geometry": { "type": "LineString", "coordinates": [ [ -75.184446, 6.142892 ], [ -75.265465, 6.136871 ] ] } },
{ "type": "Feature", "properties": { "source": "GRANADA", "target": "SAN LUIS", "distance": 0.5, "betweenness": 0.00014486455164421265, "weight": 0.10014486455164422 }, "geometry": { "type": "LineString", "coordinates": [ [ -75.184446, 6.142892 ], [ -74.993619, 6.043017 ] ] } },
{ "type": "Feature", "properties": { "source": "GRANADA", "target": "ARGELIA", "distance": 0.5, "betweenness": 0.00039837751702158478, "weight": 0.10039837751702159 }, "geometry": { "type": "LineString", "coordinates": [ [ -75.184446, 6.142892 ], [ -75.14107, 5.731474 ] ] } },
{ "type": "Feature", "properties": { "source": "GRANADA", "target": "PUERTO NARE", "distance": 0.5, "betweenness": 0.00054985817697682097, "weight": 0.10054985817697683 }, "geometry": { "type": "LineString", "coordinates": [ [ -75.184446, 6.142892 ], [ -74.583012, 6.186025 ] ] } },
{ "type": "Feature", "properties": { "source": "GRANADA", "target": "ENVIGADO", "distance": 0.5, "betweenness": 0.00061969835981135412, "weight": 0.10061969835981135 }, "geometry": { "type": "LineString", "coordinates": [ [ -75.184446, 6.142892 ], [ -75.582192, 6.166695 ] ] } },
{ "type": "Feature", "properties": { "source": "GRANADA", "target": "CARACOLÍ", "distance": 0.5, "betweenness": 0.00073876217944014548, "weight": 0.10073876217944015 }, "geometry": { "type": "LineString", "coordinates": [ [ -75.184446, 6.142892 ], [ -74.757421, 6.409829 ] ] } },
{ "type": "Feature", "properties": { "source": "GRANADA", "target": "PUERTO BERRÍO", "distance": 1.0, "betweenness": 2.0694935949173235e-05, "weight": 0.10002069493594917 }, "geometry": { "type": "LineString", "coordinates": [ [ -75.184446, 6.142892 ], [ -74.410016, 6.487028 ] ] } },
{ "type": "Feature", "properties": { "source": "GRANADA", "target": "SAN FRANCISCO", "distance": 0.5, "betweenness": 0.00020249419966934091, "weight": 0.10020249419966934 }, "geometry": { "type": "LineString", "coordinates": [ [ -75.184446, 6.142892 ], [ -75.101562, 5.963476 ] ] } },
{ "type": "Feature", "properties": { "source": "GRANADA", "target": "SANTA BÁRBARA", "distance": 0.5, "betweenness": 0.00042792528668234882, "weight": 0.10042792528668236 }, "geometry": { "type": "LineString", "coordinates": [ [ -75.184446, 6.142892 ], [ -75.567351, 5.875527 ] ] } },
{ "type": "Feature", "properties": { "source": "GRANADA", "target": "CALDAS", "distance": 0.5, "betweenness": 0.00041102442232385727, "weight": 0.10041102442232386 }, "geometry": { "type": "LineString", "coordinates": [ [ -75.184446, 6.142892 ], [ -75.633673, 6.091077 ] ] } },
{ "type": "Feature", "properties": { "source": "GRANADA", "target": "NARIÑO", "distance": 0.5, "betweenness": 0.00047701827362844315, "weight": 0.10047701827362845 }, "geometry": { "type": "LineString", "coordinates": [ [ -75.184446, 6.142892 ], [ -75.176262, 5.610777 ] ] } },
{ "type": "Feature", "properties": { "source": "GRANADA", "target": "SABANETA", "distance": 0.5, "betweenness": 0.00039412355796536577, "weight": 0.10039412355796537 }, "geometry": { "type": "LineString", "coordinates": [ [ -75.184446, 6.142892 ], [ -75.615479, 6.149903 ] ] } },
{ "type": "Feature", "properties": { "source": "GRANADA", "target": "ITAGÜÍ", "distance": 0.5, "betweenness": 0.00017061824971429491, "weight": 0.10017061824971429 }, "geometry": { "type": "LineString", "coordinates": [ [ -75.184446, 6.142892 ], [ -75.612056, 6.175079 ] ] } },
{ "type": "Feature", "properties": { "source": "GRANADA", "target": "LA ESTRELLA", "distance": 0.5, "betweenness": 0.00028788955342627664, "weight": 0.10028788955342628 }, "geometry": { "type": "LineString", "coordinates": [ [ -75.184446, 6.142892 ], [ -75.637708, 6.145238 ] ] } },
{ "type": "Feature", "properties": { "source": "GRANADA", "target": "PUERTO TRIUNFO", "distance": 1.0, "betweenness": 7.2432275822106325e-05, "weight": 0.10007243227582212 }, "geometry": { "type": "LineString", "coordinates": [ [ -75.184446, 6.142892 ], [ -74.64119, 5.871318 ] ] } },
{ "type": "Feature", "properties": { "source": "SANTA BÁRBARA", "target": "HELICONIA", "distance": 0.5, "betweenness": 0.00014486455164421265, "weight": 0.10014486455164422 }, "geometry": { "type": "LineString", "coordinates": [ [ -75.567351, 5.875527 ], [ -75.734322, 6.206757 ] ] } },
{ "type": "Feature", "properties": { "source": "SANTA BÁRBARA", "target": "ANGELÓPOLIS", "distance": 0.5, "betweenness": 0.00014486455164421265, "weight": 0.10014486455164422 }, "geometry": { "type": "LineString", "coordinates": [ [ -75.567351, 5.875527 ], [ -75.711389, 6.109719 ] ] } },
{ "type": "Feature", "properties": { "source": "SANTA BÁRBARA", "target": "JARDÍN", "distance": 0.5, "betweenness": 0.00024626973779516152, "weight": 0.10024626973779517 }, "geometry": { "type": "LineString", "coordinates": [ [ -75.567351, 5.875527 ], [ -75.818982, 5.597542 ] ] } },
{ "type": "Feature", "properties": { "source": "SANTA BÁRBARA", "target": "LA ESTRELLA", "distance": 0.5, "betweenness": 0.00014486455164421265, "weight": 0.10014486455164422 }, "geometry": { "type": "LineString", "coordinates": [ [ -75.567351, 5.875527 ], [ -75.637708, 6.145238 ] ] } },
{ "type": "Feature", "properties": { "source": "SANTA BÁRBARA", "target": "EL SANTUARIO", "distance": 0.5, "betweenness": 0.00016900864358491478, "weight": 0.10016900864358493 }, "geometry": { "type": "LineString", "coordinates": [ [ -75.567351, 5.875527 ], [ -75.265465, 6.136871 ] ] } },
{ "type": "Feature", "properties": { "source": "SANTA BÁRBARA", "target": "SONSÓN", "distance": 0.5, "betweenness": 0.00017866628036119562, "weight": 0.10017866628036121 }, "geometry": { "type": "LineString", "coordinates": [ [ -75.567351, 5.875527 ], [ -75.309596, 5.714851 ] ] } },
{ "type": "Feature", "properties": { "source": "SANTA BÁRBARA", "target": "BETULIA", "distance": 0.5, "betweenness": 0.00032594524119947848, "weight": 0.10032594524119949 }, "geometry": { "type": "LineString", "coordinates": [ [ -75.567351, 5.875527 ], [ -75.984452, 6.115208 ] ] } },
{ "type": "Feature", "properties": { "source": "SANTA BÁRBARA", "target": "ABEJORRAL", "distance": 0.5, "betweenness": 0.00016900864358491478, "weight": 0.10016900864358493 }, "geometry": { "type": "LineString", "coordinates": [ [ -75.567351, 5.875527 ], [ -75.428739, 5.789315 ] ] } },
{ "type": "Feature", "properties": { "source": "SANTA BÁRBARA", "target": "CIUDAD BOLÍVAR", "distance": 0.5, "betweenness": 0.00014486455164421265, "weight": 0.10014486455164422 }, "geometry": { "type": "LineString", "coordinates": [ [ -75.567351, 5.875527 ], [ -76.021509, 5.850273 ] ] } },
{ "type": "Feature", "properties": { "source": "SANTA BÁRBARA", "target": "JERICÓ", "distance": 0.5, "betweenness": 0.00032353083200540824, "weight": 0.10032353083200542 }, "geometry": { "type": "LineString", "coordinates": [ [ -75.567351, 5.875527 ], [ -75.785499, 5.789748 ] ] } },
{ "type": "Feature", "properties": { "source": "SANTA BÁRBARA", "target": "TÁMESIS", "distance": 0.5, "betweenness": 0.00033494440274101295, "weight": 0.10033494440274102 }, "geometry": { "type": "LineString", "coordinates": [ [ -75.567351, 5.875527 ], [ -75.714429, 5.664645 ] ] } },
{ "type": "Feature", "properties": { "source": "SANTA BÁRBARA", "target": "TARSO", "distance": 0.5, "betweenness": 0.00024626973779516152, "weight": 0.10024626973779517 }, "geometry": { "type": "LineString", "coordinates": [ [ -75.567351, 5.875527 ], [ -75.822956, 5.864542 ] ] } },
{ "type": "Feature", "properties": { "source": "SANTA BÁRBARA", "target": "SABANETA", "distance": 0.5, "betweenness": 0.00014486455164421265, "weight": 0.10014486455164422 }, "geometry": { "type": "LineString", "coordinates": [ [ -75.567351, 5.875527 ], [ -75.615479, 6.149903 ] ] } },
{ "type": "Feature", "properties": { "source": "SANTA BÁRBARA", "target": "SALGAR", "distance": 0.5, "betweenness": 0.00021729682746631898, "weight": 0.10021729682746633 }, "geometry": { "type": "LineString", "coordinates": [ [ -75.567351, 5.875527 ], [ -75.976807, 5.964198 ] ] } },
{ "type": "Feature", "properties": { "source": "SANTA BÁRBARA", "target": "ENVIGADO", "distance": 0.5, "betweenness": 0.00043459365493263795, "weight": 0.10043459365493264 }, "geometry": { "type": "LineString", "coordinates": [ [ -75.567351, 5.875527 ], [ -75.582192, 6.166695 ] ] } },
{ "type": "Feature", "properties": { "source": "SANTA BÁRBARA", "target": "CONCORDIA", "distance": 0.5, "betweenness": 0.00016900864358491478, "weight": 0.10016900864358493 }, "geometry": { "type": "LineString", "coordinates": [ [ -75.567351, 5.875527 ], [ -75.908448, 6.045738 ] ] } },
{ "type": "Feature", "properties": { "source": "SANTA BÁRBARA", "target": "VALPARAÍSO", "distance": 0.5, "betweenness": 0.00014486455164421265, "weight": 0.10014486455164422 }, "geometry": { "type": "LineString", "coordinates": [ [ -75.567351, 5.875527 ], [ -75.624452, 5.614555 ] ] } },
{ "type": "Feature", "properties": { "source": "SANTA BÁRBARA", "target": "VENECIA", "distance": 0.5, "betweenness": 0.00014486455164421265, "weight": 0.10014486455164422 }, "geometry": { "type": "LineString", "coordinates": [ [ -75.567351, 5.875527 ], [ -75.735544, 5.964693 ] ] } },
{ "type": "Feature", "properties": { "source": "SANTA BÁRBARA", "target": "CALDAS", "distance": 0.5, "betweenness": 0.00014486455164421265, "weight": 0.10014486455164422 }, "geometry": { "type": "LineString", "coordinates": [ [ -75.567351, 5.875527 ], [ -75.633673, 6.091077 ] ] } },
{ "type": "Feature", "properties": { "source": "SANTA BÁRBARA", "target": "FREDONIA", "distance": 0.5, "betweenness": 0.00014486455164421265, "weight": 0.10014486455164422 }, "geometry": { "type": "LineString", "coordinates": [ [ -75.567351, 5.875527 ], [ -75.675072, 5.928039 ] ] } },
{ "type": "Feature", "properties": { "source": "SANTA BÁRBARA", "target": "TITIRIBÍ", "distance": 0.5, "betweenness": 0.00014486455164421265, "weight": 0.10014486455164422 }, "geometry": { "type": "LineString", "coordinates": [ [ -75.567351, 5.875527 ], [ -75.791887, 6.062391 ] ] } },
{ "type": "Feature", "properties": { "source": "SANTA BÁRBARA", "target": "PUEBLORRICO", "distance": 0.5, "betweenness": 0.00021126080448114344, "weight": 0.10021126080448114 }, "geometry": { "type": "LineString", "coordinates": [ [ -75.567351, 5.875527 ], [ -75.839903, 5.79158 ] ] } },
{ "type": "Feature", "properties": { "source": "SANTA BÁRBARA", "target": "CARAMANTA", "distance": 0.5, "betweenness": 0.0003066299676469168, "weight": 0.10030662996764693 }, "geometry": { "type": "LineString", "coordinates": [ [ -75.567351, 5.875527 ], [ -75.643868, 5.54853 ] ] } },
{ "type": "Feature", "properties": { "source": "SANTA BÁRBARA", "target": "ANZÁ", "distance": 0.5, "betweenness": 0.0005794582065768506, "weight": 0.10057945820657685 }, "geometry": { "type": "LineString", "coordinates": [ [ -75.567351, 5.875527 ], [ -75.854442, 6.302641 ] ] } },
{ "type": "Feature", "properties": { "source": "SANTA BÁRBARA", "target": "ANDES", "distance": 0.5, "betweenness": 0.00024144091940702108, "weight": 0.10024144091940702 }, "geometry": { "type": "LineString", "coordinates": [ [ -75.567351, 5.875527 ], [ -75.878828, 5.657194 ] ] } },
{ "type": "Feature", "properties": { "source": "SANTA BÁRBARA", "target": "BETANIA", "distance": 0.5, "betweenness": 0.00035733256072239123, "weight": 0.10035733256072239 }, "geometry": { "type": "LineString", "coordinates": [ [ -75.567351, 5.875527 ], [ -75.97679, 5.74615 ] ] } },
{ "type": "Feature", "properties": { "source": "SANTA BÁRBARA", "target": "LA PINTADA", "distance": 0.5, "betweenness": 0.00018108068955526583, "weight": 0.10018108068955527 }, "geometry": { "type": "LineString", "coordinates": [ [ -75.567351, 5.875527 ], [ -75.60781, 5.743808 ] ] } },
{ "type": "Feature", "properties": { "source": "SANTA BÁRBARA", "target": "ARMENIA", "distance": 0.5, "betweenness": 0.00014486455164421265, "weight": 0.10014486455164422 }, "geometry": { "type": "LineString", "coordinates": [ [ -75.567351, 5.875527 ], [ -75.786647, 6.155667 ] ] } },
{ "type": "Feature", "properties": { "source": "SANTA BÁRBARA", "target": "HISPANIA", "distance": 0.5, "betweenness": 0.00036738110184437865, "weight": 0.10036738110184439 }, "geometry": { "type": "LineString", "coordinates": [ [ -75.567351, 5.875527 ], [ -75.906587, 5.799461 ] ] } },
{ "type": "Feature", "properties": { "source": "SANTA BÁRBARA", "target": "NARIÑO", "distance": 0.33333333333333331, "betweenness": 0.0010381959534501908, "weight": 0.10103819595345019 }, "geometry": { "type": "LineString", "coordinates": [ [ -75.567351, 5.875527 ], [ -75.176262, 5.610777 ] ] } },
{ "type": "Feature", "properties": { "source": "SANTA BÁRBARA", "target": "ARGELIA", "distance": 0.5, "betweenness": 0.00045873774687334011, "weight": 0.10045873774687335 }, "geometry": { "type": "LineString", "coordinates": [ [ -75.567351, 5.875527 ], [ -75.14107, 5.731474 ] ] } },
{ "type": "Feature", "properties": { "source": "SANTA BÁRBARA", "target": "ITAGÜÍ", "distance": 0.5, "betweenness": 0.00014486455164421265, "weight": 0.10014486455164422 }, "geometry": { "type": "LineString", "coordinates": [ [ -75.567351, 5.875527 ], [ -75.612056, 6.175079 ] ] } },
{ "type": "Feature", "properties": { "source": "EL SANTUARIO", "target": "SONSÓN", "distance": 0.5, "betweenness": 0.00014486455164421265, "weight": 0.10014486455164422 }, "geometry": { "type": "LineString", "coordinates": [ [ -75.265465, 6.136871 ], [ -75.309596, 5.714851 ] ] } },
{ "type": "Feature", "properties": { "source": "EL SANTUARIO", "target": "ABEJORRAL", "distance": 0.5, "betweenness": 0.00019315273552561685, "weight": 0.10019315273552562 }, "geometry": { "type": "LineString", "coordinates": [ [ -75.265465, 6.136871 ], [ -75.428739, 5.789315 ] ] } },
{ "type": "Feature", "properties": { "source": "EL SANTUARIO", "target": "LA ESTRELLA", "distance": 0.5, "betweenness": 0.00032835965039354866, "weight": 0.10032835965039355 }, "geometry": { "type": "LineString", "coordinates": [ [ -75.265465, 6.136871 ], [ -75.637708, 6.145238 ] ] } },
{ "type": "Feature", "properties": { "source": "EL SANTUARIO", "target": "ARGELIA", "distance": 0.33333333333333331, "betweenness": 0.0055362402820029926, "weight": 0.10553624028200299 }, "geometry": { "type": "LineString", "coordinates": [ [ -75.265465, 6.136871 ], [ -75.14107, 5.731474 ] ] } },
{ "type": "Feature", "properties": { "source": "EL SANTUARIO", "target": "SAN LUIS", "distance": 0.5, "betweenness": 0.00034394356428254727, "weight": 0.10034394356428256 }, "geometry": { "type": "LineString", "coordinates": [ [ -75.265465, 6.136871 ], [ -74.993619, 6.043017 ] ] } },
{ "type": "Feature", "properties": { "source": "EL SANTUARIO", "target": "CALDAS", "distance": 0.5, "betweenness": 0.00032594524119947848, "weight": 0.10032594524119949 }, "geometry": { "type": "LineString", "coordinates": [ [ -75.265465, 6.136871 ], [ -75.633673, 6.091077 ] ] } },
{ "type": "Feature", "properties": { "source": "EL SANTUARIO", "target": "NARIÑO", "distance": 0.5, "betweenness": 0.00025006380938584325, "weight": 0.10025006380938585 }, "geometry": { "type": "LineString", "coordinates": [ [ -75.265465, 6.136871 ], [ -75.176262, 5.610777 ] ] } },
{ "type": "Feature", "properties": { "source": "EL SANTUARIO", "target": "SAN FRANCISCO", "distance": 0.5, "betweenness": 0.00036546682026908014, "weight": 0.10036546682026909 }, "geometry": { "type": "LineString", "coordinates": [ [ -75.265465, 6.136871 ], [ -75.101562, 5.963476 ] ] } },
{ "type": "Feature", "properties": { "source": "EL SANTUARIO", "target": "HELICONIA", "distance": 0.5, "betweenness": 0.00020350020350020349, "weight": 0.1002035002035002 }, "geometry": { "type": "LineString", "coordinates": [ [ -75.265465, 6.136871 ], [ -75.734322, 6.206757 ] ] } },
{ "type": "Feature", "properties": { "source": "EL SANTUARIO", "target": "ANGELÓPOLIS", "distance": 0.5, "betweenness": 0.00014486455164421265, "weight": 0.10014486455164422 }, "geometry": { "type": "LineString", "coordinates": [ [ -75.265465, 6.136871 ], [ -75.711389, 6.109719 ] ] } },
{ "type": "Feature", "properties": { "source": "EL SANTUARIO", "target": "ENVIGADO", "distance": 0.5, "betweenness": 0.00048288183881404221, "weight": 0.10048288183881404 }, "geometry": { "type": "LineString", "coordinates": [ [ -75.265465, 6.136871 ], [ -75.582192, 6.166695 ] ] } },
{ "type": "Feature", "properties": { "source": "EL SANTUARIO", "target": "SABANETA", "distance": 0.5, "betweenness": 0.00025753698070082252, "weight": 0.10025753698070083 }, "geometry": { "type": "LineString", "coordinates": [ [ -75.265465, 6.136871 ], [ -75.615479, 6.149903 ] ] } },
{ "type": "Feature", "properties": { "source": "EL SANTUARIO", "target": "FREDONIA", "distance": 0.33333333333333331, "betweenness": 0.0027998523761235622, "weight": 0.10279985237612357 }, "geometry": { "type": "LineString", "coordinates": [ [ -75.265465, 6.136871 ], [ -75.675072, 5.928039 ] ] } },
{ "type": "Feature", "properties": { "source": "EL SANTUARIO", "target": "PUERTO NARE", "distance": 0.5, "betweenness": 0.0010810281996722674, "weight": 0.10108102819967227 }, "geometry": { "type": "LineString", "coordinates": [ [ -75.265465, 6.136871 ], [ -74.583012, 6.186025 ] ] } },
{ "type": "Feature", "properties": { "source": "EL SANTUARIO", "target": "ITAGÜÍ", "distance": 0.5, "betweenness": 0.00021729682746631898, "weight": 0.10021729682746633 }, "geometry": { "type": "LineString", "coordinates": [ [ -75.265465, 6.136871 ], [ -75.612056, 6.175079 ] ] } },
{ "type": "Feature", "properties": { "source": "ITAGÜÍ", "target": "VENECIA", "distance": 0.5, "betweenness": 0.00018108068955526583, "weight": 0.10018108068955527 }, "geometry": { "type": "LineString", "coordinates": [ [ -75.612056, 6.175079 ], [ -75.735544, 5.964693 ] ] } },
{ "type": "Feature", "properties": { "source": "ITAGÜÍ", "target": "CALDAS", "distance": 0.33333333333333331, "betweenness": 0.00094058483888992362, "weight": 0.10094058483888993 }, "geometry": { "type": "LineString", "coordinates": [ [ -75.612056, 6.175079 ], [ -75.633673, 6.091077 ] ] } },
{ "type": "Feature", "properties": { "source": "ITAGÜÍ", "target": "ENVIGADO", "distance": 0.33333333333333331, "betweenness": 0.0010009450687416788, "weight": 0.10100094506874169 }, "geometry": { "type": "LineString", "coordinates": [ [ -75.612056, 6.175079 ], [ -75.582192, 6.166695 ] ] } },
{ "type": "Feature", "properties": { "source": "ITAGÜÍ", "target": "ABEJORRAL", "distance": 0.5, "betweenness": 0.00018960213376963125, "weight": 0.10018960213376964 }, "geometry": { "type": "LineString", "coordinates": [ [ -75.612056, 6.175079 ], [ -75.428739, 5.789315 ] ] } },
{ "type": "Feature", "properties": { "source": "ITAGÜÍ", "target": "CONCORDIA", "distance": 1.0, "betweenness": 0.0, "weight": 0.1 }, "geometry": { "type": "LineString", "coordinates": [ [ -75.612056, 6.175079 ], [ -75.908448, 6.045738 ] ] } },
{ "type": "Feature", "properties": { "source": "ITAGÜÍ", "target": "FREDONIA", "distance": 0.5, "betweenness": 0.00014486455164421265, "weight": 0.10014486455164422 }, "geometry": { "type": "LineString", "coordinates": [ [ -75.612056, 6.175079 ], [ -75.675072, 5.928039 ] ] } },
{ "type": "Feature", "properties": { "source": "ITAGÜÍ", "target": "CAICEDO", "distance": 0.5, "betweenness": 0.0002897291032884253, "weight": 0.10028972910328843 }, "geometry": { "type": "LineString", "coordinates": [ [ -75.612056, 6.175079 ], [ -75.98293, 6.405607 ] ] } },
{ "type": "Feature", "properties": { "source": "ITAGÜÍ", "target": "TITIRIBÍ", "distance": 0.5, "betweenness": 0.00018349509874933601, "weight": 0.10018349509874934 }, "geometry": { "type": "LineString", "coordinates": [ [ -75.612056, 6.175079 ], [ -75.791887, 6.062391 ] ] } },
{ "type": "Feature", "properties": { "source": "ITAGÜÍ", "target": "BETULIA", "distance": 0.5, "betweenness": 0.00022936887343667003, "weight": 0.10022936887343667 }, "geometry": { "type": "LineString", "coordinates": [ [ -75.612056, 6.175079 ], [ -75.984452, 6.115208 ] ] } },
{ "type": "Feature", "properties": { "source": "ITAGÜÍ", "target": "ANZÁ", "distance": 0.5, "betweenness": 0.00060360229851755265, "weight": 0.10060360229851756 }, "geometry": { "type": "LineString", "coordinates": [ [ -75.612056, 6.175079 ], [ -75.854442, 6.302641 ] ] } },
{ "type": "Feature", "properties": { "source": "ITAGÜÍ", "target": "SALGAR", "distance": 0.5, "betweenness": 0.00020177562550443903, "weight": 0.10020177562550445 }, "geometry": { "type": "LineString", "coordinates": [ [ -75.612056, 6.175079 ], [ -75.976807, 5.964198 ] ] } },
{ "type": "Feature", "properties": { "source": "ITAGÜÍ", "target": "ANGELÓPOLIS", "distance": 0.33333333333333331, "betweenness": 0.00065085573560149843, "weight": 0.10065085573560151 }, "geometry": { "type": "LineString", "coordinates": [ [ -75.612056, 6.175079 ], [ -75.711389, 6.109719 ] ] } },
{ "type": "Feature", "properties": { "source": "ITAGÜÍ", "target": "ARMENIA", "distance": 1.0, "betweenness": 0.0, "weight": 0.1 }, "geometry": { "type": "LineString", "coordinates": [ [ -75.612056, 6.175079 ], [ -75.786647, 6.155667 ] ] } },
{ "type": "Feature", "properties": { "source": "ITAGÜÍ", "target": "TÁMESIS", "distance": 1.0, "betweenness": 0.0, "weight": 0.1 }, "geometry": { "type": "LineString", "coordinates": [ [ -75.612056, 6.175079 ], [ -75.714429, 5.664645 ] ] } },
{ "type": "Feature", "properties": { "source": "ITAGÜÍ", "target": "JERICÓ", "distance": 0.5, "betweenness": 0.00022632734497141275, "weight": 0.10022632734497142 }, "geometry": { "type": "LineString", "coordinates": [ [ -75.612056, 6.175079 ], [ -75.785499, 5.789748 ] ] } },
{ "type": "Feature", "properties": { "source": "ITAGÜÍ", "target": "HELICONIA", "distance": 0.5, "betweenness": 0.00014486455164421265, "weight": 0.10014486455164422 }, "geometry": { "type": "LineString", "coordinates": [ [ -75.612056, 6.175079 ], [ -75.734322, 6.206757 ] ] } },
{ "type": "Feature", "properties": { "source": "ITAGÜÍ", "target": "LA ESTRELLA", "distance": 1.0, "betweenness": 0.0, "weight": 0.1 }, "geometry": { "type": "LineString", "coordinates": [ [ -75.612056, 6.175079 ], [ -75.637708, 6.145238 ] ] } },
{ "type": "Feature", "properties": { "source": "ITAGÜÍ", "target": "SABANETA", "distance": 1.0, "betweenness": 0.0, "weight": 0.1 }, "geometry": { "type": "LineString", "coordinates": [ [ -75.612056, 6.175079 ], [ -75.615479, 6.149903 ] ] } },
{ "type": "Feature", "properties": { "source": "ITAGÜÍ", "target": "PUEBLORRICO", "distance": 1.0, "betweenness": 0.0, "weight": 0.1 }, "geometry": { "type": "LineString", "coordinates": [ [ -75.612056, 6.175079 ], [ -75.839903, 5.79158 ] ] } },
{ "type": "Feature", "properties": { "source": "ITAGÜÍ", "target": "CIUDAD BOLÍVAR", "distance": 1.0, "betweenness": 0.0, "weight": 0.1 }, "geometry": { "type": "LineString", "coordinates": [ [ -75.612056, 6.175079 ], [ -76.021509, 5.850273 ] ] } },
{ "type": "Feature", "properties": { "source": "ANGELÓPOLIS", "target": "SALGAR", "distance": 0.5, "betweenness": 0.0012796368728572117, "weight": 0.10127963687285722 }, "geometry": { "type": "LineString", "coordinates": [ [ -75.711389, 6.109719 ], [ -75.976807, 5.964198 ] ] } },
{ "type": "Feature", "properties": { "source": "ANGELÓPOLIS", "target": "ABEJORRAL", "distance": 0.5, "betweenness": 0.00029825054750279073, "weight": 0.1002982505475028 }, "geometry": { "type": "LineString", "coordinates": [ [ -75.711389, 6.109719 ], [ -75.428739, 5.789315 ] ] } },
{ "type": "Feature", "properties": { "source": "ANGELÓPOLIS", "target": "FREDONIA", "distance": 0.5, "betweenness": 0.00014486455164421265, "weight": 0.10014486455164422 }, "geometry": { "type": "LineString", "coordinates": [ [ -75.711389, 6.109719 ], [ -75.675072, 5.928039 ] ] } },
{ "type": "Feature", "properties": { "source": "ANGELÓPOLIS", "target": "CAICEDO", "distance": 0.5, "betweenness": 0.00063764749706923189, "weight": 0.10063764749706924 }, "geometry": { "type": "LineString", "coordinates": [ [ -75.711389, 6.109719 ], [ -75.98293, 6.405607 ] ] } },
{ "type": "Feature", "properties": { "source": "ANGELÓPOLIS", "target": "PUEBLORRICO", "distance": 0.5, "betweenness": 0.00051185474914288473, "weight": 0.10051185474914288 }, "geometry": { "type": "LineString", "coordinates": [ [ -75.711389, 6.109719 ], [ -75.839903, 5.79158 ] ] } },
{ "type": "Feature", "properties": { "source": "ANGELÓPOLIS", "target": "ANZÁ", "distance": 0.5, "betweenness": 0.0005794582065768506, "weight": 0.10057945820657685 }, "geometry": { "type": "LineString", "coordinates": [ [ -75.711389, 6.109719 ], [ -75.854442, 6.302641 ] ] } },
{ "type": "Feature", "properties": { "source": "ANGELÓPOLIS", "target": "SABANETA", "distance": 0.5, "betweenness": 0.00016555948759338588, "weight": 0.1001655594875934 }, "geometry": { "type": "LineString", "coordinates": [ [ -75.711389, 6.109719 ], [ -75.615479, 6.149903 ] ] } },
{ "type": "Feature", "properties": { "source": "ANGELÓPOLIS", "target": "HELICONIA", "distance": 0.5, "betweenness": 0.00014486455164421265, "weight": 0.10014486455164422 }, "geometry": { "type": "LineString", "coordinates": [ [ -75.711389, 6.109719 ], [ -75.734322, 6.206757 ] ] } },
{ "type": "Feature", "properties": { "source": "ANGELÓPOLIS", "target": "BETULIA", "distance": 0.5, "betweenness": 0.00062774639045825491, "weight": 0.10062774639045827 }, "geometry": { "type": "LineString", "coordinates": [ [ -75.711389, 6.109719 ], [ -75.984452, 6.115208 ] ] } },
{ "type": "Feature", "properties": { "source": "ANGELÓPOLIS", "target": "ANDES", "distance": 0.5, "betweenness": 0.0004997827031725337, "weight": 0.10049978270317254 }, "geometry": { "type": "LineString", "coordinates": [ [ -75.711389, 6.109719 ], [ -75.878828, 5.657194 ] ] } },
{ "type": "Feature", "properties": { "source": "ANGELÓPOLIS", "target": "JERICÓ", "distance": 0.5, "betweenness": 0.0007726109421024674, "weight": 0.10077261094210248 }, "geometry": { "type": "LineString", "coordinates": [ [ -75.711389, 6.109719 ], [ -75.785499, 5.789748 ] ] } },
{ "type": "Feature", "properties": { "source": "ANGELÓPOLIS", "target": "TÁMESIS", "distance": 0.5, "betweenness": 0.0018871707268056682, "weight": 0.10188717072680567 }, "geometry": { "type": "LineString", "coordinates": [ [ -75.711389, 6.109719 ], [ -75.714429, 5.664645 ] ] } },
{ "type": "Feature", "properties": { "source": "ANGELÓPOLIS", "target": "CIUDAD BOLÍVAR", "distance": 0.5, "betweenness": 7.2432275822106325e-05, "weight": 0.10007243227582212 }, "geometry": { "type": "LineString", "coordinates": [ [ -75.711389, 6.109719 ], [ -76.021509, 5.850273 ] ] } },
{ "type": "Feature", "properties": { "source": "ANGELÓPOLIS", "target": "TARSO", "distance": 0.5, "betweenness": 0.0013817166733417977, "weight": 0.10138171667334181 }, "geometry": { "type": "LineString", "coordinates": [ [ -75.711389, 6.109719 ], [ -75.822956, 5.864542 ] ] } },
{ "type": "Feature", "properties": { "source": "ANGELÓPOLIS", "target": "ENVIGADO", "distance": 0.33333333333333331, "betweenness": 0.00086194408228306514, "weight": 0.10086194408228306 }, "geometry": { "type": "LineString", "coordinates": [ [ -75.711389, 6.109719 ], [ -75.582192, 6.166695 ] ] } },
{ "type": "Feature", "properties": { "source": "ANGELÓPOLIS", "target": "CONCORDIA", "distance": 0.5, "betweenness": 0.00025351296537737213, "weight": 0.10025351296537738 }, "geometry": { "type": "LineString", "coordinates": [ [ -75.711389, 6.109719 ], [ -75.908448, 6.045738 ] ] } },
{ "type": "Feature", "properties": { "source": "ANGELÓPOLIS", "target": "VENECIA", "distance": 0.5, "betweenness": 0.0003380172871698295, "weight": 0.10033801728716983 }, "geometry": { "type": "LineString", "coordinates": [ [ -75.711389, 6.109719 ], [ -75.735544, 5.964693 ] ] } },
{ "type": "Feature", "properties": { "source": "ANGELÓPOLIS", "target": "HISPANIA", "distance": 0.5, "betweenness": 0.0019013268991539308, "weight": 0.10190132689915393 }, "geometry": { "type": "LineString", "coordinates": [ [ -75.711389, 6.109719 ], [ -75.906587, 5.799461 ] ] } },
{ "type": "Feature", "properties": { "source": "ANGELÓPOLIS", "target": "LA PINTADA", "distance": 0.5, "betweenness": 0.00032594524119947848, "weight": 0.10032594524119949 }, "geometry": { "type": "LineString", "coordinates": [ [ -75.711389, 6.109719 ], [ -75.60781, 5.743808 ] ] } },
{ "type": "Feature", "properties": { "source": "ANGELÓPOLIS", "target": "TITIRIBÍ", "distance": 0.5, "betweenness": 0.00014486455164421265, "weight": 0.10014486455164422 }, "geometry": { "type": "LineString", "coordinates": [ [ -75.711389, 6.109719 ], [ -75.791887, 6.062391 ] ] } },
{ "type": "Feature", "properties": { "source": "ANGELÓPOLIS", "target": "CALDAS", "distance": 0.5, "betweenness": 0.0, "weight": 0.1 }, "geometry": { "type": "LineString", "coordinates": [ [ -75.711389, 6.109719 ], [ -75.633673, 6.091077 ] ] } },
{ "type": "Feature", "properties": { "source": "ANGELÓPOLIS", "target": "LA ESTRELLA", "distance": 0.5, "betweenness": 0.00018108068955526583, "weight": 0.10018108068955527 }, "geometry": { "type": "LineString", "coordinates": [ [ -75.711389, 6.109719 ], [ -75.637708, 6.145238 ] ] } },
{ "type": "Feature", "properties": { "source": "ANGELÓPOLIS", "target": "ARMENIA", "distance": 0.5, "betweenness": 0.00016900864358491478, "weight": 0.10016900864358493 }, "geometry": { "type": "LineString", "coordinates": [ [ -75.711389, 6.109719 ], [ -75.786647, 6.155667 ] ] } },
{ "type": "Feature", "properties": { "source": "ANGELÓPOLIS", "target": "VALPARAÍSO", "distance": 1.0, "betweenness": 0.0, "weight": 0.1 }, "geometry": { "type": "LineString", "coordinates": [ [ -75.711389, 6.109719 ], [ -75.624452, 5.614555 ] ] } },
{ "type": "Feature", "properties": { "source": "ANGELÓPOLIS", "target": "BETANIA", "distance": 0.5, "betweenness": 0.0012192766430054564, "weight": 0.10121927664300547 }, "geometry": { "type": "LineString", "coordinates": [ [ -75.711389, 6.109719 ], [ -75.97679, 5.74615 ] ] } },
{ "type": "Feature", "properties": { "source": "CALDAS", "target": "CIUDAD BOLÍVAR", "distance": 0.5, "betweenness": 0.00014486455164421265, "weight": 0.10014486455164422 }, "geometry": { "type": "LineString", "coordinates": [ [ -75.633673, 6.091077 ], [ -76.021509, 5.850273 ] ] } },
{ "type": "Feature", "properties": { "source": "CALDAS", "target": "SALGAR", "distance": 0.5, "betweenness": 0.0011556972008949409, "weight": 0.10115569720089494 }, "geometry": { "type": "LineString", "coordinates": [ [ -75.633673, 6.091077 ], [ -75.976807, 5.964198 ] ] } },
{ "type": "Feature", "properties": { "source": "CALDAS", "target": "ANZÁ", "distance": 0.5, "betweenness": 0.0005311700226954464, "weight": 0.10053117002269545 }, "geometry": { "type": "LineString", "coordinates": [ [ -75.633673, 6.091077 ], [ -75.854442, 6.302641 ] ] } },
{ "type": "Feature", "properties": { "source": "CALDAS", "target": "CAICEDO", "distance": 0.5, "betweenness": 0.00034308957539266611, "weight": 0.10034308957539267 }, "geometry": { "type": "LineString", "coordinates": [ [ -75.633673, 6.091077 ], [ -75.98293, 6.405607 ] ] } },
{ "type": "Feature", "properties": { "source": "CALDAS", "target": "FREDONIA", "distance": 0.5, "betweenness": 0.00016297262059973924, "weight": 0.10016297262059974 }, "geometry": { "type": "LineString", "coordinates": [ [ -75.633673, 6.091077 ], [ -75.675072, 5.928039 ] ] } },
{ "type": "Feature", "properties": { "source": "CALDAS", "target": "HELICONIA", "distance": 0.5, "betweenness": 0.00014486455164421265, "weight": 0.10014486455164422 }, "geometry": { "type": "LineString", "coordinates": [ [ -75.633673, 6.091077 ], [ -75.734322, 6.206757 ] ] } },
{ "type": "Feature", "properties": { "source": "CALDAS", "target": "BETULIA", "distance": 0.5, "betweenness": 0.0002897291032884253, "weight": 0.10028972910328843 }, "geometry": { "type": "LineString", "coordinates": [ [ -75.633673, 6.091077 ], [ -75.984452, 6.115208 ] ] } },
{ "type": "Feature", "properties": { "source": "CALDAS", "target": "ABEJORRAL", "distance": 0.5, "betweenness": 0.00015338599585857811, "weight": 0.10015338599585859 }, "geometry": { "type": "LineString", "coordinates": [ [ -75.633673, 6.091077 ], [ -75.428739, 5.789315 ] ] } },
{ "type": "Feature", "properties": { "source": "CALDAS", "target": "TÁMESIS", "distance": 0.5, "betweenness": 0.002011512800300284, "weight": 0.10201151280030028 }, "geometry": { "type": "LineString", "coordinates": [ [ -75.633673, 6.091077 ], [ -75.714429, 5.664645 ] ] } },
{ "type": "Feature", "properties": { "source": "CALDAS", "target": "ANDES", "distance": 0.5, "betweenness": 0.0011396011396011395, "weight": 0.10113960113960115 }, "geometry": { "type": "LineString", "coordinates": [ [ -75.633673, 6.091077 ], [ -75.878828, 5.657194 ] ] } },
{ "type": "Feature", "properties": { "source": "CALDAS", "target": "ENVIGADO", "distance": 0.33333333333333331, "betweenness": 0.00061325993529383349, "weight": 0.10061325993529384 }, "geometry": { "type": "LineString", "coordinates": [ [ -75.633673, 6.091077 ], [ -75.582192, 6.166695 ] ] } },
{ "type": "Feature", "properties": { "source": "CALDAS", "target": "JERICÓ", "distance": 0.5, "betweenness": 0.0014263984602967653, "weight": 0.10142639846029677 }, "geometry": { "type": "LineString", "coordinates": [ [ -75.633673, 6.091077 ], [ -75.785499, 5.789748 ] ] } },
{ "type": "Feature", "properties": { "source": "CALDAS", "target": "TITIRIBÍ", "distance": 0.33333333333333331, "betweenness": 0.0023192124887040141, "weight": 0.10231921248870401 }, "geometry": { "type": "LineString", "coordinates": [ [ -75.633673, 6.091077 ], [ -75.791887, 6.062391 ] ] } },
{ "type": "Feature", "properties": { "source": "CALDAS", "target": "CONCORDIA", "distance": 0.33333333333333331, "betweenness": 0.0033318846878168909, "weight": 0.1033318846878169 }, "geometry": { "type": "LineString", "coordinates": [ [ -75.633673, 6.091077 ], [ -75.908448, 6.045738 ] ] } },
{ "type": "Feature", "properties": { "source": "CALDAS", "target": "ARMENIA", "distance": 0.5, "betweenness": 0.0001979815539137573, "weight": 0.10019798155391377 }, "geometry": { "type": "LineString", "coordinates": [ [ -75.633673, 6.091077 ], [ -75.786647, 6.155667 ] ] } },
{ "type": "Feature", "properties": { "source": "CALDAS", "target": "TARSO", "distance": 0.5, "betweenness": 0.0014280843044551916, "weight": 0.1014280843044552 }, "geometry": { "type": "LineString", "coordinates": [ [ -75.633673, 6.091077 ], [ -75.822956, 5.864542 ] ] } },
{ "type": "Feature", "properties": { "source": "CALDAS", "target": "LA ESTRELLA", "distance": 0.5, "betweenness": 0.00018108068955526583, "weight": 0.10018108068955527 }, "geometry": { "type": "LineString", "coordinates": [ [ -75.633673, 6.091077 ], [ -75.637708, 6.145238 ] ] } },
{ "type": "Feature", "properties": { "source": "CALDAS", "target": "SABANETA", "distance": 0.5, "betweenness": 0.00018970357953408801, "weight": 0.10018970357953409 }, "geometry": { "type": "LineString", "coordinates": [ [ -75.633673, 6.091077 ], [ -75.615479, 6.149903 ] ] } },
{ "type": "Feature", "properties": { "source": "CALDAS", "target": "PUEBLORRICO", "distance": 0.5, "betweenness": 0.0006529879411235343, "weight": 0.10065298794112354 }, "geometry": { "type": "LineString", "coordinates": [ [ -75.633673, 6.091077 ], [ -75.839903, 5.79158 ] ] } },
{ "type": "Feature", "properties": { "source": "CALDAS", "target": "VENECIA", "distance": 0.5, "betweenness": 0.00022212564585445942, "weight": 0.10022212564585446 }, "geometry": { "type": "LineString", "coordinates": [ [ -75.633673, 6.091077 ], [ -75.735544, 5.964693 ] ] } },
{ "type": "Feature", "properties": { "source": "CALDAS", "target": "SONSÓN", "distance": 0.5, "betweenness": 0.00062188282527265569, "weight": 0.10062188282527267 }, "geometry": { "type": "LineString", "coordinates": [ [ -75.633673, 6.091077 ], [ -75.309596, 5.714851 ] ] } },
{ "type": "Feature", "properties": { "source": "CALDAS", "target": "HISPANIA", "distance": 0.5, "betweenness": 0.0021248322074050017, "weight": 0.10212483220740501 }, "geometry": { "type": "LineString", "coordinates": [ [ -75.633673, 6.091077 ], [ -75.906587, 5.799461 ] ] } },
{ "type": "Feature", "properties": { "source": "CALDAS", "target": "LA PINTADA", "distance": 0.33333333333333331, "betweenness": 0.0056832892991085081, "weight": 0.10568328929910852 }, "geometry": { "type": "LineString", "coordinates": [ [ -75.633673, 6.091077 ], [ -75.60781, 5.743808 ] ] } },
{ "type": "Feature", "properties": { "source": "CALDAS", "target": "BETANIA", "distance": 0.5, "betweenness": 0.0022284996861268043, "weight": 0.10222849968612681 }, "geometry": { "type": "LineString", "coordinates": [ [ -75.633673, 6.091077 ], [ -75.97679, 5.74615 ] ] } },
{ "type": "Feature", "properties": { "source": "CALDAS", "target": "JARDÍN", "distance": 0.5, "betweenness": 0.0013824217214047721, "weight": 0.10138242172140478 }, "geometry": { "type": "LineString", "coordinates": [ [ -75.633673, 6.091077 ], [ -75.818982, 5.597542 ] ] } },
{ "type": "Feature", "properties": { "source": "CALDAS", "target": "VALPARAÍSO", "distance": 0.5, "betweenness": 0.00039837751702158478, "weight": 0.10039837751702159 }, "geometry": { "type": "LineString", "coordinates": [ [ -75.633673, 6.091077 ], [ -75.624452, 5.614555 ] ] } },
{ "type": "Feature", "properties": { "source": "CALDAS", "target": "CARAMANTA", "distance": 0.5, "betweenness": 0.0036373074508667729, "weight": 0.10363730745086677 }, "geometry": { "type": "LineString", "coordinates": [ [ -75.633673, 6.091077 ], [ -75.643868, 5.54853 ] ] } },
{ "type": "Feature", "properties": { "source": "ABEJORRAL", "target": "NARIÑO", "distance": 0.5, "betweenness": 0.00014486455164421265, "weight": 0.10014486455164422 }, "geometry": { "type": "LineString", "coordinates": [ [ -75.428739, 5.789315 ], [ -75.176262, 5.610777 ] ] } },
{ "type": "Feature", "properties": { "source": "ABEJORRAL", "target": "CARAMANTA", "distance": 0.5, "betweenness": 0.00019918875851079239, "weight": 0.1001991887585108 }, "geometry": { "type": "LineString", "coordinates": [ [ -75.428739, 5.789315 ], [ -75.643868, 5.54853 ] ] } },
{ "type": "Feature", "properties": { "source": "ABEJORRAL", "target": "ENVIGADO", "distance": 0.5, "betweenness": 0.00090185284602034349, "weight": 0.10090185284602035 }, "geometry": { "type": "LineString", "coordinates": [ [ -75.428739, 5.789315 ], [ -75.582192, 6.166695 ] ] } },
{ "type": "Feature", "properties": { "source": "ABEJORRAL", "target": "PUEBLORRICO", "distance": 0.5, "betweenness": 0.00028731469409435512, "weight": 0.10028731469409435 }, "geometry": { "type": "LineString", "coordinates": [ [ -75.428739, 5.789315 ], [ -75.839903, 5.79158 ] ] } },
{ "type": "Feature", "properties": { "source": "ABEJORRAL", "target": "SONSÓN", "distance": 0.5, "betweenness": 0.00019073832633154667, "weight": 0.10019073832633155 }, "geometry": { "type": "LineString", "coordinates": [ [ -75.428739, 5.789315 ], [ -75.309596, 5.714851 ] ] } },
{ "type": "Feature", "properties": { "source": "ABEJORRAL", "target": "JERICÓ", "distance": 0.5, "betweenness": 0.00033094651738719536, "weight": 0.10033094651738721 }, "geometry": { "type": "LineString", "coordinates": [ [ -75.428739, 5.789315 ], [ -75.785499, 5.789748 ] ] } },
{ "type": "Feature", "properties": { "source": "ABEJORRAL", "target": "TÁMESIS", "distance": 0.5, "betweenness": 0.00027981539280974306, "weight": 0.10027981539280975 }, "geometry": { "type": "LineString", "coordinates": [ [ -75.428739, 5.789315 ], [ -75.714429, 5.664645 ] ] } },
{ "type": "Feature", "properties": { "source": "ABEJORRAL", "target": "VENECIA", "distance": 0.5, "betweenness": 0.00020149342183240485, "weight": 0.1002014934218324 }, "geometry": { "type": "LineString", "coordinates": [ [ -75.428739, 5.789315 ], [ -75.735544, 5.964693 ] ] } },
{ "type": "Feature", "properties": { "source": "ABEJORRAL", "target": "ARGELIA", "distance": 0.5, "betweenness": 0.0002897291032884253, "weight": 0.10028972910328843 }, "geometry": { "type": "LineString", "coordinates": [ [ -75.428739, 5.789315 ], [ -75.14107, 5.731474 ] ] } },
{ "type": "Feature", "properties": { "source": "ABEJORRAL", "target": "SAN FRANCISCO", "distance": 0.5, "betweenness": 0.00053025547375829863, "weight": 0.10053025547375831 }, "geometry": { "type": "LineString", "coordinates": [ [ -75.428739, 5.789315 ], [ -75.101562, 5.963476 ] ] } },
{ "type": "Feature", "properties": { "source": "ABEJORRAL", "target": "FREDONIA", "distance": 0.5, "betweenness": 0.00024023371480998596, "weight": 0.10024023371480999 }, "geometry": { "type": "LineString", "coordinates": [ [ -75.428739, 5.789315 ], [ -75.675072, 5.928039 ] ] } },
{ "type": "Feature", "properties": { "source": "ABEJORRAL", "target": "VALPARAÍSO", "distance": 0.5, "betweenness": 0.00014486455164421265, "weight": 0.10014486455164422 }, "geometry": { "type": "LineString", "coordinates": [ [ -75.428739, 5.789315 ], [ -75.624452, 5.614555 ] ] } },
{ "type": "Feature", "properties": { "source": "ABEJORRAL", "target": "ARMENIA", "distance": 0.5, "betweenness": 0.00015338599585857811, "weight": 0.10015338599585859 }, "geometry": { "type": "LineString", "coordinates": [ [ -75.428739, 5.789315 ], [ -75.786647, 6.155667 ] ] } },
{ "type": "Feature", "properties": { "source": "ABEJORRAL", "target": "JARDÍN", "distance": 0.5, "betweenness": 0.0002307485358332816, "weight": 0.10023074853583329 }, "geometry": { "type": "LineString", "coordinates": [ [ -75.428739, 5.789315 ], [ -75.818982, 5.597542 ] ] } },
{ "type": "Feature", "properties": { "source": "ABEJORRAL", "target": "LA ESTRELLA", "distance": 0.5, "betweenness": 0.00015338599585857811, "weight": 0.10015338599585859 }, "geometry": { "type": "LineString", "coordinates": [ [ -75.428739, 5.789315 ], [ -75.637708, 6.145238 ] ] } },
{ "type": "Feature", "properties": { "source": "ABEJORRAL", "target": "TARSO", "distance": 0.33333333333333331, "betweenness": 0.0020178424839441787, "weight": 0.10201784248394419 }, "geometry": { "type": "LineString", "coordinates": [ [ -75.428739, 5.789315 ], [ -75.822956, 5.864542 ] ] } },
{ "type": "Feature", "properties": { "source": "ABEJORRAL", "target": "ANDES", "distance": 0.5, "betweenness": 0.00030180114925877632, "weight": 0.10030180114925878 }, "geometry": { "type": "LineString", "coordinates": [ [ -75.428739, 5.789315 ], [ -75.878828, 5.657194 ] ] } },
{ "type": "Feature", "properties": { "source": "ABEJORRAL", "target": "HISPANIA", "distance": 0.5, "betweenness": 0.00063089661959718447, "weight": 0.10063089661959719 }, "geometry": { "type": "LineString", "coordinates": [ [ -75.428739, 5.789315 ], [ -75.906587, 5.799461 ] ] } },
{ "type": "Feature", "properties": { "source": "ABEJORRAL", "target": "SABANETA", "distance": 0.5, "betweenness": 0.00016948205715237952, "weight": 0.10016948205715238 }, "geometry": { "type": "LineString", "coordinates": [ [ -75.428739, 5.789315 ], [ -75.615479, 6.149903 ] ] } },
{ "type": "Feature", "properties": { "source": "ABEJORRAL", "target": "TITIRIBÍ", "distance": 0.5, "betweenness": 0.00015338599585857811, "weight": 0.10015338599585859 }, "geometry": { "type": "LineString", "coordinates": [ [ -75.428739, 5.789315 ], [ -75.791887, 6.062391 ] ] } },
{ "type": "Feature", "properties": { "source": "ABEJORRAL", "target": "HELICONIA", "distance": 0.5, "betweenness": 0.00017753008779928023, "weight": 0.10017753008779928 }, "geometry": { "type": "LineString", "coordinates": [ [ -75.428739, 5.789315 ], [ -75.734322, 6.206757 ] ] } },
{ "type": "Feature", "properties": { "source": "ABEJORRAL", "target": "SAN LUIS", "distance": 0.5, "betweenness": 0.00074501769417023654, "weight": 0.10074501769417024 }, "geometry": { "type": "LineString", "coordinates": [ [ -75.428739, 5.789315 ], [ -74.993619, 6.043017 ] ] } },
{ "type": "Feature", "properties": { "source": "ABEJORRAL", "target": "LA PINTADA", "distance": 0.5, "betweenness": 0.00021528481980459381, "weight": 0.1002152848198046 }, "geometry": { "type": "LineString", "coordinates": [ [ -75.428739, 5.789315 ], [ -75.60781, 5.743808 ] ] } },
{ "type": "Feature", "properties": { "source": "ABEJORRAL", "target": "CONCORDIA", "distance": 0.5, "betweenness": 0.00025479118200952695, "weight": 0.10025479118200953 }, "geometry": { "type": "LineString", "coordinates": [ [ -75.428739, 5.789315 ], [ -75.908448, 6.045738 ] ] } },
{ "type": "Feature", "properties": { "source": "ABEJORRAL", "target": "SALGAR", "distance": 0.5, "betweenness": 0.00037551164171303745, "weight": 0.10037551164171304 }, "geometry": { "type": "LineString", "coordinates": [ [ -75.428739, 5.789315 ], [ -75.976807, 5.964198 ] ] } },
{ "type": "Feature", "properties": { "source": "ABEJORRAL", "target": "BETANIA", "distance": 0.5, "betweenness": 0.00082089912598387171, "weight": 0.10082089912598388 }, "geometry": { "type": "LineString", "coordinates": [ [ -75.428739, 5.789315 ], [ -75.97679, 5.74615 ] ] } },
{ "type": "Feature", "properties": { "source": "ABEJORRAL", "target": "CIUDAD BOLÍVAR", "distance": 0.5, "betweenness": 0.00014486455164421265, "weight": 0.10014486455164422 }, "geometry": { "type": "LineString", "coordinates": [ [ -75.428739, 5.789315 ], [ -76.021509, 5.850273 ] ] } },
{ "type": "Feature", "properties": { "source": "LA ESTRELLA", "target": "ANZÁ", "distance": 0.5, "betweenness": 0.0005794582065768506, "weight": 0.10057945820657685 }, "geometry": { "type": "LineString", "coordinates": [ [ -75.637708, 6.145238 ], [ -75.854442, 6.302641 ] ] } },
{ "type": "Feature", "properties": { "source": "LA ESTRELLA", "target": "CONCORDIA", "distance": 0.5, "betweenness": 0.00014486455164421265, "weight": 0.10014486455164422 }, "geometry": { "type": "LineString", "coordinates": [ [ -75.637708, 6.145238 ], [ -75.908448, 6.045738 ] ] } },
{ "type": "Feature", "properties": { "source": "LA ESTRELLA", "target": "SALGAR", "distance": 0.5, "betweenness": 0.00014486455164421265, "weight": 0.10014486455164422 }, "geometry": { "type": "LineString", "coordinates": [ [ -75.637708, 6.145238 ], [ -75.976807, 5.964198 ] ] } },
{ "type": "Feature", "properties": { "source": "LA ESTRELLA", "target": "TÁMESIS", "distance": 0.5, "betweenness": 0.00021277795071797677, "weight": 0.10021277795071798 }, "geometry": { "type": "LineString", "coordinates": [ [ -75.637708, 6.145238 ], [ -75.714429, 5.664645 ] ] } },
{ "type": "Feature", "properties": { "source": "LA ESTRELLA", "target": "BETULIA", "distance": 0.5, "betweenness": 0.00014486455164421265, "weight": 0.10014486455164422 }, "geometry": { "type": "LineString", "coordinates": [ [ -75.637708, 6.145238 ], [ -75.984452, 6.115208 ] ] } },
{ "type": "Feature", "properties": { "source": "LA ESTRELLA", "target": "PUEBLORRICO", "distance": 0.5, "betweenness": 0.00015803405633914107, "weight": 0.10015803405633915 }, "geometry": { "type": "LineString", "coordinates": [ [ -75.637708, 6.145238 ], [ -75.839903, 5.79158 ] ] } },
{ "type": "Feature", "properties": { "source": "LA ESTRELLA", "target": "HELICONIA", "distance": 0.5, "betweenness": 0.00014486455164421265, "weight": 0.10014486455164422 }, "geometry": { "type": "LineString", "coordinates": [ [ -75.637708, 6.145238 ], [ -75.734322, 6.206757 ] ] } },
{ "type": "Feature", "properties": { "source": "LA ESTRELLA", "target": "TITIRIBÍ", "distance": 0.5, "betweenness": 0.00014486455164421265, "weight": 0.10014486455164422 }, "geometry": { "type": "LineString", "coordinates": [ [ -75.637708, 6.145238 ], [ -75.791887, 6.062391 ] ] } },
{ "type": "Feature", "properties": { "source": "LA ESTRELLA", "target": "FREDONIA", "distance": 0.5, "betweenness": 0.00014486455164421265, "weight": 0.10014486455164422 }, "geometry": { "type": "LineString", "coordinates": [ [ -75.637708, 6.145238 ], [ -75.675072, 5.928039 ] ] } },
{ "type": "Feature", "properties": { "source": "LA ESTRELLA", "target": "JERICÓ", "distance": 0.5, "betweenness": 0.00017803916109000853, "weight": 0.10017803916109001 }, "geometry": { "type": "LineString", "coordinates": [ [ -75.637708, 6.145238 ], [ -75.785499, 5.789748 ] ] } },
{ "type": "Feature", "properties": { "source": "LA ESTRELLA", "target": "CIUDAD BOLÍVAR", "distance": 0.2, "betweenness": 0.0018832391713747645, "weight": 0.10188323917137478 }, "geometry": { "type": "LineString", "coordinates": [ [ -75.637708, 6.145238 ], [ -76.021509, 5.850273 ] ] } },
{ "type": "Feature", "properties": { "source": "LA ESTRELLA", "target": "CAICEDO", "distance": 0.5, "betweenness": 0.00039137775927407036, "weight": 0.10039137775927408 }, "geometry": { "type": "LineString", "coordinates": [ [ -75.637708, 6.145238 ], [ -75.98293, 6.405607 ] ] } },
{ "type": "Feature", "properties": { "source": "LA ESTRELLA", "target": "ENVIGADO", "distance": 0.5, "betweenness": 0.00051909797672509527, "weight": 0.10051909797672511 }, "geometry": { "type": "LineString", "coordinates": [ [ -75.637708, 6.145238 ], [ -75.582192, 6.166695 ] ] } },
{ "type": "Feature", "properties": { "source": "LA ESTRELLA", "target": "TARSO", "distance": 0.5, "betweenness": 0.00019170559632507119, "weight": 0.10019170559632508 }, "geometry": { "type": "LineString", "coordinates": [ [ -75.637708, 6.145238 ], [ -75.822956, 5.864542 ] ] } },
{ "type": "Feature", "properties": { "source": "LA ESTRELLA", "target": "ARMENIA", "distance": 0.5, "betweenness": 0.00014486455164421265, "weight": 0.10014486455164422 }, "geometry": { "type": "LineString", "coordinates": [ [ -75.637708, 6.145238 ], [ -75.786647, 6.155667 ] ] } },
{ "type": "Feature", "properties": { "source": "LA ESTRELLA", "target": "ANDES", "distance": 0.5, "betweenness": 0.00014486455164421265, "weight": 0.10014486455164422 }, "geometry": { "type": "LineString", "coordinates": [ [ -75.637708, 6.145238 ], [ -75.878828, 5.657194 ] ] } },
{ "type": "Feature", "properties": { "source": "LA ESTRELLA", "target": "HISPANIA", "distance": 0.5, "betweenness": 0.00026573712797093934, "weight": 0.10026573712797095 }, "geometry": { "type": "LineString", "coordinates": [ [ -75.637708, 6.145238 ], [ -75.906587, 5.799461 ] ] } },
{ "type": "Feature", "properties": { "source": "LA ESTRELLA", "target": "VENECIA", "distance": 0.5, "betweenness": 0.00014486455164421265, "weight": 0.10014486455164422 }, "geometry": { "type": "LineString", "coordinates": [ [ -75.637708, 6.145238 ], [ -75.735544, 5.964693 ] ] } },
{ "type": "Feature", "properties": { "source": "LA ESTRELLA", "target": "SABANETA", "distance": 0.5, "betweenness": 0.00019315273552561685, "weight": 0.10019315273552562 }, "geometry": { "type": "LineString", "coordinates": [ [ -75.637708, 6.145238 ], [ -75.615479, 6.149903 ] ] } },
{ "type": "Feature", "properties": { "source": "LA ESTRELLA", "target": "VALPARAÍSO", "distance": 0.5, "betweenness": 0.00014486455164421265, "weight": 0.10014486455164422 }, "geometry": { "type": "LineString", "coordinates": [ [ -75.637708, 6.145238 ], [ -75.624452, 5.614555 ] ] } },
{ "type": "Feature", "properties": { "source": "LA ESTRELLA", "target": "OLAYA", "distance": 1.0, "betweenness": 0.0, "weight": 0.1 }, "geometry": { "type": "LineString", "coordinates": [ [ -75.637708, 6.145238 ], [ -75.811773, 6.626492 ] ] } },
{ "type": "Feature", "properties": { "source": "LA ESTRELLA", "target": "SONSÓN", "distance": 1.0, "betweenness": 0.0, "weight": 0.1 }, "geometry": { "type": "LineString", "coordinates": [ [ -75.637708, 6.145238 ], [ -75.309596, 5.714851 ] ] } },
{ "type": "Feature", "properties": { "source": "LA ESTRELLA", "target": "LA PINTADA", "distance": 1.0, "betweenness": 0.0, "weight": 0.1 }, "geometry": { "type": "LineString", "coordinates": [ [ -75.637708, 6.145238 ], [ -75.60781, 5.743808 ] ] } },
{ "type": "Feature", "properties": { "source": "HELICONIA", "target": "CAICEDO", "distance": 0.5, "betweenness": 0.00024651320762985771, "weight": 0.10024651320762987 }, "geometry": { "type": "LineString", "coordinates": [ [ -75.734322, 6.206757 ], [ -75.98293, 6.405607 ] ] } },
{ "type": "Feature", "properties": { "source": "HELICONIA", "target": "BETULIA", "distance": 0.5, "betweenness": 0.00014486455164421265, "weight": 0.10014486455164422 }, "geometry": { "type": "LineString", "coordinates": [ [ -75.734322, 6.206757 ], [ -75.984452, 6.115208 ] ] } },
{ "type": "Feature", "properties": { "source": "HELICONIA", "target": "CONCORDIA", "distance": 0.5, "betweenness": 0.00014486455164421265, "weight": 0.10014486455164422 }, "geometry": { "type": "LineString", "coordinates": [ [ -75.734322, 6.206757 ], [ -75.908448, 6.045738 ] ] } },
{ "type": "Feature", "properties": { "source": "HELICONIA", "target": "VENECIA", "distance": 0.5, "betweenness": 0.00015935100680863394, "weight": 0.10015935100680864 }, "geometry": { "type": "LineString", "coordinates": [ [ -75.734322, 6.206757 ], [ -75.735544, 5.964693 ] ] } },
{ "type": "Feature", "properties": { "source": "HELICONIA", "target": "TÁMESIS", "distance": 0.5, "betweenness": 0.00037212895752661068, "weight": 0.10037212895752662 }, "geometry": { "type": "LineString", "coordinates": [ [ -75.734322, 6.206757 ], [ -75.714429, 5.664645 ] ] } },
{ "type": "Feature", "properties": { "source": "HELICONIA", "target": "ANZÁ", "distance": 0.5, "betweenness": 0.0005794582065768506, "weight": 0.10057945820657685 }, "geometry": { "type": "LineString", "coordinates": [ [ -75.734322, 6.206757 ], [ -75.854442, 6.302641 ] ] } },
{ "type": "Feature", "properties": { "source": "HELICONIA", "target": "ENVIGADO", "distance": 0.33333333333333331, "betweenness": 0.00079675503404316955, "weight": 0.10079675503404317 }, "geometry": { "type": "LineString", "coordinates": [ [ -75.734322, 6.206757 ], [ -75.582192, 6.166695 ] ] } },
{ "type": "Feature", "properties": { "source": "HELICONIA", "target": "SALGAR", "distance": 0.5, "betweenness": 0.00019516474318734205, "weight": 0.10019516474318735 }, "geometry": { "type": "LineString", "coordinates": [ [ -75.734322, 6.206757 ], [ -75.976807, 5.964198 ] ] } },
{ "type": "Feature", "properties": { "source": "HELICONIA", "target": "PUEBLORRICO", "distance": 0.5, "betweenness": 0.00015803405633914107, "weight": 0.10015803405633915 }, "geometry": { "type": "LineString", "coordinates": [ [ -75.734322, 6.206757 ], [ -75.839903, 5.79158 ] ] } },
{ "type": "Feature", "properties": { "source": "HELICONIA", "target": "TARSO", "distance": 0.5, "betweenness": 0.00026896669053531799, "weight": 0.10026896669053532 }, "geometry": { "type": "LineString", "coordinates": [ [ -75.734322, 6.206757 ], [ -75.822956, 5.864542 ] ] } },
{ "type": "Feature", "properties": { "source": "HELICONIA", "target": "JERICÓ", "distance": 0.5, "betweenness": 0.00016838152431372771, "weight": 0.10016838152431373 }, "geometry": { "type": "LineString", "coordinates": [ [ -75.734322, 6.206757 ], [ -75.785499, 5.789748 ] ] } },
{ "type": "Feature", "properties": { "source": "HELICONIA", "target": "CIUDAD BOLÍVAR", "distance": 0.5, "betweenness": 0.0, "weight": 0.1 }, "geometry": { "type": "LineString", "coordinates": [ [ -75.734322, 6.206757 ], [ -76.021509, 5.850273 ] ] } },
{ "type": "Feature", "properties": { "source": "HELICONIA", "target": "TITIRIBÍ", "distance": 0.5, "betweenness": 0.00015600797869376747, "weight": 0.10015600797869377 }, "geometry": { "type": "LineString", "coordinates": [ [ -75.734322, 6.206757 ], [ -75.791887, 6.062391 ] ] } },
{ "type": "Feature", "properties": { "source": "HELICONIA", "target": "FREDONIA", "distance": 0.5, "betweenness": 0.00014486455164421265, "weight": 0.10014486455164422 }, "geometry": { "type": "LineString", "coordinates": [ [ -75.734322, 6.206757 ], [ -75.675072, 5.928039 ] ] } },
{ "type": "Feature", "properties": { "source": "HELICONIA", "target": "ARMENIA", "distance": 0.5, "betweenness": 0.00014486455164421265, "weight": 0.10014486455164422 }, "geometry": { "type": "LineString", "coordinates": [ [ -75.734322, 6.206757 ], [ -75.786647, 6.155667 ] ] } },
{ "type": "Feature", "properties": { "source": "HELICONIA", "target": "SABANETA", "distance": 0.5, "betweenness": 0.00014486455164421265, "weight": 0.10014486455164422 }, "geometry": { "type": "LineString", "coordinates": [ [ -75.734322, 6.206757 ], [ -75.615479, 6.149903 ] ] } },
{ "type": "Feature", "properties": { "source": "HELICONIA", "target": "HISPANIA", "distance": 0.5, "betweenness": 0.00038990674366597865, "weight": 0.10038990674366599 }, "geometry": { "type": "LineString", "coordinates": [ [ -75.734322, 6.206757 ], [ -75.906587, 5.799461 ] ] } },
{ "type": "Feature", "properties": { "source": "HELICONIA", "target": "OLAYA", "distance": 0.5, "betweenness": 0.00048690585413749244, "weight": 0.1004869058541375 }, "geometry": { "type": "LineString", "coordinates": [ [ -75.734322, 6.206757 ], [ -75.811773, 6.626492 ] ] } },
{ "type": "Feature", "properties": { "source": "HELICONIA", "target": "ANDES", "distance": 1.0, "betweenness": 0.0, "weight": 0.1 }, "geometry": { "type": "LineString", "coordinates": [ [ -75.734322, 6.206757 ], [ -75.878828, 5.657194 ] ] } },
{ "type": "Feature", "properties": { "source": "HELICONIA", "target": "LA PINTADA", "distance": 1.0, "betweenness": 0.0, "weight": 0.1 }, "geometry": { "type": "LineString", "coordinates": [ [ -75.734322, 6.206757 ], [ -75.60781, 5.743808 ] ] } },
{ "type": "Feature", "properties": { "source": "ENVIGADO", "target": "SONSÓN", "distance": 0.33333333333333331, "betweenness": 0.0032125438905099926, "weight": 0.10321254389051 }, "geometry": { "type": "LineString", "coordinates": [ [ -75.582192, 6.166695 ], [ -75.309596, 5.714851 ] ] } },
{ "type": "Feature", "properties": { "source": "ENVIGADO", "target": "ARMENIA", "distance": 0.5, "betweenness": 0.00078468298807281842, "weight": 0.10078468298807282 }, "geometry": { "type": "LineString", "coordinates": [ [ -75.582192, 6.166695 ], [ -75.786647, 6.155667 ] ] } },
{ "type": "Feature", "properties": { "source": "ENVIGADO", "target": "TITIRIBÍ", "distance": 0.5, "betweenness": 0.00031042403923759853, "weight": 0.10031042403923761 }, "geometry": { "type": "LineString", "coordinates": [ [ -75.582192, 6.166695 ], [ -75.791887, 6.062391 ] ] } },
{ "type": "Feature", "properties": { "source": "ENVIGADO", "target": "VENECIA", "distance": 0.33333333333333331, "betweenness": 0.0045262124358169554, "weight": 0.10452621243581696 }, "geometry": { "type": "LineString", "coordinates": [ [ -75.582192, 6.166695 ], [ -75.735544, 5.964693 ] ] } },
{ "type": "Feature", "properties": { "source": "ENVIGADO", "target": "ANZÁ", "distance": 0.25, "betweenness": 0.010342725385098266, "weight": 0.11034272538509828 }, "geometry": { "type": "LineString", "coordinates": [ [ -75.582192, 6.166695 ], [ -75.854442, 6.302641 ] ] } },
{ "type": "Feature", "properties": { "source": "ENVIGADO", "target": "BETULIA", "distance": 0.5, "betweenness": 0.0010079060926518552, "weight": 0.10100790609265187 }, "geometry": { "type": "LineString", "coordinates": [ [ -75.582192, 6.166695 ], [ -75.984452, 6.115208 ] ] } },
{ "type": "Feature", "properties": { "source": "ENVIGADO", "target": "FREDONIA", "distance": 0.5, "betweenness": 0.00045873774687334011, "weight": 0.10045873774687335 }, "geometry": { "type": "LineString", "coordinates": [ [ -75.582192, 6.166695 ], [ -75.675072, 5.928039 ] ] } },
{ "type": "Feature", "properties": { "source": "ENVIGADO", "target": "SALGAR", "distance": 0.5, "betweenness": 0.0011468443671833501, "weight": 0.10114684436718335 }, "geometry": { "type": "LineString", "coordinates": [ [ -75.582192, 6.166695 ], [ -75.976807, 5.964198 ] ] } },
{ "type": "Feature", "properties": { "source": "ENVIGADO", "target": "CONCORDIA", "distance": 0.5, "betweenness": 0.00068810662031001013, "weight": 0.10068810662031001 }, "geometry": { "type": "LineString", "coordinates": [ [ -75.582192, 6.166695 ], [ -75.908448, 6.045738 ] ] } },
{ "type": "Feature", "properties": { "source": "ENVIGADO", "target": "TARSO", "distance": 0.5, "betweenness": 0.0012274871405811918, "weight": 0.10122748714058119 }, "geometry": { "type": "LineString", "coordinates": [ [ -75.582192, 6.166695 ], [ -75.822956, 5.864542 ] ] } },
{ "type": "Feature", "properties": { "source": "ENVIGADO", "target": "JERICÓ", "distance": 0.5, "betweenness": 0.0011765698206376172, "weight": 0.10117656982063762 }, "geometry": { "type": "LineString", "coordinates": [ [ -75.582192, 6.166695 ], [ -75.785499, 5.789748 ] ] } },
{ "type": "Feature", "properties": { "source": "ENVIGADO", "target": "SABANETA", "distance": 0.5, "betweenness": 0.00060015314252602372, "weight": 0.10060015314252603 }, "geometry": { "type": "LineString", "coordinates": [ [ -75.582192, 6.166695 ], [ -75.615479, 6.149903 ] ] } },
{ "type": "Feature", "properties": { "source": "ENVIGADO", "target": "PUEBLORRICO", "distance": 0.5, "betweenness": 0.00086424874560467769, "weight": 0.10086424874560468 }, "geometry": { "type": "LineString", "coordinates": [ [ -75.582192, 6.166695 ], [ -75.839903, 5.79158 ] ] } },
{ "type": "Feature", "properties": { "source": "ENVIGADO", "target": "TÁMESIS", "distance": 0.5, "betweenness": 0.0018642338394620009, "weight": 0.10186423383946201 }, "geometry": { "type": "LineString", "coordinates": [ [ -75.582192, 6.166695 ], [ -75.714429, 5.664645 ] ] } },
{ "type": "Feature", "properties": { "source": "ENVIGADO", "target": "HISPANIA", "distance": 1.0, "betweenness": 0.0, "weight": 0.1 }, "geometry": { "type": "LineString", "coordinates": [ [ -75.582192, 6.166695 ], [ -75.906587, 5.799461 ] ] } },
{ "type": "Feature", "properties": { "source": "ENVIGADO", "target": "CAICEDO", "distance": 0.5, "betweenness": 0.0010570648656391428, "weight": 0.10105706486563915 }, "geometry": { "type": "LineString", "coordinates": [ [ -75.582192, 6.166695 ], [ -75.98293, 6.405607 ] ] } },
{ "type": "Feature", "properties": { "source": "FREDONIA", "target": "JERICÓ", "distance": 0.5, "betweenness": 0.00024144091940702108, "weight": 0.10024144091940702 }, "geometry": { "type": "LineString", "coordinates": [ [ -75.675072, 5.928039 ], [ -75.785499, 5.789748 ] ] } },
{ "type": "Feature", "properties": { "source": "FREDONIA", "target": "SALGAR", "distance": 0.5, "betweenness": 0.00019315273552561685, "weight": 0.10019315273552562 }, "geometry": { "type": "LineString", "coordinates": [ [ -75.675072, 5.928039 ], [ -75.976807, 5.964198 ] ] } },
{ "type": "Feature", "properties": { "source": "FREDONIA", "target": "CIUDAD BOLÍVAR", "distance": 0.5, "betweenness": 7.2432275822106325e-05, "weight": 0.10007243227582212 }, "geometry": { "type": "LineString", "coordinates": [ [ -75.675072, 5.928039 ], [ -76.021509, 5.850273 ] ] } },
{ "type": "Feature", "properties": { "source": "FREDONIA", "target": "PUEBLORRICO", "distance": 0.5, "betweenness": 0.00016297262059973924, "weight": 0.10016297262059974 }, "geometry": { "type": "LineString", "coordinates": [ [ -75.675072, 5.928039 ], [ -75.839903, 5.79158 ] ] } },
{ "type": "Feature", "properties": { "source": "FREDONIA", "target": "CONCORDIA", "distance": 0.5, "betweenness": 0.00019315273552561685, "weight": 0.10019315273552562 }, "geometry": { "type": "LineString", "coordinates": [ [ -75.675072, 5.928039 ], [ -75.908448, 6.045738 ] ] } },
{ "type": "Feature", "properties": { "source": "FREDONIA", "target": "JARDÍN", "distance": 0.5, "betweenness": 0.00029455792167656572, "weight": 0.10029455792167657 }, "geometry": { "type": "LineString", "coordinates": [ [ -75.675072, 5.928039 ], [ -75.818982, 5.597542 ] ] } },
{ "type": "Feature", "properties": { "source": "FREDONIA", "target": "BETULIA", "distance": 0.5, "betweenness": 0.00021729682746631898, "weight": 0.10021729682746633 }, "geometry": { "type": "LineString", "coordinates": [ [ -75.675072, 5.928039 ], [ -75.984452, 6.115208 ] ] } },
{ "type": "Feature", "properties": { "source": "FREDONIA", "target": "TÁMESIS", "distance": 0.5, "betweenness": 0.00031804353838252146, "weight": 0.10031804353838253 }, "geometry": { "type": "LineString", "coordinates": [ [ -75.675072, 5.928039 ], [ -75.714429, 5.664645 ] ] } },
{ "type": "Feature", "properties": { "source": "FREDONIA", "target": "TARSO", "distance": 0.5, "betweenness": 0.00022212564585445937, "weight": 0.10022212564585446 }, "geometry": { "type": "LineString", "coordinates": [ [ -75.675072, 5.928039 ], [ -75.822956, 5.864542 ] ] } },
{ "type": "Feature", "properties": { "source": "FREDONIA", "target": "BETANIA", "distance": 0.5, "betweenness": 0.00025592737457144236, "weight": 0.10025592737457145 }, "geometry": { "type": "LineString", "coordinates": [ [ -75.675072, 5.928039 ], [ -75.97679, 5.74615 ] ] } },
{ "type": "Feature", "properties": { "source": "FREDONIA", "target": "CARAMANTA", "distance": 0.5, "betweenness": 0.00034526051475204016, "weight": 0.10034526051475205 }, "geometry": { "type": "LineString", "coordinates": [ [ -75.675072, 5.928039 ], [ -75.643868, 5.54853 ] ] } },
{ "type": "Feature", "properties": { "source": "FREDONIA", "target": "SONSÓN", "distance": 0.5, "betweenness": 0.00019677434931672221, "weight": 0.10019677434931673 }, "geometry": { "type": "LineString", "coordinates": [ [ -75.675072, 5.928039 ], [ -75.309596, 5.714851 ] ] } },
{ "type": "Feature", "properties": { "source": "FREDONIA", "target": "VENECIA", "distance": 0.5, "betweenness": 0.00019315273552561685, "weight": 0.10019315273552562 }, "geometry": { "type": "LineString", "coordinates": [ [ -75.675072, 5.928039 ], [ -75.735544, 5.964693 ] ] } },
{ "type": "Feature", "properties": { "source": "FREDONIA", "target": "ARMENIA", "distance": 0.5, "betweenness": 0.00016900864358491478, "weight": 0.10016900864358493 }, "geometry": { "type": "LineString", "coordinates": [ [ -75.675072, 5.928039 ], [ -75.786647, 6.155667 ] ] } },
{ "type": "Feature", "properties": { "source": "FREDONIA", "target": "ANDES", "distance": 0.5, "betweenness": 0.00021729682746631898, "weight": 0.10021729682746633 }, "geometry": { "type": "LineString", "coordinates": [ [ -75.675072, 5.928039 ], [ -75.878828, 5.657194 ] ] } },
{ "type": "Feature", "properties": { "source": "FREDONIA", "target": "ANZÁ", "distance": 0.5, "betweenness": 0.0005794582065768506, "weight": 0.10057945820657685 }, "geometry": { "type": "LineString", "coordinates": [ [ -75.675072, 5.928039 ], [ -75.854442, 6.302641 ] ] } },
{ "type": "Feature", "properties": { "source": "FREDONIA", "target": "VALPARAÍSO", "distance": 0.5, "betweenness": 0.00021729682746631898, "weight": 0.10021729682746633 }, "geometry": { "type": "LineString", "coordinates": [ [ -75.675072, 5.928039 ], [ -75.624452, 5.614555 ] ] } },
{ "type": "Feature", "properties": { "source": "FREDONIA", "target": "HISPANIA", "distance": 0.5, "betweenness": 0.00027425389007309912, "weight": 0.10027425389007311 }, "geometry": { "type": "LineString", "coordinates": [ [ -75.675072, 5.928039 ], [ -75.906587, 5.799461 ] ] } },
{ "type": "Feature", "properties": { "source": "FREDONIA", "target": "TITIRIBÍ", "distance": 0.5, "betweenness": 0.00016900864358491478, "weight": 0.10016900864358493 }, "geometry": { "type": "LineString", "coordinates": [ [ -75.675072, 5.928039 ], [ -75.791887, 6.062391 ] ] } },
{ "type": "Feature", "properties": { "source": "FREDONIA", "target": "LA PINTADA", "distance": 0.5, "betweenness": 0.00024144091940702108, "weight": 0.10024144091940702 }, "geometry": { "type": "LineString", "coordinates": [ [ -75.675072, 5.928039 ], [ -75.60781, 5.743808 ] ] } },
{ "type": "Feature", "properties": { "source": "FREDONIA", "target": "SABANETA", "distance": 0.5, "betweenness": 0.00014486455164421265, "weight": 0.10014486455164422 }, "geometry": { "type": "LineString", "coordinates": [ [ -75.675072, 5.928039 ], [ -75.615479, 6.149903 ] ] } },
{ "type": "Feature", "properties": { "source": "FREDONIA", "target": "ARGELIA", "distance": 1.0, "betweenness": 0.0, "weight": 0.1 }, "geometry": { "type": "LineString", "coordinates": [ [ -75.675072, 5.928039 ], [ -75.14107, 5.731474 ] ] } },
{ "type": "Feature", "properties": { "source": "SABANETA", "target": "ANZÁ", "distance": 0.5, "betweenness": 0.0005794582065768506, "weight": 0.10057945820657685 }, "geometry": { "type": "LineString", "coordinates": [ [ -75.615479, 6.149903 ], [ -75.854442, 6.302641 ] ] } },
{ "type": "Feature", "properties": { "source": "SABANETA", "target": "JERICÓ", "distance": 0.5, "betweenness": 0.00022632734497141275, "weight": 0.10022632734497142 }, "geometry": { "type": "LineString", "coordinates": [ [ -75.615479, 6.149903 ], [ -75.785499, 5.789748 ] ] } },
{ "type": "Feature", "properties": { "source": "SABANETA", "target": "VENECIA", "distance": 0.5, "betweenness": 0.00014486455164421265, "weight": 0.10014486455164422 }, "geometry": { "type": "LineString", "coordinates": [ [ -75.615479, 6.149903 ], [ -75.735544, 5.964693 ] ] } },
{ "type": "Feature", "properties": { "source": "SABANETA", "target": "TITIRIBÍ", "distance": 0.5, "betweenness": 0.00016555948759338588, "weight": 0.1001655594875934 }, "geometry": { "type": "LineString", "coordinates": [ [ -75.615479, 6.149903 ], [ -75.791887, 6.062391 ] ] } },
{ "type": "Feature", "properties": { "source": "SABANETA", "target": "SALGAR", "distance": 0.33333333333333331, "betweenness": 0.0021266346125103181, "weight": 0.10212663461251033 }, "geometry": { "type": "LineString", "coordinates": [ [ -75.615479, 6.149903 ], [ -75.976807, 5.964198 ] ] } },
{ "type": "Feature", "properties": { "source": "SABANETA", "target": "CAICEDO", "distance": 0.5, "betweenness": 0.00037930571330371929, "weight": 0.10037930571330372 }, "geometry": { "type": "LineString", "coordinates": [ [ -75.615479, 6.149903 ], [ -75.98293, 6.405607 ] ] } },
{ "type": "Feature", "properties": { "source": "SABANETA", "target": "PUEBLORRICO", "distance": 0.5, "betweenness": 0.000255185283433871, "weight": 0.10025518528343387 }, "geometry": { "type": "LineString", "coordinates": [ [ -75.615479, 6.149903 ], [ -75.839903, 5.79158 ] ] } },
{ "type": "Feature", "properties": { "source": "SABANETA", "target": "CONCORDIA", "distance": 0.5, "betweenness": 0.00021729682746631898, "weight": 0.10021729682746633 }, "geometry": { "type": "LineString", "coordinates": [ [ -75.615479, 6.149903 ], [ -75.908448, 6.045738 ] ] } },
{ "type": "Feature", "properties": { "source": "SABANETA", "target": "TARSO", "distance": 0.5, "betweenness": 0.00031242605602858176, "weight": 0.10031242605602858 }, "geometry": { "type": "LineString", "coordinates": [ [ -75.615479, 6.149903 ], [ -75.822956, 5.864542 ] ] } },
{ "type": "Feature", "properties": { "source": "SABANETA", "target": "SONSÓN", "distance": 0.33333333333333331, "betweenness": 0.0013325239313939877, "weight": 0.101332523931394 }, "geometry": { "type": "LineString", "coordinates": [ [ -75.615479, 6.149903 ], [ -75.309596, 5.714851 ] ] } },
{ "type": "Feature", "properties": { "source": "SABANETA", "target": "CIUDAD BOLÍVAR", "distance": 0.5, "betweenness": 0.00014486455164421265, "weight": 0.10014486455164422 }, "geometry": { "type": "LineString", "coordinates": [ [ -75.615479, 6.149903 ], [ -76.021509, 5.850273 ] ] } },
{ "type": "Feature", "properties": { "source": "SABANETA", "target": "BETULIA", "distance": 0.5, "betweenness": 0.0003138731952291274, "weight": 0.10031387319522914 }, "geometry": { "type": "LineString", "coordinates": [ [ -75.615479, 6.149903 ], [ -75.984452, 6.115208 ] ] } },
{ "type": "Feature", "properties": { "source": "SABANETA", "target": "TÁMESIS", "distance": 0.5, "betweenness": 0.00032142636445113624, "weight": 0.10032142636445114 }, "geometry": { "type": "LineString", "coordinates": [ [ -75.615479, 6.149903 ], [ -75.714429, 5.664645 ] ] } },
{ "type": "Feature", "properties": { "source": "SABANETA", "target": "HISPANIA", "distance": 0.5, "betweenness": 0.00056753827722971566, "weight": 0.10056753827722972 }, "geometry": { "type": "LineString", "coordinates": [ [ -75.615479, 6.149903 ], [ -75.906587, 5.799461 ] ] } },
{ "type": "Feature", "properties": { "source": "SABANETA", "target": "ARMENIA", "distance": 1.0, "betweenness": 0.0, "weight": 0.1 }, "geometry": { "type": "LineString", "coordinates": [ [ -75.615479, 6.149903 ], [ -75.786647, 6.155667 ] ] } },
{ "type": "Feature", "properties": { "source": "OLAYA", "target": "CAICEDO", "distance": 0.5, "betweenness": 0.00016096061293801407, "weight": 0.10016096061293801 }, "geometry": { "type": "LineString", "coordinates": [ [ -75.811773, 6.626492 ], [ -75.98293, 6.405607 ] ] } },
{ "type": "Feature", "properties": { "source": "OLAYA", "target": "ANZÁ", "distance": 0.5, "betweenness": 0.0005110499460781947, "weight": 0.10051104994607821 }, "geometry": { "type": "LineString", "coordinates": [ [ -75.811773, 6.626492 ], [ -75.854442, 6.302641 ] ] } },
{ "type": "Feature", "properties": { "source": "OLAYA", "target": "BETULIA", "distance": 1.0, "betweenness": 0.0, "weight": 0.1 }, "geometry": { "type": "LineString", "coordinates": [ [ -75.811773, 6.626492 ], [ -75.984452, 6.115208 ] ] } },
{ "type": "Feature", "properties": { "source": "OLAYA", "target": "ARMENIA", "distance": 1.0, "betweenness": 0.0, "weight": 0.1 }, "geometry": { "type": "LineString", "coordinates": [ [ -75.811773, 6.626492 ], [ -75.786647, 6.155667 ] ] } },
{ "type": "Feature", "properties": { "source": "SAN LUIS", "target": "SAN FRANCISCO", "distance": 0.5, "betweenness": 0.00031689120672171518, "weight": 0.10031689120672171 }, "geometry": { "type": "LineString", "coordinates": [ [ -74.993619, 6.043017 ], [ -75.101562, 5.963476 ] ] } },
{ "type": "Feature", "properties": { "source": "SAN LUIS", "target": "SONSÓN", "distance": 0.5, "betweenness": 0.00032973931279016021, "weight": 0.10032973931279017 }, "geometry": { "type": "LineString", "coordinates": [ [ -74.993619, 6.043017 ], [ -75.309596, 5.714851 ] ] } },
{ "type": "Feature", "properties": { "source": "SAN LUIS", "target": "ARGELIA", "distance": 0.5, "betweenness": 0.00034043169636389974, "weight": 0.1003404316963639 }, "geometry": { "type": "LineString", "coordinates": [ [ -74.993619, 6.043017 ], [ -75.14107, 5.731474 ] ] } },
{ "type": "Feature", "properties": { "source": "SAN LUIS", "target": "PUERTO NARE", "distance": 0.5, "betweenness": 0.00044672841283010769, "weight": 0.10044672841283012 }, "geometry": { "type": "LineString", "coordinates": [ [ -74.993619, 6.043017 ], [ -74.583012, 6.186025 ] ] } },
{ "type": "Feature", "properties": { "source": "SAN LUIS", "target": "NARIÑO", "distance": 0.5, "betweenness": 0.00034664017714865171, "weight": 0.10034664017714866 }, "geometry": { "type": "LineString", "coordinates": [ [ -74.993619, 6.043017 ], [ -75.176262, 5.610777 ] ] } },
{ "type": "Feature", "properties": { "source": "SAN LUIS", "target": "CARACOLÍ", "distance": 0.5, "betweenness": 0.00034866263679823, "weight": 0.10034866263679823 }, "geometry": { "type": "LineString", "coordinates": [ [ -74.993619, 6.043017 ], [ -74.757421, 6.409829 ] ] } },
{ "type": "Feature", "properties": { "source": "ARMENIA", "target": "CONCORDIA", "distance": 0.5, "betweenness": 0.00014486455164421265, "weight": 0.10014486455164422 }, "geometry": { "type": "LineString", "coordinates": [ [ -75.786647, 6.155667 ], [ -75.908448, 6.045738 ] ] } },
{ "type": "Feature", "properties": { "source": "ARMENIA", "target": "BETULIA", "distance": 0.5, "betweenness": 0.00014486455164421265, "weight": 0.10014486455164422 }, "geometry": { "type": "LineString", "coordinates": [ [ -75.786647, 6.155667 ], [ -75.984452, 6.115208 ] ] } },
{ "type": "Feature", "properties": { "source": "ARMENIA", "target": "PUEBLORRICO", "distance": 0.33333333333333331, "betweenness": 0.0020620779095355361, "weight": 0.10206207790953555 }, "geometry": { "type": "LineString", "coordinates": [ [ -75.786647, 6.155667 ], [ -75.839903, 5.79158 ] ] } },
{ "type": "Feature", "properties": { "source": "ARMENIA", "target": "TITIRIBÍ", "distance": 0.5, "betweenness": 0.00014486455164421265, "weight": 0.10014486455164422 }, "geometry": { "type": "LineString", "coordinates": [ [ -75.786647, 6.155667 ], [ -75.791887, 6.062391 ] ] } },
{ "type": "Feature", "properties": { "source": "ARMENIA", "target": "TÁMESIS", "distance": 0.5, "betweenness": 0.00049164221263308609, "weight": 0.1004916422126331 }, "geometry": { "type": "LineString", "coordinates": [ [ -75.786647, 6.155667 ], [ -75.714429, 5.664645 ] ] } },
{ "type": "Feature", "properties": { "source": "ARMENIA", "target": "ANZÁ", "distance": 0.5, "betweenness": 0.0002897291032884253, "weight": 0.10028972910328843 }, "geometry": { "type": "LineString", "coordinates": [ [ -75.786647, 6.155667 ], [ -75.854442, 6.302641 ] ] } },
{ "type": "Feature", "properties": { "source": "ARMENIA", "target": "SALGAR", "distance": 0.5, "betweenness": 0.00028627994729689638, "weight": 0.1002862799472969 }, "geometry": { "type": "LineString", "coordinates": [ [ -75.786647, 6.155667 ], [ -75.976807, 5.964198 ] ] } },
{ "type": "Feature", "properties": { "source": "ARMENIA", "target": "CIUDAD BOLÍVAR", "distance": 0.5, "betweenness": 0.00014486455164421265, "weight": 0.10014486455164422 }, "geometry": { "type": "LineString", "coordinates": [ [ -75.786647, 6.155667 ], [ -76.021509, 5.850273 ] ] } },
{ "type": "Feature", "properties": { "source": "ARMENIA", "target": "CAICEDO", "distance": 0.5, "betweenness": 0.00027065729957055976, "weight": 0.10027065729957056 }, "geometry": { "type": "LineString", "coordinates": [ [ -75.786647, 6.155667 ], [ -75.98293, 6.405607 ] ] } },
{ "type": "Feature", "properties": { "source": "ARMENIA", "target": "VENECIA", "distance": 0.5, "betweenness": 0.00014486455164421265, "weight": 0.10014486455164422 }, "geometry": { "type": "LineString", "coordinates": [ [ -75.786647, 6.155667 ], [ -75.735544, 5.964693 ] ] } },
{ "type": "Feature", "properties": { "source": "ARMENIA", "target": "JERICÓ", "distance": 0.5, "betweenness": 0.00020177562550443903, "weight": 0.10020177562550445 }, "geometry": { "type": "LineString", "coordinates": [ [ -75.786647, 6.155667 ], [ -75.785499, 5.789748 ] ] } },
{ "type": "Feature", "properties": { "source": "ARMENIA", "target": "ANDES", "distance": 0.5, "betweenness": 0.0002897291032884253, "weight": 0.10028972910328843 }, "geometry": { "type": "LineString", "coordinates": [ [ -75.786647, 6.155667 ], [ -75.878828, 5.657194 ] ] } },
{ "type": "Feature", "properties": { "source": "ARMENIA", "target": "TARSO", "distance": 0.5, "betweenness": 0.00030730458198055402, "weight": 0.10030730458198056 }, "geometry": { "type": "LineString", "coordinates": [ [ -75.786647, 6.155667 ], [ -75.822956, 5.864542 ] ] } },
{ "type": "Feature", "properties": { "source": "ARMENIA", "target": "BETANIA", "distance": 0.5, "betweenness": 0.00039113428943937417, "weight": 0.10039113428943938 }, "geometry": { "type": "LineString", "coordinates": [ [ -75.786647, 6.155667 ], [ -75.97679, 5.74615 ] ] } },
{ "type": "Feature", "properties": { "source": "ARMENIA", "target": "HISPANIA", "distance": 0.5, "betweenness": 0.00083898685376303803, "weight": 0.10083898685376304 }, "geometry": { "type": "LineString", "coordinates": [ [ -75.786647, 6.155667 ], [ -75.906587, 5.799461 ] ] } },
{ "type": "Feature", "properties": { "source": "SONSÓN", "target": "ARGELIA", "distance": 0.5, "betweenness": 0.00024144091940702108, "weight": 0.10024144091940702 }, "geometry": { "type": "LineString", "coordinates": [ [ -75.309596, 5.714851 ], [ -75.14107, 5.731474 ] ] } },
{ "type": "Feature", "properties": { "source": "SONSÓN", "target": "NARIÑO", "distance": 0.5, "betweenness": 0.00016555948759338588, "weight": 0.1001655594875934 }, "geometry": { "type": "LineString", "coordinates": [ [ -75.309596, 5.714851 ], [ -75.176262, 5.610777 ] ] } },
{ "type": "Feature", "properties": { "source": "SONSÓN", "target": "SAN FRANCISCO", "distance": 0.5, "betweenness": 0.0002566224317636747, "weight": 0.10025662243176368 }, "geometry": { "type": "LineString", "coordinates": [ [ -75.309596, 5.714851 ], [ -75.101562, 5.963476 ] ] } },
{ "type": "Feature", "properties": { "source": "SONSÓN", "target": "CARAMANTA", "distance": 0.5, "betweenness": 0.00081244869380462585, "weight": 0.10081244869380464 }, "geometry": { "type": "LineString", "coordinates": [ [ -75.309596, 5.714851 ], [ -75.643868, 5.54853 ] ] } },
{ "type": "Feature", "properties": { "source": "SONSÓN", "target": "VALPARAÍSO", "distance": 0.5, "betweenness": 0.00022695446424259982, "weight": 0.10022695446424261 }, "geometry": { "type": "LineString", "coordinates": [ [ -75.309596, 5.714851 ], [ -75.624452, 5.614555 ] ] } },
{ "type": "Feature", "properties": { "source": "SONSÓN", "target": "LA PINTADA", "distance": 0.5, "betweenness": 0.00028530268643262995, "weight": 0.10028530268643264 }, "geometry": { "type": "LineString", "coordinates": [ [ -75.309596, 5.714851 ], [ -75.60781, 5.743808 ] ] } },
{ "type": "Feature", "properties": { "source": "SONSÓN", "target": "JERICÓ", "distance": 0.5, "betweenness": 0.00039441098763132653, "weight": 0.10039441098763133 }, "geometry": { "type": "LineString", "coordinates": [ [ -75.309596, 5.714851 ], [ -75.785499, 5.789748 ] ] } },
{ "type": "Feature", "properties": { "source": "SONSÓN", "target": "TÁMESIS", "distance": 0.5, "betweenness": 0.00036739259903101698, "weight": 0.10036739259903102 }, "geometry": { "type": "LineString", "coordinates": [ [ -75.309596, 5.714851 ], [ -75.714429, 5.664645 ] ] } },
{ "type": "Feature", "properties": { "source": "SONSÓN", "target": "VENECIA", "distance": 0.5, "betweenness": 0.00028358333443079205, "weight": 0.1002835833344308 }, "geometry": { "type": "LineString", "coordinates": [ [ -75.309596, 5.714851 ], [ -75.735544, 5.964693 ] ] } },
{ "type": "Feature", "properties": { "source": "SONSÓN", "target": "JARDÍN", "distance": 0.5, "betweenness": 0.00045770300007588147, "weight": 0.10045770300007589 }, "geometry": { "type": "LineString", "coordinates": [ [ -75.309596, 5.714851 ], [ -75.818982, 5.597542 ] ] } },
{ "type": "Feature", "properties": { "source": "SONSÓN", "target": "PUERTO NARE", "distance": 0.5, "betweenness": 0.0011565647158867497, "weight": 0.10115656471588676 }, "geometry": { "type": "LineString", "coordinates": [ [ -75.309596, 5.714851 ], [ -74.583012, 6.186025 ] ] } },
{ "type": "Feature", "properties": { "source": "SONSÓN", "target": "PUEBLORRICO", "distance": 0.5, "betweenness": 0.00046224961479198758, "weight": 0.100462249614792 }, "geometry": { "type": "LineString", "coordinates": [ [ -75.309596, 5.714851 ], [ -75.839903, 5.79158 ] ] } },
{ "type": "Feature", "properties": { "source": "SONSÓN", "target": "TARSO", "distance": 1.0, "betweenness": 0.0, "weight": 0.1 }, "geometry": { "type": "LineString", "coordinates": [ [ -75.309596, 5.714851 ], [ -75.822956, 5.864542 ] ] } },
{ "type": "Feature", "properties": { "source": "SONSÓN", "target": "ANDES", "distance": 1.0, "betweenness": 0.0, "weight": 0.1 }, "geometry": { "type": "LineString", "coordinates": [ [ -75.309596, 5.714851 ], [ -75.878828, 5.657194 ] ] } },
{ "type": "Feature", "properties": { "source": "CONCORDIA", "target": "BETANIA", "distance": 0.5, "betweenness": 0.00017383746197305517, "weight": 0.10017383746197306 }, "geometry": { "type": "LineString", "coordinates": [ [ -75.908448, 6.045738 ], [ -75.97679, 5.74615 ] ] } },
{ "type": "Feature", "properties": { "source": "CONCORDIA", "target": "CAICEDO", "distance": 0.5, "betweenness": 0.00037206248572150863, "weight": 0.10037206248572152 }, "geometry": { "type": "LineString", "coordinates": [ [ -75.908448, 6.045738 ], [ -75.98293, 6.405607 ] ] } },
{ "type": "Feature", "properties": { "source": "CONCORDIA", "target": "ANDES", "distance": 0.5, "betweenness": 0.00016900864358491478, "weight": 0.10016900864358493 }, "geometry": { "type": "LineString", "coordinates": [ [ -75.908448, 6.045738 ], [ -75.878828, 5.657194 ] ] } },
{ "type": "Feature", "properties": { "source": "CONCORDIA", "target": "JERICÓ", "distance": 0.5, "betweenness": 0.00016900864358491478, "weight": 0.10016900864358493 }, "geometry": { "type": "LineString", "coordinates": [ [ -75.908448, 6.045738 ], [ -75.785499, 5.789748 ] ] } },
{ "type": "Feature", "properties": { "source": "CONCORDIA", "target": "ANZÁ", "distance": 0.5, "betweenness": 0.0005794582065768506, "weight": 0.10057945820657685 }, "geometry": { "type": "LineString", "coordinates": [ [ -75.908448, 6.045738 ], [ -75.854442, 6.302641 ] ] } },
{ "type": "Feature", "properties": { "source": "CONCORDIA", "target": "BETULIA", "distance": 0.5, "betweenness": 0.00014486455164421265, "weight": 0.10014486455164422 }, "geometry": { "type": "LineString", "coordinates": [ [ -75.908448, 6.045738 ], [ -75.984452, 6.115208 ] ] } },
{ "type": "Feature", "properties": { "source": "CONCORDIA", "target": "PUEBLORRICO", "distance": 0.5, "betweenness": 0.00016297262059973924, "weight": 0.10016297262059974 }, "geometry": { "type": "LineString", "coordinates": [ [ -75.908448, 6.045738 ], [ -75.839903, 5.79158 ] ] } },
{ "type": "Feature", "properties": { "source": "CONCORDIA", "target": "CIUDAD BOLÍVAR", "distance": 0.5, "betweenness": 0.00014486455164421265, "weight": 0.10014486455164422 }, "geometry": { "type": "LineString", "coordinates": [ [ -75.908448, 6.045738 ], [ -76.021509, 5.850273 ] ] } },
{ "type": "Feature", "properties": { "source": "CONCORDIA", "target": "VENECIA", "distance": 0.5, "betweenness": 0.00014486455164421265, "weight": 0.10014486455164422 }, "geometry": { "type": "LineString", "coordinates": [ [ -75.908448, 6.045738 ], [ -75.735544, 5.964693 ] ] } },
{ "type": "Feature", "properties": { "source": "CONCORDIA", "target": "TÁMESIS", "distance": 0.5, "betweenness": 0.00020191310934466087, "weight": 0.10020191310934466 }, "geometry": { "type": "LineString", "coordinates": [ [ -75.908448, 6.045738 ], [ -75.714429, 5.664645 ] ] } },
{ "type": "Feature", "properties": { "source": "CONCORDIA", "target": "SALGAR", "distance": 0.5, "betweenness": 0.00014486455164421265, "weight": 0.10014486455164422 }, "geometry": { "type": "LineString", "coordinates": [ [ -75.908448, 6.045738 ], [ -75.976807, 5.964198 ] ] } },
{ "type": "Feature", "properties": { "source": "CONCORDIA", "target": "TARSO", "distance": 0.5, "betweenness": 0.00019141294066518392, "weight": 0.10019141294066519 }, "geometry": { "type": "LineString", "coordinates": [ [ -75.908448, 6.045738 ], [ -75.822956, 5.864542 ] ] } },
{ "type": "Feature", "properties": { "source": "CONCORDIA", "target": "JARDÍN", "distance": 0.5, "betweenness": 0.00051668356753102509, "weight": 0.10051668356753103 }, "geometry": { "type": "LineString", "coordinates": [ [ -75.908448, 6.045738 ], [ -75.818982, 5.597542 ] ] } },
{ "type": "Feature", "properties": { "source": "CONCORDIA", "target": "TITIRIBÍ", "distance": 0.5, "betweenness": 0.00014486455164421265, "weight": 0.10014486455164422 }, "geometry": { "type": "LineString", "coordinates": [ [ -75.908448, 6.045738 ], [ -75.791887, 6.062391 ] ] } },
{ "type": "Feature", "properties": { "source": "CONCORDIA", "target": "HISPANIA", "distance": 0.5, "betweenness": 0.00029574478509724055, "weight": 0.10029574478509724 }, "geometry": { "type": "LineString", "coordinates": [ [ -75.908448, 6.045738 ], [ -75.906587, 5.799461 ] ] } },
{ "type": "Feature", "properties": { "source": "SALGAR", "target": "BETULIA", "distance": 0.5, "betweenness": 0.00016096061293801407, "weight": 0.10016096061293801 }, "geometry": { "type": "LineString", "coordinates": [ [ -75.976807, 5.964198 ], [ -75.984452, 6.115208 ] ] } },
{ "type": "Feature", "properties": { "source": "SALGAR", "target": "ANDES", "distance": 0.5, "betweenness": 0.00019315273552561685, "weight": 0.10019315273552562 }, "geometry": { "type": "LineString", "coordinates": [ [ -75.976807, 5.964198 ], [ -75.878828, 5.657194 ] ] } },
{ "type": "Feature", "properties": { "source": "SALGAR", "target": "ANZÁ", "distance": 0.5, "betweenness": 0.00062975839811998003, "weight": 0.10062975839811998 }, "geometry": { "type": "LineString", "coordinates": [ [ -75.976807, 5.964198 ], [ -75.854442, 6.302641 ] ] } },
{ "type": "Feature", "properties": { "source": "SALGAR", "target": "CAICEDO", "distance": 0.5, "betweenness": 0.00077969523798702923, "weight": 0.10077969523798704 }, "geometry": { "type": "LineString", "coordinates": [ [ -75.976807, 5.964198 ], [ -75.98293, 6.405607 ] ] } },
{ "type": "Feature", "properties": { "source": "SALGAR", "target": "JERICÓ", "distance": 0.5, "betweenness": 0.00014486455164421265, "weight": 0.10014486455164422 }, "geometry": { "type": "LineString", "coordinates": [ [ -75.976807, 5.964198 ], [ -75.785499, 5.789748 ] ] } },
{ "type": "Feature", "properties": { "source": "SALGAR", "target": "TITIRIBÍ", "distance": 0.5, "betweenness": 0.00014486455164421265, "weight": 0.10014486455164422 }, "geometry": { "type": "LineString", "coordinates": [ [ -75.976807, 5.964198 ], [ -75.791887, 6.062391 ] ] } },
{ "type": "Feature", "properties": { "source": "SALGAR", "target": "HISPANIA", "distance": 0.5, "betweenness": 0.00017904834071718034, "weight": 0.10017904834071718 }, "geometry": { "type": "LineString", "coordinates": [ [ -75.976807, 5.964198 ], [ -75.906587, 5.799461 ] ] } },
{ "type": "Feature", "properties": { "source": "SALGAR", "target": "TARSO", "distance": 0.5, "betweenness": 0.00016244003033634137, "weight": 0.10016244003033635 }, "geometry": { "type": "LineString", "coordinates": [ [ -75.976807, 5.964198 ], [ -75.822956, 5.864542 ] ] } },
{ "type": "Feature", "properties": { "source": "SALGAR", "target": "BETANIA", "distance": 0.5, "betweenness": 0.00019315273552561685, "weight": 0.10019315273552562 }, "geometry": { "type": "LineString", "coordinates": [ [ -75.976807, 5.964198 ], [ -75.97679, 5.74615 ] ] } },
{ "type": "Feature", "properties": { "source": "SALGAR", "target": "PUEBLORRICO", "distance": 0.5, "betweenness": 0.00014486455164421265, "weight": 0.10014486455164422 }, "geometry": { "type": "LineString", "coordinates": [ [ -75.976807, 5.964198 ], [ -75.839903, 5.79158 ] ] } },
{ "type": "Feature", "properties": { "source": "SALGAR", "target": "JARDÍN", "distance": 0.5, "betweenness": 0.00023419769182481045, "weight": 0.10023419769182482 }, "geometry": { "type": "LineString", "coordinates": [ [ -75.976807, 5.964198 ], [ -75.818982, 5.597542 ] ] } },
{ "type": "Feature", "properties": { "source": "SALGAR", "target": "TÁMESIS", "distance": 0.5, "betweenness": 0.00016635544666835411, "weight": 0.10016635544666835 }, "geometry": { "type": "LineString", "coordinates": [ [ -75.976807, 5.964198 ], [ -75.714429, 5.664645 ] ] } },
{ "type": "Feature", "properties": { "source": "SALGAR", "target": "CIUDAD BOLÍVAR", "distance": 0.5, "betweenness": 0.00014486455164421265, "weight": 0.10014486455164422 }, "geometry": { "type": "LineString", "coordinates": [ [ -75.976807, 5.964198 ], [ -76.021509, 5.850273 ] ] } },
{ "type": "Feature", "properties": { "source": "SALGAR", "target": "VENECIA", "distance": 0.5, "betweenness": 0.00014486455164421265, "weight": 0.10014486455164422 }, "geometry": { "type": "LineString", "coordinates": [ [ -75.976807, 5.964198 ], [ -75.735544, 5.964693 ] ] } },
{ "type": "Feature", "properties": { "source": "SALGAR", "target": "VALPARAÍSO", "distance": 0.5, "betweenness": 0.00014486455164421265, "weight": 0.10014486455164422 }, "geometry": { "type": "LineString", "coordinates": [ [ -75.976807, 5.964198 ], [ -75.624452, 5.614555 ] ] } },
{ "type": "Feature", "properties": { "source": "SALGAR", "target": "VIGÍA DEL FUERTE", "distance": 1.0, "betweenness": 7.2432275822106325e-05, "weight": 0.10007243227582212 }, "geometry": { "type": "LineString", "coordinates": [ [ -75.976807, 5.964198 ], [ -76.896004, 6.588164 ] ] } },
{ "type": "Feature", "properties": { "source": "SALGAR", "target": "LA PINTADA", "distance": 0.5, "betweenness": 0.00016900864358491478, "weight": 0.10016900864358493 }, "geometry": { "type": "LineString", "coordinates": [ [ -75.976807, 5.964198 ], [ -75.60781, 5.743808 ] ] } },
{ "type": "Feature", "properties": { "source": "SALGAR", "target": "CARAMANTA", "distance": 0.5, "betweenness": 0.00045873774687334005, "weight": 0.10045873774687335 }, "geometry": { "type": "LineString", "coordinates": [ [ -75.976807, 5.964198 ], [ -75.643868, 5.54853 ] ] } },
{ "type": "Feature", "properties": { "source": "JERICÓ", "target": "CIUDAD BOLÍVAR", "distance": 0.5, "betweenness": 0.00014486455164421265, "weight": 0.10014486455164422 }, "geometry": { "type": "LineString", "coordinates": [ [ -75.785499, 5.789748 ], [ -76.021509, 5.850273 ] ] } },
{ "type": "Feature", "properties": { "source": "JERICÓ", "target": "BETANIA", "distance": 0.5, "betweenness": 0.00015452218842049349, "weight": 0.1001545221884205 }, "geometry": { "type": "LineString", "coordinates": [ [ -75.785499, 5.789748 ], [ -75.97679, 5.74615 ] ] } },
{ "type": "Feature", "properties": { "source": "JERICÓ", "target": "ANDES", "distance": 0.5, "betweenness": 0.00014486455164421265, "weight": 0.10014486455164422 }, "geometry": { "type": "LineString", "coordinates": [ [ -75.785499, 5.789748 ], [ -75.878828, 5.657194 ] ] } },
{ "type": "Feature", "properties": { "source": "JERICÓ", "target": "TITIRIBÍ", "distance": 0.5, "betweenness": 0.00014486455164421265, "weight": 0.10014486455164422 }, "geometry": { "type": "LineString", "coordinates": [ [ -75.785499, 5.789748 ], [ -75.791887, 6.062391 ] ] } },
{ "type": "Feature", "properties": { "source": "JERICÓ", "target": "HISPANIA", "distance": 0.5, "betweenness": 0.00015755744569303891, "weight": 0.10015755744569305 }, "geometry": { "type": "LineString", "coordinates": [ [ -75.785499, 5.789748 ], [ -75.906587, 5.799461 ] ] } },
{ "type": "Feature", "properties": { "source": "JERICÓ", "target": "PUEBLORRICO", "distance": 0.5, "betweenness": 0.00014486455164421265, "weight": 0.10014486455164422 }, "geometry": { "type": "LineString", "coordinates": [ [ -75.785499, 5.789748 ], [ -75.839903, 5.79158 ] ] } },
{ "type": "Feature", "properties": { "source": "JERICÓ", "target": "TÁMESIS", "distance": 0.5, "betweenness": 0.00021005359988410837, "weight": 0.10021005359988411 }, "geometry": { "type": "LineString", "coordinates": [ [ -75.785499, 5.789748 ], [ -75.714429, 5.664645 ] ] } },
{ "type": "Feature", "properties": { "source": "JERICÓ", "target": "CARAMANTA", "distance": 0.5, "betweenness": 0.00037664783427495297, "weight": 0.10037664783427495 }, "geometry": { "type": "LineString", "coordinates": [ [ -75.785499, 5.789748 ], [ -75.643868, 5.54853 ] ] } },
{ "type": "Feature", "properties": { "source": "JERICÓ", "target": "BETULIA", "distance": 0.5, "betweenness": 0.00014486455164421265, "weight": 0.10014486455164422 }, "geometry": { "type": "LineString", "coordinates": [ [ -75.785499, 5.789748 ], [ -75.984452, 6.115208 ] ] } },
{ "type": "Feature", "properties": { "source": "JERICÓ", "target": "JARDÍN", "distance": 0.5, "betweenness": 0.00021729682746631898, "weight": 0.10021729682746633 }, "geometry": { "type": "LineString", "coordinates": [ [ -75.785499, 5.789748 ], [ -75.818982, 5.597542 ] ] } },
{ "type": "Feature", "properties": { "source": "JERICÓ", "target": "VENECIA", "distance": 0.5, "betweenness": 0.00014486455164421265, "weight": 0.10014486455164422 }, "geometry": { "type": "LineString", "coordinates": [ [ -75.785499, 5.789748 ], [ -75.735544, 5.964693 ] ] } },
{ "type": "Feature", "properties": { "source": "JERICÓ", "target": "VALPARAÍSO", "distance": 0.5, "betweenness": 0.00021729682746631898, "weight": 0.10021729682746633 }, "geometry": { "type": "LineString", "coordinates": [ [ -75.785499, 5.789748 ], [ -75.624452, 5.614555 ] ] } },
{ "type": "Feature", "properties": { "source": "JERICÓ", "target": "TARSO", "distance": 0.5, "betweenness": 0.00014486455164421265, "weight": 0.10014486455164422 }, "geometry": { "type": "LineString", "coordinates": [ [ -75.785499, 5.789748 ], [ -75.822956, 5.864542 ] ] } },
{ "type": "Feature", "properties": { "source": "JERICÓ", "target": "LA PINTADA", "distance": 0.5, "betweenness": 0.00016900864358491478, "weight": 0.10016900864358493 }, "geometry": { "type": "LineString", "coordinates": [ [ -75.785499, 5.789748 ], [ -75.60781, 5.743808 ] ] } },
{ "type": "Feature", "properties": { "source": "JERICÓ", "target": "ANZÁ", "distance": 0.5, "betweenness": 0.00088235681456020427, "weight": 0.1008823568145602 }, "geometry": { "type": "LineString", "coordinates": [ [ -75.785499, 5.789748 ], [ -75.854442, 6.302641 ] ] } },
{ "type": "Feature", "properties": { "source": "TITIRIBÍ", "target": "ANDES", "distance": 0.5, "betweenness": 0.00018108068955526583, "weight": 0.10018108068955527 }, "geometry": { "type": "LineString", "coordinates": [ [ -75.791887, 6.062391 ], [ -75.878828, 5.657194 ] ] } },
{ "type": "Feature", "properties": { "source": "TITIRIBÍ", "target": "CAICEDO", "distance": 0.5, "betweenness": 0.00043873732423467819, "weight": 0.10043873732423468 }, "geometry": { "type": "LineString", "coordinates": [ [ -75.791887, 6.062391 ], [ -75.98293, 6.405607 ] ] } },
{ "type": "Feature", "properties": { "source": "TITIRIBÍ", "target": "BETULIA", "distance": 0.5, "betweenness": 0.00014486455164421265, "weight": 0.10014486455164422 }, "geometry": { "type": "LineString", "coordinates": [ [ -75.791887, 6.062391 ], [ -75.984452, 6.115208 ] ] } },
{ "type": "Feature", "properties": { "source": "TITIRIBÍ", "target": "VENECIA", "distance": 0.5, "betweenness": 0.00014486455164421265, "weight": 0.10014486455164422 }, "geometry": { "type": "LineString", "coordinates": [ [ -75.791887, 6.062391 ], [ -75.735544, 5.964693 ] ] } },
{ "type": "Feature", "properties": { "source": "TITIRIBÍ", "target": "ANZÁ", "distance": 0.5, "betweenness": 0.00059060163362640542, "weight": 0.10059060163362642 }, "geometry": { "type": "LineString", "coordinates": [ [ -75.791887, 6.062391 ], [ -75.854442, 6.302641 ] ] } },
{ "type": "Feature", "properties": { "source": "TITIRIBÍ", "target": "TARSO", "distance": 0.5, "betweenness": 0.00016244003033634137, "weight": 0.10016244003033635 }, "geometry": { "type": "LineString", "coordinates": [ [ -75.791887, 6.062391 ], [ -75.822956, 5.864542 ] ] } },
{ "type": "Feature", "properties": { "source": "TITIRIBÍ", "target": "HISPANIA", "distance": 0.5, "betweenness": 0.00025228541960397677, "weight": 0.10025228541960399 }, "geometry": { "type": "LineString", "coordinates": [ [ -75.791887, 6.062391 ], [ -75.906587, 5.799461 ] ] } },
{ "type": "Feature", "properties": { "source": "TITIRIBÍ", "target": "CIUDAD BOLÍVAR", "distance": 0.5, "betweenness": 0.00014486455164421265, "weight": 0.10014486455164422 }, "geometry": { "type": "LineString", "coordinates": [ [ -75.791887, 6.062391 ], [ -76.021509, 5.850273 ] ] } },
{ "type": "Feature", "properties": { "source": "TITIRIBÍ", "target": "TÁMESIS", "distance": 0.5, "betweenness": 0.00017294019901581832, "weight": 0.10017294019901582 }, "geometry": { "type": "LineString", "coordinates": [ [ -75.791887, 6.062391 ], [ -75.714429, 5.664645 ] ] } },
{ "type": "Feature", "properties": { "source": "TITIRIBÍ", "target": "BETANIA", "distance": 0.5, "betweenness": 0.00019315273552561685, "weight": 0.10019315273552562 }, "geometry": { "type": "LineString", "coordinates": [ [ -75.791887, 6.062391 ], [ -75.97679, 5.74615 ] ] } },
{ "type": "Feature", "properties": { "source": "TITIRIBÍ", "target": "PUEBLORRICO", "distance": 0.5, "betweenness": 0.00014486455164421265, "weight": 0.10014486455164422 }, "geometry": { "type": "LineString", "coordinates": [ [ -75.791887, 6.062391 ], [ -75.839903, 5.79158 ] ] } },
{ "type": "Feature", "properties": { "source": "TITIRIBÍ", "target": "JARDÍN", "distance": 0.5, "betweenness": 0.00027524264812400404, "weight": 0.10027524264812401 }, "geometry": { "type": "LineString", "coordinates": [ [ -75.791887, 6.062391 ], [ -75.818982, 5.597542 ] ] } },
{ "type": "Feature", "properties": { "source": "TITIRIBÍ", "target": "LA PINTADA", "distance": 0.5, "betweenness": 0.00016555948759338588, "weight": 0.1001655594875934 }, "geometry": { "type": "LineString", "coordinates": [ [ -75.791887, 6.062391 ], [ -75.60781, 5.743808 ] ] } },
{ "type": "Feature", "properties": { "source": "TITIRIBÍ", "target": "VALPARAÍSO", "distance": 1.0, "betweenness": 0.0, "weight": 0.1 }, "geometry": { "type": "LineString", "coordinates": [ [ -75.791887, 6.062391 ], [ -75.624452, 5.614555 ] ] } },
{ "type": "Feature", "properties": { "source": "BETULIA", "target": "BETANIA", "distance": 0.5, "betweenness": 0.00014486455164421265, "weight": 0.10014486455164422 }, "geometry": { "type": "LineString", "coordinates": [ [ -75.984452, 6.115208 ], [ -75.97679, 5.74615 ] ] } },
{ "type": "Feature", "properties": { "source": "BETULIA", "target": "ANZÁ", "distance": 0.5, "betweenness": 0.00019315273552561685, "weight": 0.10019315273552562 }, "geometry": { "type": "LineString", "coordinates": [ [ -75.984452, 6.115208 ], [ -75.854442, 6.302641 ] ] } },
{ "type": "Feature", "properties": { "source": "BETULIA", "target": "CAICEDO", "distance": 0.5, "betweenness": 0.00049399015002205417, "weight": 0.10049399015002206 }, "geometry": { "type": "LineString", "coordinates": [ [ -75.984452, 6.115208 ], [ -75.98293, 6.405607 ] ] } },
{ "type": "Feature", "properties": { "source": "BETULIA", "target": "CIUDAD BOLÍVAR", "distance": 0.5, "betweenness": 0.00014486455164421265, "weight": 0.10014486455164422 }, "geometry": { "type": "LineString", "coordinates": [ [ -75.984452, 6.115208 ], [ -76.021509, 5.850273 ] ] } },
{ "type": "Feature", "properties": { "source": "BETULIA", "target": "VENECIA", "distance": 0.5, "betweenness": 0.00014486455164421265, "weight": 0.10014486455164422 }, "geometry": { "type": "LineString", "coordinates": [ [ -75.984452, 6.115208 ], [ -75.735544, 5.964693 ] ] } },
{ "type": "Feature", "properties": { "source": "BETULIA", "target": "TÁMESIS", "distance": 0.5, "betweenness": 0.00052302953215599879, "weight": 0.100523029532156 }, "geometry": { "type": "LineString", "coordinates": [ [ -75.984452, 6.115208 ], [ -75.714429, 5.664645 ] ] } },
{ "type": "Feature", "properties": { "source": "BETULIA", "target": "PUEBLORRICO", "distance": 0.5, "betweenness": 0.00014486455164421265, "weight": 0.10014486455164422 }, "geometry": { "type": "LineString", "coordinates": [ [ -75.984452, 6.115208 ], [ -75.839903, 5.79158 ] ] } },
{ "type": "Feature", "properties": { "source": "BETULIA", "target": "TARSO", "distance": 0.5, "betweenness": 0.0002348723061584477, "weight": 0.10023487230615845 }, "geometry": { "type": "LineString", "coordinates": [ [ -75.984452, 6.115208 ], [ -75.822956, 5.864542 ] ] } },
{ "type": "Feature", "properties": { "source": "BETULIA", "target": "ANDES", "distance": 0.33333333333333331, "betweenness": 0.0020932927712588724, "weight": 0.10209329277125888 }, "geometry": { "type": "LineString", "coordinates": [ [ -75.984452, 6.115208 ], [ -75.878828, 5.657194 ] ] } },
{ "type": "Feature", "properties": { "source": "BETULIA", "target": "HISPANIA", "distance": 0.5, "betweenness": 0.00031988887703794265, "weight": 0.10031988887703795 }, "geometry": { "type": "LineString", "coordinates": [ [ -75.984452, 6.115208 ], [ -75.906587, 5.799461 ] ] } },
{ "type": "Feature", "properties": { "source": "ARGELIA", "target": "SAN FRANCISCO", "distance": 0.5, "betweenness": 0.00021729682746631898, "weight": 0.10021729682746633 }, "geometry": { "type": "LineString", "coordinates": [ [ -75.14107, 5.731474 ], [ -75.101562, 5.963476 ] ] } },
{ "type": "Feature", "properties": { "source": "ARGELIA", "target": "NARIÑO", "distance": 0.5, "betweenness": 0.00014486455164421265, "weight": 0.10014486455164422 }, "geometry": { "type": "LineString", "coordinates": [ [ -75.14107, 5.731474 ], [ -75.176262, 5.610777 ] ] } },
{ "type": "Feature", "properties": { "source": "ARGELIA", "target": "VALPARAÍSO", "distance": 0.5, "betweenness": 0.00014486455164421265, "weight": 0.10014486455164422 }, "geometry": { "type": "LineString", "coordinates": [ [ -75.14107, 5.731474 ], [ -75.624452, 5.614555 ] ] } },
{ "type": "Feature", "properties": { "source": "ARGELIA", "target": "CARAMANTA", "distance": 0.33333333333333331, "betweenness": 0.0023105895987251919, "weight": 0.1023105895987252 }, "geometry": { "type": "LineString", "coordinates": [ [ -75.14107, 5.731474 ], [ -75.643868, 5.54853 ] ] } },
{ "type": "Feature", "properties": { "source": "ARGELIA", "target": "LA PINTADA", "distance": 1.0, "betweenness": 0.0, "weight": 0.1 }, "geometry": { "type": "LineString", "coordinates": [ [ -75.14107, 5.731474 ], [ -75.60781, 5.743808 ] ] } },
{ "type": "Feature", "properties": { "source": "ARGELIA", "target": "PUERTO NARE", "distance": 1.0, "betweenness": 0.0, "weight": 0.1 }, "geometry": { "type": "LineString", "coordinates": [ [ -75.14107, 5.731474 ], [ -74.583012, 6.186025 ] ] } },
{ "type": "Feature", "properties": { "source": "ARGELIA", "target": "PUERTO TRIUNFO", "distance": 1.0, "betweenness": 0.00021729682746631898, "weight": 0.10021729682746633 }, "geometry": { "type": "LineString", "coordinates": [ [ -75.14107, 5.731474 ], [ -74.64119, 5.871318 ] ] } },
{ "type": "Feature", "properties": { "source": "PUEBLORRICO", "target": "ANDES", "distance": 0.5, "betweenness": 0.00019315273552561685, "weight": 0.10019315273552562 }, "geometry": { "type": "LineString", "coordinates": [ [ -75.839903, 5.79158 ], [ -75.878828, 5.657194 ] ] } },
{ "type": "Feature", "properties": { "source": "PUEBLORRICO", "target": "TÁMESIS", "distance": 0.5, "betweenness": 0.00021005359988410837, "weight": 0.10021005359988411 }, "geometry": { "type": "LineString", "coordinates": [ [ -75.839903, 5.79158 ], [ -75.714429, 5.664645 ] ] } },
{ "type": "Feature", "properties": { "source": "PUEBLORRICO", "target": "JARDÍN", "distance": 0.5, "betweenness": 0.0003380172871698295, "weight": 0.10033801728716983 }, "geometry": { "type": "LineString", "coordinates": [ [ -75.839903, 5.79158 ], [ -75.818982, 5.597542 ] ] } },
{ "type": "Feature", "properties": { "source": "PUEBLORRICO", "target": "HISPANIA", "distance": 0.5, "betweenness": 0.00015065913370998117, "weight": 0.10015065913370999 }, "geometry": { "type": "LineString", "coordinates": [ [ -75.839903, 5.79158 ], [ -75.906587, 5.799461 ] ] } },
{ "type": "Feature", "properties": { "source": "PUEBLORRICO", "target": "BETANIA", "distance": 0.5, "betweenness": 0.00020281037230189769, "weight": 0.1002028103723019 }, "geometry": { "type": "LineString", "coordinates": [ [ -75.839903, 5.79158 ], [ -75.97679, 5.74615 ] ] } },
{ "type": "Feature", "properties": { "source": "PUEBLORRICO", "target": "CIUDAD BOLÍVAR", "distance": 0.5, "betweenness": 0.00014486455164421265, "weight": 0.10014486455164422 }, "geometry": { "type": "LineString", "coordinates": [ [ -75.839903, 5.79158 ], [ -76.021509, 5.850273 ] ] } },
{ "type": "Feature", "properties": { "source": "PUEBLORRICO", "target": "VENECIA", "distance": 0.5, "betweenness": 0.00014486455164421265, "weight": 0.10014486455164422 }, "geometry": { "type": "LineString", "coordinates": [ [ -75.839903, 5.79158 ], [ -75.735544, 5.964693 ] ] } },
{ "type": "Feature", "properties": { "source": "PUEBLORRICO", "target": "CARAMANTA", "distance": 0.5, "betweenness": 0.00064223284562267612, "weight": 0.10064223284562268 }, "geometry": { "type": "LineString", "coordinates": [ [ -75.839903, 5.79158 ], [ -75.643868, 5.54853 ] ] } },
{ "type": "Feature", "properties": { "source": "PUEBLORRICO", "target": "TARSO", "distance": 0.5, "betweenness": 0.00014486455164421265, "weight": 0.10014486455164422 }, "geometry": { "type": "LineString", "coordinates": [ [ -75.839903, 5.79158 ], [ -75.822956, 5.864542 ] ] } },
{ "type": "Feature", "properties": { "source": "PUEBLORRICO", "target": "VALPARAÍSO", "distance": 0.5, "betweenness": 0.00021729682746631898, "weight": 0.10021729682746633 }, "geometry": { "type": "LineString", "coordinates": [ [ -75.839903, 5.79158 ], [ -75.624452, 5.614555 ] ] } },
{ "type": "Feature", "properties": { "source": "PUEBLORRICO", "target": "ANZÁ", "distance": 0.33333333333333331, "betweenness": 0.0041140435208231827, "weight": 0.10411404352082319 }, "geometry": { "type": "LineString", "coordinates": [ [ -75.839903, 5.79158 ], [ -75.854442, 6.302641 ] ] } },
{ "type": "Feature", "properties": { "source": "PUEBLORRICO", "target": "LA PINTADA", "distance": 0.5, "betweenness": 0.00029455792167656572, "weight": 0.10029455792167657 }, "geometry": { "type": "LineString", "coordinates": [ [ -75.839903, 5.79158 ], [ -75.60781, 5.743808 ] ] } },
{ "type": "Feature", "properties": { "source": "ANDES", "target": "TÁMESIS", "distance": 0.5, "betweenness": 0.00014486455164421265, "weight": 0.10014486455164422 }, "geometry": { "type": "LineString", "coordinates": [ [ -75.878828, 5.657194 ], [ -75.714429, 5.664645 ] ] } },
{ "type": "Feature", "properties": { "source": "ANDES", "target": "JARDÍN", "distance": 0.5, "betweenness": 0.00019315273552561685, "weight": 0.10019315273552562 }, "geometry": { "type": "LineString", "coordinates": [ [ -75.878828, 5.657194 ], [ -75.818982, 5.597542 ] ] } },
{ "type": "Feature", "properties": { "source": "ANDES", "target": "CIUDAD BOLÍVAR", "distance": 0.5, "betweenness": 7.2432275822106325e-05, "weight": 0.10007243227582212 }, "geometry": { "type": "LineString", "coordinates": [ [ -75.878828, 5.657194 ], [ -76.021509, 5.850273 ] ] } },
{ "type": "Feature", "properties": { "source": "ANDES", "target": "BETANIA", "distance": 0.5, "betweenness": 0.00014486455164421265, "weight": 0.10014486455164422 }, "geometry": { "type": "LineString", "coordinates": [ [ -75.878828, 5.657194 ], [ -75.97679, 5.74615 ] ] } },
{ "type": "Feature", "properties": { "source": "ANDES", "target": "HISPANIA", "distance": 0.5, "betweenness": 0.00014486455164421265, "weight": 0.10014486455164422 }, "geometry": { "type": "LineString", "coordinates": [ [ -75.878828, 5.657194 ], [ -75.906587, 5.799461 ] ] } },
{ "type": "Feature", "properties": { "source": "ANDES", "target": "TARSO", "distance": 0.5, "betweenness": 0.00014486455164421265, "weight": 0.10014486455164422 }, "geometry": { "type": "LineString", "coordinates": [ [ -75.878828, 5.657194 ], [ -75.822956, 5.864542 ] ] } },
{ "type": "Feature", "properties": { "source": "ANDES", "target": "VENECIA", "distance": 0.5, "betweenness": 0.00017383746197305517, "weight": 0.10017383746197306 }, "geometry": { "type": "LineString", "coordinates": [ [ -75.878828, 5.657194 ], [ -75.735544, 5.964693 ] ] } },
{ "type": "Feature", "properties": { "source": "ANDES", "target": "CARAMANTA", "distance": 0.5, "betweenness": 0.0002897291032884253, "weight": 0.10028972910328843 }, "geometry": { "type": "LineString", "coordinates": [ [ -75.878828, 5.657194 ], [ -75.643868, 5.54853 ] ] } },
{ "type": "Feature", "properties": { "source": "ANDES", "target": "VALPARAÍSO", "distance": 0.5, "betweenness": 0.00014486455164421265, "weight": 0.10014486455164422 }, "geometry": { "type": "LineString", "coordinates": [ [ -75.878828, 5.657194 ], [ -75.624452, 5.614555 ] ] } },
{ "type": "Feature", "properties": { "source": "ANDES", "target": "LA PINTADA", "distance": 0.5, "betweenness": 0.00022936887343667003, "weight": 0.10022936887343667 }, "geometry": { "type": "LineString", "coordinates": [ [ -75.878828, 5.657194 ], [ -75.60781, 5.743808 ] ] } },
{ "type": "Feature", "properties": { "source": "TÁMESIS", "target": "CIUDAD BOLÍVAR", "distance": 0.5, "betweenness": 0.00014486455164421265, "weight": 0.10014486455164422 }, "geometry": { "type": "LineString", "coordinates": [ [ -75.714429, 5.664645 ], [ -76.021509, 5.850273 ] ] } },
{ "type": "Feature", "properties": { "source": "TÁMESIS", "target": "JARDÍN", "distance": 0.33333333333333331, "betweenness": 0.00052875561350137611, "weight": 0.10052875561350139 }, "geometry": { "type": "LineString", "coordinates": [ [ -75.714429, 5.664645 ], [ -75.818982, 5.597542 ] ] } },
{ "type": "Feature", "properties": { "source": "TÁMESIS", "target": "VENECIA", "distance": 0.5, "betweenness": 0.0002100849558476677, "weight": 0.10021008495584767 }, "geometry": { "type": "LineString", "coordinates": [ [ -75.714429, 5.664645 ], [ -75.735544, 5.964693 ] ] } },
{ "type": "Feature", "properties": { "source": "TÁMESIS", "target": "BETANIA", "distance": 0.5, "betweenness": 0.00021971123666038919, "weight": 0.10021971123666039 }, "geometry": { "type": "LineString", "coordinates": [ [ -75.714429, 5.664645 ], [ -75.97679, 5.74615 ] ] } },
{ "type": "Feature", "properties": { "source": "TÁMESIS", "target": "VALPARAÍSO", "distance": 0.5, "betweenness": 0.00014486455164421265, "weight": 0.10014486455164422 }, "geometry": { "type": "LineString", "coordinates": [ [ -75.714429, 5.664645 ], [ -75.624452, 5.614555 ] ] } },
{ "type": "Feature", "properties": { "source": "TÁMESIS", "target": "CARAMANTA", "distance": 0.5, "betweenness": 0.0002897291032884253, "weight": 0.10028972910328843 }, "geometry": { "type": "LineString", "coordinates": [ [ -75.714429, 5.664645 ], [ -75.643868, 5.54853 ] ] } },
{ "type": "Feature", "properties": { "source": "TÁMESIS", "target": "TARSO", "distance": 0.5, "betweenness": 0.00018108068955526583, "weight": 0.10018108068955527 }, "geometry": { "type": "LineString", "coordinates": [ [ -75.714429, 5.664645 ], [ -75.822956, 5.864542 ] ] } },
{ "type": "Feature", "properties": { "source": "TÁMESIS", "target": "HISPANIA", "distance": 0.5, "betweenness": 0.00018687527162103431, "weight": 0.10018687527162104 }, "geometry": { "type": "LineString", "coordinates": [ [ -75.714429, 5.664645 ], [ -75.906587, 5.799461 ] ] } },
{ "type": "Feature", "properties": { "source": "TÁMESIS", "target": "LA PINTADA", "distance": 0.33333333333333331, "betweenness": 0.00037561308747749417, "weight": 0.1003756130874775 }, "geometry": { "type": "LineString", "coordinates": [ [ -75.714429, 5.664645 ], [ -75.60781, 5.743808 ] ] } },
{ "type": "Feature", "properties": { "source": "TÁMESIS", "target": "NARIÑO", "distance": 0.5, "betweenness": 0.0001887263186698215, "weight": 0.10018872631866983 }, "geometry": { "type": "LineString", "coordinates": [ [ -75.714429, 5.664645 ], [ -75.176262, 5.610777 ] ] } },
{ "type": "Feature", "properties": { "source": "VALPARAÍSO", "target": "JARDÍN", "distance": 0.5, "betweenness": 0.00014486455164421265, "weight": 0.10014486455164422 }, "geometry": { "type": "LineString", "coordinates": [ [ -75.624452, 5.614555 ], [ -75.818982, 5.597542 ] ] } },
{ "type": "Feature", "properties": { "source": "VALPARAÍSO", "target": "BETANIA", "distance": 0.5, "betweenness": 0.00022695446424259982, "weight": 0.10022695446424261 }, "geometry": { "type": "LineString", "coordinates": [ [ -75.624452, 5.614555 ], [ -75.97679, 5.74615 ] ] } },
{ "type": "Feature", "properties": { "source": "VALPARAÍSO", "target": "NARIÑO", "distance": 0.5, "betweenness": 7.2432275822106325e-05, "weight": 0.10007243227582212 }, "geometry": { "type": "LineString", "coordinates": [ [ -75.624452, 5.614555 ], [ -75.176262, 5.610777 ] ] } },
{ "type": "Feature", "properties": { "source": "VALPARAÍSO", "target": "CARAMANTA", "distance": 0.5, "betweenness": 0.00014486455164421265, "weight": 0.10014486455164422 }, "geometry": { "type": "LineString", "coordinates": [ [ -75.624452, 5.614555 ], [ -75.643868, 5.54853 ] ] } },
{ "type": "Feature", "properties": { "source": "VALPARAÍSO", "target": "TARSO", "distance": 0.5, "betweenness": 0.00014486455164421265, "weight": 0.10014486455164422 }, "geometry": { "type": "LineString", "coordinates": [ [ -75.624452, 5.614555 ], [ -75.822956, 5.864542 ] ] } },
{ "type": "Feature", "properties": { "source": "VALPARAÍSO", "target": "VENECIA", "distance": 0.5, "betweenness": 0.00014486455164421265, "weight": 0.10014486455164422 }, "geometry": { "type": "LineString", "coordinates": [ [ -75.624452, 5.614555 ], [ -75.735544, 5.964693 ] ] } },
{ "type": "Feature", "properties": { "source": "VALPARAÍSO", "target": "LA PINTADA", "distance": 0.5, "betweenness": 0.00014486455164421265, "weight": 0.10014486455164422 }, "geometry": { "type": "LineString", "coordinates": [ [ -75.624452, 5.614555 ], [ -75.60781, 5.743808 ] ] } },
{ "type": "Feature", "properties": { "source": "VALPARAÍSO", "target": "CIUDAD BOLÍVAR", "distance": 0.5, "betweenness": 0.0, "weight": 0.1 }, "geometry": { "type": "LineString", "coordinates": [ [ -75.624452, 5.614555 ], [ -76.021509, 5.850273 ] ] } },
{ "type": "Feature", "properties": { "source": "VALPARAÍSO", "target": "HISPANIA", "distance": 0.5, "betweenness": 0.00014486455164421265, "weight": 0.10014486455164422 }, "geometry": { "type": "LineString", "coordinates": [ [ -75.624452, 5.614555 ], [ -75.906587, 5.799461 ] ] } },
{ "type": "Feature", "properties": { "source": "TARSO", "target": "CIUDAD BOLÍVAR", "distance": 0.5, "betweenness": 0.00014486455164421265, "weight": 0.10014486455164422 }, "geometry": { "type": "LineString", "coordinates": [ [ -75.822956, 5.864542 ], [ -76.021509, 5.850273 ] ] } },
{ "type": "Feature", "properties": { "source": "TARSO", "target": "CARAMANTA", "distance": 0.5, "betweenness": 0.00021729682746631898, "weight": 0.10021729682746633 }, "geometry": { "type": "LineString", "coordinates": [ [ -75.822956, 5.864542 ], [ -75.643868, 5.54853 ] ] } },
{ "type": "Feature", "properties": { "source": "TARSO", "target": "BETANIA", "distance": 0.5, "betweenness": 0.00014486455164421265, "weight": 0.10014486455164422 }, "geometry": { "type": "LineString", "coordinates": [ [ -75.822956, 5.864542 ], [ -75.97679, 5.74615 ] ] } },
{ "type": "Feature", "properties": { "source": "TARSO", "target": "JARDÍN", "distance": 0.5, "betweenness": 0.00014486455164421265, "weight": 0.10014486455164422 }, "geometry": { "type": "LineString", "coordinates": [ [ -75.822956, 5.864542 ], [ -75.818982, 5.597542 ] ] } },
{ "type": "Feature", "properties": { "source": "TARSO", "target": "ANZÁ", "distance": 0.5, "betweenness": 0.00098011994406145293, "weight": 0.10098011994406146 }, "geometry": { "type": "LineString", "coordinates": [ [ -75.822956, 5.864542 ], [ -75.854442, 6.302641 ] ] } },
{ "type": "Feature", "properties": { "source": "TARSO", "target": "VENECIA", "distance": 0.5, "betweenness": 0.00015338599585857808, "weight": 0.10015338599585859 }, "geometry": { "type": "LineString", "coordinates": [ [ -75.822956, 5.864542 ], [ -75.735544, 5.964693 ] ] } },
{ "type": "Feature", "properties": { "source": "TARSO", "target": "HISPANIA", "distance": 0.5, "betweenness": 0.00015755744569303891, "weight": 0.10015755744569305 }, "geometry": { "type": "LineString", "coordinates": [ [ -75.822956, 5.864542 ], [ -75.906587, 5.799461 ] ] } },
{ "type": "Feature", "properties": { "source": "TARSO", "target": "LA PINTADA", "distance": 1.0, "betweenness": 0.0, "weight": 0.1 }, "geometry": { "type": "LineString", "coordinates": [ [ -75.822956, 5.864542 ], [ -75.60781, 5.743808 ] ] } },
{ "type": "Feature", "properties": { "source": "VENECIA", "target": "BETANIA", "distance": 0.5, "betweenness": 0.00019073832633154667, "weight": 0.10019073832633155 }, "geometry": { "type": "LineString", "coordinates": [ [ -75.735544, 5.964693 ], [ -75.97679, 5.74615 ] ] } },
{ "type": "Feature", "properties": { "source": "VENECIA", "target": "CIUDAD BOLÍVAR", "distance": 0.5, "betweenness": 0.00014486455164421265, "weight": 0.10014486455164422 }, "geometry": { "type": "LineString", "coordinates": [ [ -75.735544, 5.964693 ], [ -76.021509, 5.850273 ] ] } },
{ "type": "Feature", "properties": { "source": "VENECIA", "target": "ANZÁ", "distance": 0.5, "betweenness": 0.00059394466174127181, "weight": 0.10059394466174128 }, "geometry": { "type": "LineString", "coordinates": [ [ -75.735544, 5.964693 ], [ -75.854442, 6.302641 ] ] } },
{ "type": "Feature", "properties": { "source": "VENECIA", "target": "JARDÍN", "distance": 0.5, "betweenness": 0.0001979815539137573, "weight": 0.10019798155391377 }, "geometry": { "type": "LineString", "coordinates": [ [ -75.735544, 5.964693 ], [ -75.818982, 5.597542 ] ] } },
{ "type": "Feature", "properties": { "source": "VENECIA", "target": "HISPANIA", "distance": 0.5, "betweenness": 0.00017595294431452623, "weight": 0.10017595294431453 }, "geometry": { "type": "LineString", "coordinates": [ [ -75.735544, 5.964693 ], [ -75.906587, 5.799461 ] ] } },
{ "type": "Feature", "properties": { "source": "VENECIA", "target": "CARAMANTA", "distance": 0.5, "betweenness": 0.00036216137911053165, "weight": 0.10036216137911054 }, "geometry": { "type": "LineString", "coordinates": [ [ -75.735544, 5.964693 ], [ -75.643868, 5.54853 ] ] } },
{ "type": "Feature", "properties": { "source": "VENECIA", "target": "LA PINTADA", "distance": 1.0, "betweenness": 0.0, "weight": 0.1 }, "geometry": { "type": "LineString", "coordinates": [ [ -75.735544, 5.964693 ], [ -75.60781, 5.743808 ] ] } },
{ "type": "Feature", "properties": { "source": "VENECIA", "target": "CAICEDO", "distance": 0.5, "betweenness": 0.00064006190626330196, "weight": 0.1006400619062633 }, "geometry": { "type": "LineString", "coordinates": [ [ -75.735544, 5.964693 ], [ -75.98293, 6.405607 ] ] } },
{ "type": "Feature", "properties": { "source": "HISPANIA", "target": "CIUDAD BOLÍVAR", "distance": 0.5, "betweenness": 0.00015755744569303891, "weight": 0.10015755744569305 }, "geometry": { "type": "LineString", "coordinates": [ [ -75.906587, 5.799461 ], [ -76.021509, 5.850273 ] ] } },
{ "type": "Feature", "properties": { "source": "HISPANIA", "target": "JARDÍN", "distance": 0.5, "betweenness": 0.00014486455164421265, "weight": 0.10014486455164422 }, "geometry": { "type": "LineString", "coordinates": [ [ -75.906587, 5.799461 ], [ -75.818982, 5.597542 ] ] } },
{ "type": "Feature", "properties": { "source": "HISPANIA", "target": "ANZÁ", "distance": 0.5, "betweenness": 0.002075164361126986, "weight": 0.10207516436112699 }, "geometry": { "type": "LineString", "coordinates": [ [ -75.906587, 5.799461 ], [ -75.854442, 6.302641 ] ] } },
{ "type": "Feature", "properties": { "source": "HISPANIA", "target": "BETANIA", "distance": 0.33333333333333331, "betweenness": 0.00027765705731807423, "weight": 0.10027765705731807 }, "geometry": { "type": "LineString", "coordinates": [ [ -75.906587, 5.799461 ], [ -75.97679, 5.74615 ] ] } },
{ "type": "Feature", "properties": { "source": "HISPANIA", "target": "CARAMANTA", "distance": 0.33333333333333331, "betweenness": 0.0012385919165580181, "weight": 0.10123859191655803 }, "geometry": { "type": "LineString", "coordinates": [ [ -75.906587, 5.799461 ], [ -75.643868, 5.54853 ] ] } },
{ "type": "Feature", "properties": { "source": "HISPANIA", "target": "LA PINTADA", "distance": 1.0, "betweenness": 0.0, "weight": 0.1 }, "geometry": { "type": "LineString", "coordinates": [ [ -75.906587, 5.799461 ], [ -75.60781, 5.743808 ] ] } },
{ "type": "Feature", "properties": { "source": "ANZÁ", "target": "CAICEDO", "distance": 0.5, "betweenness": 0.00026030983159597314, "weight": 0.10026030983159598 }, "geometry": { "type": "LineString", "coordinates": [ [ -75.854442, 6.302641 ], [ -75.98293, 6.405607 ] ] } },
{ "type": "Feature", "properties": { "source": "ANZÁ", "target": "CIUDAD BOLÍVAR", "distance": 0.5, "betweenness": 0.0005794582065768506, "weight": 0.10057945820657685 }, "geometry": { "type": "LineString", "coordinates": [ [ -75.854442, 6.302641 ], [ -76.021509, 5.850273 ] ] } },
{ "type": "Feature", "properties": { "source": "CIUDAD BOLÍVAR", "target": "JARDÍN", "distance": 0.5, "betweenness": 0.00014486455164421265, "weight": 0.10014486455164422 }, "geometry": { "type": "LineString", "coordinates": [ [ -76.021509, 5.850273 ], [ -75.818982, 5.597542 ] ] } },
{ "type": "Feature", "properties": { "source": "CIUDAD BOLÍVAR", "target": "BETANIA", "distance": 0.5, "betweenness": 0.0002897291032884253, "weight": 0.10028972910328843 }, "geometry": { "type": "LineString", "coordinates": [ [ -76.021509, 5.850273 ], [ -75.97679, 5.74615 ] ] } },
{ "type": "Feature", "properties": { "source": "CIUDAD BOLÍVAR", "target": "LA PINTADA", "distance": 0.5, "betweenness": 0.0002897291032884253, "weight": 0.10028972910328843 }, "geometry": { "type": "LineString", "coordinates": [ [ -76.021509, 5.850273 ], [ -75.60781, 5.743808 ] ] } },
{ "type": "Feature", "properties": { "source": "CIUDAD BOLÍVAR", "target": "CARAMANTA", "distance": 0.5, "betweenness": 0.0002897291032884253, "weight": 0.10028972910328843 }, "geometry": { "type": "LineString", "coordinates": [ [ -76.021509, 5.850273 ], [ -75.643868, 5.54853 ] ] } },
{ "type": "Feature", "properties": { "source": "CIUDAD BOLÍVAR", "target": "CAICEDO", "distance": 1.0, "betweenness": 0.0, "weight": 0.1 }, "geometry": { "type": "LineString", "coordinates": [ [ -76.021509, 5.850273 ], [ -75.98293, 6.405607 ] ] } },
{ "type": "Feature", "properties": { "source": "NARIÑO", "target": "CARAMANTA", "distance": 0.5, "betweenness": 0.00014486455164421265, "weight": 0.10014486455164422 }, "geometry": { "type": "LineString", "coordinates": [ [ -75.176262, 5.610777 ], [ -75.643868, 5.54853 ] ] } },
{ "type": "Feature", "properties": { "source": "NARIÑO", "target": "LA PINTADA", "distance": 0.5, "betweenness": 0.00017906868189354066, "weight": 0.10017906868189355 }, "geometry": { "type": "LineString", "coordinates": [ [ -75.176262, 5.610777 ], [ -75.60781, 5.743808 ] ] } },
{ "type": "Feature", "properties": { "source": "NARIÑO", "target": "SAN FRANCISCO", "distance": 0.5, "betweenness": 0.00027018388600309501, "weight": 0.1002701838860031 }, "geometry": { "type": "LineString", "coordinates": [ [ -75.176262, 5.610777 ], [ -75.101562, 5.963476 ] ] } },
{ "type": "Feature", "properties": { "source": "BETANIA", "target": "JARDÍN", "distance": 0.5, "betweenness": 0.00022695446424259982, "weight": 0.10022695446424261 }, "geometry": { "type": "LineString", "coordinates": [ [ -75.97679, 5.74615 ], [ -75.818982, 5.597542 ] ] } },
{ "type": "Feature", "properties": { "source": "BETANIA", "target": "CARAMANTA", "distance": 0.5, "betweenness": 0.00045873774687334011, "weight": 0.10045873774687335 }, "geometry": { "type": "LineString", "coordinates": [ [ -75.97679, 5.74615 ], [ -75.643868, 5.54853 ] ] } },
{ "type": "Feature", "properties": { "source": "BETANIA", "target": "LA PINTADA", "distance": 0.5, "betweenness": 0.00028731469409435506, "weight": 0.10028731469409435 }, "geometry": { "type": "LineString", "coordinates": [ [ -75.97679, 5.74615 ], [ -75.60781, 5.743808 ] ] } },
{ "type": "Feature", "properties": { "source": "MURINDÓ", "target": "VIGÍA DEL FUERTE", "distance": 0.5, "betweenness": 0.00016900864358491478, "weight": 0.10016900864358493 }, "geometry": { "type": "LineString", "coordinates": [ [ -76.817485, 6.97771 ], [ -76.896004, 6.588164 ] ] } },
{ "type": "Feature", "properties": { "source": "VEGACHÍ", "target": "REMEDIOS", "distance": 0.5, "betweenness": 0.0002509888103108442, "weight": 0.10025098881031085 }, "geometry": { "type": "LineString", "coordinates": [ [ -74.798714, 6.773525 ], [ -74.698135, 7.029424 ] ] } },
{ "type": "Feature", "properties": { "source": "VEGACHÍ", "target": "CARACOLÍ", "distance": 0.5, "betweenness": 0.00041566309493297748, "weight": 0.10041566309493298 }, "geometry": { "type": "LineString", "coordinates": [ [ -74.798714, 6.773525 ], [ -74.757421, 6.409829 ] ] } },
{ "type": "Feature", "properties": { "source": "VEGACHÍ", "target": "PUERTO BERRÍO", "distance": 1.0, "betweenness": 2.0694935949173235e-05, "weight": 0.10002069493594917 }, "geometry": { "type": "LineString", "coordinates": [ [ -74.798714, 6.773525 ], [ -74.410016, 6.487028 ] ] } },
{ "type": "Feature", "properties": { "source": "REMEDIOS", "target": "PUERTO BERRÍO", "distance": 1.0, "betweenness": 2.4144091940702106e-05, "weight": 0.10002414409194071 }, "geometry": { "type": "LineString", "coordinates": [ [ -74.698135, 7.029424 ], [ -74.410016, 6.487028 ] ] } },
{ "type": "Feature", "properties": { "source": "CARACOLÍ", "target": "PUERTO TRIUNFO", "distance": 1.0, "betweenness": 8.3575702871661141e-05, "weight": 0.10008357570287167 }, "geometry": { "type": "LineString", "coordinates": [ [ -74.757421, 6.409829 ], [ -74.64119, 5.871318 ] ] } },
{ "type": "Feature", "properties": { "source": "PUERTO BERRÍO", "target": "PUERTO TRIUNFO", "distance": 1.0, "betweenness": 7.2432275822106325e-05, "weight": 0.10007243227582212 }, "geometry": { "type": "LineString", "coordinates": [ [ -74.410016, 6.487028 ], [ -74.64119, 5.871318 ] ] } },
{ "type": "Feature", "properties": { "source": "SAN FRANCISCO", "target": "PUERTO NARE", "distance": 0.5, "betweenness": 0.00019080103825866535, "weight": 0.10019080103825867 }, "geometry": { "type": "LineString", "coordinates": [ [ -75.101562, 5.963476 ], [ -74.583012, 6.186025 ] ] } },
{ "type": "Feature", "properties": { "source": "LA PINTADA", "target": "JARDÍN", "distance": 0.5, "betweenness": 0.00018108068955526583, "weight": 0.10018108068955527 }, "geometry": { "type": "LineString", "coordinates": [ [ -75.60781, 5.743808 ], [ -75.818982, 5.597542 ] ] } },
{ "type": "Feature", "properties": { "source": "LA PINTADA", "target": "CARAMANTA", "distance": 0.5, "betweenness": 0.00063981843642860583, "weight": 0.10063981843642861 }, "geometry": { "type": "LineString", "coordinates": [ [ -75.60781, 5.743808 ], [ -75.643868, 5.54853 ] ] } },
{ "type": "Feature", "properties": { "source": "ZARAGOZA", "target": "EL BAGRE", "distance": 1.0, "betweenness": 0.0014249613119669616, "weight": 0.10142496131196696 }, "geometry": { "type": "LineString", "coordinates": [ [ -74.867075, 7.488583 ], [ -74.799097, 7.5975 ] ] } },
{ "type": "Feature", "properties": { "source": "CARAMANTA", "target": "JARDÍN", "distance": 0.5, "betweenness": 0.00025351296537737213, "weight": 0.10025351296537738 }, "geometry": { "type": "LineString", "coordinates": [ [ -75.643868, 5.54853 ], [ -75.818982, 5.597542 ] ] } }
]
}
