{
"type": "FeatureCollection",
"name": "fig2_undirected_Pperuviana_40km_10steps_10reps_municipalities_network_v2_edges",
"crs": { "type": "name", "properties": { "name": "urn:ogc:def:crs:OGC:1.3:CRS84" } },
"features": [
{ "type": "Feature", "properties": { "source": "ITUANGO", "target": "YARUMAL", "distance": 0.5, "betweenness": 0.0013727164518967034, "weight": 0.1013727164518967 }, "geometry": { "type": "LineString", "coordinates": [ [ -75.764673, 7.171629 ], [ -75.418828, 6.963832 ] ] } },
{ "type": "Feature", "properties": { "source": "ITUANGO", "target": "PEQUE", "distance": 0.33333333333333331, "betweenness": 0.00051751798374993524, "weight": 0.10051751798374994 }, "geometry": { "type": "LineString", "coordinates": [ [ -75.764673, 7.171629 ], [ -75.910357, 7.021029 ] ] } },
{ "type": "Feature", "properties": { "source": "ITUANGO", "target": "TARAZÁ", "distance": 0.5, "betweenness": 0.0041188886670954676, "weight": 0.10411888866709547 }, "geometry": { "type": "LineString", "coordinates": [ [ -75.764673, 7.171629 ], [ -75.401407, 7.580127 ] ] } },
{ "type": "Feature", "properties": { "source": "ITUANGO", "target": "BRICEÑO", "distance": 0.5, "betweenness": 0.00051751798374993524, "weight": 0.10051751798374994 }, "geometry": { "type": "LineString", "coordinates": [ [ -75.764673, 7.171629 ], [ -75.55036, 7.112803 ] ] } },
{ "type": "Feature", "properties": { "source": "ITUANGO", "target": "VALDIVIA", "distance": 0.5, "betweenness": 0.0017078093463747865, "weight": 0.10170780934637479 }, "geometry": { "type": "LineString", "coordinates": [ [ -75.764673, 7.171629 ], [ -75.439274, 7.1652 ] ] } },
{ "type": "Feature", "properties": { "source": "ITUANGO", "target": "ANORÍ", "distance": 0.5, "betweenness": 0.0057962014179992749, "weight": 0.10579620141799928 }, "geometry": { "type": "LineString", "coordinates": [ [ -75.764673, 7.171629 ], [ -75.148355, 7.074703 ] ] } },
{ "type": "Feature", "properties": { "source": "ITUANGO", "target": "TOLEDO", "distance": 0.5, "betweenness": 0.0008391184450802523, "weight": 0.10083911844508026 }, "geometry": { "type": "LineString", "coordinates": [ [ -75.764673, 7.171629 ], [ -75.692281, 7.010328 ] ] } },
{ "type": "Feature", "properties": { "source": "ITUANGO", "target": "CAMPAMENTO", "distance": 0.5, "betweenness": 0.0, "weight": 0.1 }, "geometry": { "type": "LineString", "coordinates": [ [ -75.764673, 7.171629 ], [ -75.298091, 6.979771 ] ] } },
{ "type": "Feature", "properties": { "source": "ITUANGO", "target": "CÁCERES", "distance": 1.0, "betweenness": 0.0, "weight": 0.1 }, "geometry": { "type": "LineString", "coordinates": [ [ -75.764673, 7.171629 ], [ -75.35205, 7.578366 ] ] } },
{ "type": "Feature", "properties": { "source": "ITUANGO", "target": "SAN ANDRÉS DE CUERQUÍA", "distance": 0.5, "betweenness": 0.0016304802168798443, "weight": 0.10163048021687986 }, "geometry": { "type": "LineString", "coordinates": [ [ -75.764673, 7.171629 ], [ -75.674564, 6.916676 ] ] } },
{ "type": "Feature", "properties": { "source": "ITUANGO", "target": "SANTA ROSA DE OSOS", "distance": 0.5, "betweenness": 0.0056405811063472908, "weight": 0.1056405811063473 }, "geometry": { "type": "LineString", "coordinates": [ [ -75.764673, 7.171629 ], [ -75.460723, 6.643366 ] ] } },
{ "type": "Feature", "properties": { "source": "ITUANGO", "target": "DABEIBA", "distance": 0.5, "betweenness": 0.0002328830926874709, "weight": 0.10023288309268748 }, "geometry": { "type": "LineString", "coordinates": [ [ -75.764673, 7.171629 ], [ -76.261614, 6.998112 ] ] } },
{ "type": "Feature", "properties": { "source": "ITUANGO", "target": "SABANALARGA", "distance": 0.5, "betweenness": 0.00038813848781245146, "weight": 0.10038813848781246 }, "geometry": { "type": "LineString", "coordinates": [ [ -75.764673, 7.171629 ], [ -75.816645, 6.850028 ] ] } },
{ "type": "Feature", "properties": { "source": "ITUANGO", "target": "SAN JOSÉ DE LA MONTAÑA", "distance": 0.33333333333333331, "betweenness": 0.0062785215440082703, "weight": 0.10627852154400827 }, "geometry": { "type": "LineString", "coordinates": [ [ -75.764673, 7.171629 ], [ -75.683352, 6.85009 ] ] } },
{ "type": "Feature", "properties": { "source": "ITUANGO", "target": "MUTATÁ", "distance": 0.33333333333333331, "betweenness": 0.0032526005278683437, "weight": 0.10325260052786835 }, "geometry": { "type": "LineString", "coordinates": [ [ -75.764673, 7.171629 ], [ -76.435875, 7.242875 ] ] } },
{ "type": "Feature", "properties": { "source": "ITUANGO", "target": "CAÑASGORDAS", "distance": 0.5, "betweenness": 0.00077627697562490292, "weight": 0.10077627697562491 }, "geometry": { "type": "LineString", "coordinates": [ [ -75.764673, 7.171629 ], [ -76.028228, 6.753859 ] ] } },
{ "type": "Feature", "properties": { "source": "ITUANGO", "target": "BURITICÁ", "distance": 0.5, "betweenness": 0.00036226258862495468, "weight": 0.10036226258862496 }, "geometry": { "type": "LineString", "coordinates": [ [ -75.764673, 7.171629 ], [ -75.907, 6.720759 ] ] } },
{ "type": "Feature", "properties": { "source": "ITUANGO", "target": "URAMITA", "distance": 0.5, "betweenness": 0.0002328830926874709, "weight": 0.10023288309268748 }, "geometry": { "type": "LineString", "coordinates": [ [ -75.764673, 7.171629 ], [ -76.173284, 6.898393 ] ] } },
{ "type": "Feature", "properties": { "source": "ITUANGO", "target": "FRONTINO", "distance": 0.2, "betweenness": 0.016146561092997981, "weight": 0.11614656109299798 }, "geometry": { "type": "LineString", "coordinates": [ [ -75.764673, 7.171629 ], [ -76.130765, 6.776066 ] ] } },
{ "type": "Feature", "properties": { "source": "ITUANGO", "target": "CHIGORODÓ", "distance": 1.0, "betweenness": 0.016922838068622884, "weight": 0.11692283806862289 }, "geometry": { "type": "LineString", "coordinates": [ [ -75.764673, 7.171629 ], [ -76.681531, 7.666147 ] ] } },
{ "type": "Feature", "properties": { "source": "ITUANGO", "target": "LIBORINA", "distance": 0.25, "betweenness": 0.0099043321563116599, "weight": 0.10990433215631167 }, "geometry": { "type": "LineString", "coordinates": [ [ -75.764673, 7.171629 ], [ -75.812838, 6.677316 ] ] } },
{ "type": "Feature", "properties": { "source": "ITUANGO", "target": "BELMIRA", "distance": 1.0, "betweenness": 0.0, "weight": 0.1 }, "geometry": { "type": "LineString", "coordinates": [ [ -75.764673, 7.171629 ], [ -75.667779, 6.606319 ] ] } },
{ "type": "Feature", "properties": { "source": "ITUANGO", "target": "ANGOSTURA", "distance": 1.0, "betweenness": 0.0, "weight": 0.1 }, "geometry": { "type": "LineString", "coordinates": [ [ -75.764673, 7.171629 ], [ -75.335116, 6.885175 ] ] } },
{ "type": "Feature", "properties": { "source": "YARUMAL", "target": "TARAZÁ", "distance": 0.5, "betweenness": 0.0082494214888253047, "weight": 0.10824942148882531 }, "geometry": { "type": "LineString", "coordinates": [ [ -75.418828, 6.963832 ], [ -75.401407, 7.580127 ] ] } },
{ "type": "Feature", "properties": { "source": "YARUMAL", "target": "CAMPAMENTO", "distance": 0.5, "betweenness": 0.0, "weight": 0.1 }, "geometry": { "type": "LineString", "coordinates": [ [ -75.418828, 6.963832 ], [ -75.298091, 6.979771 ] ] } },
{ "type": "Feature", "properties": { "source": "YARUMAL", "target": "VALDIVIA", "distance": 0.5, "betweenness": 0.00038813848781245146, "weight": 0.10038813848781246 }, "geometry": { "type": "LineString", "coordinates": [ [ -75.418828, 6.963832 ], [ -75.439274, 7.1652 ] ] } },
{ "type": "Feature", "properties": { "source": "YARUMAL", "target": "ANORÍ", "distance": 0.5, "betweenness": 0.0025591264296434294, "weight": 0.10255912642964343 }, "geometry": { "type": "LineString", "coordinates": [ [ -75.418828, 6.963832 ], [ -75.148355, 7.074703 ] ] } },
{ "type": "Feature", "properties": { "source": "YARUMAL", "target": "BRICEÑO", "distance": 0.5, "betweenness": 0.00013862088850444693, "weight": 0.10013862088850445 }, "geometry": { "type": "LineString", "coordinates": [ [ -75.418828, 6.963832 ], [ -75.55036, 7.112803 ] ] } },
{ "type": "Feature", "properties": { "source": "YARUMAL", "target": "ANGOSTURA", "distance": 0.5, "betweenness": 0.00015525539512498059, "weight": 0.10015525539512499 }, "geometry": { "type": "LineString", "coordinates": [ [ -75.418828, 6.963832 ], [ -75.335116, 6.885175 ] ] } },
{ "type": "Feature", "properties": { "source": "YARUMAL", "target": "GUADALUPE", "distance": 0.5, "betweenness": 0.0004657661853749418, "weight": 0.10046576618537495 }, "geometry": { "type": "LineString", "coordinates": [ [ -75.418828, 6.963832 ], [ -75.239862, 6.815069 ] ] } },
{ "type": "Feature", "properties": { "source": "YARUMAL", "target": "SAN ANDRÉS DE CUERQUÍA", "distance": 0.5, "betweenness": 0.0, "weight": 0.1 }, "geometry": { "type": "LineString", "coordinates": [ [ -75.418828, 6.963832 ], [ -75.674564, 6.916676 ] ] } },
{ "type": "Feature", "properties": { "source": "YARUMAL", "target": "CAROLINA", "distance": 0.25, "betweenness": 0.005624311516253761, "weight": 0.10562431151625376 }, "geometry": { "type": "LineString", "coordinates": [ [ -75.418828, 6.963832 ], [ -75.283192, 6.725995 ] ] } },
{ "type": "Feature", "properties": { "source": "YARUMAL", "target": "AMALFI", "distance": 0.5, "betweenness": 0.0, "weight": 0.1 }, "geometry": { "type": "LineString", "coordinates": [ [ -75.418828, 6.963832 ], [ -75.077501, 6.909655 ] ] } },
{ "type": "Feature", "properties": { "source": "YARUMAL", "target": "SANTA ROSA DE OSOS", "distance": 0.5, "betweenness": 0.00025229001707809351, "weight": 0.1002522900170781 }, "geometry": { "type": "LineString", "coordinates": [ [ -75.418828, 6.963832 ], [ -75.460723, 6.643366 ] ] } },
{ "type": "Feature", "properties": { "source": "YARUMAL", "target": "TOLEDO", "distance": 0.5, "betweenness": 0.00016634506620533633, "weight": 0.10016634506620534 }, "geometry": { "type": "LineString", "coordinates": [ [ -75.418828, 6.963832 ], [ -75.692281, 7.010328 ] ] } },
{ "type": "Feature", "properties": { "source": "YARUMAL", "target": "CÁCERES", "distance": 1.0, "betweenness": 0.0, "weight": 0.1 }, "geometry": { "type": "LineString", "coordinates": [ [ -75.418828, 6.963832 ], [ -75.35205, 7.578366 ] ] } },
{ "type": "Feature", "properties": { "source": "YARUMAL", "target": "ENTRERRÍOS", "distance": 0.25, "betweenness": 0.0033187688986477996, "weight": 0.1033187688986478 }, "geometry": { "type": "LineString", "coordinates": [ [ -75.418828, 6.963832 ], [ -75.517685, 6.566273 ] ] } },
{ "type": "Feature", "properties": { "source": "YARUMAL", "target": "GÓMEZ PLATA", "distance": 0.5, "betweenness": 0.0002846348910624644, "weight": 0.10028463489106247 }, "geometry": { "type": "LineString", "coordinates": [ [ -75.418828, 6.963832 ], [ -75.220018, 6.683269 ] ] } },
{ "type": "Feature", "properties": { "source": "YARUMAL", "target": "SABANALARGA", "distance": 0.5, "betweenness": 0.00015525539512498059, "weight": 0.10015525539512499 }, "geometry": { "type": "LineString", "coordinates": [ [ -75.418828, 6.963832 ], [ -75.816645, 6.850028 ] ] } },
{ "type": "Feature", "properties": { "source": "YARUMAL", "target": "BELMIRA", "distance": 0.33333333333333331, "betweenness": 0.0011159905663864678, "weight": 0.10111599056638647 }, "geometry": { "type": "LineString", "coordinates": [ [ -75.418828, 6.963832 ], [ -75.667779, 6.606319 ] ] } },
{ "type": "Feature", "properties": { "source": "YARUMAL", "target": "SAN JOSÉ DE LA MONTAÑA", "distance": 0.33333333333333331, "betweenness": 0.00069864927806241269, "weight": 0.10069864927806242 }, "geometry": { "type": "LineString", "coordinates": [ [ -75.418828, 6.963832 ], [ -75.683352, 6.85009 ] ] } },
{ "type": "Feature", "properties": { "source": "YARUMAL", "target": "LIBORINA", "distance": 0.33333333333333331, "betweenness": 0.0021735755317497281, "weight": 0.10217357553174973 }, "geometry": { "type": "LineString", "coordinates": [ [ -75.418828, 6.963832 ], [ -75.812838, 6.677316 ] ] } },
{ "type": "Feature", "properties": { "source": "YARUMAL", "target": "PEQUE", "distance": 0.5, "betweenness": 0.0002328830926874709, "weight": 0.10023288309268748 }, "geometry": { "type": "LineString", "coordinates": [ [ -75.418828, 6.963832 ], [ -75.910357, 7.021029 ] ] } },
{ "type": "Feature", "properties": { "source": "YARUMAL", "target": "YOLOMBÓ", "distance": 0.33333333333333331, "betweenness": 0.0053213786679087082, "weight": 0.10532137866790871 }, "geometry": { "type": "LineString", "coordinates": [ [ -75.418828, 6.963832 ], [ -75.013385, 6.594511 ] ] } },
{ "type": "Feature", "properties": { "source": "YARUMAL", "target": "BURITICÁ", "distance": 0.33333333333333331, "betweenness": 0.0029757284065621277, "weight": 0.10297572840656213 }, "geometry": { "type": "LineString", "coordinates": [ [ -75.418828, 6.963832 ], [ -75.907, 6.720759 ] ] } },
{ "type": "Feature", "properties": { "source": "YARUMAL", "target": "OLAYA", "distance": 0.5, "betweenness": 0.00015525539512498059, "weight": 0.10015525539512499 }, "geometry": { "type": "LineString", "coordinates": [ [ -75.418828, 6.963832 ], [ -75.811773, 6.626492 ] ] } },
{ "type": "Feature", "properties": { "source": "YARUMAL", "target": "SOPETRÁN", "distance": 0.33333333333333331, "betweenness": 0.002681112811527343, "weight": 0.10268111281152735 }, "geometry": { "type": "LineString", "coordinates": [ [ -75.418828, 6.963832 ], [ -75.747378, 6.500745 ] ] } },
{ "type": "Feature", "properties": { "source": "YARUMAL", "target": "DONMATÍAS", "distance": 0.5, "betweenness": 0.00019406924390622573, "weight": 0.10019406924390623 }, "geometry": { "type": "LineString", "coordinates": [ [ -75.418828, 6.963832 ], [ -75.39263, 6.485603 ] ] } },
{ "type": "Feature", "properties": { "source": "YARUMAL", "target": "SAN JERÓNIMO", "distance": 0.5, "betweenness": 0.00062102158049992225, "weight": 0.10062102158049993 }, "geometry": { "type": "LineString", "coordinates": [ [ -75.418828, 6.963832 ], [ -75.726975, 6.44809 ] ] } },
{ "type": "Feature", "properties": { "source": "YARUMAL", "target": "SAN PEDRO DE LOS MILAGROS", "distance": 0.25, "betweenness": 0.011697385055559248, "weight": 0.11169738505555925 }, "geometry": { "type": "LineString", "coordinates": [ [ -75.418828, 6.963832 ], [ -75.556743, 6.46012 ] ] } },
{ "type": "Feature", "properties": { "source": "YARUMAL", "target": "SANTA FÉ DE ANTIOQUIA", "distance": 1.0, "betweenness": 0.0, "weight": 0.1 }, "geometry": { "type": "LineString", "coordinates": [ [ -75.418828, 6.963832 ], [ -75.826648, 6.556484 ] ] } },
{ "type": "Feature", "properties": { "source": "YARUMAL", "target": "BARBOSA", "distance": 0.5, "betweenness": 0.0004657661853749418, "weight": 0.10046576618537495 }, "geometry": { "type": "LineString", "coordinates": [ [ -75.418828, 6.963832 ], [ -75.331627, 6.439195 ] ] } },
{ "type": "Feature", "properties": { "source": "YARUMAL", "target": "CAÑASGORDAS", "distance": 1.0, "betweenness": 0.0, "weight": 0.1 }, "geometry": { "type": "LineString", "coordinates": [ [ -75.418828, 6.963832 ], [ -76.028228, 6.753859 ] ] } },
{ "type": "Feature", "properties": { "source": "PEQUE", "target": "DABEIBA", "distance": 0.5, "betweenness": 0.00046317859545619218, "weight": 0.1004631785954562 }, "geometry": { "type": "LineString", "coordinates": [ [ -75.910357, 7.021029 ], [ -76.261614, 6.998112 ] ] } },
{ "type": "Feature", "properties": { "source": "PEQUE", "target": "BURITICÁ", "distance": 0.5, "betweenness": 0.00020700719349997412, "weight": 0.10020700719349998 }, "geometry": { "type": "LineString", "coordinates": [ [ -75.910357, 7.021029 ], [ -75.907, 6.720759 ] ] } },
{ "type": "Feature", "properties": { "source": "PEQUE", "target": "SABANALARGA", "distance": 0.5, "betweenness": 0.0002328830926874709, "weight": 0.10023288309268748 }, "geometry": { "type": "LineString", "coordinates": [ [ -75.910357, 7.021029 ], [ -75.816645, 6.850028 ] ] } },
{ "type": "Feature", "properties": { "source": "PEQUE", "target": "CAÑASGORDAS", "distance": 0.5, "betweenness": 0.00080732805464989914, "weight": 0.10080732805464991 }, "geometry": { "type": "LineString", "coordinates": [ [ -75.910357, 7.021029 ], [ -76.028228, 6.753859 ] ] } },
{ "type": "Feature", "properties": { "source": "PEQUE", "target": "URAMITA", "distance": 0.5, "betweenness": 0.00018113129431247737, "weight": 0.10018113129431248 }, "geometry": { "type": "LineString", "coordinates": [ [ -75.910357, 7.021029 ], [ -76.173284, 6.898393 ] ] } },
{ "type": "Feature", "properties": { "source": "PEQUE", "target": "SAN ANDRÉS DE CUERQUÍA", "distance": 0.33333333333333331, "betweenness": 0.0032577757077058432, "weight": 0.10325777570770585 }, "geometry": { "type": "LineString", "coordinates": [ [ -75.910357, 7.021029 ], [ -75.674564, 6.916676 ] ] } },
{ "type": "Feature", "properties": { "source": "PEQUE", "target": "BRICEÑO", "distance": 0.5, "betweenness": 0.00020700719349997412, "weight": 0.10020700719349998 }, "geometry": { "type": "LineString", "coordinates": [ [ -75.910357, 7.021029 ], [ -75.55036, 7.112803 ] ] } },
{ "type": "Feature", "properties": { "source": "PEQUE", "target": "MUTATÁ", "distance": 0.33333333333333331, "betweenness": 0.0070951715572116145, "weight": 0.10709517155721163 }, "geometry": { "type": "LineString", "coordinates": [ [ -75.910357, 7.021029 ], [ -76.435875, 7.242875 ] ] } },
{ "type": "Feature", "properties": { "source": "PEQUE", "target": "TOLEDO", "distance": 0.5, "betweenness": 0.00020700719349997412, "weight": 0.10020700719349998 }, "geometry": { "type": "LineString", "coordinates": [ [ -75.910357, 7.021029 ], [ -75.692281, 7.010328 ] ] } },
{ "type": "Feature", "properties": { "source": "PEQUE", "target": "SAN JOSÉ DE LA MONTAÑA", "distance": 0.5, "betweenness": 0.0004657661853749418, "weight": 0.10046576618537495 }, "geometry": { "type": "LineString", "coordinates": [ [ -75.910357, 7.021029 ], [ -75.683352, 6.85009 ] ] } },
{ "type": "Feature", "properties": { "source": "PEQUE", "target": "BELMIRA", "distance": 0.5, "betweenness": 0.00036743776846245407, "weight": 0.10036743776846246 }, "geometry": { "type": "LineString", "coordinates": [ [ -75.910357, 7.021029 ], [ -75.667779, 6.606319 ] ] } },
{ "type": "Feature", "properties": { "source": "PEQUE", "target": "LIBORINA", "distance": 0.33333333333333331, "betweenness": 0.0020364332660559948, "weight": 0.10203643326605601 }, "geometry": { "type": "LineString", "coordinates": [ [ -75.910357, 7.021029 ], [ -75.812838, 6.677316 ] ] } },
{ "type": "Feature", "properties": { "source": "PEQUE", "target": "GIRALDO", "distance": 0.5, "betweenness": 0.00031051079024996118, "weight": 0.10031051079024997 }, "geometry": { "type": "LineString", "coordinates": [ [ -75.910357, 7.021029 ], [ -75.952158, 6.680808 ] ] } },
{ "type": "Feature", "properties": { "source": "PEQUE", "target": "SANTA ROSA DE OSOS", "distance": 0.33333333333333331, "betweenness": 0.0091523055426176031, "weight": 0.10915230554261761 }, "geometry": { "type": "LineString", "coordinates": [ [ -75.910357, 7.021029 ], [ -75.460723, 6.643366 ] ] } },
{ "type": "Feature", "properties": { "source": "PEQUE", "target": "VALDIVIA", "distance": 0.5, "betweenness": 0.00051751798374993524, "weight": 0.10051751798374994 }, "geometry": { "type": "LineString", "coordinates": [ [ -75.910357, 7.021029 ], [ -75.439274, 7.1652 ] ] } },
{ "type": "Feature", "properties": { "source": "PEQUE", "target": "FRONTINO", "distance": 0.5, "betweenness": 0.00034932463903120635, "weight": 0.10034932463903121 }, "geometry": { "type": "LineString", "coordinates": [ [ -75.910357, 7.021029 ], [ -76.130765, 6.776066 ] ] } },
{ "type": "Feature", "properties": { "source": "PEQUE", "target": "ABRIAQUÍ", "distance": 0.33333333333333331, "betweenness": 0.0015965429798685507, "weight": 0.10159654297986856 }, "geometry": { "type": "LineString", "coordinates": [ [ -75.910357, 7.021029 ], [ -76.064304, 6.632282 ] ] } },
{ "type": "Feature", "properties": { "source": "PEQUE", "target": "SANTA FÉ DE ANTIOQUIA", "distance": 0.5, "betweenness": 0.00086684262278114159, "weight": 0.10086684262278114 }, "geometry": { "type": "LineString", "coordinates": [ [ -75.910357, 7.021029 ], [ -75.826648, 6.556484 ] ] } },
{ "type": "Feature", "properties": { "source": "PEQUE", "target": "SOPETRÁN", "distance": 0.5, "betweenness": 0.0015396160016560574, "weight": 0.10153961600165606 }, "geometry": { "type": "LineString", "coordinates": [ [ -75.910357, 7.021029 ], [ -75.747378, 6.500745 ] ] } },
{ "type": "Feature", "properties": { "source": "PEQUE", "target": "OLAYA", "distance": 0.5, "betweenness": 0.0002328830926874709, "weight": 0.10023288309268748 }, "geometry": { "type": "LineString", "coordinates": [ [ -75.910357, 7.021029 ], [ -75.811773, 6.626492 ] ] } },
{ "type": "Feature", "properties": { "source": "PEQUE", "target": "ENTRERRÍOS", "distance": 0.5, "betweenness": 0.00078145215546240225, "weight": 0.10078145215546241 }, "geometry": { "type": "LineString", "coordinates": [ [ -75.910357, 7.021029 ], [ -75.517685, 6.566273 ] ] } },
{ "type": "Feature", "properties": { "source": "TARAZÁ", "target": "ANORÍ", "distance": 0.5, "betweenness": 0.00080862184960927403, "weight": 0.10080862184960927 }, "geometry": { "type": "LineString", "coordinates": [ [ -75.401407, 7.580127 ], [ -75.148355, 7.074703 ] ] } },
{ "type": "Feature", "properties": { "source": "TARAZÁ", "target": "VALDIVIA", "distance": 0.5, "betweenness": 0.0011729175445989606, "weight": 0.10117291754459896 }, "geometry": { "type": "LineString", "coordinates": [ [ -75.401407, 7.580127 ], [ -75.439274, 7.1652 ] ] } },
{ "type": "Feature", "properties": { "source": "TARAZÁ", "target": "CÁCERES", "distance": 0.5, "betweenness": 0.0002328830926874709, "weight": 0.10023288309268748 }, "geometry": { "type": "LineString", "coordinates": [ [ -75.401407, 7.580127 ], [ -75.35205, 7.578366 ] ] } },
{ "type": "Feature", "properties": { "source": "TARAZÁ", "target": "BRICEÑO", "distance": 0.5, "betweenness": 0.0015721457034917666, "weight": 0.10157214570349177 }, "geometry": { "type": "LineString", "coordinates": [ [ -75.401407, 7.580127 ], [ -75.55036, 7.112803 ] ] } },
{ "type": "Feature", "properties": { "source": "TARAZÁ", "target": "CAMPAMENTO", "distance": 0.5, "betweenness": 0.0013631054036270616, "weight": 0.10136310540362707 }, "geometry": { "type": "LineString", "coordinates": [ [ -75.401407, 7.580127 ], [ -75.298091, 6.979771 ] ] } },
{ "type": "Feature", "properties": { "source": "TARAZÁ", "target": "ANGOSTURA", "distance": 1.0, "betweenness": 0.0, "weight": 0.1 }, "geometry": { "type": "LineString", "coordinates": [ [ -75.401407, 7.580127 ], [ -75.335116, 6.885175 ] ] } },
{ "type": "Feature", "properties": { "source": "TARAZÁ", "target": "GUADALUPE", "distance": 1.0, "betweenness": 2.5875899187496765e-05, "weight": 0.1000258758991875 }, "geometry": { "type": "LineString", "coordinates": [ [ -75.401407, 7.580127 ], [ -75.239862, 6.815069 ] ] } },
{ "type": "Feature", "properties": { "source": "BRICEÑO", "target": "ANGOSTURA", "distance": 0.33333333333333331, "betweenness": 0.00059144912428564034, "weight": 0.10059144912428565 }, "geometry": { "type": "LineString", "coordinates": [ [ -75.55036, 7.112803 ], [ -75.335116, 6.885175 ] ] } },
{ "type": "Feature", "properties": { "source": "BRICEÑO", "target": "ANORÍ", "distance": 0.5, "betweenness": 0.00067794855871241536, "weight": 0.10067794855871243 }, "geometry": { "type": "LineString", "coordinates": [ [ -75.55036, 7.112803 ], [ -75.148355, 7.074703 ] ] } },
{ "type": "Feature", "properties": { "source": "BRICEÑO", "target": "SAN ANDRÉS DE CUERQUÍA", "distance": 0.5, "betweenness": 0.0, "weight": 0.1 }, "geometry": { "type": "LineString", "coordinates": [ [ -75.55036, 7.112803 ], [ -75.674564, 6.916676 ] ] } },
{ "type": "Feature", "properties": { "source": "BRICEÑO", "target": "VALDIVIA", "distance": 0.5, "betweenness": 0.00015525539512498059, "weight": 0.10015525539512499 }, "geometry": { "type": "LineString", "coordinates": [ [ -75.55036, 7.112803 ], [ -75.439274, 7.1652 ] ] } },
{ "type": "Feature", "properties": { "source": "BRICEÑO", "target": "CAMPAMENTO", "distance": 0.33333333333333331, "betweenness": 0.00062102158049992236, "weight": 0.10062102158049993 }, "geometry": { "type": "LineString", "coordinates": [ [ -75.55036, 7.112803 ], [ -75.298091, 6.979771 ] ] } },
{ "type": "Feature", "properties": { "source": "BRICEÑO", "target": "SANTA ROSA DE OSOS", "distance": 0.5, "betweenness": 0.00045929721057806757, "weight": 0.10045929721057807 }, "geometry": { "type": "LineString", "coordinates": [ [ -75.55036, 7.112803 ], [ -75.460723, 6.643366 ] ] } },
{ "type": "Feature", "properties": { "source": "BRICEÑO", "target": "CAROLINA", "distance": 0.25, "betweenness": 0.0083776920176547535, "weight": 0.10837769201765476 }, "geometry": { "type": "LineString", "coordinates": [ [ -75.55036, 7.112803 ], [ -75.283192, 6.725995 ] ] } },
{ "type": "Feature", "properties": { "source": "BRICEÑO", "target": "LIBORINA", "distance": 0.33333333333333331, "betweenness": 0.0020560250182979573, "weight": 0.10205602501829797 }, "geometry": { "type": "LineString", "coordinates": [ [ -75.55036, 7.112803 ], [ -75.812838, 6.677316 ] ] } },
{ "type": "Feature", "properties": { "source": "BRICEÑO", "target": "SABANALARGA", "distance": 0.5, "betweenness": 0.00015525539512498059, "weight": 0.10015525539512499 }, "geometry": { "type": "LineString", "coordinates": [ [ -75.55036, 7.112803 ], [ -75.816645, 6.850028 ] ] } },
{ "type": "Feature", "properties": { "source": "BRICEÑO", "target": "BELMIRA", "distance": 0.33333333333333331, "betweenness": 0.0011252319589534307, "weight": 0.10112523195895344 }, "geometry": { "type": "LineString", "coordinates": [ [ -75.55036, 7.112803 ], [ -75.667779, 6.606319 ] ] } },
{ "type": "Feature", "properties": { "source": "BRICEÑO", "target": "SAN JOSÉ DE LA MONTAÑA", "distance": 0.5, "betweenness": 0.0, "weight": 0.1 }, "geometry": { "type": "LineString", "coordinates": [ [ -75.55036, 7.112803 ], [ -75.683352, 6.85009 ] ] } },
{ "type": "Feature", "properties": { "source": "BRICEÑO", "target": "TOLEDO", "distance": 0.5, "betweenness": 8.8717368642846051e-05, "weight": 0.10008871736864285 }, "geometry": { "type": "LineString", "coordinates": [ [ -75.55036, 7.112803 ], [ -75.692281, 7.010328 ] ] } },
{ "type": "Feature", "properties": { "source": "BRICEÑO", "target": "GUADALUPE", "distance": 0.5, "betweenness": 0.00023288309268747092, "weight": 0.10023288309268748 }, "geometry": { "type": "LineString", "coordinates": [ [ -75.55036, 7.112803 ], [ -75.239862, 6.815069 ] ] } },
{ "type": "Feature", "properties": { "source": "BRICEÑO", "target": "ENTRERRÍOS", "distance": 0.33333333333333331, "betweenness": 0.0016394230413792595, "weight": 0.10163942304137927 }, "geometry": { "type": "LineString", "coordinates": [ [ -75.55036, 7.112803 ], [ -75.517685, 6.566273 ] ] } },
{ "type": "Feature", "properties": { "source": "BRICEÑO", "target": "GÓMEZ PLATA", "distance": 0.5, "betweenness": 0.0002328830926874709, "weight": 0.10023288309268748 }, "geometry": { "type": "LineString", "coordinates": [ [ -75.55036, 7.112803 ], [ -75.220018, 6.683269 ] ] } },
{ "type": "Feature", "properties": { "source": "BRICEÑO", "target": "BURITICÁ", "distance": 0.5, "betweenness": 0.00015525539512498059, "weight": 0.10015525539512499 }, "geometry": { "type": "LineString", "coordinates": [ [ -75.55036, 7.112803 ], [ -75.907, 6.720759 ] ] } },
{ "type": "Feature", "properties": { "source": "BRICEÑO", "target": "CAÑASGORDAS", "distance": 0.5, "betweenness": 0.0015008021528748123, "weight": 0.10150080215287481 }, "geometry": { "type": "LineString", "coordinates": [ [ -75.55036, 7.112803 ], [ -76.028228, 6.753859 ] ] } },
{ "type": "Feature", "properties": { "source": "BRICEÑO", "target": "URAMITA", "distance": 0.33333333333333331, "betweenness": 0.0014102365057185738, "weight": 0.10141023650571858 }, "geometry": { "type": "LineString", "coordinates": [ [ -75.55036, 7.112803 ], [ -76.173284, 6.898393 ] ] } },
{ "type": "Feature", "properties": { "source": "BRICEÑO", "target": "DABEIBA", "distance": 0.5, "betweenness": 0.00036226258862495468, "weight": 0.10036226258862496 }, "geometry": { "type": "LineString", "coordinates": [ [ -75.55036, 7.112803 ], [ -76.261614, 6.998112 ] ] } },
{ "type": "Feature", "properties": { "source": "VALDIVIA", "target": "ANORÍ", "distance": 0.5, "betweenness": 0.00031051079024996118, "weight": 0.10031051079024997 }, "geometry": { "type": "LineString", "coordinates": [ [ -75.439274, 7.1652 ], [ -75.148355, 7.074703 ] ] } },
{ "type": "Feature", "properties": { "source": "VALDIVIA", "target": "SAN ANDRÉS DE CUERQUÍA", "distance": 0.5, "betweenness": 0.0, "weight": 0.1 }, "geometry": { "type": "LineString", "coordinates": [ [ -75.439274, 7.1652 ], [ -75.674564, 6.916676 ] ] } },
{ "type": "Feature", "properties": { "source": "VALDIVIA", "target": "CAMPAMENTO", "distance": 0.5, "betweenness": 0.00031051079024996118, "weight": 0.10031051079024997 }, "geometry": { "type": "LineString", "coordinates": [ [ -75.439274, 7.1652 ], [ -75.298091, 6.979771 ] ] } },
{ "type": "Feature", "properties": { "source": "VALDIVIA", "target": "TOLEDO", "distance": 0.5, "betweenness": 0.00039922815889280718, "weight": 0.10039922815889281 }, "geometry": { "type": "LineString", "coordinates": [ [ -75.439274, 7.1652 ], [ -75.692281, 7.010328 ] ] } },
{ "type": "Feature", "properties": { "source": "VALDIVIA", "target": "CÁCERES", "distance": 0.33333333333333331, "betweenness": 0.016612327278372922, "weight": 0.11661232727837292 }, "geometry": { "type": "LineString", "coordinates": [ [ -75.439274, 7.1652 ], [ -75.35205, 7.578366 ] ] } },
{ "type": "Feature", "properties": { "source": "VALDIVIA", "target": "SANTA ROSA DE OSOS", "distance": 0.5, "betweenness": 0.001856595766702893, "weight": 0.1018565957667029 }, "geometry": { "type": "LineString", "coordinates": [ [ -75.439274, 7.1652 ], [ -75.460723, 6.643366 ] ] } },
{ "type": "Feature", "properties": { "source": "VALDIVIA", "target": "GUADALUPE", "distance": 0.5, "betweenness": 0.00041401438699994829, "weight": 0.10041401438699996 }, "geometry": { "type": "LineString", "coordinates": [ [ -75.439274, 7.1652 ], [ -75.239862, 6.815069 ] ] } },
{ "type": "Feature", "properties": { "source": "VALDIVIA", "target": "ANGOSTURA", "distance": 0.5, "betweenness": 0.00062102158049992236, "weight": 0.10062102158049993 }, "geometry": { "type": "LineString", "coordinates": [ [ -75.439274, 7.1652 ], [ -75.335116, 6.885175 ] ] } },
{ "type": "Feature", "properties": { "source": "VALDIVIA", "target": "SABANALARGA", "distance": 0.33333333333333331, "betweenness": 0.0038296330797495202, "weight": 0.10382963307974953 }, "geometry": { "type": "LineString", "coordinates": [ [ -75.439274, 7.1652 ], [ -75.816645, 6.850028 ] ] } },
{ "type": "Feature", "properties": { "source": "VALDIVIA", "target": "AMALFI", "distance": 0.5, "betweenness": 0.0, "weight": 0.1 }, "geometry": { "type": "LineString", "coordinates": [ [ -75.439274, 7.1652 ], [ -75.077501, 6.909655 ] ] } },
{ "type": "Feature", "properties": { "source": "VALDIVIA", "target": "SAN JOSÉ DE LA MONTAÑA", "distance": 0.5, "betweenness": 0.00098328416912487693, "weight": 0.10098328416912489 }, "geometry": { "type": "LineString", "coordinates": [ [ -75.439274, 7.1652 ], [ -75.683352, 6.85009 ] ] } },
{ "type": "Feature", "properties": { "source": "VALDIVIA", "target": "CAROLINA", "distance": 0.25, "betweenness": 0.023809708637375145, "weight": 0.12380970863737514 }, "geometry": { "type": "LineString", "coordinates": [ [ -75.439274, 7.1652 ], [ -75.283192, 6.725995 ] ] } },
{ "type": "Feature", "properties": { "source": "VALDIVIA", "target": "BELMIRA", "distance": 0.5, "betweenness": 0.0011126636650623607, "weight": 0.10111266366506237 }, "geometry": { "type": "LineString", "coordinates": [ [ -75.439274, 7.1652 ], [ -75.667779, 6.606319 ] ] } },
{ "type": "Feature", "properties": { "source": "ANORÍ", "target": "GUADALUPE", "distance": 0.5, "betweenness": 0.00045355806883519976, "weight": 0.1004535580688352 }, "geometry": { "type": "LineString", "coordinates": [ [ -75.148355, 7.074703 ], [ -75.239862, 6.815069 ] ] } },
{ "type": "Feature", "properties": { "source": "ANORÍ", "target": "ANGOSTURA", "distance": 0.5, "betweenness": 0.0015235265002381908, "weight": 0.1015235265002382 }, "geometry": { "type": "LineString", "coordinates": [ [ -75.148355, 7.074703 ], [ -75.335116, 6.885175 ] ] } },
{ "type": "Feature", "properties": { "source": "ANORÍ", "target": "AMALFI", "distance": 0.5, "betweenness": 0.00040834245538483999, "weight": 0.10040834245538485 }, "geometry": { "type": "LineString", "coordinates": [ [ -75.148355, 7.074703 ], [ -75.077501, 6.909655 ] ] } },
{ "type": "Feature", "properties": { "source": "ANORÍ", "target": "CAMPAMENTO", "distance": 0.5, "betweenness": 0.0016301816488122963, "weight": 0.1016301816488123 }, "geometry": { "type": "LineString", "coordinates": [ [ -75.148355, 7.074703 ], [ -75.298091, 6.979771 ] ] } },
{ "type": "Feature", "properties": { "source": "ANORÍ", "target": "CÁCERES", "distance": 0.5, "betweenness": 0.001086787765874864, "weight": 0.10108678776587487 }, "geometry": { "type": "LineString", "coordinates": [ [ -75.148355, 7.074703 ], [ -75.35205, 7.578366 ] ] } },
{ "type": "Feature", "properties": { "source": "ANORÍ", "target": "GÓMEZ PLATA", "distance": 0.5, "betweenness": 0.0024229660349828026, "weight": 0.10242296603498281 }, "geometry": { "type": "LineString", "coordinates": [ [ -75.148355, 7.074703 ], [ -75.220018, 6.683269 ] ] } },
{ "type": "Feature", "properties": { "source": "ANORÍ", "target": "CAROLINA", "distance": 0.5, "betweenness": 0.0054465648550418005, "weight": 0.10544656485504181 }, "geometry": { "type": "LineString", "coordinates": [ [ -75.148355, 7.074703 ], [ -75.283192, 6.725995 ] ] } },
{ "type": "Feature", "properties": { "source": "ANORÍ", "target": "REMEDIOS", "distance": 0.5, "betweenness": 0.0011488899239248565, "weight": 0.10114888992392486 }, "geometry": { "type": "LineString", "coordinates": [ [ -75.148355, 7.074703 ], [ -74.698135, 7.029424 ] ] } },
{ "type": "Feature", "properties": { "source": "ANORÍ", "target": "YOLOMBÓ", "distance": 0.5, "betweenness": 0.0036986478649263937, "weight": 0.1036986478649264 }, "geometry": { "type": "LineString", "coordinates": [ [ -75.148355, 7.074703 ], [ -75.013385, 6.594511 ] ] } },
{ "type": "Feature", "properties": { "source": "ANORÍ", "target": "VEGACHÍ", "distance": 0.5, "betweenness": 0.0011846194310097429, "weight": 0.10118461943100975 }, "geometry": { "type": "LineString", "coordinates": [ [ -75.148355, 7.074703 ], [ -74.798714, 6.773525 ] ] } },
{ "type": "Feature", "properties": { "source": "ANORÍ", "target": "SEGOVIA", "distance": 1.0, "betweenness": 5.175179837499353e-05, "weight": 0.100051751798375 }, "geometry": { "type": "LineString", "coordinates": [ [ -75.148355, 7.074703 ], [ -74.701596, 7.079648 ] ] } },
{ "type": "Feature", "properties": { "source": "ANORÍ", "target": "SANTA ROSA DE OSOS", "distance": 0.5, "betweenness": 0.0069939436264541055, "weight": 0.1069939436264541 }, "geometry": { "type": "LineString", "coordinates": [ [ -75.148355, 7.074703 ], [ -75.460723, 6.643366 ] ] } },
{ "type": "Feature", "properties": { "source": "ANORÍ", "target": "YALÍ", "distance": 0.5, "betweenness": 0.0012300870824392017, "weight": 0.1012300870824392 }, "geometry": { "type": "LineString", "coordinates": [ [ -75.148355, 7.074703 ], [ -74.840059, 6.676554 ] ] } },
{ "type": "Feature", "properties": { "source": "ANORÍ", "target": "ZARAGOZA", "distance": 1.0, "betweenness": 0.01474428769491648, "weight": 0.11474428769491649 }, "geometry": { "type": "LineString", "coordinates": [ [ -75.148355, 7.074703 ], [ -74.867075, 7.488583 ] ] } },
{ "type": "Feature", "properties": { "source": "TOLEDO", "target": "URAMITA", "distance": 0.33333333333333331, "betweenness": 0.0013067329089685867, "weight": 0.10130673290896859 }, "geometry": { "type": "LineString", "coordinates": [ [ -75.692281, 7.010328 ], [ -76.173284, 6.898393 ] ] } },
{ "type": "Feature", "properties": { "source": "TOLEDO", "target": "BURITICÁ", "distance": 0.5, "betweenness": 0.00015525539512498059, "weight": 0.10015525539512499 }, "geometry": { "type": "LineString", "coordinates": [ [ -75.692281, 7.010328 ], [ -75.907, 6.720759 ] ] } },
{ "type": "Feature", "properties": { "source": "TOLEDO", "target": "ANGOSTURA", "distance": 0.33333333333333331, "betweenness": 0.0011644154634373545, "weight": 0.10116441546343737 }, "geometry": { "type": "LineString", "coordinates": [ [ -75.692281, 7.010328 ], [ -75.335116, 6.885175 ] ] } },
{ "type": "Feature", "properties": { "source": "TOLEDO", "target": "SAN ANDRÉS DE CUERQUÍA", "distance": 0.5, "betweenness": 0.0, "weight": 0.1 }, "geometry": { "type": "LineString", "coordinates": [ [ -75.692281, 7.010328 ], [ -75.674564, 6.916676 ] ] } },
{ "type": "Feature", "properties": { "source": "TOLEDO", "target": "SABANALARGA", "distance": 0.5, "betweenness": 0.00015525539512498059, "weight": 0.10015525539512499 }, "geometry": { "type": "LineString", "coordinates": [ [ -75.692281, 7.010328 ], [ -75.816645, 6.850028 ] ] } },
{ "type": "Feature", "properties": { "source": "TOLEDO", "target": "SANTA ROSA DE OSOS", "distance": 0.5, "betweenness": 0.00048129172488743985, "weight": 0.10048129172488744 }, "geometry": { "type": "LineString", "coordinates": [ [ -75.692281, 7.010328 ], [ -75.460723, 6.643366 ] ] } },
{ "type": "Feature", "properties": { "source": "TOLEDO", "target": "DABEIBA", "distance": 0.5, "betweenness": 0.00038813848781245146, "weight": 0.10038813848781246 }, "geometry": { "type": "LineString", "coordinates": [ [ -75.692281, 7.010328 ], [ -76.261614, 6.998112 ] ] } },
{ "type": "Feature", "properties": { "source": "TOLEDO", "target": "BELMIRA", "distance": 0.16666666666666666, "betweenness": 0.012026008975240463, "weight": 0.11202600897524047 }, "geometry": { "type": "LineString", "coordinates": [ [ -75.692281, 7.010328 ], [ -75.667779, 6.606319 ] ] } },
{ "type": "Feature", "properties": { "source": "TOLEDO", "target": "LIBORINA", "distance": 0.5, "betweenness": 0.00015525539512498059, "weight": 0.10015525539512499 }, "geometry": { "type": "LineString", "coordinates": [ [ -75.692281, 7.010328 ], [ -75.812838, 6.677316 ] ] } },
{ "type": "Feature", "properties": { "source": "TOLEDO", "target": "SAN JOSÉ DE LA MONTAÑA", "distance": 0.5, "betweenness": 0.00015525539512498059, "weight": 0.10015525539512499 }, "geometry": { "type": "LineString", "coordinates": [ [ -75.692281, 7.010328 ], [ -75.683352, 6.85009 ] ] } },
{ "type": "Feature", "properties": { "source": "TOLEDO", "target": "CAÑASGORDAS", "distance": 0.5, "betweenness": 0.00054339388293743202, "weight": 0.10054339388293744 }, "geometry": { "type": "LineString", "coordinates": [ [ -75.692281, 7.010328 ], [ -76.028228, 6.753859 ] ] } },
{ "type": "Feature", "properties": { "source": "TOLEDO", "target": "ENTRERRÍOS", "distance": 0.5, "betweenness": 0.0, "weight": 0.1 }, "geometry": { "type": "LineString", "coordinates": [ [ -75.692281, 7.010328 ], [ -75.517685, 6.566273 ] ] } },
{ "type": "Feature", "properties": { "source": "TOLEDO", "target": "GIRALDO", "distance": 0.5, "betweenness": 0.00015525539512498059, "weight": 0.10015525539512499 }, "geometry": { "type": "LineString", "coordinates": [ [ -75.692281, 7.010328 ], [ -75.952158, 6.680808 ] ] } },
{ "type": "Feature", "properties": { "source": "TOLEDO", "target": "CAMPAMENTO", "distance": 0.5, "betweenness": 0.00016634506620533633, "weight": 0.10016634506620534 }, "geometry": { "type": "LineString", "coordinates": [ [ -75.692281, 7.010328 ], [ -75.298091, 6.979771 ] ] } },
{ "type": "Feature", "properties": { "source": "TOLEDO", "target": "SANTA FÉ DE ANTIOQUIA", "distance": 1.0, "betweenness": 0.0, "weight": 0.1 }, "geometry": { "type": "LineString", "coordinates": [ [ -75.692281, 7.010328 ], [ -75.826648, 6.556484 ] ] } },
{ "type": "Feature", "properties": { "source": "TOLEDO", "target": "OLAYA", "distance": 0.5, "betweenness": 0.00018113129431247737, "weight": 0.10018113129431248 }, "geometry": { "type": "LineString", "coordinates": [ [ -75.692281, 7.010328 ], [ -75.811773, 6.626492 ] ] } },
{ "type": "Feature", "properties": { "source": "TOLEDO", "target": "SOPETRÁN", "distance": 1.0, "betweenness": 0.0, "weight": 0.1 }, "geometry": { "type": "LineString", "coordinates": [ [ -75.692281, 7.010328 ], [ -75.747378, 6.500745 ] ] } },
{ "type": "Feature", "properties": { "source": "CAMPAMENTO", "target": "CAROLINA", "distance": 0.5, "betweenness": 0.0, "weight": 0.1 }, "geometry": { "type": "LineString", "coordinates": [ [ -75.298091, 6.979771 ], [ -75.283192, 6.725995 ] ] } },
{ "type": "Feature", "properties": { "source": "CAMPAMENTO", "target": "ANGOSTURA", "distance": 0.5, "betweenness": 0.0, "weight": 0.1 }, "geometry": { "type": "LineString", "coordinates": [ [ -75.298091, 6.979771 ], [ -75.335116, 6.885175 ] ] } },
{ "type": "Feature", "properties": { "source": "CAMPAMENTO", "target": "AMALFI", "distance": 0.5, "betweenness": 0.0004657661853749418, "weight": 0.10046576618537495 }, "geometry": { "type": "LineString", "coordinates": [ [ -75.298091, 6.979771 ], [ -75.077501, 6.909655 ] ] } },
{ "type": "Feature", "properties": { "source": "CAMPAMENTO", "target": "SANTA ROSA DE OSOS", "distance": 0.5, "betweenness": 0.00058867670651555136, "weight": 0.10058867670651556 }, "geometry": { "type": "LineString", "coordinates": [ [ -75.298091, 6.979771 ], [ -75.460723, 6.643366 ] ] } },
{ "type": "Feature", "properties": { "source": "CAMPAMENTO", "target": "GÓMEZ PLATA", "distance": 0.5, "betweenness": 0.00042695233659369663, "weight": 0.1004269523365937 }, "geometry": { "type": "LineString", "coordinates": [ [ -75.298091, 6.979771 ], [ -75.220018, 6.683269 ] ] } },
{ "type": "Feature", "properties": { "source": "CAMPAMENTO", "target": "GUADALUPE", "distance": 0.5, "betweenness": 0.00067277337887491581, "weight": 0.10067277337887492 }, "geometry": { "type": "LineString", "coordinates": [ [ -75.298091, 6.979771 ], [ -75.239862, 6.815069 ] ] } },
{ "type": "Feature", "properties": { "source": "CAMPAMENTO", "target": "SAN ANDRÉS DE CUERQUÍA", "distance": 0.5, "betweenness": 0.0, "weight": 0.1 }, "geometry": { "type": "LineString", "coordinates": [ [ -75.298091, 6.979771 ], [ -75.674564, 6.916676 ] ] } },
{ "type": "Feature", "properties": { "source": "CAMPAMENTO", "target": "YOLOMBÓ", "distance": 0.5, "betweenness": 0.0022253273301247214, "weight": 0.10222532733012472 }, "geometry": { "type": "LineString", "coordinates": [ [ -75.298091, 6.979771 ], [ -75.013385, 6.594511 ] ] } },
{ "type": "Feature", "properties": { "source": "CAMPAMENTO", "target": "SAN JOSÉ DE LA MONTAÑA", "distance": 0.125, "betweenness": 0.017699115044247787, "weight": 0.11769911504424779 }, "geometry": { "type": "LineString", "coordinates": [ [ -75.298091, 6.979771 ], [ -75.683352, 6.85009 ] ] } },
{ "type": "Feature", "properties": { "source": "CAMPAMENTO", "target": "BELMIRA", "distance": 0.5, "betweenness": 0.00031051079024996118, "weight": 0.10031051079024997 }, "geometry": { "type": "LineString", "coordinates": [ [ -75.298091, 6.979771 ], [ -75.667779, 6.606319 ] ] } },
{ "type": "Feature", "properties": { "source": "CAMPAMENTO", "target": "CÁCERES", "distance": 1.0, "betweenness": 0.0, "weight": 0.1 }, "geometry": { "type": "LineString", "coordinates": [ [ -75.298091, 6.979771 ], [ -75.35205, 7.578366 ] ] } },
{ "type": "Feature", "properties": { "source": "ANGOSTURA", "target": "AMALFI", "distance": 0.5, "betweenness": 0.00042048336179682241, "weight": 0.10042048336179683 }, "geometry": { "type": "LineString", "coordinates": [ [ -75.335116, 6.885175 ], [ -75.077501, 6.909655 ] ] } },
{ "type": "Feature", "properties": { "source": "ANGOSTURA", "target": "SAN JOSÉ DE LA MONTAÑA", "distance": 0.25, "betweenness": 0.0054080629301868242, "weight": 0.10540806293018683 }, "geometry": { "type": "LineString", "coordinates": [ [ -75.335116, 6.885175 ], [ -75.683352, 6.85009 ] ] } },
{ "type": "Feature", "properties": { "source": "ANGOSTURA", "target": "BELMIRA", "distance": 0.5, "betweenness": 0.00015525539512498059, "weight": 0.10015525539512499 }, "geometry": { "type": "LineString", "coordinates": [ [ -75.335116, 6.885175 ], [ -75.667779, 6.606319 ] ] } },
{ "type": "Feature", "properties": { "source": "ANGOSTURA", "target": "SANTA ROSA DE OSOS", "distance": 0.5, "betweenness": 0.00017466231951560317, "weight": 0.10017466231951561 }, "geometry": { "type": "LineString", "coordinates": [ [ -75.335116, 6.885175 ], [ -75.460723, 6.643366 ] ] } },
{ "type": "Feature", "properties": { "source": "ANGOSTURA", "target": "ENTRERRÍOS", "distance": 0.5, "betweenness": 7.7627697562490295e-05, "weight": 0.1000776276975625 }, "geometry": { "type": "LineString", "coordinates": [ [ -75.335116, 6.885175 ], [ -75.517685, 6.566273 ] ] } },
{ "type": "Feature", "properties": { "source": "ANGOSTURA", "target": "GÓMEZ PLATA", "distance": 0.5, "betweenness": 0.00017466231951560317, "weight": 0.10017466231951561 }, "geometry": { "type": "LineString", "coordinates": [ [ -75.335116, 6.885175 ], [ -75.220018, 6.683269 ] ] } },
{ "type": "Feature", "properties": { "source": "ANGOSTURA", "target": "CAROLINA", "distance": 0.5, "betweenness": 0.0002328830926874709, "weight": 0.10023288309268748 }, "geometry": { "type": "LineString", "coordinates": [ [ -75.335116, 6.885175 ], [ -75.283192, 6.725995 ] ] } },
{ "type": "Feature", "properties": { "source": "ANGOSTURA", "target": "DONMATÍAS", "distance": 0.5, "betweenness": 0.00024397276376782664, "weight": 0.10024397276376783 }, "geometry": { "type": "LineString", "coordinates": [ [ -75.335116, 6.885175 ], [ -75.39263, 6.485603 ] ] } },
{ "type": "Feature", "properties": { "source": "ANGOSTURA", "target": "SAN ANDRÉS DE CUERQUÍA", "distance": 0.5, "betweenness": 7.7627697562490295e-05, "weight": 0.1000776276975625 }, "geometry": { "type": "LineString", "coordinates": [ [ -75.335116, 6.885175 ], [ -75.674564, 6.916676 ] ] } },
{ "type": "Feature", "properties": { "source": "ANGOSTURA", "target": "SABANALARGA", "distance": 0.5, "betweenness": 0.00038813848781245146, "weight": 0.10038813848781246 }, "geometry": { "type": "LineString", "coordinates": [ [ -75.335116, 6.885175 ], [ -75.816645, 6.850028 ] ] } },
{ "type": "Feature", "properties": { "source": "ANGOSTURA", "target": "GUADALUPE", "distance": 0.5, "betweenness": 0.00017466231951560317, "weight": 0.10017466231951561 }, "geometry": { "type": "LineString", "coordinates": [ [ -75.335116, 6.885175 ], [ -75.239862, 6.815069 ] ] } },
{ "type": "Feature", "properties": { "source": "ANGOSTURA", "target": "SAN PEDRO DE LOS MILAGROS", "distance": 0.5, "betweenness": 0.00094447032034363193, "weight": 0.10094447032034363 }, "geometry": { "type": "LineString", "coordinates": [ [ -75.335116, 6.885175 ], [ -75.556743, 6.46012 ] ] } },
{ "type": "Feature", "properties": { "source": "ANGOSTURA", "target": "YOLOMBÓ", "distance": 0.5, "betweenness": 0.00054986285773430624, "weight": 0.10054986285773432 }, "geometry": { "type": "LineString", "coordinates": [ [ -75.335116, 6.885175 ], [ -75.013385, 6.594511 ] ] } },
{ "type": "Feature", "properties": { "source": "ANGOSTURA", "target": "LIBORINA", "distance": 0.5, "betweenness": 0.00043989028618744502, "weight": 0.10043989028618745 }, "geometry": { "type": "LineString", "coordinates": [ [ -75.335116, 6.885175 ], [ -75.812838, 6.677316 ] ] } },
{ "type": "Feature", "properties": { "source": "ANGOSTURA", "target": "SANTO DOMINGO", "distance": 0.5, "betweenness": 0.00057573875692180302, "weight": 0.10057573875692181 }, "geometry": { "type": "LineString", "coordinates": [ [ -75.335116, 6.885175 ], [ -75.164903, 6.473032 ] ] } },
{ "type": "Feature", "properties": { "source": "ANGOSTURA", "target": "BARBOSA", "distance": 0.2, "betweenness": 0.011633064963293189, "weight": 0.1116330649632932 }, "geometry": { "type": "LineString", "coordinates": [ [ -75.335116, 6.885175 ], [ -75.331627, 6.439195 ] ] } },
{ "type": "Feature", "properties": { "source": "ANGOSTURA", "target": "SOPETRÁN", "distance": 0.5, "betweenness": 0.0003585660315981695, "weight": 0.10035856603159818 }, "geometry": { "type": "LineString", "coordinates": [ [ -75.335116, 6.885175 ], [ -75.747378, 6.500745 ] ] } },
{ "type": "Feature", "properties": { "source": "ANGOSTURA", "target": "CISNEROS", "distance": 0.5, "betweenness": 0.0011483259620194879, "weight": 0.10114832596201949 }, "geometry": { "type": "LineString", "coordinates": [ [ -75.335116, 6.885175 ], [ -75.087047, 6.537829 ] ] } },
{ "type": "Feature", "properties": { "source": "ANGOSTURA", "target": "OLAYA", "distance": 0.5, "betweenness": 0.00015525539512498059, "weight": 0.10015525539512499 }, "geometry": { "type": "LineString", "coordinates": [ [ -75.335116, 6.885175 ], [ -75.811773, 6.626492 ] ] } },
{ "type": "Feature", "properties": { "source": "ANGOSTURA", "target": "SAN JERÓNIMO", "distance": 0.5, "betweenness": 0.00091859442115613515, "weight": 0.10091859442115614 }, "geometry": { "type": "LineString", "coordinates": [ [ -75.335116, 6.885175 ], [ -75.726975, 6.44809 ] ] } },
{ "type": "Feature", "properties": { "source": "GUADALUPE", "target": "SANTO DOMINGO", "distance": 0.5, "betweenness": 0.0013412621121051491, "weight": 0.10134126211210516 }, "geometry": { "type": "LineString", "coordinates": [ [ -75.239862, 6.815069 ], [ -75.164903, 6.473032 ] ] } },
{ "type": "Feature", "properties": { "source": "GUADALUPE", "target": "SAN ANDRÉS DE CUERQUÍA", "distance": 0.5, "betweenness": 0.00054856906277493147, "weight": 0.10054856906277494 }, "geometry": { "type": "LineString", "coordinates": [ [ -75.239862, 6.815069 ], [ -75.674564, 6.916676 ] ] } },
{ "type": "Feature", "properties": { "source": "GUADALUPE", "target": "SANTA ROSA DE OSOS", "distance": 0.5, "betweenness": 0.0005820901139950976, "weight": 0.1005820901139951 }, "geometry": { "type": "LineString", "coordinates": [ [ -75.239862, 6.815069 ], [ -75.460723, 6.643366 ] ] } },
{ "type": "Feature", "properties": { "source": "GUADALUPE", "target": "YOLOMBÓ", "distance": 0.5, "betweenness": 0.00068559371074508493, "weight": 0.10068559371074509 }, "geometry": { "type": "LineString", "coordinates": [ [ -75.239862, 6.815069 ], [ -75.013385, 6.594511 ] ] } },
{ "type": "Feature", "properties": { "source": "GUADALUPE", "target": "CAROLINA", "distance": 0.5, "betweenness": 0.00042812851382949187, "weight": 0.1004281285138295 }, "geometry": { "type": "LineString", "coordinates": [ [ -75.239862, 6.815069 ], [ -75.283192, 6.725995 ] ] } },
{ "type": "Feature", "properties": { "source": "GUADALUPE", "target": "GÓMEZ PLATA", "distance": 0.5, "betweenness": 0.00030521799268888231, "weight": 0.10030521799268889 }, "geometry": { "type": "LineString", "coordinates": [ [ -75.239862, 6.815069 ], [ -75.220018, 6.683269 ] ] } },
{ "type": "Feature", "properties": { "source": "GUADALUPE", "target": "AMALFI", "distance": 0.5, "betweenness": 0.00038155189529199776, "weight": 0.10038155189529201 }, "geometry": { "type": "LineString", "coordinates": [ [ -75.239862, 6.815069 ], [ -75.077501, 6.909655 ] ] } },
{ "type": "Feature", "properties": { "source": "GUADALUPE", "target": "CISNEROS", "distance": 0.5, "betweenness": 0.00093073317339735593, "weight": 0.10093073317339736 }, "geometry": { "type": "LineString", "coordinates": [ [ -75.239862, 6.815069 ], [ -75.087047, 6.537829 ] ] } },
{ "type": "Feature", "properties": { "source": "GUADALUPE", "target": "DONMATÍAS", "distance": 0.5, "betweenness": 0.0025550770194459052, "weight": 0.10255507701944591 }, "geometry": { "type": "LineString", "coordinates": [ [ -75.239862, 6.815069 ], [ -75.39263, 6.485603 ] ] } },
{ "type": "Feature", "properties": { "source": "GUADALUPE", "target": "ENTRERRÍOS", "distance": 0.5, "betweenness": 0.00047870413496869013, "weight": 0.10047870413496869 }, "geometry": { "type": "LineString", "coordinates": [ [ -75.239862, 6.815069 ], [ -75.517685, 6.566273 ] ] } },
{ "type": "Feature", "properties": { "source": "GUADALUPE", "target": "BELMIRA", "distance": 0.33333333333333331, "betweenness": 0.0060109713812554989, "weight": 0.10601097138125551 }, "geometry": { "type": "LineString", "coordinates": [ [ -75.239862, 6.815069 ], [ -75.667779, 6.606319 ] ] } },
{ "type": "Feature", "properties": { "source": "GUADALUPE", "target": "BARBOSA", "distance": 0.5, "betweenness": 0.00097715124496680172, "weight": 0.10097715124496681 }, "geometry": { "type": "LineString", "coordinates": [ [ -75.239862, 6.815069 ], [ -75.331627, 6.439195 ] ] } },
{ "type": "Feature", "properties": { "source": "GUADALUPE", "target": "YALÍ", "distance": 0.5, "betweenness": 0.00060149703838572027, "weight": 0.10060149703838572 }, "geometry": { "type": "LineString", "coordinates": [ [ -75.239862, 6.815069 ], [ -74.840059, 6.676554 ] ] } },
{ "type": "Feature", "properties": { "source": "GUADALUPE", "target": "VEGACHÍ", "distance": 0.5, "betweenness": 0.00036861394569824931, "weight": 0.10036861394569825 }, "geometry": { "type": "LineString", "coordinates": [ [ -75.239862, 6.815069 ], [ -74.798714, 6.773525 ] ] } },
{ "type": "Feature", "properties": { "source": "SAN ANDRÉS DE CUERQUÍA", "target": "SANTA ROSA DE OSOS", "distance": 0.5, "betweenness": 0.00049164208456243857, "weight": 0.10049164208456245 }, "geometry": { "type": "LineString", "coordinates": [ [ -75.674564, 6.916676 ], [ -75.460723, 6.643366 ] ] } },
{ "type": "Feature", "properties": { "source": "SAN ANDRÉS DE CUERQUÍA", "target": "BURITICÁ", "distance": 0.5, "betweenness": 0.0, "weight": 0.1 }, "geometry": { "type": "LineString", "coordinates": [ [ -75.674564, 6.916676 ], [ -75.907, 6.720759 ] ] } },
{ "type": "Feature", "properties": { "source": "SAN ANDRÉS DE CUERQUÍA", "target": "BELMIRA", "distance": 0.5, "betweenness": 0.0, "weight": 0.1 }, "geometry": { "type": "LineString", "coordinates": [ [ -75.674564, 6.916676 ], [ -75.667779, 6.606319 ] ] } },
{ "type": "Feature", "properties": { "source": "SAN ANDRÉS DE CUERQUÍA", "target": "ENTRERRÍOS", "distance": 0.33333333333333331, "betweenness": 0.0015447911814935567, "weight": 0.10154479118149357 }, "geometry": { "type": "LineString", "coordinates": [ [ -75.674564, 6.916676 ], [ -75.517685, 6.566273 ] ] } },
{ "type": "Feature", "properties": { "source": "SAN ANDRÉS DE CUERQUÍA", "target": "SAN JOSÉ DE LA MONTAÑA", "distance": 0.25, "betweenness": 0.00054339388293743202, "weight": 0.10054339388293744 }, "geometry": { "type": "LineString", "coordinates": [ [ -75.674564, 6.916676 ], [ -75.683352, 6.85009 ] ] } },
{ "type": "Feature", "properties": { "source": "SAN ANDRÉS DE CUERQUÍA", "target": "CAROLINA", "distance": 0.16666666666666666, "betweenness": 0.032438325789513486, "weight": 0.13243832578951348 }, "geometry": { "type": "LineString", "coordinates": [ [ -75.674564, 6.916676 ], [ -75.283192, 6.725995 ] ] } },
{ "type": "Feature", "properties": { "source": "SAN ANDRÉS DE CUERQUÍA", "target": "SABANALARGA", "distance": 0.5, "betweenness": 0.00015525539512498059, "weight": 0.10015525539512499 }, "geometry": { "type": "LineString", "coordinates": [ [ -75.674564, 6.916676 ], [ -75.816645, 6.850028 ] ] } },
{ "type": "Feature", "properties": { "source": "SAN ANDRÉS DE CUERQUÍA", "target": "LIBORINA", "distance": 0.5, "betweenness": 0.00015525539512498059, "weight": 0.10015525539512499 }, "geometry": { "type": "LineString", "coordinates": [ [ -75.674564, 6.916676 ], [ -75.812838, 6.677316 ] ] } },
{ "type": "Feature", "properties": { "source": "SAN ANDRÉS DE CUERQUÍA", "target": "OLAYA", "distance": 0.5, "betweenness": 0.00041401438699994829, "weight": 0.10041401438699996 }, "geometry": { "type": "LineString", "coordinates": [ [ -75.674564, 6.916676 ], [ -75.811773, 6.626492 ] ] } },
{ "type": "Feature", "properties": { "source": "SAN ANDRÉS DE CUERQUÍA", "target": "CAÑASGORDAS", "distance": 0.5, "betweenness": 0.0003363866894374579, "weight": 0.10033638668943747 }, "geometry": { "type": "LineString", "coordinates": [ [ -75.674564, 6.916676 ], [ -76.028228, 6.753859 ] ] } },
{ "type": "Feature", "properties": { "source": "SAN ANDRÉS DE CUERQUÍA", "target": "SOPETRÁN", "distance": 0.5, "betweenness": 0.00015525539512498059, "weight": 0.10015525539512499 }, "geometry": { "type": "LineString", "coordinates": [ [ -75.674564, 6.916676 ], [ -75.747378, 6.500745 ] ] } },
{ "type": "Feature", "properties": { "source": "SAN ANDRÉS DE CUERQUÍA", "target": "DABEIBA", "distance": 0.5, "betweenness": 0.0, "weight": 0.1 }, "geometry": { "type": "LineString", "coordinates": [ [ -75.674564, 6.916676 ], [ -76.261614, 6.998112 ] ] } },
{ "type": "Feature", "properties": { "source": "SAN ANDRÉS DE CUERQUÍA", "target": "URAMITA", "distance": 0.33333333333333331, "betweenness": 0.0044506546602494437, "weight": 0.10445065466024944 }, "geometry": { "type": "LineString", "coordinates": [ [ -75.674564, 6.916676 ], [ -76.173284, 6.898393 ] ] } },
{ "type": "Feature", "properties": { "source": "SAN ANDRÉS DE CUERQUÍA", "target": "SANTA FÉ DE ANTIOQUIA", "distance": 0.5, "betweenness": 0.00077627697562490292, "weight": 0.10077627697562491 }, "geometry": { "type": "LineString", "coordinates": [ [ -75.674564, 6.916676 ], [ -75.826648, 6.556484 ] ] } },
{ "type": "Feature", "properties": { "source": "SAN ANDRÉS DE CUERQUÍA", "target": "GIRALDO", "distance": 0.5, "betweenness": 0.00043989028618744496, "weight": 0.10043989028618745 }, "geometry": { "type": "LineString", "coordinates": [ [ -75.674564, 6.916676 ], [ -75.952158, 6.680808 ] ] } },
{ "type": "Feature", "properties": { "source": "SAN ANDRÉS DE CUERQUÍA", "target": "ABRIAQUÍ", "distance": 0.1, "betweenness": 0.023792889302903276, "weight": 0.12379288930290328 }, "geometry": { "type": "LineString", "coordinates": [ [ -75.674564, 6.916676 ], [ -76.064304, 6.632282 ] ] } },
{ "type": "Feature", "properties": { "source": "SAN ANDRÉS DE CUERQUÍA", "target": "FRONTINO", "distance": 0.33333333333333331, "betweenness": 0.0062490296537804696, "weight": 0.10624902965378047 }, "geometry": { "type": "LineString", "coordinates": [ [ -75.674564, 6.916676 ], [ -76.130765, 6.776066 ] ] } },
{ "type": "Feature", "properties": { "source": "SAN ANDRÉS DE CUERQUÍA", "target": "SAN JERÓNIMO", "distance": 0.5, "betweenness": 0.0002768721213062154, "weight": 0.10027687212130622 }, "geometry": { "type": "LineString", "coordinates": [ [ -75.674564, 6.916676 ], [ -75.726975, 6.44809 ] ] } },
{ "type": "Feature", "properties": { "source": "SAN ANDRÉS DE CUERQUÍA", "target": "SAN PEDRO DE LOS MILAGROS", "distance": 0.33333333333333331, "betweenness": 0.0078119339647052715, "weight": 0.10781193396470527 }, "geometry": { "type": "LineString", "coordinates": [ [ -75.674564, 6.916676 ], [ -75.556743, 6.46012 ] ] } },
{ "type": "Feature", "properties": { "source": "CAROLINA", "target": "AMALFI", "distance": 0.16666666666666666, "betweenness": 0.035230776055182197, "weight": 0.13523077605518219 }, "geometry": { "type": "LineString", "coordinates": [ [ -75.283192, 6.725995 ], [ -75.077501, 6.909655 ] ] } },
{ "type": "Feature", "properties": { "source": "CAROLINA", "target": "DONMATÍAS", "distance": 0.25, "betweenness": 0.012684365781710913, "weight": 0.11268436578171091 }, "geometry": { "type": "LineString", "coordinates": [ [ -75.283192, 6.725995 ], [ -75.39263, 6.485603 ] ] } },
{ "type": "Feature", "properties": { "source": "CAROLINA", "target": "SANTA ROSA DE OSOS", "distance": 0.5, "betweenness": 0.00015525539512498059, "weight": 0.10015525539512499 }, "geometry": { "type": "LineString", "coordinates": [ [ -75.283192, 6.725995 ], [ -75.460723, 6.643366 ] ] } },
{ "type": "Feature", "properties": { "source": "CAROLINA", "target": "SAN JOSÉ DE LA MONTAÑA", "distance": 0.33333333333333331, "betweenness": 0.0055010834703429021, "weight": 0.10550108347034291 }, "geometry": { "type": "LineString", "coordinates": [ [ -75.283192, 6.725995 ], [ -75.683352, 6.85009 ] ] } },
{ "type": "Feature", "properties": { "source": "CAROLINA", "target": "ENTRERRÍOS", "distance": 0.5, "betweenness": 0.00020700719349997412, "weight": 0.10020700719349998 }, "geometry": { "type": "LineString", "coordinates": [ [ -75.283192, 6.725995 ], [ -75.517685, 6.566273 ] ] } },
{ "type": "Feature", "properties": { "source": "CAROLINA", "target": "BELMIRA", "distance": 0.33333333333333331, "betweenness": 0.002511256016146561, "weight": 0.10251125601614657 }, "geometry": { "type": "LineString", "coordinates": [ [ -75.283192, 6.725995 ], [ -75.667779, 6.606319 ] ] } },
{ "type": "Feature", "properties": { "source": "CAROLINA", "target": "GÓMEZ PLATA", "distance": 0.5, "betweenness": 0.00031051079024996118, "weight": 0.10031051079024997 }, "geometry": { "type": "LineString", "coordinates": [ [ -75.283192, 6.725995 ], [ -75.220018, 6.683269 ] ] } },
{ "type": "Feature", "properties": { "source": "CAROLINA", "target": "SANTO DOMINGO", "distance": 0.33333333333333331, "betweenness": 0.0038148468516423801, "weight": 0.10381484685164238 }, "geometry": { "type": "LineString", "coordinates": [ [ -75.283192, 6.725995 ], [ -75.164903, 6.473032 ] ] } },
{ "type": "Feature", "properties": { "source": "CAROLINA", "target": "BARBOSA", "distance": 0.5, "betweenness": 0.00031051079024996118, "weight": 0.10031051079024997 }, "geometry": { "type": "LineString", "coordinates": [ [ -75.283192, 6.725995 ], [ -75.331627, 6.439195 ] ] } },
{ "type": "Feature", "properties": { "source": "CAROLINA", "target": "YOLOMBÓ", "distance": 0.5, "betweenness": 0.00069864927806241269, "weight": 0.10069864927806242 }, "geometry": { "type": "LineString", "coordinates": [ [ -75.283192, 6.725995 ], [ -75.013385, 6.594511 ] ] } },
{ "type": "Feature", "properties": { "source": "CAROLINA", "target": "GIRARDOTA", "distance": 0.5, "betweenness": 0.0011644154634373545, "weight": 0.10116441546343737 }, "geometry": { "type": "LineString", "coordinates": [ [ -75.283192, 6.725995 ], [ -75.444238, 6.379472 ] ] } },
{ "type": "Feature", "properties": { "source": "CAROLINA", "target": "SAN PEDRO DE LOS MILAGROS", "distance": 0.5, "betweenness": 0.00031309838016871085, "weight": 0.10031309838016872 }, "geometry": { "type": "LineString", "coordinates": [ [ -75.283192, 6.725995 ], [ -75.556743, 6.46012 ] ] } },
{ "type": "Feature", "properties": { "source": "CAROLINA", "target": "CISNEROS", "distance": 0.5, "betweenness": 0.0016981888197537939, "weight": 0.1016981888197538 }, "geometry": { "type": "LineString", "coordinates": [ [ -75.283192, 6.725995 ], [ -75.087047, 6.537829 ] ] } },
{ "type": "Feature", "properties": { "source": "CAROLINA", "target": "COPACABANA", "distance": 1.0, "betweenness": 0.0, "weight": 0.1 }, "geometry": { "type": "LineString", "coordinates": [ [ -75.283192, 6.725995 ], [ -75.509384, 6.348557 ] ] } },
{ "type": "Feature", "properties": { "source": "CAROLINA", "target": "CONCEPCIÓN", "distance": 0.2, "betweenness": 0.029925477410340007, "weight": 0.12992547741034002 }, "geometry": { "type": "LineString", "coordinates": [ [ -75.283192, 6.725995 ], [ -75.257587, 6.394348 ] ] } },
{ "type": "Feature", "properties": { "source": "CAROLINA", "target": "YALÍ", "distance": 1.0, "betweenness": 0.0, "weight": 0.1 }, "geometry": { "type": "LineString", "coordinates": [ [ -75.283192, 6.725995 ], [ -74.840059, 6.676554 ] ] } },
{ "type": "Feature", "properties": { "source": "CAROLINA", "target": "SAN ROQUE", "distance": 0.5, "betweenness": 0.0024568662202569978, "weight": 0.102456866220257 }, "geometry": { "type": "LineString", "coordinates": [ [ -75.283192, 6.725995 ], [ -75.019109, 6.485939 ] ] } },
{ "type": "Feature", "properties": { "source": "CAROLINA", "target": "VEGACHÍ", "distance": 0.5, "betweenness": 0.0032733012472183406, "weight": 0.10327330124721834 }, "geometry": { "type": "LineString", "coordinates": [ [ -75.283192, 6.725995 ], [ -74.798714, 6.773525 ] ] } },
{ "type": "Feature", "properties": { "source": "CAROLINA", "target": "SAN VICENTE FERRER", "distance": 0.33333333333333331, "betweenness": 0.019054069065713219, "weight": 0.11905406906571323 }, "geometry": { "type": "LineString", "coordinates": [ [ -75.283192, 6.725995 ], [ -75.332616, 6.282164 ] ] } },
{ "type": "Feature", "properties": { "source": "CAROLINA", "target": "ALEJANDRÍA", "distance": 0.5, "betweenness": 0.0020676691729323306, "weight": 0.10206766917293233 }, "geometry": { "type": "LineString", "coordinates": [ [ -75.283192, 6.725995 ], [ -75.141346, 6.376061 ] ] } },
{ "type": "Feature", "properties": { "source": "AMALFI", "target": "SANTA ROSA DE OSOS", "distance": 0.5, "betweenness": 0.00072452517724990936, "weight": 0.10072452517724992 }, "geometry": { "type": "LineString", "coordinates": [ [ -75.077501, 6.909655 ], [ -75.460723, 6.643366 ] ] } },
{ "type": "Feature", "properties": { "source": "AMALFI", "target": "GÓMEZ PLATA", "distance": 0.5, "betweenness": 0.00046231606548327548, "weight": 0.10046231606548328 }, "geometry": { "type": "LineString", "coordinates": [ [ -75.077501, 6.909655 ], [ -75.220018, 6.683269 ] ] } },
{ "type": "Feature", "properties": { "source": "AMALFI", "target": "YOLOMBÓ", "distance": 0.5, "betweenness": 0.00057259668344903562, "weight": 0.10057259668344905 }, "geometry": { "type": "LineString", "coordinates": [ [ -75.077501, 6.909655 ], [ -75.013385, 6.594511 ] ] } },
{ "type": "Feature", "properties": { "source": "AMALFI", "target": "YALÍ", "distance": 0.5, "betweenness": 0.001693577601821663, "weight": 0.10169357760182167 }, "geometry": { "type": "LineString", "coordinates": [ [ -75.077501, 6.909655 ], [ -74.840059, 6.676554 ] ] } },
{ "type": "Feature", "properties": { "source": "AMALFI", "target": "VEGACHÍ", "distance": 0.5, "betweenness": 0.0002328830926874709, "weight": 0.10023288309268748 }, "geometry": { "type": "LineString", "coordinates": [ [ -75.077501, 6.909655 ], [ -74.798714, 6.773525 ] ] } },
{ "type": "Feature", "properties": { "source": "AMALFI", "target": "DONMATÍAS", "distance": 0.5, "betweenness": 0.0, "weight": 0.1 }, "geometry": { "type": "LineString", "coordinates": [ [ -75.077501, 6.909655 ], [ -75.39263, 6.485603 ] ] } },
{ "type": "Feature", "properties": { "source": "AMALFI", "target": "REMEDIOS", "distance": 0.5, "betweenness": 0.0037612428972466244, "weight": 0.10376124289724663 }, "geometry": { "type": "LineString", "coordinates": [ [ -75.077501, 6.909655 ], [ -74.698135, 7.029424 ] ] } },
{ "type": "Feature", "properties": { "source": "AMALFI", "target": "SANTO DOMINGO", "distance": 0.5, "betweenness": 0.00028278661254907178, "weight": 0.10028278661254908 }, "geometry": { "type": "LineString", "coordinates": [ [ -75.077501, 6.909655 ], [ -75.164903, 6.473032 ] ] } },
{ "type": "Feature", "properties": { "source": "AMALFI", "target": "CISNEROS", "distance": 0.5, "betweenness": 0.00049211600212997503, "weight": 0.10049211600212998 }, "geometry": { "type": "LineString", "coordinates": [ [ -75.077501, 6.909655 ], [ -75.087047, 6.537829 ] ] } },
{ "type": "Feature", "properties": { "source": "AMALFI", "target": "SEGOVIA", "distance": 0.5, "betweenness": 0.016707328793961303, "weight": 0.11670732879396131 }, "geometry": { "type": "LineString", "coordinates": [ [ -75.077501, 6.909655 ], [ -74.701596, 7.079648 ] ] } },
{ "type": "Feature", "properties": { "source": "AMALFI", "target": "SAN ROQUE", "distance": 0.5, "betweenness": 0.00052067685975464278, "weight": 0.10052067685975465 }, "geometry": { "type": "LineString", "coordinates": [ [ -75.077501, 6.909655 ], [ -75.019109, 6.485939 ] ] } },
{ "type": "Feature", "properties": { "source": "AMALFI", "target": "MACEO", "distance": 0.5, "betweenness": 0.0029781927779133181, "weight": 0.10297819277791333 }, "geometry": { "type": "LineString", "coordinates": [ [ -75.077501, 6.909655 ], [ -74.78716, 6.552116 ] ] } },
{ "type": "Feature", "properties": { "source": "AMALFI", "target": "BARBOSA", "distance": 0.5, "betweenness": 0.00045541582569994302, "weight": 0.10045541582569995 }, "geometry": { "type": "LineString", "coordinates": [ [ -75.077501, 6.909655 ], [ -75.331627, 6.439195 ] ] } },
{ "type": "Feature", "properties": { "source": "AMALFI", "target": "CONCEPCIÓN", "distance": 1.0, "betweenness": 0.0, "weight": 0.1 }, "geometry": { "type": "LineString", "coordinates": [ [ -75.077501, 6.909655 ], [ -75.257587, 6.394348 ] ] } },
{ "type": "Feature", "properties": { "source": "SANTA ROSA DE OSOS", "target": "ENTRERRÍOS", "distance": 0.5, "betweenness": 0.00017466231951560317, "weight": 0.10017466231951561 }, "geometry": { "type": "LineString", "coordinates": [ [ -75.460723, 6.643366 ], [ -75.517685, 6.566273 ] ] } },
{ "type": "Feature", "properties": { "source": "SANTA ROSA DE OSOS", "target": "SABANALARGA", "distance": 0.5, "betweenness": 0.0010350359674998707, "weight": 0.10103503596749988 }, "geometry": { "type": "LineString", "coordinates": [ [ -75.460723, 6.643366 ], [ -75.816645, 6.850028 ] ] } },
{ "type": "Feature", "properties": { "source": "SANTA ROSA DE OSOS", "target": "LIBORINA", "distance": 0.5, "betweenness": 0.00062102158049992236, "weight": 0.10062102158049993 }, "geometry": { "type": "LineString", "coordinates": [ [ -75.460723, 6.643366 ], [ -75.812838, 6.677316 ] ] } },
{ "type": "Feature", "properties": { "source": "SANTA ROSA DE OSOS", "target": "BELMIRA", "distance": 0.5, "betweenness": 0.00021994514309372251, "weight": 0.10021994514309372 }, "geometry": { "type": "LineString", "coordinates": [ [ -75.460723, 6.643366 ], [ -75.667779, 6.606319 ] ] } },
{ "type": "Feature", "properties": { "source": "SANTA ROSA DE OSOS", "target": "BELLO", "distance": 0.5, "betweenness": 0.0010013972985561247, "weight": 0.10100139729855613 }, "geometry": { "type": "LineString", "coordinates": [ [ -75.460723, 6.643366 ], [ -75.555245, 6.333587 ] ] } },
{ "type": "Feature", "properties": { "source": "SANTA ROSA DE OSOS", "target": "GÓMEZ PLATA", "distance": 0.33333333333333331, "betweenness": 0.0017906122237747759, "weight": 0.10179061222377478 }, "geometry": { "type": "LineString", "coordinates": [ [ -75.460723, 6.643366 ], [ -75.220018, 6.683269 ] ] } },
{ "type": "Feature", "properties": { "source": "SANTA ROSA DE OSOS", "target": "SAN PEDRO DE LOS MILAGROS", "distance": 0.33333333333333331, "betweenness": 0.0019769186979247525, "weight": 0.10197691869792476 }, "geometry": { "type": "LineString", "coordinates": [ [ -75.460723, 6.643366 ], [ -75.556743, 6.46012 ] ] } },
{ "type": "Feature", "properties": { "source": "SANTA ROSA DE OSOS", "target": "SOPETRÁN", "distance": 0.5, "betweenness": 0.00031051079024996118, "weight": 0.10031051079024997 }, "geometry": { "type": "LineString", "coordinates": [ [ -75.460723, 6.643366 ], [ -75.747378, 6.500745 ] ] } },
{ "type": "Feature", "properties": { "source": "SANTA ROSA DE OSOS", "target": "SAN JOSÉ DE LA MONTAÑA", "distance": 0.5, "betweenness": 0.00054080629301868246, "weight": 0.10054080629301869 }, "geometry": { "type": "LineString", "coordinates": [ [ -75.460723, 6.643366 ], [ -75.683352, 6.85009 ] ] } },
{ "type": "Feature", "properties": { "source": "SANTA ROSA DE OSOS", "target": "BARBOSA", "distance": 0.5, "betweenness": 0.00034156186927495735, "weight": 0.10034156186927497 }, "geometry": { "type": "LineString", "coordinates": [ [ -75.460723, 6.643366 ], [ -75.331627, 6.439195 ] ] } },
{ "type": "Feature", "properties": { "source": "SANTA ROSA DE OSOS", "target": "DONMATÍAS", "distance": 0.5, "betweenness": 0.0002328830926874709, "weight": 0.10023288309268748 }, "geometry": { "type": "LineString", "coordinates": [ [ -75.460723, 6.643366 ], [ -75.39263, 6.485603 ] ] } },
{ "type": "Feature", "properties": { "source": "SANTA ROSA DE OSOS", "target": "SAN JERÓNIMO", "distance": 0.5, "betweenness": 0.00036743776846245402, "weight": 0.10036743776846246 }, "geometry": { "type": "LineString", "coordinates": [ [ -75.460723, 6.643366 ], [ -75.726975, 6.44809 ] ] } },
{ "type": "Feature", "properties": { "source": "SANTA ROSA DE OSOS", "target": "GIRARDOTA", "distance": 0.5, "betweenness": 0.00080732805464989914, "weight": 0.10080732805464991 }, "geometry": { "type": "LineString", "coordinates": [ [ -75.460723, 6.643366 ], [ -75.444238, 6.379472 ] ] } },
{ "type": "Feature", "properties": { "source": "SANTA ROSA DE OSOS", "target": "OLAYA", "distance": 0.5, "betweenness": 0.00055633183253118036, "weight": 0.10055633183253118 }, "geometry": { "type": "LineString", "coordinates": [ [ -75.460723, 6.643366 ], [ -75.811773, 6.626492 ] ] } },
{ "type": "Feature", "properties": { "source": "SANTA ROSA DE OSOS", "target": "COPACABANA", "distance": 0.5, "betweenness": 0.00070813710776449477, "weight": 0.10070813710776449 }, "geometry": { "type": "LineString", "coordinates": [ [ -75.460723, 6.643366 ], [ -75.509384, 6.348557 ] ] } },
{ "type": "Feature", "properties": { "source": "SANTA ROSA DE OSOS", "target": "BURITICÁ", "distance": 0.5, "betweenness": 0.0015180527523331437, "weight": 0.10151805275233315 }, "geometry": { "type": "LineString", "coordinates": [ [ -75.460723, 6.643366 ], [ -75.907, 6.720759 ] ] } },
{ "type": "Feature", "properties": { "source": "SANTA ROSA DE OSOS", "target": "SANTA FÉ DE ANTIOQUIA", "distance": 0.5, "betweenness": 0.0011385395642498578, "weight": 0.10113853956424987 }, "geometry": { "type": "LineString", "coordinates": [ [ -75.460723, 6.643366 ], [ -75.826648, 6.556484 ] ] } },
{ "type": "Feature", "properties": { "source": "SANTA ROSA DE OSOS", "target": "SAN VICENTE FERRER", "distance": 0.5, "betweenness": 0.0003172783331143834, "weight": 0.10031727833311439 }, "geometry": { "type": "LineString", "coordinates": [ [ -75.460723, 6.643366 ], [ -75.332616, 6.282164 ] ] } },
{ "type": "Feature", "properties": { "source": "SANTA ROSA DE OSOS", "target": "CONCEPCIÓN", "distance": 0.5, "betweenness": 0.0002328830926874709, "weight": 0.10023288309268748 }, "geometry": { "type": "LineString", "coordinates": [ [ -75.460723, 6.643366 ], [ -75.257587, 6.394348 ] ] } },
{ "type": "Feature", "properties": { "source": "SANTA ROSA DE OSOS", "target": "SANTO DOMINGO", "distance": 0.5, "betweenness": 0.00029757284065621279, "weight": 0.10029757284065621 }, "geometry": { "type": "LineString", "coordinates": [ [ -75.460723, 6.643366 ], [ -75.164903, 6.473032 ] ] } },
{ "type": "Feature", "properties": { "source": "SANTA ROSA DE OSOS", "target": "MEDELLÍN", "distance": 0.5, "betweenness": 0.00091600683123738548, "weight": 0.10091600683123739 }, "geometry": { "type": "LineString", "coordinates": [ [ -75.460723, 6.643366 ], [ -75.581775, 6.246631 ] ] } },
{ "type": "Feature", "properties": { "source": "SANTA ROSA DE OSOS", "target": "YOLOMBÓ", "distance": 0.33333333333333331, "betweenness": 0.0035514671634839308, "weight": 0.10355146716348394 }, "geometry": { "type": "LineString", "coordinates": [ [ -75.460723, 6.643366 ], [ -75.013385, 6.594511 ] ] } },
{ "type": "Feature", "properties": { "source": "SANTA ROSA DE OSOS", "target": "GUARNE", "distance": 0.5, "betweenness": 0.00047094136521244113, "weight": 0.10047094136521245 }, "geometry": { "type": "LineString", "coordinates": [ [ -75.460723, 6.643366 ], [ -75.441612, 6.27787 ] ] } },
{ "type": "Feature", "properties": { "source": "SANTA ROSA DE OSOS", "target": "EBÉJICO", "distance": 0.5, "betweenness": 0.00084096672359364492, "weight": 0.10084096672359365 }, "geometry": { "type": "LineString", "coordinates": [ [ -75.460723, 6.643366 ], [ -75.766413, 6.325615 ] ] } },
{ "type": "Feature", "properties": { "source": "SANTA ROSA DE OSOS", "target": "SAN ROQUE", "distance": 0.5, "betweenness": 0.0012536369080383984, "weight": 0.1012536369080384 }, "geometry": { "type": "LineString", "coordinates": [ [ -75.460723, 6.643366 ], [ -75.019109, 6.485939 ] ] } },
{ "type": "Feature", "properties": { "source": "SANTA ROSA DE OSOS", "target": "CISNEROS", "distance": 0.5, "betweenness": 0.001737002668535039, "weight": 0.10173700266853504 }, "geometry": { "type": "LineString", "coordinates": [ [ -75.460723, 6.643366 ], [ -75.087047, 6.537829 ] ] } },
{ "type": "Feature", "properties": { "source": "SANTA ROSA DE OSOS", "target": "CAÑASGORDAS", "distance": 0.33333333333333331, "betweenness": 0.0064456864876054438, "weight": 0.10644568648760545 }, "geometry": { "type": "LineString", "coordinates": [ [ -75.460723, 6.643366 ], [ -76.028228, 6.753859 ] ] } },
{ "type": "Feature", "properties": { "source": "SANTA ROSA DE OSOS", "target": "GIRALDO", "distance": 0.5, "betweenness": 0.0012032293122185996, "weight": 0.1012032293122186 }, "geometry": { "type": "LineString", "coordinates": [ [ -75.460723, 6.643366 ], [ -75.952158, 6.680808 ] ] } },
{ "type": "Feature", "properties": { "source": "SANTA ROSA DE OSOS", "target": "ALEJANDRÍA", "distance": 0.5, "betweenness": 0.0013107991216980502, "weight": 0.10131079912169806 }, "geometry": { "type": "LineString", "coordinates": [ [ -75.460723, 6.643366 ], [ -75.141346, 6.376061 ] ] } },
{ "type": "Feature", "properties": { "source": "SANTA ROSA DE OSOS", "target": "RIONEGRO", "distance": 0.25, "betweenness": 0.017099424493462689, "weight": 0.11709942449346269 }, "geometry": { "type": "LineString", "coordinates": [ [ -75.460723, 6.643366 ], [ -75.377316, 6.147148 ] ] } },
{ "type": "Feature", "properties": { "source": "SANTA ROSA DE OSOS", "target": "PEÑOL", "distance": 0.5, "betweenness": 0.00039460746260932563, "weight": 0.10039460746260934 }, "geometry": { "type": "LineString", "coordinates": [ [ -75.460723, 6.643366 ], [ -75.242693, 6.219349 ] ] } },
{ "type": "Feature", "properties": { "source": "SANTA ROSA DE OSOS", "target": "GUATAPÉ", "distance": 0.33333333333333331, "betweenness": 0.0042371784919525953, "weight": 0.1042371784919526 }, "geometry": { "type": "LineString", "coordinates": [ [ -75.460723, 6.643366 ], [ -75.160041, 6.232461 ] ] } },
{ "type": "Feature", "properties": { "source": "SANTA ROSA DE OSOS", "target": "MARINILLA", "distance": 0.5, "betweenness": 0.00081509082440614814, "weight": 0.10081509082440615 }, "geometry": { "type": "LineString", "coordinates": [ [ -75.460723, 6.643366 ], [ -75.339345, 6.173995 ] ] } },
{ "type": "Feature", "properties": { "source": "SANTA ROSA DE OSOS", "target": "SAN RAFAEL", "distance": 0.5, "betweenness": 0.0022305025099622214, "weight": 0.10223050250996223 }, "geometry": { "type": "LineString", "coordinates": [ [ -75.460723, 6.643366 ], [ -75.02849, 6.293759 ] ] } },
{ "type": "Feature", "properties": { "source": "SANTA ROSA DE OSOS", "target": "YALÍ", "distance": 0.5, "betweenness": 0.0039823008849557522, "weight": 0.10398230088495576 }, "geometry": { "type": "LineString", "coordinates": [ [ -75.460723, 6.643366 ], [ -74.840059, 6.676554 ] ] } },
{ "type": "Feature", "properties": { "source": "SANTA ROSA DE OSOS", "target": "ENVIGADO", "distance": 1.0, "betweenness": 0.0, "weight": 0.1 }, "geometry": { "type": "LineString", "coordinates": [ [ -75.460723, 6.643366 ], [ -75.582192, 6.166695 ] ] } },
{ "type": "Feature", "properties": { "source": "CÁCERES", "target": "ZARAGOZA", "distance": 1.0, "betweenness": 0.00069864927806241269, "weight": 0.10069864927806242 }, "geometry": { "type": "LineString", "coordinates": [ [ -75.35205, 7.578366 ], [ -74.867075, 7.488583 ] ] } },
{ "type": "Feature", "properties": { "source": "DABEIBA", "target": "MUTATÁ", "distance": 0.5, "betweenness": 0.00038813848781245146, "weight": 0.10038813848781246 }, "geometry": { "type": "LineString", "coordinates": [ [ -76.261614, 6.998112 ], [ -76.435875, 7.242875 ] ] } },
{ "type": "Feature", "properties": { "source": "DABEIBA", "target": "FRONTINO", "distance": 0.5, "betweenness": 0.00020700719349997412, "weight": 0.10020700719349998 }, "geometry": { "type": "LineString", "coordinates": [ [ -76.261614, 6.998112 ], [ -76.130765, 6.776066 ] ] } },
{ "type": "Feature", "properties": { "source": "DABEIBA", "target": "URAMITA", "distance": 0.5, "betweenness": 0.00031051079024996118, "weight": 0.10031051079024997 }, "geometry": { "type": "LineString", "coordinates": [ [ -76.261614, 6.998112 ], [ -76.173284, 6.898393 ] ] } },
{ "type": "Feature", "properties": { "source": "DABEIBA", "target": "CAÑASGORDAS", "distance": 0.5, "betweenness": 0.00092118201107488481, "weight": 0.10092118201107489 }, "geometry": { "type": "LineString", "coordinates": [ [ -76.261614, 6.998112 ], [ -76.028228, 6.753859 ] ] } },
{ "type": "Feature", "properties": { "source": "DABEIBA", "target": "BURITICÁ", "distance": 0.5, "betweenness": 0.00031051079024996118, "weight": 0.10031051079024997 }, "geometry": { "type": "LineString", "coordinates": [ [ -76.261614, 6.998112 ], [ -75.907, 6.720759 ] ] } },
{ "type": "Feature", "properties": { "source": "DABEIBA", "target": "SABANALARGA", "distance": 0.5, "betweenness": 0.00062102158049992236, "weight": 0.10062102158049993 }, "geometry": { "type": "LineString", "coordinates": [ [ -76.261614, 6.998112 ], [ -75.816645, 6.850028 ] ] } },
{ "type": "Feature", "properties": { "source": "DABEIBA", "target": "ABRIAQUÍ", "distance": 0.33333333333333331, "betweenness": 0.006849350514930394, "weight": 0.1068493505149304 }, "geometry": { "type": "LineString", "coordinates": [ [ -76.261614, 6.998112 ], [ -76.064304, 6.632282 ] ] } },
{ "type": "Feature", "properties": { "source": "DABEIBA", "target": "GIRALDO", "distance": 0.5, "betweenness": 0.00031051079024996118, "weight": 0.10031051079024997 }, "geometry": { "type": "LineString", "coordinates": [ [ -76.261614, 6.998112 ], [ -75.952158, 6.680808 ] ] } },
{ "type": "Feature", "properties": { "source": "DABEIBA", "target": "SAN JOSÉ DE LA MONTAÑA", "distance": 0.33333333333333331, "betweenness": 0.0069347409822491327, "weight": 0.10693474098224914 }, "geometry": { "type": "LineString", "coordinates": [ [ -76.261614, 6.998112 ], [ -75.683352, 6.85009 ] ] } },
{ "type": "Feature", "properties": { "source": "DABEIBA", "target": "LIBORINA", "distance": 0.5, "betweenness": 0.00031051079024996118, "weight": 0.10031051079024997 }, "geometry": { "type": "LineString", "coordinates": [ [ -76.261614, 6.998112 ], [ -75.812838, 6.677316 ] ] } },
{ "type": "Feature", "properties": { "source": "DABEIBA", "target": "MURINDÓ", "distance": 0.33333333333333331, "betweenness": 0.015776535734616775, "weight": 0.11577653573461678 }, "geometry": { "type": "LineString", "coordinates": [ [ -76.261614, 6.998112 ], [ -76.817485, 6.97771 ] ] } },
{ "type": "Feature", "properties": { "source": "DABEIBA", "target": "URRAO", "distance": 0.33333333333333331, "betweenness": 0.014244682502716972, "weight": 0.11424468250271698 }, "geometry": { "type": "LineString", "coordinates": [ [ -76.261614, 6.998112 ], [ -76.133951, 6.317343 ] ] } },
{ "type": "Feature", "properties": { "source": "DABEIBA", "target": "VIGÍA DEL FUERTE", "distance": 0.5, "betweenness": 0.00075040107643740614, "weight": 0.10075040107643742 }, "geometry": { "type": "LineString", "coordinates": [ [ -76.261614, 6.998112 ], [ -76.896004, 6.588164 ] ] } },
{ "type": "Feature", "properties": { "source": "DABEIBA", "target": "SANTA FÉ DE ANTIOQUIA", "distance": 0.5, "betweenness": 0.00059514568131242558, "weight": 0.10059514568131243 }, "geometry": { "type": "LineString", "coordinates": [ [ -76.261614, 6.998112 ], [ -75.826648, 6.556484 ] ] } },
{ "type": "Feature", "properties": { "source": "SABANALARGA", "target": "BURITICÁ", "distance": 0.5, "betweenness": 0.00025875899187496762, "weight": 0.10025875899187497 }, "geometry": { "type": "LineString", "coordinates": [ [ -75.816645, 6.850028 ], [ -75.907, 6.720759 ] ] } },
{ "type": "Feature", "properties": { "source": "SABANALARGA", "target": "LIBORINA", "distance": 0.5, "betweenness": 0.00025229001707809345, "weight": 0.1002522900170781 }, "geometry": { "type": "LineString", "coordinates": [ [ -75.816645, 6.850028 ], [ -75.812838, 6.677316 ] ] } },
{ "type": "Feature", "properties": { "source": "SABANALARGA", "target": "CAÑASGORDAS", "distance": 0.5, "betweenness": 0.0012420431609998445, "weight": 0.10124204316099986 }, "geometry": { "type": "LineString", "coordinates": [ [ -75.816645, 6.850028 ], [ -76.028228, 6.753859 ] ] } },
{ "type": "Feature", "properties": { "source": "SABANALARGA", "target": "URAMITA", "distance": 0.5, "betweenness": 0.00015525539512498059, "weight": 0.10015525539512499 }, "geometry": { "type": "LineString", "coordinates": [ [ -75.816645, 6.850028 ], [ -76.173284, 6.898393 ] ] } },
{ "type": "Feature", "properties": { "source": "SABANALARGA", "target": "BELMIRA", "distance": 0.5, "betweenness": 0.0003363866894374579, "weight": 0.10033638668943747 }, "geometry": { "type": "LineString", "coordinates": [ [ -75.816645, 6.850028 ], [ -75.667779, 6.606319 ] ] } },
{ "type": "Feature", "properties": { "source": "SABANALARGA", "target": "OLAYA", "distance": 0.5, "betweenness": 0.00031051079024996118, "weight": 0.10031051079024997 }, "geometry": { "type": "LineString", "coordinates": [ [ -75.816645, 6.850028 ], [ -75.811773, 6.626492 ] ] } },
{ "type": "Feature", "properties": { "source": "SABANALARGA", "target": "SAN JOSÉ DE LA MONTAÑA", "distance": 0.5, "betweenness": 0.00031051079024996118, "weight": 0.10031051079024997 }, "geometry": { "type": "LineString", "coordinates": [ [ -75.816645, 6.850028 ], [ -75.683352, 6.85009 ] ] } },
{ "type": "Feature", "properties": { "source": "SABANALARGA", "target": "GIRALDO", "distance": 0.5, "betweenness": 0.0004657661853749418, "weight": 0.10046576618537495 }, "geometry": { "type": "LineString", "coordinates": [ [ -75.816645, 6.850028 ], [ -75.952158, 6.680808 ] ] } },
{ "type": "Feature", "properties": { "source": "SABANALARGA", "target": "ENTRERRÍOS", "distance": 0.5, "betweenness": 0.00038813848781245146, "weight": 0.10038813848781246 }, "geometry": { "type": "LineString", "coordinates": [ [ -75.816645, 6.850028 ], [ -75.517685, 6.566273 ] ] } },
{ "type": "Feature", "properties": { "source": "SABANALARGA", "target": "ABRIAQUÍ", "distance": 0.5, "betweenness": 0.00015525539512498059, "weight": 0.10015525539512499 }, "geometry": { "type": "LineString", "coordinates": [ [ -75.816645, 6.850028 ], [ -76.064304, 6.632282 ] ] } },
{ "type": "Feature", "properties": { "source": "SABANALARGA", "target": "SANTA FÉ DE ANTIOQUIA", "distance": 0.5, "betweenness": 0.00059514568131242558, "weight": 0.10059514568131243 }, "geometry": { "type": "LineString", "coordinates": [ [ -75.816645, 6.850028 ], [ -75.826648, 6.556484 ] ] } },
{ "type": "Feature", "properties": { "source": "SABANALARGA", "target": "SOPETRÁN", "distance": 0.5, "betweenness": 0.00075040107643740625, "weight": 0.10075040107643742 }, "geometry": { "type": "LineString", "coordinates": [ [ -75.816645, 6.850028 ], [ -75.747378, 6.500745 ] ] } },
{ "type": "Feature", "properties": { "source": "SABANALARGA", "target": "FRONTINO", "distance": 0.5, "betweenness": 0.00051751798374993524, "weight": 0.10051751798374994 }, "geometry": { "type": "LineString", "coordinates": [ [ -75.816645, 6.850028 ], [ -76.130765, 6.776066 ] ] } },
{ "type": "Feature", "properties": { "source": "SABANALARGA", "target": "SAN JERÓNIMO", "distance": 0.5, "betweenness": 0.0012679190601873416, "weight": 0.10126791906018735 }, "geometry": { "type": "LineString", "coordinates": [ [ -75.816645, 6.850028 ], [ -75.726975, 6.44809 ] ] } },
{ "type": "Feature", "properties": { "source": "SABANALARGA", "target": "SAN PEDRO DE LOS MILAGROS", "distance": 0.33333333333333331, "betweenness": 0.0078209905294208959, "weight": 0.1078209905294209 }, "geometry": { "type": "LineString", "coordinates": [ [ -75.816645, 6.850028 ], [ -75.556743, 6.46012 ] ] } },
{ "type": "Feature", "properties": { "source": "SABANALARGA", "target": "CAICEDO", "distance": 1.0, "betweenness": 0.0, "weight": 0.1 }, "geometry": { "type": "LineString", "coordinates": [ [ -75.816645, 6.850028 ], [ -75.98293, 6.405607 ] ] } },
{ "type": "Feature", "properties": { "source": "ENTRERRÍOS", "target": "SAN JOSÉ DE LA MONTAÑA", "distance": 0.25, "betweenness": 0.01131410422281405, "weight": 0.11131410422281406 }, "geometry": { "type": "LineString", "coordinates": [ [ -75.517685, 6.566273 ], [ -75.683352, 6.85009 ] ] } },
{ "type": "Feature", "properties": { "source": "ENTRERRÍOS", "target": "SOPETRÁN", "distance": 0.5, "betweenness": 0.0001774347372856921, "weight": 0.1001774347372857 }, "geometry": { "type": "LineString", "coordinates": [ [ -75.517685, 6.566273 ], [ -75.747378, 6.500745 ] ] } },
{ "type": "Feature", "properties": { "source": "ENTRERRÍOS", "target": "GIRARDOTA", "distance": 0.5, "betweenness": 0.00036743776846245412, "weight": 0.10036743776846246 }, "geometry": { "type": "LineString", "coordinates": [ [ -75.517685, 6.566273 ], [ -75.444238, 6.379472 ] ] } },
{ "type": "Feature", "properties": { "source": "ENTRERRÍOS", "target": "LIBORINA", "distance": 0.5, "betweenness": 0.0003363866894374579, "weight": 0.10033638668943747 }, "geometry": { "type": "LineString", "coordinates": [ [ -75.517685, 6.566273 ], [ -75.812838, 6.677316 ] ] } },
{ "type": "Feature", "properties": { "source": "ENTRERRÍOS", "target": "BELMIRA", "distance": 0.25, "betweenness": 0.002644516896962169, "weight": 0.10264451689696218 }, "geometry": { "type": "LineString", "coordinates": [ [ -75.517685, 6.566273 ], [ -75.667779, 6.606319 ] ] } },
{ "type": "Feature", "properties": { "source": "ENTRERRÍOS", "target": "EBÉJICO", "distance": 0.5, "betweenness": 0.0009640620725855938, "weight": 0.1009640620725856 }, "geometry": { "type": "LineString", "coordinates": [ [ -75.517685, 6.566273 ], [ -75.766413, 6.325615 ] ] } },
{ "type": "Feature", "properties": { "source": "ENTRERRÍOS", "target": "MEDELLÍN", "distance": 0.5, "betweenness": 0.00075557625627490548, "weight": 0.10075557625627492 }, "geometry": { "type": "LineString", "coordinates": [ [ -75.517685, 6.566273 ], [ -75.581775, 6.246631 ] ] } },
{ "type": "Feature", "properties": { "source": "ENTRERRÍOS", "target": "GUARNE", "distance": 0.33333333333333331, "betweenness": 0.0085935709480190157, "weight": 0.10859357094801902 }, "geometry": { "type": "LineString", "coordinates": [ [ -75.517685, 6.566273 ], [ -75.441612, 6.27787 ] ] } },
{ "type": "Feature", "properties": { "source": "ENTRERRÍOS", "target": "DONMATÍAS", "distance": 0.5, "betweenness": 0.00031328320802005011, "weight": 0.10031328320802005 }, "geometry": { "type": "LineString", "coordinates": [ [ -75.517685, 6.566273 ], [ -75.39263, 6.485603 ] ] } },
{ "type": "Feature", "properties": { "source": "ENTRERRÍOS", "target": "SAN PEDRO DE LOS MILAGROS", "distance": 0.5, "betweenness": 9.9807039723201794e-05, "weight": 0.10009980703972321 }, "geometry": { "type": "LineString", "coordinates": [ [ -75.517685, 6.566273 ], [ -75.556743, 6.46012 ] ] } },
{ "type": "Feature", "properties": { "source": "ENTRERRÍOS", "target": "OLAYA", "distance": 0.5, "betweenness": 0.00031051079024996118, "weight": 0.10031051079024997 }, "geometry": { "type": "LineString", "coordinates": [ [ -75.517685, 6.566273 ], [ -75.811773, 6.626492 ] ] } },
{ "type": "Feature", "properties": { "source": "ENTRERRÍOS", "target": "BELLO", "distance": 0.5, "betweenness": 0.00067277337887491581, "weight": 0.10067277337887492 }, "geometry": { "type": "LineString", "coordinates": [ [ -75.517685, 6.566273 ], [ -75.555245, 6.333587 ] ] } },
{ "type": "Feature", "properties": { "source": "ENTRERRÍOS", "target": "SAN VICENTE FERRER", "distance": 0.5, "betweenness": 0.00044635926098431918, "weight": 0.10044635926098433 }, "geometry": { "type": "LineString", "coordinates": [ [ -75.517685, 6.566273 ], [ -75.332616, 6.282164 ] ] } },
{ "type": "Feature", "properties": { "source": "ENTRERRÍOS", "target": "SAN JERÓNIMO", "distance": 0.5, "betweenness": 0.00018113129431247737, "weight": 0.10018113129431248 }, "geometry": { "type": "LineString", "coordinates": [ [ -75.517685, 6.566273 ], [ -75.726975, 6.44809 ] ] } },
{ "type": "Feature", "properties": { "source": "ENTRERRÍOS", "target": "BARBOSA", "distance": 0.5, "betweenness": 0.0001863064741499767, "weight": 0.10018630647414999 }, "geometry": { "type": "LineString", "coordinates": [ [ -75.517685, 6.566273 ], [ -75.331627, 6.439195 ] ] } },
{ "type": "Feature", "properties": { "source": "ENTRERRÍOS", "target": "SANTA FÉ DE ANTIOQUIA", "distance": 0.5, "betweenness": 0.00084614190343114415, "weight": 0.10084614190343115 }, "geometry": { "type": "LineString", "coordinates": [ [ -75.517685, 6.566273 ], [ -75.826648, 6.556484 ] ] } },
{ "type": "Feature", "properties": { "source": "ENTRERRÍOS", "target": "COPACABANA", "distance": 0.5, "betweenness": 0.00076635788093636244, "weight": 0.10076635788093637 }, "geometry": { "type": "LineString", "coordinates": [ [ -75.517685, 6.566273 ], [ -75.509384, 6.348557 ] ] } },
{ "type": "Feature", "properties": { "source": "ENTRERRÍOS", "target": "BURITICÁ", "distance": 0.5, "betweenness": 0.00056064448239576321, "weight": 0.10056064448239577 }, "geometry": { "type": "LineString", "coordinates": [ [ -75.517685, 6.566273 ], [ -75.907, 6.720759 ] ] } },
{ "type": "Feature", "properties": { "source": "ENTRERRÍOS", "target": "GÓMEZ PLATA", "distance": 0.5, "betweenness": 0.00015525539512498059, "weight": 0.10015525539512499 }, "geometry": { "type": "LineString", "coordinates": [ [ -75.517685, 6.566273 ], [ -75.220018, 6.683269 ] ] } },
{ "type": "Feature", "properties": { "source": "ENTRERRÍOS", "target": "CONCEPCIÓN", "distance": 0.33333333333333331, "betweenness": 0.0014621731319449064, "weight": 0.10146217313194492 }, "geometry": { "type": "LineString", "coordinates": [ [ -75.517685, 6.566273 ], [ -75.257587, 6.394348 ] ] } },
{ "type": "Feature", "properties": { "source": "ENTRERRÍOS", "target": "GIRALDO", "distance": 0.5, "betweenness": 0.0010091600683123736, "weight": 0.10100916006831238 }, "geometry": { "type": "LineString", "coordinates": [ [ -75.517685, 6.566273 ], [ -75.952158, 6.680808 ] ] } },
{ "type": "Feature", "properties": { "source": "ENTRERRÍOS", "target": "SANTO DOMINGO", "distance": 0.33333333333333331, "betweenness": 0.0054156930030241635, "weight": 0.10541569300302417 }, "geometry": { "type": "LineString", "coordinates": [ [ -75.517685, 6.566273 ], [ -75.164903, 6.473032 ] ] } },
{ "type": "Feature", "properties": { "source": "ENTRERRÍOS", "target": "HELICONIA", "distance": 0.5, "betweenness": 0.0007620452310717797, "weight": 0.10076204523107178 }, "geometry": { "type": "LineString", "coordinates": [ [ -75.517685, 6.566273 ], [ -75.734322, 6.206757 ] ] } },
{ "type": "Feature", "properties": { "source": "ENTRERRÍOS", "target": "ANZÁ", "distance": 1.0, "betweenness": 0.0, "weight": 0.1 }, "geometry": { "type": "LineString", "coordinates": [ [ -75.517685, 6.566273 ], [ -75.854442, 6.302641 ] ] } },
{ "type": "Feature", "properties": { "source": "ENTRERRÍOS", "target": "CAICEDO", "distance": 1.0, "betweenness": 0.0, "weight": 0.1 }, "geometry": { "type": "LineString", "coordinates": [ [ -75.517685, 6.566273 ], [ -75.98293, 6.405607 ] ] } },
{ "type": "Feature", "properties": { "source": "ENTRERRÍOS", "target": "CAÑASGORDAS", "distance": 0.33333333333333331, "betweenness": 0.0032681260673808415, "weight": 0.10326812606738085 }, "geometry": { "type": "LineString", "coordinates": [ [ -75.517685, 6.566273 ], [ -76.028228, 6.753859 ] ] } },
{ "type": "Feature", "properties": { "source": "ENTRERRÍOS", "target": "RIONEGRO", "distance": 0.5, "betweenness": 0.00030404181545308696, "weight": 0.10030404181545309 }, "geometry": { "type": "LineString", "coordinates": [ [ -75.517685, 6.566273 ], [ -75.377316, 6.147148 ] ] } },
{ "type": "Feature", "properties": { "source": "ENTRERRÍOS", "target": "PEÑOL", "distance": 0.33333333333333331, "betweenness": 0.0065881887609880148, "weight": 0.10658818876098802 }, "geometry": { "type": "LineString", "coordinates": [ [ -75.517685, 6.566273 ], [ -75.242693, 6.219349 ] ] } },
{ "type": "Feature", "properties": { "source": "ENTRERRÍOS", "target": "YOLOMBÓ", "distance": 0.5, "betweenness": 0.0004657661853749418, "weight": 0.10046576618537495 }, "geometry": { "type": "LineString", "coordinates": [ [ -75.517685, 6.566273 ], [ -75.013385, 6.594511 ] ] } },
{ "type": "Feature", "properties": { "source": "ENTRERRÍOS", "target": "ALEJANDRÍA", "distance": 1.0, "betweenness": 0.0, "weight": 0.1 }, "geometry": { "type": "LineString", "coordinates": [ [ -75.517685, 6.566273 ], [ -75.141346, 6.376061 ] ] } },
{ "type": "Feature", "properties": { "source": "ENTRERRÍOS", "target": "MARINILLA", "distance": 0.5, "betweenness": 0.00111783884489986, "weight": 0.10111783884489986 }, "geometry": { "type": "LineString", "coordinates": [ [ -75.517685, 6.566273 ], [ -75.339345, 6.173995 ] ] } },
{ "type": "Feature", "properties": { "source": "ENTRERRÍOS", "target": "ENVIGADO", "distance": 0.5, "betweenness": 0.00018113129431247737, "weight": 0.10018113129431248 }, "geometry": { "type": "LineString", "coordinates": [ [ -75.517685, 6.566273 ], [ -75.582192, 6.166695 ] ] } },
{ "type": "Feature", "properties": { "source": "ENTRERRÍOS", "target": "ITAGÜÍ", "distance": 0.5, "betweenness": 0.002020907726543497, "weight": 0.1020209077265435 }, "geometry": { "type": "LineString", "coordinates": [ [ -75.517685, 6.566273 ], [ -75.612056, 6.175079 ] ] } },
{ "type": "Feature", "properties": { "source": "GÓMEZ PLATA", "target": "YOLOMBÓ", "distance": 0.5, "betweenness": 0.00030706067035829492, "weight": 0.1003070606703583 }, "geometry": { "type": "LineString", "coordinates": [ [ -75.220018, 6.683269 ], [ -75.013385, 6.594511 ] ] } },
{ "type": "Feature", "properties": { "source": "GÓMEZ PLATA", "target": "SANTO DOMINGO", "distance": 0.5, "betweenness": 0.00019838189377080853, "weight": 0.10019838189377081 }, "geometry": { "type": "LineString", "coordinates": [ [ -75.220018, 6.683269 ], [ -75.164903, 6.473032 ] ] } },
{ "type": "Feature", "properties": { "source": "GÓMEZ PLATA", "target": "YALÍ", "distance": 0.5, "betweenness": 0.00086856768272697477, "weight": 0.10086856768272698 }, "geometry": { "type": "LineString", "coordinates": [ [ -75.220018, 6.683269 ], [ -74.840059, 6.676554 ] ] } },
{ "type": "Feature", "properties": { "source": "GÓMEZ PLATA", "target": "BARBOSA", "distance": 0.5, "betweenness": 0.00015525539512498059, "weight": 0.10015525539512499 }, "geometry": { "type": "LineString", "coordinates": [ [ -75.220018, 6.683269 ], [ -75.331627, 6.439195 ] ] } },
{ "type": "Feature", "properties": { "source": "GÓMEZ PLATA", "target": "DONMATÍAS", "distance": 0.5, "betweenness": 0.0004010764374061998, "weight": 0.1004010764374062 }, "geometry": { "type": "LineString", "coordinates": [ [ -75.220018, 6.683269 ], [ -75.39263, 6.485603 ] ] } },
{ "type": "Feature", "properties": { "source": "GÓMEZ PLATA", "target": "SAN ROQUE", "distance": 0.5, "betweenness": 0.00028760333837185255, "weight": 0.10028760333837186 }, "geometry": { "type": "LineString", "coordinates": [ [ -75.220018, 6.683269 ], [ -75.019109, 6.485939 ] ] } },
{ "type": "Feature", "properties": { "source": "GÓMEZ PLATA", "target": "CISNEROS", "distance": 0.5, "betweenness": 0.00026638906471230644, "weight": 0.10026638906471232 }, "geometry": { "type": "LineString", "coordinates": [ [ -75.220018, 6.683269 ], [ -75.087047, 6.537829 ] ] } },
{ "type": "Feature", "properties": { "source": "GÓMEZ PLATA", "target": "VEGACHÍ", "distance": 0.5, "betweenness": 0.00039762631751453359, "weight": 0.10039762631751453 }, "geometry": { "type": "LineString", "coordinates": [ [ -75.220018, 6.683269 ], [ -74.798714, 6.773525 ] ] } },
{ "type": "Feature", "properties": { "source": "GÓMEZ PLATA", "target": "SAN VICENTE FERRER", "distance": 0.5, "betweenness": 0.0011126636650623609, "weight": 0.10111266366506237 }, "geometry": { "type": "LineString", "coordinates": [ [ -75.220018, 6.683269 ], [ -75.332616, 6.282164 ] ] } },
{ "type": "Feature", "properties": { "source": "GÓMEZ PLATA", "target": "CONCEPCIÓN", "distance": 0.5, "betweenness": 0.0002846348910624644, "weight": 0.10028463489106247 }, "geometry": { "type": "LineString", "coordinates": [ [ -75.220018, 6.683269 ], [ -75.257587, 6.394348 ] ] } },
{ "type": "Feature", "properties": { "source": "GÓMEZ PLATA", "target": "GIRARDOTA", "distance": 0.5, "betweenness": 0.00024582104228121923, "weight": 0.10024582104228122 }, "geometry": { "type": "LineString", "coordinates": [ [ -75.220018, 6.683269 ], [ -75.444238, 6.379472 ] ] } },
{ "type": "Feature", "properties": { "source": "GÓMEZ PLATA", "target": "SAN PEDRO DE LOS MILAGROS", "distance": 0.5, "betweenness": 0.00061325881074367325, "weight": 0.10061325881074368 }, "geometry": { "type": "LineString", "coordinates": [ [ -75.220018, 6.683269 ], [ -75.556743, 6.46012 ] ] } },
{ "type": "Feature", "properties": { "source": "GÓMEZ PLATA", "target": "BELMIRA", "distance": 0.33333333333333331, "betweenness": 0.0032021425244527246, "weight": 0.10320214252445273 }, "geometry": { "type": "LineString", "coordinates": [ [ -75.220018, 6.683269 ], [ -75.667779, 6.606319 ] ] } },
{ "type": "Feature", "properties": { "source": "GÓMEZ PLATA", "target": "ALEJANDRÍA", "distance": 0.5, "betweenness": 0.00040816150504087168, "weight": 0.10040816150504088 }, "geometry": { "type": "LineString", "coordinates": [ [ -75.220018, 6.683269 ], [ -75.141346, 6.376061 ] ] } },
{ "type": "Feature", "properties": { "source": "GÓMEZ PLATA", "target": "COPACABANA", "distance": 0.5, "betweenness": 0.00042695233659369663, "weight": 0.1004269523365937 }, "geometry": { "type": "LineString", "coordinates": [ [ -75.220018, 6.683269 ], [ -75.509384, 6.348557 ] ] } },
{ "type": "Feature", "properties": { "source": "GÓMEZ PLATA", "target": "SAN RAFAEL", "distance": 0.5, "betweenness": 0.00082975383394572944, "weight": 0.10082975383394574 }, "geometry": { "type": "LineString", "coordinates": [ [ -75.220018, 6.683269 ], [ -75.02849, 6.293759 ] ] } },
{ "type": "Feature", "properties": { "source": "GÓMEZ PLATA", "target": "GUARNE", "distance": 0.33333333333333331, "betweenness": 0.006802773896392899, "weight": 0.10680277389639291 }, "geometry": { "type": "LineString", "coordinates": [ [ -75.220018, 6.683269 ], [ -75.441612, 6.27787 ] ] } },
{ "type": "Feature", "properties": { "source": "GÓMEZ PLATA", "target": "PEÑOL", "distance": 0.5, "betweenness": 0.00070511825285928692, "weight": 0.1007051182528593 }, "geometry": { "type": "LineString", "coordinates": [ [ -75.220018, 6.683269 ], [ -75.242693, 6.219349 ] ] } },
{ "type": "Feature", "properties": { "source": "GÓMEZ PLATA", "target": "GUATAPÉ", "distance": 1.0, "betweenness": 0.0, "weight": 0.1 }, "geometry": { "type": "LineString", "coordinates": [ [ -75.220018, 6.683269 ], [ -75.160041, 6.232461 ] ] } },
{ "type": "Feature", "properties": { "source": "BELMIRA", "target": "CAÑASGORDAS", "distance": 0.33333333333333331, "betweenness": 0.0030740568234746157, "weight": 0.10307405682347462 }, "geometry": { "type": "LineString", "coordinates": [ [ -75.667779, 6.606319 ], [ -76.028228, 6.753859 ] ] } },
{ "type": "Feature", "properties": { "source": "BELMIRA", "target": "GIRALDO", "distance": 0.5, "betweenness": 0.00041401438699994829, "weight": 0.10041401438699996 }, "geometry": { "type": "LineString", "coordinates": [ [ -75.667779, 6.606319 ], [ -75.952158, 6.680808 ] ] } },
{ "type": "Feature", "properties": { "source": "BELMIRA", "target": "BURITICÁ", "distance": 0.5, "betweenness": 0.00030188549052079559, "weight": 0.1003018854905208 }, "geometry": { "type": "LineString", "coordinates": [ [ -75.667779, 6.606319 ], [ -75.907, 6.720759 ] ] } },
{ "type": "Feature", "properties": { "source": "BELMIRA", "target": "SAN PEDRO DE LOS MILAGROS", "distance": 0.5, "betweenness": 0.00053045593334368369, "weight": 0.10053045593334368 }, "geometry": { "type": "LineString", "coordinates": [ [ -75.667779, 6.606319 ], [ -75.556743, 6.46012 ] ] } },
{ "type": "Feature", "properties": { "source": "BELMIRA", "target": "SAN JOSÉ DE LA MONTAÑA", "distance": 0.5, "betweenness": 0.00010867877658748641, "weight": 0.1001086787765875 }, "geometry": { "type": "LineString", "coordinates": [ [ -75.667779, 6.606319 ], [ -75.683352, 6.85009 ] ] } },
{ "type": "Feature", "properties": { "source": "BELMIRA", "target": "LIBORINA", "distance": 0.5, "betweenness": 0.00024582104228121923, "weight": 0.10024582104228122 }, "geometry": { "type": "LineString", "coordinates": [ [ -75.667779, 6.606319 ], [ -75.812838, 6.677316 ] ] } },
{ "type": "Feature", "properties": { "source": "BELMIRA", "target": "DONMATÍAS", "distance": 0.5, "betweenness": 0.00086801880001693694, "weight": 0.10086801880001695 }, "geometry": { "type": "LineString", "coordinates": [ [ -75.667779, 6.606319 ], [ -75.39263, 6.485603 ] ] } },
{ "type": "Feature", "properties": { "source": "BELMIRA", "target": "SOPETRÁN", "distance": 0.5, "betweenness": 0.000410317829973163, "weight": 0.10041031782997317 }, "geometry": { "type": "LineString", "coordinates": [ [ -75.667779, 6.606319 ], [ -75.747378, 6.500745 ] ] } },
{ "type": "Feature", "properties": { "source": "BELMIRA", "target": "OLAYA", "distance": 0.5, "betweenness": 0.00038813848781245146, "weight": 0.10038813848781246 }, "geometry": { "type": "LineString", "coordinates": [ [ -75.667779, 6.606319 ], [ -75.811773, 6.626492 ] ] } },
{ "type": "Feature", "properties": { "source": "BELMIRA", "target": "SAN JERÓNIMO", "distance": 0.5, "betweenness": 0.00053045593334368369, "weight": 0.10053045593334368 }, "geometry": { "type": "LineString", "coordinates": [ [ -75.667779, 6.606319 ], [ -75.726975, 6.44809 ] ] } },
{ "type": "Feature", "properties": { "source": "BELMIRA", "target": "ABRIAQUÍ", "distance": 0.2, "betweenness": 0.006831237385499146, "weight": 0.10683123738549916 }, "geometry": { "type": "LineString", "coordinates": [ [ -75.667779, 6.606319 ], [ -76.064304, 6.632282 ] ] } },
{ "type": "Feature", "properties": { "source": "BELMIRA", "target": "SANTA FÉ DE ANTIOQUIA", "distance": 0.5, "betweenness": 0.00058220773171867724, "weight": 0.10058220773171868 }, "geometry": { "type": "LineString", "coordinates": [ [ -75.667779, 6.606319 ], [ -75.826648, 6.556484 ] ] } },
{ "type": "Feature", "properties": { "source": "BELMIRA", "target": "URAMITA", "distance": 0.33333333333333331, "betweenness": 0.0033431661750245823, "weight": 0.10334316617502459 }, "geometry": { "type": "LineString", "coordinates": [ [ -75.667779, 6.606319 ], [ -76.173284, 6.898393 ] ] } },
{ "type": "Feature", "properties": { "source": "BELMIRA", "target": "BELLO", "distance": 0.5, "betweenness": 0.0021100619610167817, "weight": 0.10211006196101678 }, "geometry": { "type": "LineString", "coordinates": [ [ -75.667779, 6.606319 ], [ -75.555245, 6.333587 ] ] } },
{ "type": "Feature", "properties": { "source": "BELMIRA", "target": "GIRARDOTA", "distance": 0.5, "betweenness": 0.0012872083668543847, "weight": 0.10128720836685438 }, "geometry": { "type": "LineString", "coordinates": [ [ -75.667779, 6.606319 ], [ -75.444238, 6.379472 ] ] } },
{ "type": "Feature", "properties": { "source": "BELMIRA", "target": "MEDELLÍN", "distance": 0.5, "betweenness": 0.0011336164223914574, "weight": 0.10113361642239146 }, "geometry": { "type": "LineString", "coordinates": [ [ -75.667779, 6.606319 ], [ -75.581775, 6.246631 ] ] } },
{ "type": "Feature", "properties": { "source": "BELMIRA", "target": "GUARNE", "distance": 0.5, "betweenness": 0.0018956616534632367, "weight": 0.10189566165346324 }, "geometry": { "type": "LineString", "coordinates": [ [ -75.667779, 6.606319 ], [ -75.441612, 6.27787 ] ] } },
{ "type": "Feature", "properties": { "source": "BELMIRA", "target": "CONCEPCIÓN", "distance": 0.5, "betweenness": 0.00078650971757632216, "weight": 0.10078650971757633 }, "geometry": { "type": "LineString", "coordinates": [ [ -75.667779, 6.606319 ], [ -75.257587, 6.394348 ] ] } },
{ "type": "Feature", "properties": { "source": "BELMIRA", "target": "BARBOSA", "distance": 0.5, "betweenness": 0.00056268318960447504, "weight": 0.10056268318960448 }, "geometry": { "type": "LineString", "coordinates": [ [ -75.667779, 6.606319 ], [ -75.331627, 6.439195 ] ] } },
{ "type": "Feature", "properties": { "source": "BELMIRA", "target": "SAN VICENTE FERRER", "distance": 0.5, "betweenness": 0.0028789458225881139, "weight": 0.10287894582258812 }, "geometry": { "type": "LineString", "coordinates": [ [ -75.667779, 6.606319 ], [ -75.332616, 6.282164 ] ] } },
{ "type": "Feature", "properties": { "source": "BELMIRA", "target": "EBÉJICO", "distance": 0.5, "betweenness": 0.0017466231951560316, "weight": 0.10174662319515604 }, "geometry": { "type": "LineString", "coordinates": [ [ -75.667779, 6.606319 ], [ -75.766413, 6.325615 ] ] } },
{ "type": "Feature", "properties": { "source": "BELMIRA", "target": "COPACABANA", "distance": 0.5, "betweenness": 0.001185799485752909, "weight": 0.10118579948575292 }, "geometry": { "type": "LineString", "coordinates": [ [ -75.667779, 6.606319 ], [ -75.509384, 6.348557 ] ] } },
{ "type": "Feature", "properties": { "source": "BELMIRA", "target": "HELICONIA", "distance": 0.5, "betweenness": 0.00091120130710256467, "weight": 0.10091120130710257 }, "geometry": { "type": "LineString", "coordinates": [ [ -75.667779, 6.606319 ], [ -75.734322, 6.206757 ] ] } },
{ "type": "Feature", "properties": { "source": "BELMIRA", "target": "ENVIGADO", "distance": 0.5, "betweenness": 0.00088650158515086335, "weight": 0.10088650158515088 }, "geometry": { "type": "LineString", "coordinates": [ [ -75.667779, 6.606319 ], [ -75.582192, 6.166695 ] ] } },
{ "type": "Feature", "properties": { "source": "BELMIRA", "target": "ANZÁ", "distance": 0.5, "betweenness": 0.0, "weight": 0.1 }, "geometry": { "type": "LineString", "coordinates": [ [ -75.667779, 6.606319 ], [ -75.854442, 6.302641 ] ] } },
{ "type": "Feature", "properties": { "source": "BELMIRA", "target": "SANTO DOMINGO", "distance": 1.0, "betweenness": 0.0, "weight": 0.1 }, "geometry": { "type": "LineString", "coordinates": [ [ -75.667779, 6.606319 ], [ -75.164903, 6.473032 ] ] } },
{ "type": "Feature", "properties": { "source": "BELMIRA", "target": "CAICEDO", "distance": 0.33333333333333331, "betweenness": 0.0058376028566992704, "weight": 0.10583760285669927 }, "geometry": { "type": "LineString", "coordinates": [ [ -75.667779, 6.606319 ], [ -75.98293, 6.405607 ] ] } },
{ "type": "Feature", "properties": { "source": "BELMIRA", "target": "RIONEGRO", "distance": 0.5, "betweenness": 0.002167358594931953, "weight": 0.10216735859493196 }, "geometry": { "type": "LineString", "coordinates": [ [ -75.667779, 6.606319 ], [ -75.377316, 6.147148 ] ] } },
{ "type": "Feature", "properties": { "source": "BELMIRA", "target": "ITAGÜÍ", "distance": 1.0, "betweenness": 0.0, "weight": 0.1 }, "geometry": { "type": "LineString", "coordinates": [ [ -75.667779, 6.606319 ], [ -75.612056, 6.175079 ] ] } },
{ "type": "Feature", "properties": { "source": "SAN JOSÉ DE LA MONTAÑA", "target": "SOPETRÁN", "distance": 0.5, "betweenness": 0.00038813848781245146, "weight": 0.10038813848781246 }, "geometry": { "type": "LineString", "coordinates": [ [ -75.683352, 6.85009 ], [ -75.747378, 6.500745 ] ] } },
{ "type": "Feature", "properties": { "source": "SAN JOSÉ DE LA MONTAÑA", "target": "BURITICÁ", "distance": 0.5, "betweenness": 0.0004657661853749418, "weight": 0.10046576618537495 }, "geometry": { "type": "LineString", "coordinates": [ [ -75.683352, 6.85009 ], [ -75.907, 6.720759 ] ] } },
{ "type": "Feature", "properties": { "source": "SAN JOSÉ DE LA MONTAÑA", "target": "LIBORINA", "distance": 0.5, "betweenness": 0.00031051079024996118, "weight": 0.10031051079024997 }, "geometry": { "type": "LineString", "coordinates": [ [ -75.683352, 6.85009 ], [ -75.812838, 6.677316 ] ] } },
{ "type": "Feature", "properties": { "source": "SAN JOSÉ DE LA MONTAÑA", "target": "OLAYA", "distance": 0.33333333333333331, "betweenness": 0.0019199917197122599, "weight": 0.10191999171971226 }, "geometry": { "type": "LineString", "coordinates": [ [ -75.683352, 6.85009 ], [ -75.811773, 6.626492 ] ] } },
{ "type": "Feature", "properties": { "source": "SAN JOSÉ DE LA MONTAÑA", "target": "CAÑASGORDAS", "distance": 0.5, "betweenness": 0.001086787765874864, "weight": 0.10108678776587487 }, "geometry": { "type": "LineString", "coordinates": [ [ -75.683352, 6.85009 ], [ -76.028228, 6.753859 ] ] } },
{ "type": "Feature", "properties": { "source": "SAN JOSÉ DE LA MONTAÑA", "target": "SAN PEDRO DE LOS MILAGROS", "distance": 0.5, "betweenness": 0.0025875899187496761, "weight": 0.10258758991874968 }, "geometry": { "type": "LineString", "coordinates": [ [ -75.683352, 6.85009 ], [ -75.556743, 6.46012 ] ] } },
{ "type": "Feature", "properties": { "source": "SAN JOSÉ DE LA MONTAÑA", "target": "GIRALDO", "distance": 0.33333333333333331, "betweenness": 0.0050250996222118722, "weight": 0.10502509962221188 }, "geometry": { "type": "LineString", "coordinates": [ [ -75.683352, 6.85009 ], [ -75.952158, 6.680808 ] ] } },
{ "type": "Feature", "properties": { "source": "SAN JOSÉ DE LA MONTAÑA", "target": "SANTA FÉ DE ANTIOQUIA", "distance": 0.5, "betweenness": 0.0012420431609998447, "weight": 0.10124204316099986 }, "geometry": { "type": "LineString", "coordinates": [ [ -75.683352, 6.85009 ], [ -75.826648, 6.556484 ] ] } },
{ "type": "Feature", "properties": { "source": "SAN JOSÉ DE LA MONTAÑA", "target": "URAMITA", "distance": 0.5, "betweenness": 0.00033638668943745801, "weight": 0.10033638668943747 }, "geometry": { "type": "LineString", "coordinates": [ [ -75.683352, 6.85009 ], [ -76.173284, 6.898393 ] ] } },
{ "type": "Feature", "properties": { "source": "SAN JOSÉ DE LA MONTAÑA", "target": "ABRIAQUÍ", "distance": 0.33333333333333331, "betweenness": 0.0012730942400248407, "weight": 0.10127309424002484 }, "geometry": { "type": "LineString", "coordinates": [ [ -75.683352, 6.85009 ], [ -76.064304, 6.632282 ] ] } },
{ "type": "Feature", "properties": { "source": "SAN JOSÉ DE LA MONTAÑA", "target": "SAN JERÓNIMO", "distance": 0.5, "betweenness": 0.00092376960099363437, "weight": 0.10092376960099364 }, "geometry": { "type": "LineString", "coordinates": [ [ -75.683352, 6.85009 ], [ -75.726975, 6.44809 ] ] } },
{ "type": "Feature", "properties": { "source": "SAN JOSÉ DE LA MONTAÑA", "target": "DONMATÍAS", "distance": 0.5, "betweenness": 0.0017957874036122754, "weight": 0.10179578740361228 }, "geometry": { "type": "LineString", "coordinates": [ [ -75.683352, 6.85009 ], [ -75.39263, 6.485603 ] ] } },
{ "type": "Feature", "properties": { "source": "SAN JOSÉ DE LA MONTAÑA", "target": "BELLO", "distance": 1.0, "betweenness": 0.0, "weight": 0.1 }, "geometry": { "type": "LineString", "coordinates": [ [ -75.683352, 6.85009 ], [ -75.555245, 6.333587 ] ] } },
{ "type": "Feature", "properties": { "source": "MUTATÁ", "target": "URAMITA", "distance": 0.5, "betweenness": 0.00041918956683744763, "weight": 0.10041918956683746 }, "geometry": { "type": "LineString", "coordinates": [ [ -76.435875, 7.242875 ], [ -76.173284, 6.898393 ] ] } },
{ "type": "Feature", "properties": { "source": "MUTATÁ", "target": "FRONTINO", "distance": 0.5, "betweenness": 0.0020183201366247476, "weight": 0.10201832013662475 }, "geometry": { "type": "LineString", "coordinates": [ [ -76.435875, 7.242875 ], [ -76.130765, 6.776066 ] ] } },
{ "type": "Feature", "properties": { "source": "MUTATÁ", "target": "CAÑASGORDAS", "distance": 0.5, "betweenness": 0.0046809501630181655, "weight": 0.10468095016301818 }, "geometry": { "type": "LineString", "coordinates": [ [ -76.435875, 7.242875 ], [ -76.028228, 6.753859 ] ] } },
{ "type": "Feature", "properties": { "source": "MUTATÁ", "target": "CHIGORODÓ", "distance": 1.0, "betweenness": 0.00062102158049992236, "weight": 0.10062102158049993 }, "geometry": { "type": "LineString", "coordinates": [ [ -76.435875, 7.242875 ], [ -76.681531, 7.666147 ] ] } },
{ "type": "Feature", "properties": { "source": "MUTATÁ", "target": "MURINDÓ", "distance": 1.0, "betweenness": 0.0, "weight": 0.1 }, "geometry": { "type": "LineString", "coordinates": [ [ -76.435875, 7.242875 ], [ -76.817485, 6.97771 ] ] } },
{ "type": "Feature", "properties": { "source": "CAÑASGORDAS", "target": "BURITICÁ", "distance": 0.33333333333333331, "betweenness": 0.0019148165398747607, "weight": 0.10191481653987476 }, "geometry": { "type": "LineString", "coordinates": [ [ -76.028228, 6.753859 ], [ -75.907, 6.720759 ] ] } },
{ "type": "Feature", "properties": { "source": "CAÑASGORDAS", "target": "URAMITA", "distance": 0.5, "betweenness": 0.00055633183253118047, "weight": 0.10055633183253118 }, "geometry": { "type": "LineString", "coordinates": [ [ -76.028228, 6.753859 ], [ -76.173284, 6.898393 ] ] } },
{ "type": "Feature", "properties": { "source": "CAÑASGORDAS", "target": "SANTA FÉ DE ANTIOQUIA", "distance": 0.5, "betweenness": 0.0, "weight": 0.1 }, "geometry": { "type": "LineString", "coordinates": [ [ -76.028228, 6.753859 ], [ -75.826648, 6.556484 ] ] } },
{ "type": "Feature", "properties": { "source": "CAÑASGORDAS", "target": "GIRALDO", "distance": 0.5, "betweenness": 0.00015525539512498059, "weight": 0.10015525539512499 }, "geometry": { "type": "LineString", "coordinates": [ [ -76.028228, 6.753859 ], [ -75.952158, 6.680808 ] ] } },
{ "type": "Feature", "properties": { "source": "CAÑASGORDAS", "target": "FRONTINO", "distance": 0.33333333333333331, "betweenness": 0.002582414738912177, "weight": 0.10258241473891218 }, "geometry": { "type": "LineString", "coordinates": [ [ -76.028228, 6.753859 ], [ -76.130765, 6.776066 ] ] } },
{ "type": "Feature", "properties": { "source": "CAÑASGORDAS", "target": "ABRIAQUÍ", "distance": 0.5, "betweenness": 0.00015525539512498059, "weight": 0.10015525539512499 }, "geometry": { "type": "LineString", "coordinates": [ [ -76.028228, 6.753859 ], [ -76.064304, 6.632282 ] ] } },
{ "type": "Feature", "properties": { "source": "CAÑASGORDAS", "target": "URRAO", "distance": 0.5, "betweenness": 0.00031051079024996118, "weight": 0.10031051079024997 }, "geometry": { "type": "LineString", "coordinates": [ [ -76.028228, 6.753859 ], [ -76.133951, 6.317343 ] ] } },
{ "type": "Feature", "properties": { "source": "CAÑASGORDAS", "target": "LIBORINA", "distance": 0.5, "betweenness": 0.00015525539512498059, "weight": 0.10015525539512499 }, "geometry": { "type": "LineString", "coordinates": [ [ -76.028228, 6.753859 ], [ -75.812838, 6.677316 ] ] } },
{ "type": "Feature", "properties": { "source": "CAÑASGORDAS", "target": "CAICEDO", "distance": 0.5, "betweenness": 0.0, "weight": 0.1 }, "geometry": { "type": "LineString", "coordinates": [ [ -76.028228, 6.753859 ], [ -75.98293, 6.405607 ] ] } },
{ "type": "Feature", "properties": { "source": "CAÑASGORDAS", "target": "OLAYA", "distance": 0.33333333333333331, "betweenness": 0.0012834445996998394, "weight": 0.10128344459969985 }, "geometry": { "type": "LineString", "coordinates": [ [ -76.028228, 6.753859 ], [ -75.811773, 6.626492 ] ] } },
{ "type": "Feature", "properties": { "source": "CAÑASGORDAS", "target": "SOPETRÁN", "distance": 0.5, "betweenness": 0.00015525539512498059, "weight": 0.10015525539512499 }, "geometry": { "type": "LineString", "coordinates": [ [ -76.028228, 6.753859 ], [ -75.747378, 6.500745 ] ] } },
{ "type": "Feature", "properties": { "source": "CAÑASGORDAS", "target": "SAN JERÓNIMO", "distance": 0.33333333333333331, "betweenness": 0.0033431661750245819, "weight": 0.10334316617502459 }, "geometry": { "type": "LineString", "coordinates": [ [ -76.028228, 6.753859 ], [ -75.726975, 6.44809 ] ] } },
{ "type": "Feature", "properties": { "source": "CAÑASGORDAS", "target": "ANZÁ", "distance": 0.125, "betweenness": 0.026082906380996741, "weight": 0.12608290638099676 }, "geometry": { "type": "LineString", "coordinates": [ [ -76.028228, 6.753859 ], [ -75.854442, 6.302641 ] ] } },
{ "type": "Feature", "properties": { "source": "BURITICÁ", "target": "SANTA FÉ DE ANTIOQUIA", "distance": 0.5, "betweenness": 0.0002242577929583053, "weight": 0.10022425779295831 }, "geometry": { "type": "LineString", "coordinates": [ [ -75.907, 6.720759 ], [ -75.826648, 6.556484 ] ] } },
{ "type": "Feature", "properties": { "source": "BURITICÁ", "target": "URAMITA", "distance": 0.5, "betweenness": 0.00015525539512498059, "weight": 0.10015525539512499 }, "geometry": { "type": "LineString", "coordinates": [ [ -75.907, 6.720759 ], [ -76.173284, 6.898393 ] ] } },
{ "type": "Feature", "properties": { "source": "BURITICÁ", "target": "FRONTINO", "distance": 0.5, "betweenness": 0.0002328830926874709, "weight": 0.10023288309268748 }, "geometry": { "type": "LineString", "coordinates": [ [ -75.907, 6.720759 ], [ -76.130765, 6.776066 ] ] } },
{ "type": "Feature", "properties": { "source": "BURITICÁ", "target": "GIRALDO", "distance": 0.5, "betweenness": 0.00015525539512498059, "weight": 0.10015525539512499 }, "geometry": { "type": "LineString", "coordinates": [ [ -75.907, 6.720759 ], [ -75.952158, 6.680808 ] ] } },
{ "type": "Feature", "properties": { "source": "BURITICÁ", "target": "ABRIAQUÍ", "distance": 0.33333333333333331, "betweenness": 0.0004657661853749418, "weight": 0.10046576618537495 }, "geometry": { "type": "LineString", "coordinates": [ [ -75.907, 6.720759 ], [ -76.064304, 6.632282 ] ] } },
{ "type": "Feature", "properties": { "source": "BURITICÁ", "target": "LIBORINA", "distance": 0.5, "betweenness": 0.00027169694146871601, "weight": 0.10027169694146872 }, "geometry": { "type": "LineString", "coordinates": [ [ -75.907, 6.720759 ], [ -75.812838, 6.677316 ] ] } },
{ "type": "Feature", "properties": { "source": "BURITICÁ", "target": "URRAO", "distance": 0.5, "betweenness": 0.0014671634839310665, "weight": 0.10146716348393107 }, "geometry": { "type": "LineString", "coordinates": [ [ -75.907, 6.720759 ], [ -76.133951, 6.317343 ] ] } },
{ "type": "Feature", "properties": { "source": "BURITICÁ", "target": "SOPETRÁN", "distance": 0.5, "betweenness": 0.00072883782711449221, "weight": 0.1007288378271145 }, "geometry": { "type": "LineString", "coordinates": [ [ -75.907, 6.720759 ], [ -75.747378, 6.500745 ] ] } },
{ "type": "Feature", "properties": { "source": "BURITICÁ", "target": "OLAYA", "distance": 0.5, "betweenness": 0.00017250599458331178, "weight": 0.10017250599458331 }, "geometry": { "type": "LineString", "coordinates": [ [ -75.907, 6.720759 ], [ -75.811773, 6.626492 ] ] } },
{ "type": "Feature", "properties": { "source": "BURITICÁ", "target": "CAICEDO", "distance": 0.5, "betweenness": 0.00043989028618744496, "weight": 0.10043989028618745 }, "geometry": { "type": "LineString", "coordinates": [ [ -75.907, 6.720759 ], [ -75.98293, 6.405607 ] ] } },
{ "type": "Feature", "properties": { "source": "BURITICÁ", "target": "SAN JERÓNIMO", "distance": 0.5, "betweenness": 0.00096172091980196311, "weight": 0.10096172091980198 }, "geometry": { "type": "LineString", "coordinates": [ [ -75.907, 6.720759 ], [ -75.726975, 6.44809 ] ] } },
{ "type": "Feature", "properties": { "source": "BURITICÁ", "target": "SAN PEDRO DE LOS MILAGROS", "distance": 0.5, "betweenness": 0.0014197243354206557, "weight": 0.10141972433542067 }, "geometry": { "type": "LineString", "coordinates": [ [ -75.907, 6.720759 ], [ -75.556743, 6.46012 ] ] } },
{ "type": "Feature", "properties": { "source": "BURITICÁ", "target": "EBÉJICO", "distance": 0.5, "betweenness": 0.0016629577877831257, "weight": 0.10166295778778313 }, "geometry": { "type": "LineString", "coordinates": [ [ -75.907, 6.720759 ], [ -75.766413, 6.325615 ] ] } },
{ "type": "Feature", "properties": { "source": "BURITICÁ", "target": "ANZÁ", "distance": 0.5, "betweenness": 0.0, "weight": 0.1 }, "geometry": { "type": "LineString", "coordinates": [ [ -75.907, 6.720759 ], [ -75.854442, 6.302641 ] ] } },
{ "type": "Feature", "properties": { "source": "BURITICÁ", "target": "BELLO", "distance": 1.0, "betweenness": 0.0, "weight": 0.1 }, "geometry": { "type": "LineString", "coordinates": [ [ -75.907, 6.720759 ], [ -75.555245, 6.333587 ] ] } },
{ "type": "Feature", "properties": { "source": "URAMITA", "target": "LIBORINA", "distance": 0.5, "betweenness": 0.00015525539512498059, "weight": 0.10015525539512499 }, "geometry": { "type": "LineString", "coordinates": [ [ -76.173284, 6.898393 ], [ -75.812838, 6.677316 ] ] } },
{ "type": "Feature", "properties": { "source": "URAMITA", "target": "ABRIAQUÍ", "distance": 0.5, "betweenness": 0.0, "weight": 0.1 }, "geometry": { "type": "LineString", "coordinates": [ [ -76.173284, 6.898393 ], [ -76.064304, 6.632282 ] ] } },
{ "type": "Feature", "properties": { "source": "URAMITA", "target": "FRONTINO", "distance": 0.5, "betweenness": 0.00015525539512498059, "weight": 0.10015525539512499 }, "geometry": { "type": "LineString", "coordinates": [ [ -76.173284, 6.898393 ], [ -76.130765, 6.776066 ] ] } },
{ "type": "Feature", "properties": { "source": "URAMITA", "target": "GIRALDO", "distance": 0.5, "betweenness": 0.00015525539512498059, "weight": 0.10015525539512499 }, "geometry": { "type": "LineString", "coordinates": [ [ -76.173284, 6.898393 ], [ -75.952158, 6.680808 ] ] } },
{ "type": "Feature", "properties": { "source": "URAMITA", "target": "SANTA FÉ DE ANTIOQUIA", "distance": 0.5, "betweenness": 0.00027169694146871601, "weight": 0.10027169694146872 }, "geometry": { "type": "LineString", "coordinates": [ [ -76.173284, 6.898393 ], [ -75.826648, 6.556484 ] ] } },
{ "type": "Feature", "properties": { "source": "URAMITA", "target": "URRAO", "distance": 0.33333333333333331, "betweenness": 0.0075298866635615585, "weight": 0.10752988666356156 }, "geometry": { "type": "LineString", "coordinates": [ [ -76.173284, 6.898393 ], [ -76.133951, 6.317343 ] ] } },
{ "type": "Feature", "properties": { "source": "URAMITA", "target": "MURINDÓ", "distance": 1.0, "betweenness": 0.0, "weight": 0.1 }, "geometry": { "type": "LineString", "coordinates": [ [ -76.173284, 6.898393 ], [ -76.817485, 6.97771 ] ] } },
{ "type": "Feature", "properties": { "source": "FRONTINO", "target": "URRAO", "distance": 0.25, "betweenness": 0.018992910003622628, "weight": 0.11899291000362264 }, "geometry": { "type": "LineString", "coordinates": [ [ -76.130765, 6.776066 ], [ -76.133951, 6.317343 ] ] } },
{ "type": "Feature", "properties": { "source": "FRONTINO", "target": "CAICEDO", "distance": 0.33333333333333331, "betweenness": 0.0028334109610308961, "weight": 0.10283341096103091 }, "geometry": { "type": "LineString", "coordinates": [ [ -76.130765, 6.776066 ], [ -75.98293, 6.405607 ] ] } },
{ "type": "Feature", "properties": { "source": "FRONTINO", "target": "ABRIAQUÍ", "distance": 0.5, "betweenness": 0.0, "weight": 0.1 }, "geometry": { "type": "LineString", "coordinates": [ [ -76.130765, 6.776066 ], [ -76.064304, 6.632282 ] ] } },
{ "type": "Feature", "properties": { "source": "FRONTINO", "target": "SANTA FÉ DE ANTIOQUIA", "distance": 0.5, "betweenness": 0.00054339388293743202, "weight": 0.10054339388293744 }, "geometry": { "type": "LineString", "coordinates": [ [ -76.130765, 6.776066 ], [ -75.826648, 6.556484 ] ] } },
{ "type": "Feature", "properties": { "source": "FRONTINO", "target": "VIGÍA DEL FUERTE", "distance": 0.33333333333333331, "betweenness": 0.0048387931480618944, "weight": 0.1048387931480619 }, "geometry": { "type": "LineString", "coordinates": [ [ -76.130765, 6.776066 ], [ -76.896004, 6.588164 ] ] } },
{ "type": "Feature", "properties": { "source": "FRONTINO", "target": "GIRALDO", "distance": 0.5, "betweenness": 7.7627697562490295e-05, "weight": 0.1000776276975625 }, "geometry": { "type": "LineString", "coordinates": [ [ -76.130765, 6.776066 ], [ -75.952158, 6.680808 ] ] } },
{ "type": "Feature", "properties": { "source": "FRONTINO", "target": "MURINDÓ", "distance": 0.5, "betweenness": 0.0016120685193810481, "weight": 0.10161206851938105 }, "geometry": { "type": "LineString", "coordinates": [ [ -76.130765, 6.776066 ], [ -76.817485, 6.97771 ] ] } },
{ "type": "Feature", "properties": { "source": "FRONTINO", "target": "ANZÁ", "distance": 0.5, "betweenness": 0.0, "weight": 0.1 }, "geometry": { "type": "LineString", "coordinates": [ [ -76.130765, 6.776066 ], [ -75.854442, 6.302641 ] ] } },
{ "type": "Feature", "properties": { "source": "FRONTINO", "target": "LIBORINA", "distance": 0.5, "betweenness": 0.0, "weight": 0.1 }, "geometry": { "type": "LineString", "coordinates": [ [ -76.130765, 6.776066 ], [ -75.812838, 6.677316 ] ] } },
{ "type": "Feature", "properties": { "source": "FRONTINO", "target": "OLAYA", "distance": 0.5, "betweenness": 0.00038813848781245146, "weight": 0.10038813848781246 }, "geometry": { "type": "LineString", "coordinates": [ [ -76.130765, 6.776066 ], [ -75.811773, 6.626492 ] ] } },
{ "type": "Feature", "properties": { "source": "ABRIAQUÍ", "target": "GIRALDO", "distance": 0.5, "betweenness": 0.00015525539512498059, "weight": 0.10015525539512499 }, "geometry": { "type": "LineString", "coordinates": [ [ -76.064304, 6.632282 ], [ -75.952158, 6.680808 ] ] } },
{ "type": "Feature", "properties": { "source": "ABRIAQUÍ", "target": "SANTA FÉ DE ANTIOQUIA", "distance": 0.5, "betweenness": 0.00018630647414997673, "weight": 0.10018630647414999 }, "geometry": { "type": "LineString", "coordinates": [ [ -76.064304, 6.632282 ], [ -75.826648, 6.556484 ] ] } },
{ "type": "Feature", "properties": { "source": "ABRIAQUÍ", "target": "CAICEDO", "distance": 0.5, "betweenness": 0.00056668219220617924, "weight": 0.10056668219220619 }, "geometry": { "type": "LineString", "coordinates": [ [ -76.064304, 6.632282 ], [ -75.98293, 6.405607 ] ] } },
{ "type": "Feature", "properties": { "source": "ABRIAQUÍ", "target": "URRAO", "distance": 0.33333333333333331, "betweenness": 0.0090266226037069072, "weight": 0.10902662260370691 }, "geometry": { "type": "LineString", "coordinates": [ [ -76.064304, 6.632282 ], [ -76.133951, 6.317343 ] ] } },
{ "type": "Feature", "properties": { "source": "ABRIAQUÍ", "target": "LIBORINA", "distance": 0.5, "betweenness": 0.00019406924390622573, "weight": 0.10019406924390623 }, "geometry": { "type": "LineString", "coordinates": [ [ -76.064304, 6.632282 ], [ -75.812838, 6.677316 ] ] } },
{ "type": "Feature", "properties": { "source": "ABRIAQUÍ", "target": "ANZÁ", "distance": 0.5, "betweenness": 0.00087978057237488993, "weight": 0.1008797805723749 }, "geometry": { "type": "LineString", "coordinates": [ [ -76.064304, 6.632282 ], [ -75.854442, 6.302641 ] ] } },
{ "type": "Feature", "properties": { "source": "ABRIAQUÍ", "target": "BETULIA", "distance": 0.33333333333333331, "betweenness": 0.0094923887890818476, "weight": 0.10949238878908185 }, "geometry": { "type": "LineString", "coordinates": [ [ -76.064304, 6.632282 ], [ -75.984452, 6.115208 ] ] } },
{ "type": "Feature", "properties": { "source": "ABRIAQUÍ", "target": "OLAYA", "distance": 0.5, "betweenness": 0.00015525539512498059, "weight": 0.10015525539512499 }, "geometry": { "type": "LineString", "coordinates": [ [ -76.064304, 6.632282 ], [ -75.811773, 6.626492 ] ] } },
{ "type": "Feature", "properties": { "source": "ABRIAQUÍ", "target": "EBÉJICO", "distance": 0.5, "betweenness": 0.00079993494059632845, "weight": 0.10079993494059633 }, "geometry": { "type": "LineString", "coordinates": [ [ -76.064304, 6.632282 ], [ -75.766413, 6.325615 ] ] } },
{ "type": "Feature", "properties": { "source": "ABRIAQUÍ", "target": "SOPETRÁN", "distance": 0.5, "betweenness": 0.00015525539512498059, "weight": 0.10015525539512499 }, "geometry": { "type": "LineString", "coordinates": [ [ -76.064304, 6.632282 ], [ -75.747378, 6.500745 ] ] } },
{ "type": "Feature", "properties": { "source": "ABRIAQUÍ", "target": "SAN JERÓNIMO", "distance": 0.5, "betweenness": 0.00041142679708119857, "weight": 0.1004114267970812 }, "geometry": { "type": "LineString", "coordinates": [ [ -76.064304, 6.632282 ], [ -75.726975, 6.44809 ] ] } },
{ "type": "Feature", "properties": { "source": "GIRALDO", "target": "URRAO", "distance": 0.25, "betweenness": 0.0093282616570925844, "weight": 0.10932826165709258 }, "geometry": { "type": "LineString", "coordinates": [ [ -75.952158, 6.680808 ], [ -76.133951, 6.317343 ] ] } },
{ "type": "Feature", "properties": { "source": "GIRALDO", "target": "LIBORINA", "distance": 0.5, "betweenness": 0.00015525539512498059, "weight": 0.10015525539512499 }, "geometry": { "type": "LineString", "coordinates": [ [ -75.952158, 6.680808 ], [ -75.812838, 6.677316 ] ] } },
{ "type": "Feature", "properties": { "source": "GIRALDO", "target": "SOPETRÁN", "distance": 0.33333333333333331, "betweenness": 0.0019924442374372507, "weight": 0.10199244423743725 }, "geometry": { "type": "LineString", "coordinates": [ [ -75.952158, 6.680808 ], [ -75.747378, 6.500745 ] ] } },
{ "type": "Feature", "properties": { "source": "GIRALDO", "target": "CAICEDO", "distance": 0.5, "betweenness": 0.0001863064741499767, "weight": 0.10018630647414999 }, "geometry": { "type": "LineString", "coordinates": [ [ -75.952158, 6.680808 ], [ -75.98293, 6.405607 ] ] } },
{ "type": "Feature", "properties": { "source": "GIRALDO", "target": "SANTA FÉ DE ANTIOQUIA", "distance": 0.5, "betweenness": 0.00015525539512498059, "weight": 0.10015525539512499 }, "geometry": { "type": "LineString", "coordinates": [ [ -75.952158, 6.680808 ], [ -75.826648, 6.556484 ] ] } },
{ "type": "Feature", "properties": { "source": "GIRALDO", "target": "SAN JERÓNIMO", "distance": 0.5, "betweenness": 0.00025875899187496762, "weight": 0.10025875899187497 }, "geometry": { "type": "LineString", "coordinates": [ [ -75.952158, 6.680808 ], [ -75.726975, 6.44809 ] ] } },
{ "type": "Feature", "properties": { "source": "GIRALDO", "target": "OLAYA", "distance": 0.5, "betweenness": 0.00015525539512498059, "weight": 0.10015525539512499 }, "geometry": { "type": "LineString", "coordinates": [ [ -75.952158, 6.680808 ], [ -75.811773, 6.626492 ] ] } },
{ "type": "Feature", "properties": { "source": "GIRALDO", "target": "ANZÁ", "distance": 0.5, "betweenness": 0.00025875899187496762, "weight": 0.10025875899187497 }, "geometry": { "type": "LineString", "coordinates": [ [ -75.952158, 6.680808 ], [ -75.854442, 6.302641 ] ] } },
{ "type": "Feature", "properties": { "source": "GIRALDO", "target": "EBÉJICO", "distance": 0.5, "betweenness": 0.00049164208456243857, "weight": 0.10049164208456245 }, "geometry": { "type": "LineString", "coordinates": [ [ -75.952158, 6.680808 ], [ -75.766413, 6.325615 ] ] } },
{ "type": "Feature", "properties": { "source": "GIRALDO", "target": "SAN PEDRO DE LOS MILAGROS", "distance": 0.5, "betweenness": 0.0019406924390622574, "weight": 0.10194069243906226 }, "geometry": { "type": "LineString", "coordinates": [ [ -75.952158, 6.680808 ], [ -75.556743, 6.46012 ] ] } },
{ "type": "Feature", "properties": { "source": "GIRALDO", "target": "BELLO", "distance": 1.0, "betweenness": 0.0, "weight": 0.1 }, "geometry": { "type": "LineString", "coordinates": [ [ -75.952158, 6.680808 ], [ -75.555245, 6.333587 ] ] } },
{ "type": "Feature", "properties": { "source": "LIBORINA", "target": "SANTA FÉ DE ANTIOQUIA", "distance": 0.5, "betweenness": 0.00022512032293122187, "weight": 0.10022512032293122 }, "geometry": { "type": "LineString", "coordinates": [ [ -75.812838, 6.677316 ], [ -75.826648, 6.556484 ] ] } },
{ "type": "Feature", "properties": { "source": "LIBORINA", "target": "SAN PEDRO DE LOS MILAGROS", "distance": 0.5, "betweenness": 0.00082285359416239725, "weight": 0.1008228535941624 }, "geometry": { "type": "LineString", "coordinates": [ [ -75.812838, 6.677316 ], [ -75.556743, 6.46012 ] ] } },
{ "type": "Feature", "properties": { "source": "LIBORINA", "target": "CAICEDO", "distance": 0.5, "betweenness": 0.00022512032293122187, "weight": 0.10022512032293122 }, "geometry": { "type": "LineString", "coordinates": [ [ -75.812838, 6.677316 ], [ -75.98293, 6.405607 ] ] } },
{ "type": "Feature", "properties": { "source": "LIBORINA", "target": "SOPETRÁN", "distance": 0.5, "betweenness": 0.00080522386065003668, "weight": 0.10080522386065004 }, "geometry": { "type": "LineString", "coordinates": [ [ -75.812838, 6.677316 ], [ -75.747378, 6.500745 ] ] } },
{ "type": "Feature", "properties": { "source": "LIBORINA", "target": "URRAO", "distance": 0.33333333333333331, "betweenness": 0.0038865600579620148, "weight": 0.10388656005796203 }, "geometry": { "type": "LineString", "coordinates": [ [ -75.812838, 6.677316 ], [ -76.133951, 6.317343 ] ] } },
{ "type": "Feature", "properties": { "source": "LIBORINA", "target": "SAN JERÓNIMO", "distance": 0.5, "betweenness": 0.0009952268918267987, "weight": 0.1009952268918268 }, "geometry": { "type": "LineString", "coordinates": [ [ -75.812838, 6.677316 ], [ -75.726975, 6.44809 ] ] } },
{ "type": "Feature", "properties": { "source": "LIBORINA", "target": "OLAYA", "distance": 0.5, "betweenness": 0.00015525539512498059, "weight": 0.10015525539512499 }, "geometry": { "type": "LineString", "coordinates": [ [ -75.812838, 6.677316 ], [ -75.811773, 6.626492 ] ] } },
{ "type": "Feature", "properties": { "source": "LIBORINA", "target": "EBÉJICO", "distance": 0.5, "betweenness": 0.0010738498162811158, "weight": 0.10107384981628112 }, "geometry": { "type": "LineString", "coordinates": [ [ -75.812838, 6.677316 ], [ -75.766413, 6.325615 ] ] } },
{ "type": "Feature", "properties": { "source": "LIBORINA", "target": "BELLO", "distance": 0.33333333333333331, "betweenness": 0.011140868395176728, "weight": 0.11114086839517673 }, "geometry": { "type": "LineString", "coordinates": [ [ -75.812838, 6.677316 ], [ -75.555245, 6.333587 ] ] } },
{ "type": "Feature", "properties": { "source": "LIBORINA", "target": "COPACABANA", "distance": 1.0, "betweenness": 0.0, "weight": 0.1 }, "geometry": { "type": "LineString", "coordinates": [ [ -75.812838, 6.677316 ], [ -75.509384, 6.348557 ] ] } },
{ "type": "Feature", "properties": { "source": "LIBORINA", "target": "DONMATÍAS", "distance": 0.5, "betweenness": 0.0017555470629527451, "weight": 0.10175554706295276 }, "geometry": { "type": "LineString", "coordinates": [ [ -75.812838, 6.677316 ], [ -75.39263, 6.485603 ] ] } },
{ "type": "Feature", "properties": { "source": "LIBORINA", "target": "ANZÁ", "distance": 0.5, "betweenness": 0.0002846348910624644, "weight": 0.10028463489106247 }, "geometry": { "type": "LineString", "coordinates": [ [ -75.812838, 6.677316 ], [ -75.854442, 6.302641 ] ] } },
{ "type": "Feature", "properties": { "source": "LIBORINA", "target": "MEDELLÍN", "distance": 0.5, "betweenness": 0.0021294538062120731, "weight": 0.10212945380621208 }, "geometry": { "type": "LineString", "coordinates": [ [ -75.812838, 6.677316 ], [ -75.581775, 6.246631 ] ] } },
{ "type": "Feature", "properties": { "source": "LIBORINA", "target": "GIRARDOTA", "distance": 1.0, "betweenness": 0.0, "weight": 0.1 }, "geometry": { "type": "LineString", "coordinates": [ [ -75.812838, 6.677316 ], [ -75.444238, 6.379472 ] ] } },
{ "type": "Feature", "properties": { "source": "REMEDIOS", "target": "YALÍ", "distance": 0.5, "betweenness": 0.00095648025317331316, "weight": 0.10095648025317332 }, "geometry": { "type": "LineString", "coordinates": [ [ -74.698135, 7.029424 ], [ -74.840059, 6.676554 ] ] } },
{ "type": "Feature", "properties": { "source": "REMEDIOS", "target": "VEGACHÍ", "distance": 0.5, "betweenness": 0.00081915315962824105, "weight": 0.10081915315962825 }, "geometry": { "type": "LineString", "coordinates": [ [ -74.698135, 7.029424 ], [ -74.798714, 6.773525 ] ] } },
{ "type": "Feature", "properties": { "source": "REMEDIOS", "target": "YOLOMBÓ", "distance": 0.5, "betweenness": 0.012812262777330311, "weight": 0.11281226277733032 }, "geometry": { "type": "LineString", "coordinates": [ [ -74.698135, 7.029424 ], [ -75.013385, 6.594511 ] ] } },
{ "type": "Feature", "properties": { "source": "REMEDIOS", "target": "SEGOVIA", "distance": 0.5, "betweenness": 0.00078477905678650897, "weight": 0.10078477905678651 }, "geometry": { "type": "LineString", "coordinates": [ [ -74.698135, 7.029424 ], [ -74.701596, 7.079648 ] ] } },
{ "type": "Feature", "properties": { "source": "REMEDIOS", "target": "ZARAGOZA", "distance": 1.0, "betweenness": 0.002100922676143915, "weight": 0.10210092267614392 }, "geometry": { "type": "LineString", "coordinates": [ [ -74.698135, 7.029424 ], [ -74.867075, 7.488583 ] ] } },
{ "type": "Feature", "properties": { "source": "YOLOMBÓ", "target": "VEGACHÍ", "distance": 0.5, "betweenness": 0.0015525539512498058, "weight": 0.1015525539512498 }, "geometry": { "type": "LineString", "coordinates": [ [ -75.013385, 6.594511 ], [ -74.798714, 6.773525 ] ] } },
{ "type": "Feature", "properties": { "source": "YOLOMBÓ", "target": "SANTO DOMINGO", "distance": 0.5, "betweenness": 0.00018630647414997673, "weight": 0.10018630647414999 }, "geometry": { "type": "LineString", "coordinates": [ [ -75.013385, 6.594511 ], [ -75.164903, 6.473032 ] ] } },
{ "type": "Feature", "properties": { "source": "YOLOMBÓ", "target": "YALÍ", "distance": 0.5, "betweenness": 0.0021024168089841117, "weight": 0.10210241680898412 }, "geometry": { "type": "LineString", "coordinates": [ [ -75.013385, 6.594511 ], [ -74.840059, 6.676554 ] ] } },
{ "type": "Feature", "properties": { "source": "YOLOMBÓ", "target": "DONMATÍAS", "distance": 0.5, "betweenness": 0.00031051079024996112, "weight": 0.10031051079024997 }, "geometry": { "type": "LineString", "coordinates": [ [ -75.013385, 6.594511 ], [ -75.39263, 6.485603 ] ] } },
{ "type": "Feature", "properties": { "source": "YOLOMBÓ", "target": "SAN ROQUE", "distance": 0.5, "betweenness": 0.00033621866411805861, "weight": 0.10033621866411807 }, "geometry": { "type": "LineString", "coordinates": [ [ -75.013385, 6.594511 ], [ -75.019109, 6.485939 ] ] } },
{ "type": "Feature", "properties": { "source": "YOLOMBÓ", "target": "MACEO", "distance": 0.5, "betweenness": 0.0044176320841434955, "weight": 0.10441763208414351 }, "geometry": { "type": "LineString", "coordinates": [ [ -75.013385, 6.594511 ], [ -74.78716, 6.552116 ] ] } },
{ "type": "Feature", "properties": { "source": "YOLOMBÓ", "target": "CISNEROS", "distance": 0.5, "betweenness": 0.00034388406535588653, "weight": 0.1003438840653559 }, "geometry": { "type": "LineString", "coordinates": [ [ -75.013385, 6.594511 ], [ -75.087047, 6.537829 ] ] } },
{ "type": "Feature", "properties": { "source": "YOLOMBÓ", "target": "BARBOSA", "distance": 0.5, "betweenness": 0.0002846348910624644, "weight": 0.10028463489106247 }, "geometry": { "type": "LineString", "coordinates": [ [ -75.013385, 6.594511 ], [ -75.331627, 6.439195 ] ] } },
{ "type": "Feature", "properties": { "source": "YOLOMBÓ", "target": "CONCEPCIÓN", "distance": 0.5, "betweenness": 0.00031051079024996112, "weight": 0.10031051079024997 }, "geometry": { "type": "LineString", "coordinates": [ [ -75.013385, 6.594511 ], [ -75.257587, 6.394348 ] ] } },
{ "type": "Feature", "properties": { "source": "YOLOMBÓ", "target": "ALEJANDRÍA", "distance": 0.5, "betweenness": 0.0003471067048151352, "weight": 0.10034710670481514 }, "geometry": { "type": "LineString", "coordinates": [ [ -75.013385, 6.594511 ], [ -75.141346, 6.376061 ] ] } },
{ "type": "Feature", "properties": { "source": "YOLOMBÓ", "target": "PUERTO BERRÍO", "distance": 0.5, "betweenness": 0.0085873484103572619, "weight": 0.10858734841035726 }, "geometry": { "type": "LineString", "coordinates": [ [ -75.013385, 6.594511 ], [ -74.410016, 6.487028 ] ] } },
{ "type": "Feature", "properties": { "source": "YOLOMBÓ", "target": "SAN RAFAEL", "distance": 0.5, "betweenness": 0.0010596180717279925, "weight": 0.101059618071728 }, "geometry": { "type": "LineString", "coordinates": [ [ -75.013385, 6.594511 ], [ -75.02849, 6.293759 ] ] } },
{ "type": "Feature", "properties": { "source": "YOLOMBÓ", "target": "SAN CARLOS", "distance": 0.5, "betweenness": 0.0022632786489330502, "weight": 0.10226327864893306 }, "geometry": { "type": "LineString", "coordinates": [ [ -75.013385, 6.594511 ], [ -74.988097, 6.187746 ] ] } },
{ "type": "Feature", "properties": { "source": "YOLOMBÓ", "target": "CARACOLÍ", "distance": 0.5, "betweenness": 0.0052906972445863915, "weight": 0.1052906972445864 }, "geometry": { "type": "LineString", "coordinates": [ [ -75.013385, 6.594511 ], [ -74.757421, 6.409829 ] ] } },
{ "type": "Feature", "properties": { "source": "YOLOMBÓ", "target": "SAN VICENTE FERRER", "distance": 0.5, "betweenness": 0.00067794855871241536, "weight": 0.10067794855871243 }, "geometry": { "type": "LineString", "coordinates": [ [ -75.013385, 6.594511 ], [ -75.332616, 6.282164 ] ] } },
{ "type": "Feature", "properties": { "source": "YOLOMBÓ", "target": "GUATAPÉ", "distance": 0.5, "betweenness": 0.00041401438699994813, "weight": 0.10041401438699996 }, "geometry": { "type": "LineString", "coordinates": [ [ -75.013385, 6.594511 ], [ -75.160041, 6.232461 ] ] } },
{ "type": "Feature", "properties": { "source": "YOLOMBÓ", "target": "PEÑOL", "distance": 0.5, "betweenness": 0.00067702441945571889, "weight": 0.10067702441945572 }, "geometry": { "type": "LineString", "coordinates": [ [ -75.013385, 6.594511 ], [ -75.242693, 6.219349 ] ] } },
{ "type": "Feature", "properties": { "source": "YOLOMBÓ", "target": "MARINILLA", "distance": 0.33333333333333331, "betweenness": 0.0060860114888992393, "weight": 0.10608601148889925 }, "geometry": { "type": "LineString", "coordinates": [ [ -75.013385, 6.594511 ], [ -75.339345, 6.173995 ] ] } },
{ "type": "Feature", "properties": { "source": "YOLOMBÓ", "target": "GIRARDOTA", "distance": 0.33333333333333331, "betweenness": 0.0036278010660870459, "weight": 0.10362780106608706 }, "geometry": { "type": "LineString", "coordinates": [ [ -75.013385, 6.594511 ], [ -75.444238, 6.379472 ] ] } },
{ "type": "Feature", "properties": { "source": "YOLOMBÓ", "target": "SAN PEDRO DE LOS MILAGROS", "distance": 0.25, "betweenness": 0.022897583191015879, "weight": 0.12289758319101589 }, "geometry": { "type": "LineString", "coordinates": [ [ -75.013385, 6.594511 ], [ -75.556743, 6.46012 ] ] } },
{ "type": "Feature", "properties": { "source": "YOLOMBÓ", "target": "GUARNE", "distance": 0.5, "betweenness": 0.0017336852455622834, "weight": 0.10173368524556228 }, "geometry": { "type": "LineString", "coordinates": [ [ -75.013385, 6.594511 ], [ -75.441612, 6.27787 ] ] } },
{ "type": "Feature", "properties": { "source": "VEGACHÍ", "target": "CISNEROS", "distance": 0.5, "betweenness": 0.00046808838145587098, "weight": 0.10046808838145588 }, "geometry": { "type": "LineString", "coordinates": [ [ -74.798714, 6.773525 ], [ -75.087047, 6.537829 ] ] } },
{ "type": "Feature", "properties": { "source": "VEGACHÍ", "target": "YALÍ", "distance": 0.5, "betweenness": 0.00019406924390622573, "weight": 0.10019406924390623 }, "geometry": { "type": "LineString", "coordinates": [ [ -74.798714, 6.773525 ], [ -74.840059, 6.676554 ] ] } },
{ "type": "Feature", "properties": { "source": "VEGACHÍ", "target": "SAN ROQUE", "distance": 0.5, "betweenness": 0.00099605409339922619, "weight": 0.10099605409339923 }, "geometry": { "type": "LineString", "coordinates": [ [ -74.798714, 6.773525 ], [ -75.019109, 6.485939 ] ] } },
{ "type": "Feature", "properties": { "source": "VEGACHÍ", "target": "MACEO", "distance": 0.5, "betweenness": 0.00031482344011454398, "weight": 0.10031482344011455 }, "geometry": { "type": "LineString", "coordinates": [ [ -74.798714, 6.773525 ], [ -74.78716, 6.552116 ] ] } },
{ "type": "Feature", "properties": { "source": "VEGACHÍ", "target": "SANTO DOMINGO", "distance": 0.33333333333333331, "betweenness": 0.0093411996066863311, "weight": 0.10934119960668634 }, "geometry": { "type": "LineString", "coordinates": [ [ -74.798714, 6.773525 ], [ -75.164903, 6.473032 ] ] } },
{ "type": "Feature", "properties": { "source": "VEGACHÍ", "target": "PUERTO BERRÍO", "distance": 1.0, "betweenness": 3.8813848781245147e-05, "weight": 0.10003881384878124 }, "geometry": { "type": "LineString", "coordinates": [ [ -74.798714, 6.773525 ], [ -74.410016, 6.487028 ] ] } },
{ "type": "Feature", "properties": { "source": "DONMATÍAS", "target": "BARBOSA", "distance": 0.5, "betweenness": 0.00015525539512498059, "weight": 0.10015525539512499 }, "geometry": { "type": "LineString", "coordinates": [ [ -75.39263, 6.485603 ], [ -75.331627, 6.439195 ] ] } },
{ "type": "Feature", "properties": { "source": "DONMATÍAS", "target": "SAN PEDRO DE LOS MILAGROS", "distance": 0.5, "betweenness": 0.0002328830926874709, "weight": 0.10023288309268748 }, "geometry": { "type": "LineString", "coordinates": [ [ -75.39263, 6.485603 ], [ -75.556743, 6.46012 ] ] } },
{ "type": "Feature", "properties": { "source": "DONMATÍAS", "target": "SAN ROQUE", "distance": 0.5, "betweenness": 0.00036343876586074998, "weight": 0.10036343876586075 }, "geometry": { "type": "LineString", "coordinates": [ [ -75.39263, 6.485603 ], [ -75.019109, 6.485939 ] ] } },
{ "type": "Feature", "properties": { "source": "DONMATÍAS", "target": "BELLO", "distance": 0.5, "betweenness": 0.00033638668943745801, "weight": 0.10033638668943747 }, "geometry": { "type": "LineString", "coordinates": [ [ -75.39263, 6.485603 ], [ -75.555245, 6.333587 ] ] } },
{ "type": "Feature", "properties": { "source": "DONMATÍAS", "target": "CONCEPCIÓN", "distance": 0.5, "betweenness": 0.0, "weight": 0.1 }, "geometry": { "type": "LineString", "coordinates": [ [ -75.39263, 6.485603 ], [ -75.257587, 6.394348 ] ] } },
{ "type": "Feature", "properties": { "source": "DONMATÍAS", "target": "MEDELLÍN", "distance": 0.5, "betweenness": 0.0002328830926874709, "weight": 0.10023288309268748 }, "geometry": { "type": "LineString", "coordinates": [ [ -75.39263, 6.485603 ], [ -75.581775, 6.246631 ] ] } },
{ "type": "Feature", "properties": { "source": "DONMATÍAS", "target": "ALEJANDRÍA", "distance": 0.5, "betweenness": 0.00027169694146871601, "weight": 0.10027169694146872 }, "geometry": { "type": "LineString", "coordinates": [ [ -75.39263, 6.485603 ], [ -75.141346, 6.376061 ] ] } },
{ "type": "Feature", "properties": { "source": "DONMATÍAS", "target": "SAN VICENTE FERRER", "distance": 0.33333333333333331, "betweenness": 0.00093153237074988359, "weight": 0.10093153237074989 }, "geometry": { "type": "LineString", "coordinates": [ [ -75.39263, 6.485603 ], [ -75.332616, 6.282164 ] ] } },
{ "type": "Feature", "properties": { "source": "DONMATÍAS", "target": "PEÑOL", "distance": 0.5, "betweenness": 0.00019684166167631466, "weight": 0.10019684166167632 }, "geometry": { "type": "LineString", "coordinates": [ [ -75.39263, 6.485603 ], [ -75.242693, 6.219349 ] ] } },
{ "type": "Feature", "properties": { "source": "DONMATÍAS", "target": "SANTO DOMINGO", "distance": 0.33333333333333331, "betweenness": 0.0027713088029809037, "weight": 0.10277130880298091 }, "geometry": { "type": "LineString", "coordinates": [ [ -75.39263, 6.485603 ], [ -75.164903, 6.473032 ] ] } },
{ "type": "Feature", "properties": { "source": "DONMATÍAS", "target": "GIRARDOTA", "distance": 0.5, "betweenness": 0.00015525539512498059, "weight": 0.10015525539512499 }, "geometry": { "type": "LineString", "coordinates": [ [ -75.39263, 6.485603 ], [ -75.444238, 6.379472 ] ] } },
{ "type": "Feature", "properties": { "source": "DONMATÍAS", "target": "SAN RAFAEL", "distance": 0.5, "betweenness": 0.00049811105935931269, "weight": 0.10049811105935932 }, "geometry": { "type": "LineString", "coordinates": [ [ -75.39263, 6.485603 ], [ -75.02849, 6.293759 ] ] } },
{ "type": "Feature", "properties": { "source": "DONMATÍAS", "target": "GUARNE", "distance": 0.5, "betweenness": 0.00015525539512498059, "weight": 0.10015525539512499 }, "geometry": { "type": "LineString", "coordinates": [ [ -75.39263, 6.485603 ], [ -75.441612, 6.27787 ] ] } },
{ "type": "Feature", "properties": { "source": "DONMATÍAS", "target": "CISNEROS", "distance": 0.33333333333333331, "betweenness": 0.0042824613155307148, "weight": 0.10428246131553072 }, "geometry": { "type": "LineString", "coordinates": [ [ -75.39263, 6.485603 ], [ -75.087047, 6.537829 ] ] } },
{ "type": "Feature", "properties": { "source": "DONMATÍAS", "target": "GUATAPÉ", "distance": 0.33333333333333331, "betweenness": 0.0020739533198778659, "weight": 0.10207395331987787 }, "geometry": { "type": "LineString", "coordinates": [ [ -75.39263, 6.485603 ], [ -75.160041, 6.232461 ] ] } },
{ "type": "Feature", "properties": { "source": "DONMATÍAS", "target": "COPACABANA", "distance": 0.5, "betweenness": 0.00015525539512498059, "weight": 0.10015525539512499 }, "geometry": { "type": "LineString", "coordinates": [ [ -75.39263, 6.485603 ], [ -75.509384, 6.348557 ] ] } },
{ "type": "Feature", "properties": { "source": "DONMATÍAS", "target": "MARINILLA", "distance": 0.5, "betweenness": 0.00015525539512498059, "weight": 0.10015525539512499 }, "geometry": { "type": "LineString", "coordinates": [ [ -75.39263, 6.485603 ], [ -75.339345, 6.173995 ] ] } },
{ "type": "Feature", "properties": { "source": "DONMATÍAS", "target": "SAN CARLOS", "distance": 0.5, "betweenness": 0.00055749293057164506, "weight": 0.10055749293057165 }, "geometry": { "type": "LineString", "coordinates": [ [ -75.39263, 6.485603 ], [ -74.988097, 6.187746 ] ] } },
{ "type": "Feature", "properties": { "source": "DONMATÍAS", "target": "RIONEGRO", "distance": 0.5, "betweenness": 0.00015525539512498059, "weight": 0.10015525539512499 }, "geometry": { "type": "LineString", "coordinates": [ [ -75.39263, 6.485603 ], [ -75.377316, 6.147148 ] ] } },
{ "type": "Feature", "properties": { "source": "DONMATÍAS", "target": "SOPETRÁN", "distance": 0.5, "betweenness": 0.00041401438699994824, "weight": 0.10041401438699996 }, "geometry": { "type": "LineString", "coordinates": [ [ -75.39263, 6.485603 ], [ -75.747378, 6.500745 ] ] } },
{ "type": "Feature", "properties": { "source": "DONMATÍAS", "target": "RETIRO", "distance": 0.33333333333333331, "betweenness": 0.0095297240150523793, "weight": 0.10952972401505238 }, "geometry": { "type": "LineString", "coordinates": [ [ -75.39263, 6.485603 ], [ -75.501301, 6.062454 ] ] } },
{ "type": "Feature", "properties": { "source": "DONMATÍAS", "target": "ENVIGADO", "distance": 0.2, "betweenness": 0.0060660500809545988, "weight": 0.1060660500809546 }, "geometry": { "type": "LineString", "coordinates": [ [ -75.39263, 6.485603 ], [ -75.582192, 6.166695 ] ] } },
{ "type": "Feature", "properties": { "source": "DONMATÍAS", "target": "EBÉJICO", "distance": 0.5, "betweenness": 0.0009625834497748797, "weight": 0.10096258344977488 }, "geometry": { "type": "LineString", "coordinates": [ [ -75.39263, 6.485603 ], [ -75.766413, 6.325615 ] ] } },
{ "type": "Feature", "properties": { "source": "DONMATÍAS", "target": "SAN JERÓNIMO", "distance": 0.5, "betweenness": 0.00015525539512498059, "weight": 0.10015525539512499 }, "geometry": { "type": "LineString", "coordinates": [ [ -75.39263, 6.485603 ], [ -75.726975, 6.44809 ] ] } },
{ "type": "Feature", "properties": { "source": "DONMATÍAS", "target": "EL SANTUARIO", "distance": 0.5, "betweenness": 0.00024330066249022932, "weight": 0.10024330066249024 }, "geometry": { "type": "LineString", "coordinates": [ [ -75.39263, 6.485603 ], [ -75.265465, 6.136871 ] ] } },
{ "type": "Feature", "properties": { "source": "DONMATÍAS", "target": "ITAGÜÍ", "distance": 0.5, "betweenness": 0.00045024064586244374, "weight": 0.10045024064586244 }, "geometry": { "type": "LineString", "coordinates": [ [ -75.39263, 6.485603 ], [ -75.612056, 6.175079 ] ] } },
{ "type": "Feature", "properties": { "source": "DONMATÍAS", "target": "HELICONIA", "distance": 0.33333333333333331, "betweenness": 0.0034738394659214415, "weight": 0.10347383946592145 }, "geometry": { "type": "LineString", "coordinates": [ [ -75.39263, 6.485603 ], [ -75.734322, 6.206757 ] ] } },
{ "type": "Feature", "properties": { "source": "DONMATÍAS", "target": "OLAYA", "distance": 0.5, "betweenness": 0.0007078906706293759, "weight": 0.10070789067062938 }, "geometry": { "type": "LineString", "coordinates": [ [ -75.39263, 6.485603 ], [ -75.811773, 6.626492 ] ] } },
{ "type": "Feature", "properties": { "source": "DONMATÍAS", "target": "LA ESTRELLA", "distance": 0.33333333333333331, "betweenness": 0.0056113735666600117, "weight": 0.10561137356666002 }, "geometry": { "type": "LineString", "coordinates": [ [ -75.39263, 6.485603 ], [ -75.637708, 6.145238 ] ] } },
{ "type": "Feature", "properties": { "source": "DONMATÍAS", "target": "EL CARMEN DE VIBORAL", "distance": 0.5, "betweenness": 0.00054272178165983476, "weight": 0.10054272178165984 }, "geometry": { "type": "LineString", "coordinates": [ [ -75.39263, 6.485603 ], [ -75.333901, 6.082885 ] ] } },
{ "type": "Feature", "properties": { "source": "DONMATÍAS", "target": "ANGELÓPOLIS", "distance": 1.0, "betweenness": 0.0, "weight": 0.1 }, "geometry": { "type": "LineString", "coordinates": [ [ -75.39263, 6.485603 ], [ -75.711389, 6.109719 ] ] } },
{ "type": "Feature", "properties": { "source": "DONMATÍAS", "target": "GRANADA", "distance": 0.5, "betweenness": 0.00050575621139198215, "weight": 0.10050575621139199 }, "geometry": { "type": "LineString", "coordinates": [ [ -75.39263, 6.485603 ], [ -75.184446, 6.142892 ] ] } },
{ "type": "Feature", "properties": { "source": "DONMATÍAS", "target": "CALDAS", "distance": 1.0, "betweenness": 0.0, "weight": 0.1 }, "geometry": { "type": "LineString", "coordinates": [ [ -75.39263, 6.485603 ], [ -75.633673, 6.091077 ] ] } },
{ "type": "Feature", "properties": { "source": "DONMATÍAS", "target": "SABANETA", "distance": 1.0, "betweenness": 0.0, "weight": 0.1 }, "geometry": { "type": "LineString", "coordinates": [ [ -75.39263, 6.485603 ], [ -75.615479, 6.149903 ] ] } },
{ "type": "Feature", "properties": { "source": "SAN PEDRO DE LOS MILAGROS", "target": "SOPETRÁN", "distance": 0.5, "betweenness": 0.00015525539512498059, "weight": 0.10015525539512499 }, "geometry": { "type": "LineString", "coordinates": [ [ -75.556743, 6.46012 ], [ -75.747378, 6.500745 ] ] } },
{ "type": "Feature", "properties": { "source": "SAN PEDRO DE LOS MILAGROS", "target": "GUARNE", "distance": 0.5, "betweenness": 0.00050458003415618691, "weight": 0.10050458003415619 }, "geometry": { "type": "LineString", "coordinates": [ [ -75.556743, 6.46012 ], [ -75.441612, 6.27787 ] ] } },
{ "type": "Feature", "properties": { "source": "SAN PEDRO DE LOS MILAGROS", "target": "ENVIGADO", "distance": 0.5, "betweenness": 0.00033638668943745801, "weight": 0.10033638668943747 }, "geometry": { "type": "LineString", "coordinates": [ [ -75.556743, 6.46012 ], [ -75.582192, 6.166695 ] ] } },
{ "type": "Feature", "properties": { "source": "SAN PEDRO DE LOS MILAGROS", "target": "CONCEPCIÓN", "distance": 0.5, "betweenness": 0.0002328830926874709, "weight": 0.10023288309268748 }, "geometry": { "type": "LineString", "coordinates": [ [ -75.556743, 6.46012 ], [ -75.257587, 6.394348 ] ] } },
{ "type": "Feature", "properties": { "source": "SAN PEDRO DE LOS MILAGROS", "target": "SAN VICENTE FERRER", "distance": 0.5, "betweenness": 0.00047870413496869018, "weight": 0.10047870413496869 }, "geometry": { "type": "LineString", "coordinates": [ [ -75.556743, 6.46012 ], [ -75.332616, 6.282164 ] ] } },
{ "type": "Feature", "properties": { "source": "SAN PEDRO DE LOS MILAGROS", "target": "SANTA FÉ DE ANTIOQUIA", "distance": 0.5, "betweenness": 0.0012256550915144301, "weight": 0.10122565509151443 }, "geometry": { "type": "LineString", "coordinates": [ [ -75.556743, 6.46012 ], [ -75.826648, 6.556484 ] ] } },
{ "type": "Feature", "properties": { "source": "SAN PEDRO DE LOS MILAGROS", "target": "EBÉJICO", "distance": 0.5, "betweenness": 0.00050843061439242152, "weight": 0.10050843061439242 }, "geometry": { "type": "LineString", "coordinates": [ [ -75.556743, 6.46012 ], [ -75.766413, 6.325615 ] ] } },
{ "type": "Feature", "properties": { "source": "SAN PEDRO DE LOS MILAGROS", "target": "HELICONIA", "distance": 0.5, "betweenness": 0.0008344977487967707, "weight": 0.10083449774879677 }, "geometry": { "type": "LineString", "coordinates": [ [ -75.556743, 6.46012 ], [ -75.734322, 6.206757 ] ] } },
{ "type": "Feature", "properties": { "source": "SAN PEDRO DE LOS MILAGROS", "target": "BELLO", "distance": 0.5, "betweenness": 0.00064643541005907101, "weight": 0.10064643541005908 }, "geometry": { "type": "LineString", "coordinates": [ [ -75.556743, 6.46012 ], [ -75.555245, 6.333587 ] ] } },
{ "type": "Feature", "properties": { "source": "SAN PEDRO DE LOS MILAGROS", "target": "RIONEGRO", "distance": 0.5, "betweenness": 0.00030404181545308696, "weight": 0.10030404181545309 }, "geometry": { "type": "LineString", "coordinates": [ [ -75.556743, 6.46012 ], [ -75.377316, 6.147148 ] ] } },
{ "type": "Feature", "properties": { "source": "SAN PEDRO DE LOS MILAGROS", "target": "MEDELLÍN", "distance": 0.5, "betweenness": 0.00075040107643740614, "weight": 0.10075040107643742 }, "geometry": { "type": "LineString", "coordinates": [ [ -75.556743, 6.46012 ], [ -75.581775, 6.246631 ] ] } },
{ "type": "Feature", "properties": { "source": "SAN PEDRO DE LOS MILAGROS", "target": "ANZÁ", "distance": 0.33333333333333331, "betweenness": 0.0057353930549086576, "weight": 0.10573539305490866 }, "geometry": { "type": "LineString", "coordinates": [ [ -75.556743, 6.46012 ], [ -75.854442, 6.302641 ] ] } },
{ "type": "Feature", "properties": { "source": "SAN PEDRO DE LOS MILAGROS", "target": "ANGELÓPOLIS", "distance": 0.5, "betweenness": 0.00067794855871241536, "weight": 0.10067794855871243 }, "geometry": { "type": "LineString", "coordinates": [ [ -75.556743, 6.46012 ], [ -75.711389, 6.109719 ] ] } },
{ "type": "Feature", "properties": { "source": "SAN PEDRO DE LOS MILAGROS", "target": "GIRARDOTA", "distance": 0.5, "betweenness": 0.00043989028618744502, "weight": 0.10043989028618745 }, "geometry": { "type": "LineString", "coordinates": [ [ -75.556743, 6.46012 ], [ -75.444238, 6.379472 ] ] } },
{ "type": "Feature", "properties": { "source": "SAN PEDRO DE LOS MILAGROS", "target": "CAICEDO", "distance": 0.5, "betweenness": 0.00063395953009367069, "weight": 0.10063395953009367 }, "geometry": { "type": "LineString", "coordinates": [ [ -75.556743, 6.46012 ], [ -75.98293, 6.405607 ] ] } },
{ "type": "Feature", "properties": { "source": "SAN PEDRO DE LOS MILAGROS", "target": "SAN JERÓNIMO", "distance": 0.5, "betweenness": 0.0002846348910624644, "weight": 0.10028463489106247 }, "geometry": { "type": "LineString", "coordinates": [ [ -75.556743, 6.46012 ], [ -75.726975, 6.44809 ] ] } },
{ "type": "Feature", "properties": { "source": "SAN PEDRO DE LOS MILAGROS", "target": "RETIRO", "distance": 0.33333333333333331, "betweenness": 0.011347783174751037, "weight": 0.11134778317475104 }, "geometry": { "type": "LineString", "coordinates": [ [ -75.556743, 6.46012 ], [ -75.501301, 6.062454 ] ] } },
{ "type": "Feature", "properties": { "source": "SAN PEDRO DE LOS MILAGROS", "target": "OLAYA", "distance": 0.33333333333333331, "betweenness": 0.0039346152993102231, "weight": 0.10393461529931022 }, "geometry": { "type": "LineString", "coordinates": [ [ -75.556743, 6.46012 ], [ -75.811773, 6.626492 ] ] } },
{ "type": "Feature", "properties": { "source": "SAN PEDRO DE LOS MILAGROS", "target": "BARBOSA", "distance": 0.5, "betweenness": 0.00032160046133031689, "weight": 0.10032160046133032 }, "geometry": { "type": "LineString", "coordinates": [ [ -75.556743, 6.46012 ], [ -75.331627, 6.439195 ] ] } },
{ "type": "Feature", "properties": { "source": "SAN PEDRO DE LOS MILAGROS", "target": "COPACABANA", "distance": 0.5, "betweenness": 0.00093325743069571656, "weight": 0.10093325743069573 }, "geometry": { "type": "LineString", "coordinates": [ [ -75.556743, 6.46012 ], [ -75.509384, 6.348557 ] ] } },
{ "type": "Feature", "properties": { "source": "SAN PEDRO DE LOS MILAGROS", "target": "LA ESTRELLA", "distance": 0.5, "betweenness": 0.0010313394104730852, "weight": 0.1010313394104731 }, "geometry": { "type": "LineString", "coordinates": [ [ -75.556743, 6.46012 ], [ -75.637708, 6.145238 ] ] } },
{ "type": "Feature", "properties": { "source": "SAN PEDRO DE LOS MILAGROS", "target": "SABANETA", "distance": 0.33333333333333331, "betweenness": 0.0042451260895601832, "weight": 0.10424512608956019 }, "geometry": { "type": "LineString", "coordinates": [ [ -75.556743, 6.46012 ], [ -75.615479, 6.149903 ] ] } },
{ "type": "Feature", "properties": { "source": "SAN PEDRO DE LOS MILAGROS", "target": "ARMENIA", "distance": 0.5, "betweenness": 0.0021623626421018133, "weight": 0.10216236264210182 }, "geometry": { "type": "LineString", "coordinates": [ [ -75.556743, 6.46012 ], [ -75.786647, 6.155667 ] ] } },
{ "type": "Feature", "properties": { "source": "SAN PEDRO DE LOS MILAGROS", "target": "ITAGÜÍ", "distance": 0.5, "betweenness": 0.00095740826993738026, "weight": 0.10095740826993739 }, "geometry": { "type": "LineString", "coordinates": [ [ -75.556743, 6.46012 ], [ -75.612056, 6.175079 ] ] } },
{ "type": "Feature", "properties": { "source": "SAN PEDRO DE LOS MILAGROS", "target": "CALDAS", "distance": 0.5, "betweenness": 0.0014749262536873154, "weight": 0.10147492625368731 }, "geometry": { "type": "LineString", "coordinates": [ [ -75.556743, 6.46012 ], [ -75.633673, 6.091077 ] ] } },
{ "type": "Feature", "properties": { "source": "SAN PEDRO DE LOS MILAGROS", "target": "MARINILLA", "distance": 0.33333333333333331, "betweenness": 0.0033841055440962291, "weight": 0.10338410554409623 }, "geometry": { "type": "LineString", "coordinates": [ [ -75.556743, 6.46012 ], [ -75.339345, 6.173995 ] ] } },
{ "type": "Feature", "properties": { "source": "SAN PEDRO DE LOS MILAGROS", "target": "SANTO DOMINGO", "distance": 0.5, "betweenness": 0.00049422967448118813, "weight": 0.1004942296744812 }, "geometry": { "type": "LineString", "coordinates": [ [ -75.556743, 6.46012 ], [ -75.164903, 6.473032 ] ] } },
{ "type": "Feature", "properties": { "source": "SAN PEDRO DE LOS MILAGROS", "target": "PEÑOL", "distance": 0.33333333333333331, "betweenness": 0.0026925721383103782, "weight": 0.10269257213831039 }, "geometry": { "type": "LineString", "coordinates": [ [ -75.556743, 6.46012 ], [ -75.242693, 6.219349 ] ] } },
{ "type": "Feature", "properties": { "source": "SAN PEDRO DE LOS MILAGROS", "target": "EL CARMEN DE VIBORAL", "distance": 0.33333333333333331, "betweenness": 0.015254859124211709, "weight": 0.11525485912421171 }, "geometry": { "type": "LineString", "coordinates": [ [ -75.556743, 6.46012 ], [ -75.333901, 6.082885 ] ] } },
{ "type": "Feature", "properties": { "source": "SAN PEDRO DE LOS MILAGROS", "target": "AMAGÁ", "distance": 1.0, "betweenness": 0.0, "weight": 0.1 }, "geometry": { "type": "LineString", "coordinates": [ [ -75.556743, 6.46012 ], [ -75.702188, 6.038708 ] ] } },
{ "type": "Feature", "properties": { "source": "SAN PEDRO DE LOS MILAGROS", "target": "BETULIA", "distance": 0.33333333333333331, "betweenness": 0.010130691773681992, "weight": 0.110130691773682 }, "geometry": { "type": "LineString", "coordinates": [ [ -75.556743, 6.46012 ], [ -75.984452, 6.115208 ] ] } },
{ "type": "Feature", "properties": { "source": "SAN PEDRO DE LOS MILAGROS", "target": "ALEJANDRÍA", "distance": 1.0, "betweenness": 0.0, "weight": 0.1 }, "geometry": { "type": "LineString", "coordinates": [ [ -75.556743, 6.46012 ], [ -75.141346, 6.376061 ] ] } },
{ "type": "Feature", "properties": { "source": "SAN PEDRO DE LOS MILAGROS", "target": "LA CEJA", "distance": 1.0, "betweenness": 0.0, "weight": 0.1 }, "geometry": { "type": "LineString", "coordinates": [ [ -75.556743, 6.46012 ], [ -75.429433, 6.028062 ] ] } },
{ "type": "Feature", "properties": { "source": "SAN PEDRO DE LOS MILAGROS", "target": "EL SANTUARIO", "distance": 1.0, "betweenness": 0.0, "weight": 0.1 }, "geometry": { "type": "LineString", "coordinates": [ [ -75.556743, 6.46012 ], [ -75.265465, 6.136871 ] ] } },
{ "type": "Feature", "properties": { "source": "SAN PEDRO DE LOS MILAGROS", "target": "GUATAPÉ", "distance": 0.5, "betweenness": 0.00093411996066863304, "weight": 0.10093411996066864 }, "geometry": { "type": "LineString", "coordinates": [ [ -75.556743, 6.46012 ], [ -75.160041, 6.232461 ] ] } },
{ "type": "Feature", "properties": { "source": "SAN PEDRO DE LOS MILAGROS", "target": "TITIRIBÍ", "distance": 1.0, "betweenness": 0.0, "weight": 0.1 }, "geometry": { "type": "LineString", "coordinates": [ [ -75.556743, 6.46012 ], [ -75.791887, 6.062391 ] ] } },
{ "type": "Feature", "properties": { "source": "SANTO DOMINGO", "target": "PEÑOL", "distance": 0.5, "betweenness": 0.00052953179408698743, "weight": 0.100529531794087 }, "geometry": { "type": "LineString", "coordinates": [ [ -75.164903, 6.473032 ], [ -75.242693, 6.219349 ] ] } },
{ "type": "Feature", "properties": { "source": "SANTO DOMINGO", "target": "SAN CARLOS", "distance": 0.33333333333333331, "betweenness": 0.0033262141436337985, "weight": 0.1033262141436338 }, "geometry": { "type": "LineString", "coordinates": [ [ -75.164903, 6.473032 ], [ -74.988097, 6.187746 ] ] } },
{ "type": "Feature", "properties": { "source": "SANTO DOMINGO", "target": "SAN VICENTE FERRER", "distance": 0.5, "betweenness": 0.00054339388293743202, "weight": 0.10054339388293744 }, "geometry": { "type": "LineString", "coordinates": [ [ -75.164903, 6.473032 ], [ -75.332616, 6.282164 ] ] } },
{ "type": "Feature", "properties": { "source": "SANTO DOMINGO", "target": "MARINILLA", "distance": 0.5, "betweenness": 0.00032344873984370951, "weight": 0.10032344873984371 }, "geometry": { "type": "LineString", "coordinates": [ [ -75.164903, 6.473032 ], [ -75.339345, 6.173995 ] ] } },
{ "type": "Feature", "properties": { "source": "SANTO DOMINGO", "target": "SAN ROQUE", "distance": 0.5, "betweenness": 0.00020042060097952042, "weight": 0.10020042060097953 }, "geometry": { "type": "LineString", "coordinates": [ [ -75.164903, 6.473032 ], [ -75.019109, 6.485939 ] ] } },
{ "type": "Feature", "properties": { "source": "SANTO DOMINGO", "target": "BARBOSA", "distance": 0.33333333333333331, "betweenness": 0.0011540651037623558, "weight": 0.10115406510376236 }, "geometry": { "type": "LineString", "coordinates": [ [ -75.164903, 6.473032 ], [ -75.331627, 6.439195 ] ] } },
{ "type": "Feature", "properties": { "source": "SANTO DOMINGO", "target": "ALEJANDRÍA", "distance": 0.5, "betweenness": 0.0002328830926874709, "weight": 0.10023288309268748 }, "geometry": { "type": "LineString", "coordinates": [ [ -75.164903, 6.473032 ], [ -75.141346, 6.376061 ] ] } },
{ "type": "Feature", "properties": { "source": "SANTO DOMINGO", "target": "GIRARDOTA", "distance": 0.5, "betweenness": 0.00028981007089996379, "weight": 0.10028981007089997 }, "geometry": { "type": "LineString", "coordinates": [ [ -75.164903, 6.473032 ], [ -75.444238, 6.379472 ] ] } },
{ "type": "Feature", "properties": { "source": "SANTO DOMINGO", "target": "GUARNE", "distance": 0.33333333333333331, "betweenness": 0.0079878900791802501, "weight": 0.10798789007918025 }, "geometry": { "type": "LineString", "coordinates": [ [ -75.164903, 6.473032 ], [ -75.441612, 6.27787 ] ] } },
{ "type": "Feature", "properties": { "source": "SANTO DOMINGO", "target": "SAN RAFAEL", "distance": 0.5, "betweenness": 0.00039201987269057596, "weight": 0.10039201987269059 }, "geometry": { "type": "LineString", "coordinates": [ [ -75.164903, 6.473032 ], [ -75.02849, 6.293759 ] ] } },
{ "type": "Feature", "properties": { "source": "SANTO DOMINGO", "target": "GRANADA", "distance": 0.5, "betweenness": 0.00044106646342324032, "weight": 0.10044106646342324 }, "geometry": { "type": "LineString", "coordinates": [ [ -75.164903, 6.473032 ], [ -75.184446, 6.142892 ] ] } },
{ "type": "Feature", "properties": { "source": "SANTO DOMINGO", "target": "GUATAPÉ", "distance": 0.5, "betweenness": 0.00017466231951560317, "weight": 0.10017466231951561 }, "geometry": { "type": "LineString", "coordinates": [ [ -75.164903, 6.473032 ], [ -75.160041, 6.232461 ] ] } },
{ "type": "Feature", "properties": { "source": "SANTO DOMINGO", "target": "EL SANTUARIO", "distance": 0.5, "betweenness": 0.00053304352326243335, "weight": 0.10053304352326244 }, "geometry": { "type": "LineString", "coordinates": [ [ -75.164903, 6.473032 ], [ -75.265465, 6.136871 ] ] } },
{ "type": "Feature", "properties": { "source": "SANTO DOMINGO", "target": "MACEO", "distance": 0.5, "betweenness": 0.0019387209419813049, "weight": 0.10193872094198131 }, "geometry": { "type": "LineString", "coordinates": [ [ -75.164903, 6.473032 ], [ -74.78716, 6.552116 ] ] } },
{ "type": "Feature", "properties": { "source": "SANTO DOMINGO", "target": "CONCEPCIÓN", "distance": 0.5, "betweenness": 0.00015525539512498059, "weight": 0.10015525539512499 }, "geometry": { "type": "LineString", "coordinates": [ [ -75.164903, 6.473032 ], [ -75.257587, 6.394348 ] ] } },
{ "type": "Feature", "properties": { "source": "SANTO DOMINGO", "target": "CISNEROS", "distance": 0.5, "betweenness": 0.00019406924390622573, "weight": 0.10019406924390623 }, "geometry": { "type": "LineString", "coordinates": [ [ -75.164903, 6.473032 ], [ -75.087047, 6.537829 ] ] } },
{ "type": "Feature", "properties": { "source": "SANTO DOMINGO", "target": "YALÍ", "distance": 0.5, "betweenness": 0.0017720678293570698, "weight": 0.10177206782935708 }, "geometry": { "type": "LineString", "coordinates": [ [ -75.164903, 6.473032 ], [ -74.840059, 6.676554 ] ] } },
{ "type": "Feature", "properties": { "source": "SANTO DOMINGO", "target": "RIONEGRO", "distance": 0.5, "betweenness": 0.00038813848781245146, "weight": 0.10038813848781246 }, "geometry": { "type": "LineString", "coordinates": [ [ -75.164903, 6.473032 ], [ -75.377316, 6.147148 ] ] } },
{ "type": "Feature", "properties": { "source": "SANTO DOMINGO", "target": "COPACABANA", "distance": 0.5, "betweenness": 0.00050458003415618691, "weight": 0.10050458003415619 }, "geometry": { "type": "LineString", "coordinates": [ [ -75.164903, 6.473032 ], [ -75.509384, 6.348557 ] ] } },
{ "type": "Feature", "properties": { "source": "SANTO DOMINGO", "target": "COCORNÁ", "distance": 0.5, "betweenness": 0.00081873137299313362, "weight": 0.10081873137299315 }, "geometry": { "type": "LineString", "coordinates": [ [ -75.164903, 6.473032 ], [ -75.185483, 6.058295 ] ] } },
{ "type": "Feature", "properties": { "source": "SANTO DOMINGO", "target": "PUERTO BERRÍO", "distance": 1.0, "betweenness": 3.1051079024996119e-05, "weight": 0.100031051079025 }, "geometry": { "type": "LineString", "coordinates": [ [ -75.164903, 6.473032 ], [ -74.410016, 6.487028 ] ] } },
{ "type": "Feature", "properties": { "source": "SANTO DOMINGO", "target": "EL CARMEN DE VIBORAL", "distance": 0.5, "betweenness": 0.0012301581700743323, "weight": 0.10123015817007434 }, "geometry": { "type": "LineString", "coordinates": [ [ -75.164903, 6.473032 ], [ -75.333901, 6.082885 ] ] } },
{ "type": "Feature", "properties": { "source": "SANTO DOMINGO", "target": "SAN LUIS", "distance": 0.5, "betweenness": 0.0010155114253856685, "weight": 0.10101551142538567 }, "geometry": { "type": "LineString", "coordinates": [ [ -75.164903, 6.473032 ], [ -74.993619, 6.043017 ] ] } },
{ "type": "Feature", "properties": { "source": "SANTO DOMINGO", "target": "CARACOLÍ", "distance": 0.5, "betweenness": 0.0043384641544865115, "weight": 0.10433846415448651 }, "geometry": { "type": "LineString", "coordinates": [ [ -75.164903, 6.473032 ], [ -74.757421, 6.409829 ] ] } },
{ "type": "Feature", "properties": { "source": "SANTO DOMINGO", "target": "BELLO", "distance": 0.5, "betweenness": 0.0015085649226310614, "weight": 0.10150856492263106 }, "geometry": { "type": "LineString", "coordinates": [ [ -75.164903, 6.473032 ], [ -75.555245, 6.333587 ] ] } },
{ "type": "Feature", "properties": { "source": "SANTO DOMINGO", "target": "MEDELLÍN", "distance": 0.5, "betweenness": 0.0011307767944936087, "weight": 0.10113077679449362 }, "geometry": { "type": "LineString", "coordinates": [ [ -75.164903, 6.473032 ], [ -75.581775, 6.246631 ] ] } },
{ "type": "Feature", "properties": { "source": "BELLO", "target": "AMAGÁ", "distance": 0.5, "betweenness": 0.0002328830926874709, "weight": 0.10023288309268748 }, "geometry": { "type": "LineString", "coordinates": [ [ -75.555245, 6.333587 ], [ -75.702188, 6.038708 ] ] } },
{ "type": "Feature", "properties": { "source": "BELLO", "target": "CAICEDO", "distance": 0.5, "betweenness": 0.0001863064741499767, "weight": 0.10018630647414999 }, "geometry": { "type": "LineString", "coordinates": [ [ -75.555245, 6.333587 ], [ -75.98293, 6.405607 ] ] } },
{ "type": "Feature", "properties": { "source": "BELLO", "target": "BETULIA", "distance": 0.5, "betweenness": 0.00038037571805620246, "weight": 0.10038037571805621 }, "geometry": { "type": "LineString", "coordinates": [ [ -75.555245, 6.333587 ], [ -75.984452, 6.115208 ] ] } },
{ "type": "Feature", "properties": { "source": "BELLO", "target": "ANZÁ", "distance": 0.5, "betweenness": 0.00065207265952491847, "weight": 0.10065207265952493 }, "geometry": { "type": "LineString", "coordinates": [ [ -75.555245, 6.333587 ], [ -75.854442, 6.302641 ] ] } },
{ "type": "Feature", "properties": { "source": "BELLO", "target": "RIONEGRO", "distance": 0.5, "betweenness": 0.00031051079024996118, "weight": 0.10031051079024997 }, "geometry": { "type": "LineString", "coordinates": [ [ -75.555245, 6.333587 ], [ -75.377316, 6.147148 ] ] } },
{ "type": "Feature", "properties": { "source": "BELLO", "target": "RETIRO", "distance": 0.5, "betweenness": 0.00031827356000621018, "weight": 0.10031827356000622 }, "geometry": { "type": "LineString", "coordinates": [ [ -75.555245, 6.333587 ], [ -75.501301, 6.062454 ] ] } },
{ "type": "Feature", "properties": { "source": "BELLO", "target": "ANGELÓPOLIS", "distance": 0.5, "betweenness": 0.0001863064741499767, "weight": 0.10018630647414999 }, "geometry": { "type": "LineString", "coordinates": [ [ -75.555245, 6.333587 ], [ -75.711389, 6.109719 ] ] } },
{ "type": "Feature", "properties": { "source": "BELLO", "target": "MEDELLÍN", "distance": 0.5, "betweenness": 0.00020700719349997412, "weight": 0.10020700719349998 }, "geometry": { "type": "LineString", "coordinates": [ [ -75.555245, 6.333587 ], [ -75.581775, 6.246631 ] ] } },
{ "type": "Feature", "properties": { "source": "BELLO", "target": "SAN VICENTE FERRER", "distance": 0.5, "betweenness": 0.0004657661853749418, "weight": 0.10046576618537495 }, "geometry": { "type": "LineString", "coordinates": [ [ -75.555245, 6.333587 ], [ -75.332616, 6.282164 ] ] } },
{ "type": "Feature", "properties": { "source": "BELLO", "target": "SAN JERÓNIMO", "distance": 0.5, "betweenness": 0.00015525539512498059, "weight": 0.10015525539512499 }, "geometry": { "type": "LineString", "coordinates": [ [ -75.555245, 6.333587 ], [ -75.726975, 6.44809 ] ] } },
{ "type": "Feature", "properties": { "source": "BELLO", "target": "URRAO", "distance": 0.33333333333333331, "betweenness": 0.0080196804696106034, "weight": 0.10801968046961061 }, "geometry": { "type": "LineString", "coordinates": [ [ -75.555245, 6.333587 ], [ -76.133951, 6.317343 ] ] } },
{ "type": "Feature", "properties": { "source": "BELLO", "target": "GUARNE", "distance": 0.5, "betweenness": 0.00034932463903120635, "weight": 0.10034932463903121 }, "geometry": { "type": "LineString", "coordinates": [ [ -75.555245, 6.333587 ], [ -75.441612, 6.27787 ] ] } },
{ "type": "Feature", "properties": { "source": "BELLO", "target": "ENVIGADO", "distance": 0.5, "betweenness": 0.00021735755317497281, "weight": 0.10021735755317498 }, "geometry": { "type": "LineString", "coordinates": [ [ -75.555245, 6.333587 ], [ -75.582192, 6.166695 ] ] } },
{ "type": "Feature", "properties": { "source": "BELLO", "target": "BARBOSA", "distance": 0.5, "betweenness": 0.00075520660057222684, "weight": 0.10075520660057223 }, "geometry": { "type": "LineString", "coordinates": [ [ -75.555245, 6.333587 ], [ -75.331627, 6.439195 ] ] } },
{ "type": "Feature", "properties": { "source": "BELLO", "target": "GIRARDOTA", "distance": 0.5, "betweenness": 0.00034932463903120635, "weight": 0.10034932463903121 }, "geometry": { "type": "LineString", "coordinates": [ [ -75.555245, 6.333587 ], [ -75.444238, 6.379472 ] ] } },
{ "type": "Feature", "properties": { "source": "BELLO", "target": "SANTA FÉ DE ANTIOQUIA", "distance": 0.5, "betweenness": 0.00077678434619720663, "weight": 0.10077678434619722 }, "geometry": { "type": "LineString", "coordinates": [ [ -75.555245, 6.333587 ], [ -75.826648, 6.556484 ] ] } },
{ "type": "Feature", "properties": { "source": "BELLO", "target": "SOPETRÁN", "distance": 0.5, "betweenness": 0.00024582104228121923, "weight": 0.10024582104228122 }, "geometry": { "type": "LineString", "coordinates": [ [ -75.555245, 6.333587 ], [ -75.747378, 6.500745 ] ] } },
{ "type": "Feature", "properties": { "source": "BELLO", "target": "ARMENIA", "distance": 0.5, "betweenness": 0.00020700719349997412, "weight": 0.10020700719349998 }, "geometry": { "type": "LineString", "coordinates": [ [ -75.555245, 6.333587 ], [ -75.786647, 6.155667 ] ] } },
{ "type": "Feature", "properties": { "source": "BELLO", "target": "LA ESTRELLA", "distance": 0.5, "betweenness": 0.00020700719349997412, "weight": 0.10020700719349998 }, "geometry": { "type": "LineString", "coordinates": [ [ -75.555245, 6.333587 ], [ -75.637708, 6.145238 ] ] } },
{ "type": "Feature", "properties": { "source": "BELLO", "target": "EBÉJICO", "distance": 0.5, "betweenness": 0.00015525539512498059, "weight": 0.10015525539512499 }, "geometry": { "type": "LineString", "coordinates": [ [ -75.555245, 6.333587 ], [ -75.766413, 6.325615 ] ] } },
{ "type": "Feature", "properties": { "source": "BELLO", "target": "CALDAS", "distance": 0.5, "betweenness": 0.00020700719349997412, "weight": 0.10020700719349998 }, "geometry": { "type": "LineString", "coordinates": [ [ -75.555245, 6.333587 ], [ -75.633673, 6.091077 ] ] } },
{ "type": "Feature", "properties": { "source": "BELLO", "target": "TITIRIBÍ", "distance": 0.5, "betweenness": 0.00016560575479997928, "weight": 0.10016560575479999 }, "geometry": { "type": "LineString", "coordinates": [ [ -75.555245, 6.333587 ], [ -75.791887, 6.062391 ] ] } },
{ "type": "Feature", "properties": { "source": "BELLO", "target": "OLAYA", "distance": 0.5, "betweenness": 0.00057851117469189201, "weight": 0.1005785111746919 }, "geometry": { "type": "LineString", "coordinates": [ [ -75.555245, 6.333587 ], [ -75.811773, 6.626492 ] ] } },
{ "type": "Feature", "properties": { "source": "BELLO", "target": "COPACABANA", "distance": 0.33333333333333331, "betweenness": 0.0018915282306060132, "weight": 0.10189152823060602 }, "geometry": { "type": "LineString", "coordinates": [ [ -75.555245, 6.333587 ], [ -75.509384, 6.348557 ] ] } },
{ "type": "Feature", "properties": { "source": "BELLO", "target": "HELICONIA", "distance": 0.5, "betweenness": 0.00020700719349997412, "weight": 0.10020700719349998 }, "geometry": { "type": "LineString", "coordinates": [ [ -75.555245, 6.333587 ], [ -75.734322, 6.206757 ] ] } },
{ "type": "Feature", "properties": { "source": "BELLO", "target": "CONCORDIA", "distance": 0.33333333333333331, "betweenness": 0.0025391650216987898, "weight": 0.1025391650216988 }, "geometry": { "type": "LineString", "coordinates": [ [ -75.555245, 6.333587 ], [ -75.908448, 6.045738 ] ] } },
{ "type": "Feature", "properties": { "source": "BELLO", "target": "MARINILLA", "distance": 0.5, "betweenness": 0.00037520053821870307, "weight": 0.1003752005382187 }, "geometry": { "type": "LineString", "coordinates": [ [ -75.555245, 6.333587 ], [ -75.339345, 6.173995 ] ] } },
{ "type": "Feature", "properties": { "source": "BELLO", "target": "CONCEPCIÓN", "distance": 0.5, "betweenness": 0.00098328416912487693, "weight": 0.10098328416912489 }, "geometry": { "type": "LineString", "coordinates": [ [ -75.555245, 6.333587 ], [ -75.257587, 6.394348 ] ] } },
{ "type": "Feature", "properties": { "source": "BELLO", "target": "SABANETA", "distance": 0.5, "betweenness": 0.00024582104228121923, "weight": 0.10024582104228122 }, "geometry": { "type": "LineString", "coordinates": [ [ -75.555245, 6.333587 ], [ -75.615479, 6.149903 ] ] } },
{ "type": "Feature", "properties": { "source": "BELLO", "target": "PEÑOL", "distance": 0.5, "betweenness": 0.00034156186927495724, "weight": 0.10034156186927497 }, "geometry": { "type": "LineString", "coordinates": [ [ -75.555245, 6.333587 ], [ -75.242693, 6.219349 ] ] } },
{ "type": "Feature", "properties": { "source": "BELLO", "target": "EL CARMEN DE VIBORAL", "distance": 0.5, "betweenness": 0.00072970035708740881, "weight": 0.10072970035708742 }, "geometry": { "type": "LineString", "coordinates": [ [ -75.555245, 6.333587 ], [ -75.333901, 6.082885 ] ] } },
{ "type": "Feature", "properties": { "source": "BELLO", "target": "LA CEJA", "distance": 0.25, "betweenness": 0.012681778191792163, "weight": 0.11268177819179218 }, "geometry": { "type": "LineString", "coordinates": [ [ -75.555245, 6.333587 ], [ -75.429433, 6.028062 ] ] } },
{ "type": "Feature", "properties": { "source": "BELLO", "target": "ITAGÜÍ", "distance": 0.5, "betweenness": 0.0004010764374061998, "weight": 0.1004010764374062 }, "geometry": { "type": "LineString", "coordinates": [ [ -75.555245, 6.333587 ], [ -75.612056, 6.175079 ] ] } },
{ "type": "Feature", "properties": { "source": "BELLO", "target": "SANTA BÁRBARA", "distance": 0.5, "betweenness": 0.00082026600424364748, "weight": 0.10082026600424365 }, "geometry": { "type": "LineString", "coordinates": [ [ -75.555245, 6.333587 ], [ -75.567351, 5.875527 ] ] } },
{ "type": "Feature", "properties": { "source": "BELLO", "target": "FREDONIA", "distance": 0.33333333333333331, "betweenness": 0.0052988749709892763, "weight": 0.10529887497098928 }, "geometry": { "type": "LineString", "coordinates": [ [ -75.555245, 6.333587 ], [ -75.675072, 5.928039 ] ] } },
{ "type": "Feature", "properties": { "source": "BELLO", "target": "EL SANTUARIO", "distance": 0.5, "betweenness": 0.0013818402267400868, "weight": 0.10138184022674009 }, "geometry": { "type": "LineString", "coordinates": [ [ -75.555245, 6.333587 ], [ -75.265465, 6.136871 ] ] } },
{ "type": "Feature", "properties": { "source": "BELLO", "target": "LA UNIÓN", "distance": 0.5, "betweenness": 0.00042695233659369663, "weight": 0.1004269523365937 }, "geometry": { "type": "LineString", "coordinates": [ [ -75.555245, 6.333587 ], [ -75.360874, 5.973845 ] ] } },
{ "type": "Feature", "properties": { "source": "BELLO", "target": "MONTEBELLO", "distance": 1.0, "betweenness": 0.0, "weight": 0.1 }, "geometry": { "type": "LineString", "coordinates": [ [ -75.555245, 6.333587 ], [ -75.523455, 5.946313 ] ] } },
{ "type": "Feature", "properties": { "source": "BELLO", "target": "GUATAPÉ", "distance": 1.0, "betweenness": 0.0, "weight": 0.1 }, "geometry": { "type": "LineString", "coordinates": [ [ -75.555245, 6.333587 ], [ -75.160041, 6.232461 ] ] } },
{ "type": "Feature", "properties": { "source": "BELLO", "target": "COCORNÁ", "distance": 1.0, "betweenness": 0.0, "weight": 0.1 }, "geometry": { "type": "LineString", "coordinates": [ [ -75.555245, 6.333587 ], [ -75.185483, 6.058295 ] ] } },
{ "type": "Feature", "properties": { "source": "SOPETRÁN", "target": "SANTA FÉ DE ANTIOQUIA", "distance": 0.5, "betweenness": 0.00047870413496869013, "weight": 0.10047870413496869 }, "geometry": { "type": "LineString", "coordinates": [ [ -75.747378, 6.500745 ], [ -75.826648, 6.556484 ] ] } },
{ "type": "Feature", "properties": { "source": "SOPETRÁN", "target": "MEDELLÍN", "distance": 0.5, "betweenness": 0.00019406924390622573, "weight": 0.10019406924390623 }, "geometry": { "type": "LineString", "coordinates": [ [ -75.747378, 6.500745 ], [ -75.581775, 6.246631 ] ] } },
{ "type": "Feature", "properties": { "source": "SOPETRÁN", "target": "SAN JERÓNIMO", "distance": 0.5, "betweenness": 7.7627697562490295e-05, "weight": 0.1000776276975625 }, "geometry": { "type": "LineString", "coordinates": [ [ -75.747378, 6.500745 ], [ -75.726975, 6.44809 ] ] } },
{ "type": "Feature", "properties": { "source": "SOPETRÁN", "target": "ANZÁ", "distance": 0.5, "betweenness": 0.0002328830926874709, "weight": 0.10023288309268748 }, "geometry": { "type": "LineString", "coordinates": [ [ -75.747378, 6.500745 ], [ -75.854442, 6.302641 ] ] } },
{ "type": "Feature", "properties": { "source": "SOPETRÁN", "target": "HELICONIA", "distance": 0.5, "betweenness": 0.0002328830926874709, "weight": 0.10023288309268748 }, "geometry": { "type": "LineString", "coordinates": [ [ -75.747378, 6.500745 ], [ -75.734322, 6.206757 ] ] } },
{ "type": "Feature", "properties": { "source": "SOPETRÁN", "target": "EBÉJICO", "distance": 0.5, "betweenness": 0.00020700719349997412, "weight": 0.10020700719349998 }, "geometry": { "type": "LineString", "coordinates": [ [ -75.747378, 6.500745 ], [ -75.766413, 6.325615 ] ] } },
{ "type": "Feature", "properties": { "source": "SOPETRÁN", "target": "BARBOSA", "distance": 0.5, "betweenness": 0.00026984866295532345, "weight": 0.10026984866295532 }, "geometry": { "type": "LineString", "coordinates": [ [ -75.747378, 6.500745 ], [ -75.331627, 6.439195 ] ] } },
{ "type": "Feature", "properties": { "source": "SOPETRÁN", "target": "COPACABANA", "distance": 0.5, "betweenness": 0.00032776138970829236, "weight": 0.10032776138970829 }, "geometry": { "type": "LineString", "coordinates": [ [ -75.747378, 6.500745 ], [ -75.509384, 6.348557 ] ] } },
{ "type": "Feature", "properties": { "source": "SOPETRÁN", "target": "SAN VICENTE FERRER", "distance": 0.25, "betweenness": 0.016127637564526245, "weight": 0.11612763756452625 }, "geometry": { "type": "LineString", "coordinates": [ [ -75.747378, 6.500745 ], [ -75.332616, 6.282164 ] ] } },
{ "type": "Feature", "properties": { "source": "SOPETRÁN", "target": "CAICEDO", "distance": 0.5, "betweenness": 0.00047870413496869013, "weight": 0.10047870413496869 }, "geometry": { "type": "LineString", "coordinates": [ [ -75.747378, 6.500745 ], [ -75.98293, 6.405607 ] ] } },
{ "type": "Feature", "properties": { "source": "SOPETRÁN", "target": "GUARNE", "distance": 0.5, "betweenness": 0.00042695233659369663, "weight": 0.1004269523365937 }, "geometry": { "type": "LineString", "coordinates": [ [ -75.747378, 6.500745 ], [ -75.441612, 6.27787 ] ] } },
{ "type": "Feature", "properties": { "source": "SOPETRÁN", "target": "OLAYA", "distance": 0.33333333333333331, "betweenness": 0.0012213424416498474, "weight": 0.10122134244164985 }, "geometry": { "type": "LineString", "coordinates": [ [ -75.747378, 6.500745 ], [ -75.811773, 6.626492 ] ] } },
{ "type": "Feature", "properties": { "source": "SOPETRÁN", "target": "GIRARDOTA", "distance": 0.5, "betweenness": 0.00031051079024996118, "weight": 0.10031051079024997 }, "geometry": { "type": "LineString", "coordinates": [ [ -75.747378, 6.500745 ], [ -75.444238, 6.379472 ] ] } },
{ "type": "Feature", "properties": { "source": "SOPETRÁN", "target": "URRAO", "distance": 0.33333333333333331, "betweenness": 0.0064218436947826784, "weight": 0.10642184369478268 }, "geometry": { "type": "LineString", "coordinates": [ [ -75.747378, 6.500745 ], [ -76.133951, 6.317343 ] ] } },
{ "type": "Feature", "properties": { "source": "SOPETRÁN", "target": "ITAGÜÍ", "distance": 0.5, "betweenness": 0.00049164208456243847, "weight": 0.10049164208456245 }, "geometry": { "type": "LineString", "coordinates": [ [ -75.747378, 6.500745 ], [ -75.612056, 6.175079 ] ] } },
{ "type": "Feature", "properties": { "source": "SOPETRÁN", "target": "ARMENIA", "distance": 0.5, "betweenness": 0.0005692697821249288, "weight": 0.10056926978212494 }, "geometry": { "type": "LineString", "coordinates": [ [ -75.747378, 6.500745 ], [ -75.786647, 6.155667 ] ] } },
{ "type": "Feature", "properties": { "source": "SOPETRÁN", "target": "ANGELÓPOLIS", "distance": 0.5, "betweenness": 0.00041918956683744763, "weight": 0.10041918956683746 }, "geometry": { "type": "LineString", "coordinates": [ [ -75.747378, 6.500745 ], [ -75.711389, 6.109719 ] ] } },
{ "type": "Feature", "properties": { "source": "SOPETRÁN", "target": "BETULIA", "distance": 0.5, "betweenness": 0.0004657661853749418, "weight": 0.10046576618537495 }, "geometry": { "type": "LineString", "coordinates": [ [ -75.747378, 6.500745 ], [ -75.984452, 6.115208 ] ] } },
{ "type": "Feature", "properties": { "source": "SOPETRÁN", "target": "CONCORDIA", "distance": 1.0, "betweenness": 0.0, "weight": 0.1 }, "geometry": { "type": "LineString", "coordinates": [ [ -75.747378, 6.500745 ], [ -75.908448, 6.045738 ] ] } },
{ "type": "Feature", "properties": { "source": "BARBOSA", "target": "CONCEPCIÓN", "distance": 0.5, "betweenness": 0.0002328830926874709, "weight": 0.10023288309268748 }, "geometry": { "type": "LineString", "coordinates": [ [ -75.331627, 6.439195 ], [ -75.257587, 6.394348 ] ] } },
{ "type": "Feature", "properties": { "source": "BARBOSA", "target": "ALEJANDRÍA", "distance": 0.5, "betweenness": 0.00031051079024996118, "weight": 0.10031051079024997 }, "geometry": { "type": "LineString", "coordinates": [ [ -75.331627, 6.439195 ], [ -75.141346, 6.376061 ] ] } },
{ "type": "Feature", "properties": { "source": "BARBOSA", "target": "RIONEGRO", "distance": 0.5, "betweenness": 0.00040035005102541198, "weight": 0.10040035005102542 }, "geometry": { "type": "LineString", "coordinates": [ [ -75.331627, 6.439195 ], [ -75.377316, 6.147148 ] ] } },
{ "type": "Feature", "properties": { "source": "BARBOSA", "target": "SAN CARLOS", "distance": 0.5, "betweenness": 0.00058432485074310877, "weight": 0.10058432485074312 }, "geometry": { "type": "LineString", "coordinates": [ [ -75.331627, 6.439195 ], [ -74.988097, 6.187746 ] ] } },
{ "type": "Feature", "properties": { "source": "BARBOSA", "target": "MARINILLA", "distance": 0.5, "betweenness": 0.00036696729756813587, "weight": 0.10036696729756814 }, "geometry": { "type": "LineString", "coordinates": [ [ -75.331627, 6.439195 ], [ -75.339345, 6.173995 ] ] } },
{ "type": "Feature", "properties": { "source": "BARBOSA", "target": "EL SANTUARIO", "distance": 0.5, "betweenness": 0.0010760341454333069, "weight": 0.10107603414543331 }, "geometry": { "type": "LineString", "coordinates": [ [ -75.331627, 6.439195 ], [ -75.265465, 6.136871 ] ] } },
{ "type": "Feature", "properties": { "source": "BARBOSA", "target": "SAN VICENTE FERRER", "distance": 0.5, "betweenness": 0.00069864927806241269, "weight": 0.10069864927806242 }, "geometry": { "type": "LineString", "coordinates": [ [ -75.331627, 6.439195 ], [ -75.332616, 6.282164 ] ] } },
{ "type": "Feature", "properties": { "source": "BARBOSA", "target": "PEÑOL", "distance": 0.5, "betweenness": 0.00039801837659313204, "weight": 0.10039801837659314 }, "geometry": { "type": "LineString", "coordinates": [ [ -75.331627, 6.439195 ], [ -75.242693, 6.219349 ] ] } },
{ "type": "Feature", "properties": { "source": "BARBOSA", "target": "SAN RAFAEL", "distance": 0.5, "betweenness": 0.00062725531984963751, "weight": 0.10062725531984965 }, "geometry": { "type": "LineString", "coordinates": [ [ -75.331627, 6.439195 ], [ -75.02849, 6.293759 ] ] } },
{ "type": "Feature", "properties": { "source": "BARBOSA", "target": "GIRARDOTA", "distance": 0.5, "betweenness": 0.00031051079024996118, "weight": 0.10031051079024997 }, "geometry": { "type": "LineString", "coordinates": [ [ -75.331627, 6.439195 ], [ -75.444238, 6.379472 ] ] } },
{ "type": "Feature", "properties": { "source": "BARBOSA", "target": "COPACABANA", "distance": 0.5, "betweenness": 0.00032086114992495985, "weight": 0.10032086114992496 }, "geometry": { "type": "LineString", "coordinates": [ [ -75.331627, 6.439195 ], [ -75.509384, 6.348557 ] ] } },
{ "type": "Feature", "properties": { "source": "BARBOSA", "target": "SAN ROQUE", "distance": 0.5, "betweenness": 0.00037637671545449831, "weight": 0.1003763767154545 }, "geometry": { "type": "LineString", "coordinates": [ [ -75.331627, 6.439195 ], [ -75.019109, 6.485939 ] ] } },
{ "type": "Feature", "properties": { "source": "BARBOSA", "target": "GRANADA", "distance": 0.5, "betweenness": 0.00058550102797890401, "weight": 0.1005855010279789 }, "geometry": { "type": "LineString", "coordinates": [ [ -75.331627, 6.439195 ], [ -75.184446, 6.142892 ] ] } },
{ "type": "Feature", "properties": { "source": "BARBOSA", "target": "GUATAPÉ", "distance": 0.5, "betweenness": 0.00036696729756813587, "weight": 0.10036696729756814 }, "geometry": { "type": "LineString", "coordinates": [ [ -75.331627, 6.439195 ], [ -75.160041, 6.232461 ] ] } },
{ "type": "Feature", "properties": { "source": "BARBOSA", "target": "CISNEROS", "distance": 0.5, "betweenness": 0.00020700719349997412, "weight": 0.10020700719349998 }, "geometry": { "type": "LineString", "coordinates": [ [ -75.331627, 6.439195 ], [ -75.087047, 6.537829 ] ] } },
{ "type": "Feature", "properties": { "source": "BARBOSA", "target": "GUARNE", "distance": 0.5, "betweenness": 0.00096491512420715964, "weight": 0.10096491512420716 }, "geometry": { "type": "LineString", "coordinates": [ [ -75.331627, 6.439195 ], [ -75.441612, 6.27787 ] ] } },
{ "type": "Feature", "properties": { "source": "BARBOSA", "target": "EL CARMEN DE VIBORAL", "distance": 0.5, "betweenness": 0.0010595133790289822, "weight": 0.10105951337902899 }, "geometry": { "type": "LineString", "coordinates": [ [ -75.331627, 6.439195 ], [ -75.333901, 6.082885 ] ] } },
{ "type": "Feature", "properties": { "source": "BARBOSA", "target": "MEDELLÍN", "distance": 0.5, "betweenness": 0.00063407327030987949, "weight": 0.10063407327030989 }, "geometry": { "type": "LineString", "coordinates": [ [ -75.331627, 6.439195 ], [ -75.581775, 6.246631 ] ] } },
{ "type": "Feature", "properties": { "source": "BARBOSA", "target": "COCORNÁ", "distance": 0.5, "betweenness": 0.001178798430777937, "weight": 0.10117879843077794 }, "geometry": { "type": "LineString", "coordinates": [ [ -75.331627, 6.439195 ], [ -75.185483, 6.058295 ] ] } },
{ "type": "Feature", "properties": { "source": "BARBOSA", "target": "SAN JERÓNIMO", "distance": 0.5, "betweenness": 0.00019665683382497545, "weight": 0.10019665683382498 }, "geometry": { "type": "LineString", "coordinates": [ [ -75.331627, 6.439195 ], [ -75.726975, 6.44809 ] ] } },
{ "type": "Feature", "properties": { "source": "BARBOSA", "target": "YALÍ", "distance": 1.0, "betweenness": 0.0, "weight": 0.1 }, "geometry": { "type": "LineString", "coordinates": [ [ -75.331627, 6.439195 ], [ -74.840059, 6.676554 ] ] } },
{ "type": "Feature", "properties": { "source": "BARBOSA", "target": "ENVIGADO", "distance": 0.5, "betweenness": 0.00038603429381258911, "weight": 0.1003860342938126 }, "geometry": { "type": "LineString", "coordinates": [ [ -75.331627, 6.439195 ], [ -75.582192, 6.166695 ] ] } },
{ "type": "Feature", "properties": { "source": "BARBOSA", "target": "RETIRO", "distance": 0.5, "betweenness": 0.0019483337135875562, "weight": 0.10194833371358757 }, "geometry": { "type": "LineString", "coordinates": [ [ -75.331627, 6.439195 ], [ -75.501301, 6.062454 ] ] } },
{ "type": "Feature", "properties": { "source": "BARBOSA", "target": "EBÉJICO", "distance": 0.5, "betweenness": 0.00074977550524825789, "weight": 0.10074977550524826 }, "geometry": { "type": "LineString", "coordinates": [ [ -75.331627, 6.439195 ], [ -75.766413, 6.325615 ] ] } },
{ "type": "Feature", "properties": { "source": "BARBOSA", "target": "OLAYA", "distance": 0.5, "betweenness": 0.00027317556427943011, "weight": 0.10027317556427943 }, "geometry": { "type": "LineString", "coordinates": [ [ -75.331627, 6.439195 ], [ -75.811773, 6.626492 ] ] } },
{ "type": "Feature", "properties": { "source": "BARBOSA", "target": "LA ESTRELLA", "distance": 0.5, "betweenness": 0.00046957648261793583, "weight": 0.10046957648261794 }, "geometry": { "type": "LineString", "coordinates": [ [ -75.331627, 6.439195 ], [ -75.637708, 6.145238 ] ] } },
{ "type": "Feature", "properties": { "source": "BARBOSA", "target": "LA CEJA", "distance": 0.5, "betweenness": 0.0013733510706030498, "weight": 0.10137335107060305 }, "geometry": { "type": "LineString", "coordinates": [ [ -75.331627, 6.439195 ], [ -75.429433, 6.028062 ] ] } },
{ "type": "Feature", "properties": { "source": "BARBOSA", "target": "SABANETA", "distance": 0.5, "betweenness": 0.0007438610140054014, "weight": 0.10074386101400541 }, "geometry": { "type": "LineString", "coordinates": [ [ -75.331627, 6.439195 ], [ -75.615479, 6.149903 ] ] } },
{ "type": "Feature", "properties": { "source": "BARBOSA", "target": "ANGELÓPOLIS", "distance": 0.5, "betweenness": 0.001632143667541898, "weight": 0.1016321436675419 }, "geometry": { "type": "LineString", "coordinates": [ [ -75.331627, 6.439195 ], [ -75.711389, 6.109719 ] ] } },
{ "type": "Feature", "properties": { "source": "BARBOSA", "target": "LA UNIÓN", "distance": 1.0, "betweenness": 0.0, "weight": 0.1 }, "geometry": { "type": "LineString", "coordinates": [ [ -75.331627, 6.439195 ], [ -75.360874, 5.973845 ] ] } },
{ "type": "Feature", "properties": { "source": "BARBOSA", "target": "ITAGÜÍ", "distance": 0.5, "betweenness": 0.00093460335658752047, "weight": 0.10093460335658752 }, "geometry": { "type": "LineString", "coordinates": [ [ -75.331627, 6.439195 ], [ -75.612056, 6.175079 ] ] } },
{ "type": "Feature", "properties": { "source": "BARBOSA", "target": "HELICONIA", "distance": 0.5, "betweenness": 0.00039194878505544555, "weight": 0.10039194878505545 }, "geometry": { "type": "LineString", "coordinates": [ [ -75.331627, 6.439195 ], [ -75.734322, 6.206757 ] ] } },
{ "type": "Feature", "properties": { "source": "BARBOSA", "target": "CALDAS", "distance": 1.0, "betweenness": 0.0, "weight": 0.1 }, "geometry": { "type": "LineString", "coordinates": [ [ -75.331627, 6.439195 ], [ -75.633673, 6.091077 ] ] } },
{ "type": "Feature", "properties": { "source": "SAN JERÓNIMO", "target": "CAICEDO", "distance": 0.5, "betweenness": 0.00047094136521244113, "weight": 0.10047094136521245 }, "geometry": { "type": "LineString", "coordinates": [ [ -75.726975, 6.44809 ], [ -75.98293, 6.405607 ] ] } },
{ "type": "Feature", "properties": { "source": "SAN JERÓNIMO", "target": "COPACABANA", "distance": 0.5, "betweenness": 0.00020355707360830789, "weight": 0.10020355707360831 }, "geometry": { "type": "LineString", "coordinates": [ [ -75.726975, 6.44809 ], [ -75.509384, 6.348557 ] ] } },
{ "type": "Feature", "properties": { "source": "SAN JERÓNIMO", "target": "URRAO", "distance": 0.5, "betweenness": 0.00057592358477314234, "weight": 0.10057592358477314 }, "geometry": { "type": "LineString", "coordinates": [ [ -75.726975, 6.44809 ], [ -76.133951, 6.317343 ] ] } },
{ "type": "Feature", "properties": { "source": "SAN JERÓNIMO", "target": "ENVIGADO", "distance": 0.5, "betweenness": 0.0003363866894374579, "weight": 0.10033638668943747 }, "geometry": { "type": "LineString", "coordinates": [ [ -75.726975, 6.44809 ], [ -75.582192, 6.166695 ] ] } },
{ "type": "Feature", "properties": { "source": "SAN JERÓNIMO", "target": "SANTA FÉ DE ANTIOQUIA", "distance": 0.5, "betweenness": 0.00053045593334368358, "weight": 0.10053045593334368 }, "geometry": { "type": "LineString", "coordinates": [ [ -75.726975, 6.44809 ], [ -75.826648, 6.556484 ] ] } },
{ "type": "Feature", "properties": { "source": "SAN JERÓNIMO", "target": "MEDELLÍN", "distance": 0.5, "betweenness": 0.00015525539512498059, "weight": 0.10015525539512499 }, "geometry": { "type": "LineString", "coordinates": [ [ -75.726975, 6.44809 ], [ -75.581775, 6.246631 ] ] } },
{ "type": "Feature", "properties": { "source": "SAN JERÓNIMO", "target": "ANZÁ", "distance": 0.5, "betweenness": 0.0, "weight": 0.1 }, "geometry": { "type": "LineString", "coordinates": [ [ -75.726975, 6.44809 ], [ -75.854442, 6.302641 ] ] } },
{ "type": "Feature", "properties": { "source": "SAN JERÓNIMO", "target": "GUARNE", "distance": 0.5, "betweenness": 0.00015525539512498059, "weight": 0.10015525539512499 }, "geometry": { "type": "LineString", "coordinates": [ [ -75.726975, 6.44809 ], [ -75.441612, 6.27787 ] ] } },
{ "type": "Feature", "properties": { "source": "SAN JERÓNIMO", "target": "EBÉJICO", "distance": 0.5, "betweenness": 0.00015525539512498059, "weight": 0.10015525539512499 }, "geometry": { "type": "LineString", "coordinates": [ [ -75.726975, 6.44809 ], [ -75.766413, 6.325615 ] ] } },
{ "type": "Feature", "properties": { "source": "SAN JERÓNIMO", "target": "LA ESTRELLA", "distance": 0.5, "betweenness": 0.00015525539512498059, "weight": 0.10015525539512499 }, "geometry": { "type": "LineString", "coordinates": [ [ -75.726975, 6.44809 ], [ -75.637708, 6.145238 ] ] } },
{ "type": "Feature", "properties": { "source": "SAN JERÓNIMO", "target": "HELICONIA", "distance": 0.5, "betweenness": 0.00015525539512498059, "weight": 0.10015525539512499 }, "geometry": { "type": "LineString", "coordinates": [ [ -75.726975, 6.44809 ], [ -75.734322, 6.206757 ] ] } },
{ "type": "Feature", "properties": { "source": "SAN JERÓNIMO", "target": "TITIRIBÍ", "distance": 0.5, "betweenness": 0.0011891823955168155, "weight": 0.10118918239551682 }, "geometry": { "type": "LineString", "coordinates": [ [ -75.726975, 6.44809 ], [ -75.791887, 6.062391 ] ] } },
{ "type": "Feature", "properties": { "source": "SAN JERÓNIMO", "target": "ARMENIA", "distance": 0.5, "betweenness": 0.0004657661853749418, "weight": 0.10046576618537495 }, "geometry": { "type": "LineString", "coordinates": [ [ -75.726975, 6.44809 ], [ -75.786647, 6.155667 ] ] } },
{ "type": "Feature", "properties": { "source": "SAN JERÓNIMO", "target": "SAN VICENTE FERRER", "distance": 0.25, "betweenness": 0.010874645201613064, "weight": 0.11087464520161307 }, "geometry": { "type": "LineString", "coordinates": [ [ -75.726975, 6.44809 ], [ -75.332616, 6.282164 ] ] } },
{ "type": "Feature", "properties": { "source": "SAN JERÓNIMO", "target": "GIRARDOTA", "distance": 0.5, "betweenness": 0.0001863064741499767, "weight": 0.10018630647414999 }, "geometry": { "type": "LineString", "coordinates": [ [ -75.726975, 6.44809 ], [ -75.444238, 6.379472 ] ] } },
{ "type": "Feature", "properties": { "source": "SAN JERÓNIMO", "target": "SABANETA", "distance": 0.5, "betweenness": 0.00015525539512498059, "weight": 0.10015525539512499 }, "geometry": { "type": "LineString", "coordinates": [ [ -75.726975, 6.44809 ], [ -75.615479, 6.149903 ] ] } },
{ "type": "Feature", "properties": { "source": "SAN JERÓNIMO", "target": "OLAYA", "distance": 0.5, "betweenness": 0.00020700719349997412, "weight": 0.10020700719349998 }, "geometry": { "type": "LineString", "coordinates": [ [ -75.726975, 6.44809 ], [ -75.811773, 6.626492 ] ] } },
{ "type": "Feature", "properties": { "source": "SAN JERÓNIMO", "target": "BETULIA", "distance": 0.5, "betweenness": 0.00059662430412313978, "weight": 0.10059662430412314 }, "geometry": { "type": "LineString", "coordinates": [ [ -75.726975, 6.44809 ], [ -75.984452, 6.115208 ] ] } },
{ "type": "Feature", "properties": { "source": "SAN JERÓNIMO", "target": "AMAGÁ", "distance": 0.5, "betweenness": 0.0012176458846230619, "weight": 0.10121764588462306 }, "geometry": { "type": "LineString", "coordinates": [ [ -75.726975, 6.44809 ], [ -75.702188, 6.038708 ] ] } },
{ "type": "Feature", "properties": { "source": "SAN JERÓNIMO", "target": "CALDAS", "distance": 0.5, "betweenness": 0.00060438707387938868, "weight": 0.10060438707387939 }, "geometry": { "type": "LineString", "coordinates": [ [ -75.726975, 6.44809 ], [ -75.633673, 6.091077 ] ] } },
{ "type": "Feature", "properties": { "source": "SAN JERÓNIMO", "target": "RETIRO", "distance": 0.5, "betweenness": 0.00042695233659369663, "weight": 0.1004269523365937 }, "geometry": { "type": "LineString", "coordinates": [ [ -75.726975, 6.44809 ], [ -75.501301, 6.062454 ] ] } },
{ "type": "Feature", "properties": { "source": "SAN JERÓNIMO", "target": "ANGELÓPOLIS", "distance": 0.5, "betweenness": 0.00020331063647318883, "weight": 0.1002033106364732 }, "geometry": { "type": "LineString", "coordinates": [ [ -75.726975, 6.44809 ], [ -75.711389, 6.109719 ] ] } },
{ "type": "Feature", "properties": { "source": "SAN JERÓNIMO", "target": "RIONEGRO", "distance": 0.5, "betweenness": 0.00027169694146871601, "weight": 0.10027169694146872 }, "geometry": { "type": "LineString", "coordinates": [ [ -75.726975, 6.44809 ], [ -75.377316, 6.147148 ] ] } },
{ "type": "Feature", "properties": { "source": "SAN JERÓNIMO", "target": "ITAGÜÍ", "distance": 0.33333333333333331, "betweenness": 0.0015836050302748018, "weight": 0.1015836050302748 }, "geometry": { "type": "LineString", "coordinates": [ [ -75.726975, 6.44809 ], [ -75.612056, 6.175079 ] ] } },
{ "type": "Feature", "properties": { "source": "SAN JERÓNIMO", "target": "CONCORDIA", "distance": 0.5, "betweenness": 0.0013082115317793006, "weight": 0.10130821153177931 }, "geometry": { "type": "LineString", "coordinates": [ [ -75.726975, 6.44809 ], [ -75.908448, 6.045738 ] ] } },
{ "type": "Feature", "properties": { "source": "SAN JERÓNIMO", "target": "CONCEPCIÓN", "distance": 1.0, "betweenness": 0.0, "weight": 0.1 }, "geometry": { "type": "LineString", "coordinates": [ [ -75.726975, 6.44809 ], [ -75.257587, 6.394348 ] ] } },
{ "type": "Feature", "properties": { "source": "GIRARDOTA", "target": "RIONEGRO", "distance": 0.5, "betweenness": 0.00015525539512498059, "weight": 0.10015525539512499 }, "geometry": { "type": "LineString", "coordinates": [ [ -75.444238, 6.379472 ], [ -75.377316, 6.147148 ] ] } },
{ "type": "Feature", "properties": { "source": "GIRARDOTA", "target": "SAN VICENTE FERRER", "distance": 0.5, "betweenness": 0.0002846348910624644, "weight": 0.10028463489106247 }, "geometry": { "type": "LineString", "coordinates": [ [ -75.444238, 6.379472 ], [ -75.332616, 6.282164 ] ] } },
{ "type": "Feature", "properties": { "source": "GIRARDOTA", "target": "GUARNE", "distance": 0.33333333333333331, "betweenness": 0.00076333902603115459, "weight": 0.10076333902603116 }, "geometry": { "type": "LineString", "coordinates": [ [ -75.444238, 6.379472 ], [ -75.441612, 6.27787 ] ] } },
{ "type": "Feature", "properties": { "source": "GIRARDOTA", "target": "MEDELLÍN", "distance": 0.5, "betweenness": 0.00031051079024996118, "weight": 0.10031051079024997 }, "geometry": { "type": "LineString", "coordinates": [ [ -75.444238, 6.379472 ], [ -75.581775, 6.246631 ] ] } },
{ "type": "Feature", "properties": { "source": "GIRARDOTA", "target": "PEÑOL", "distance": 0.5, "betweenness": 0.00015525539512498059, "weight": 0.10015525539512499 }, "geometry": { "type": "LineString", "coordinates": [ [ -75.444238, 6.379472 ], [ -75.242693, 6.219349 ] ] } },
{ "type": "Feature", "properties": { "source": "GIRARDOTA", "target": "RETIRO", "distance": 0.5, "betweenness": 0.00042972475436378556, "weight": 0.10042972475436379 }, "geometry": { "type": "LineString", "coordinates": [ [ -75.444238, 6.379472 ], [ -75.501301, 6.062454 ] ] } },
{ "type": "Feature", "properties": { "source": "GIRARDOTA", "target": "EBÉJICO", "distance": 0.33333333333333331, "betweenness": 0.0032569131777329262, "weight": 0.10325691317773293 }, "geometry": { "type": "LineString", "coordinates": [ [ -75.444238, 6.379472 ], [ -75.766413, 6.325615 ] ] } },
{ "type": "Feature", "properties": { "source": "GIRARDOTA", "target": "MARINILLA", "distance": 0.5, "betweenness": 0.00015525539512498059, "weight": 0.10015525539512499 }, "geometry": { "type": "LineString", "coordinates": [ [ -75.444238, 6.379472 ], [ -75.339345, 6.173995 ] ] } },
{ "type": "Feature", "properties": { "source": "GIRARDOTA", "target": "HELICONIA", "distance": 0.5, "betweenness": 0.00021347616829684831, "weight": 0.10021347616829686 }, "geometry": { "type": "LineString", "coordinates": [ [ -75.444238, 6.379472 ], [ -75.734322, 6.206757 ] ] } },
{ "type": "Feature", "properties": { "source": "GIRARDOTA", "target": "EL CARMEN DE VIBORAL", "distance": 0.5, "betweenness": 0.00025013369214580208, "weight": 0.1002501336921458 }, "geometry": { "type": "LineString", "coordinates": [ [ -75.444238, 6.379472 ], [ -75.333901, 6.082885 ] ] } },
{ "type": "Feature", "properties": { "source": "GIRARDOTA", "target": "CONCEPCIÓN", "distance": 0.5, "betweenness": 0.00015525539512498059, "weight": 0.10015525539512499 }, "geometry": { "type": "LineString", "coordinates": [ [ -75.444238, 6.379472 ], [ -75.257587, 6.394348 ] ] } },
{ "type": "Feature", "properties": { "source": "GIRARDOTA", "target": "ENVIGADO", "distance": 0.5, "betweenness": 0.00020700719349997412, "weight": 0.10020700719349998 }, "geometry": { "type": "LineString", "coordinates": [ [ -75.444238, 6.379472 ], [ -75.582192, 6.166695 ] ] } },
{ "type": "Feature", "properties": { "source": "GIRARDOTA", "target": "GUATAPÉ", "distance": 0.5, "betweenness": 0.0003363866894374579, "weight": 0.10033638668943747 }, "geometry": { "type": "LineString", "coordinates": [ [ -75.444238, 6.379472 ], [ -75.160041, 6.232461 ] ] } },
{ "type": "Feature", "properties": { "source": "GIRARDOTA", "target": "GRANADA", "distance": 0.5, "betweenness": 0.00025875899187496762, "weight": 0.10025875899187497 }, "geometry": { "type": "LineString", "coordinates": [ [ -75.444238, 6.379472 ], [ -75.184446, 6.142892 ] ] } },
{ "type": "Feature", "properties": { "source": "GIRARDOTA", "target": "SABANETA", "distance": 0.5, "betweenness": 0.00027816591626559018, "weight": 0.10027816591626559 }, "geometry": { "type": "LineString", "coordinates": [ [ -75.444238, 6.379472 ], [ -75.615479, 6.149903 ] ] } },
{ "type": "Feature", "properties": { "source": "GIRARDOTA", "target": "LA CEJA", "distance": 0.5, "betweenness": 0.00033139633745129783, "weight": 0.10033139633745131 }, "geometry": { "type": "LineString", "coordinates": [ [ -75.444238, 6.379472 ], [ -75.429433, 6.028062 ] ] } },
{ "type": "Feature", "properties": { "source": "GIRARDOTA", "target": "LA ESTRELLA", "distance": 0.5, "betweenness": 0.00024859346005130816, "weight": 0.10024859346005131 }, "geometry": { "type": "LineString", "coordinates": [ [ -75.444238, 6.379472 ], [ -75.637708, 6.145238 ] ] } },
{ "type": "Feature", "properties": { "source": "GIRARDOTA", "target": "ALEJANDRÍA", "distance": 0.5, "betweenness": 0.0002328830926874709, "weight": 0.10023288309268748 }, "geometry": { "type": "LineString", "coordinates": [ [ -75.444238, 6.379472 ], [ -75.141346, 6.376061 ] ] } },
{ "type": "Feature", "properties": { "source": "GIRARDOTA", "target": "COPACABANA", "distance": 0.5, "betweenness": 0.00015525539512498059, "weight": 0.10015525539512499 }, "geometry": { "type": "LineString", "coordinates": [ [ -75.444238, 6.379472 ], [ -75.509384, 6.348557 ] ] } },
{ "type": "Feature", "properties": { "source": "GIRARDOTA", "target": "CALDAS", "distance": 0.5, "betweenness": 0.00052029040152002423, "weight": 0.10052029040152002 }, "geometry": { "type": "LineString", "coordinates": [ [ -75.444238, 6.379472 ], [ -75.633673, 6.091077 ] ] } },
{ "type": "Feature", "properties": { "source": "GIRARDOTA", "target": "ITAGÜÍ", "distance": 0.5, "betweenness": 0.0001863064741499767, "weight": 0.10018630647414999 }, "geometry": { "type": "LineString", "coordinates": [ [ -75.444238, 6.379472 ], [ -75.612056, 6.175079 ] ] } },
{ "type": "Feature", "properties": { "source": "GIRARDOTA", "target": "EL SANTUARIO", "distance": 0.5, "betweenness": 0.00032092836005271963, "weight": 0.10032092836005273 }, "geometry": { "type": "LineString", "coordinates": [ [ -75.444238, 6.379472 ], [ -75.265465, 6.136871 ] ] } },
{ "type": "Feature", "properties": { "source": "GIRARDOTA", "target": "COCORNÁ", "distance": 0.33333333333333331, "betweenness": 0.0032267246286808464, "weight": 0.10322672462868085 }, "geometry": { "type": "LineString", "coordinates": [ [ -75.444238, 6.379472 ], [ -75.185483, 6.058295 ] ] } },
{ "type": "Feature", "properties": { "source": "GIRARDOTA", "target": "SAN CARLOS", "distance": 0.5, "betweenness": 0.00015525539512498059, "weight": 0.10015525539512499 }, "geometry": { "type": "LineString", "coordinates": [ [ -75.444238, 6.379472 ], [ -74.988097, 6.187746 ] ] } },
{ "type": "Feature", "properties": { "source": "GIRARDOTA", "target": "LA UNIÓN", "distance": 0.5, "betweenness": 0.00029387628362942755, "weight": 0.10029387628362943 }, "geometry": { "type": "LineString", "coordinates": [ [ -75.444238, 6.379472 ], [ -75.360874, 5.973845 ] ] } },
{ "type": "Feature", "properties": { "source": "GIRARDOTA", "target": "SAN RAFAEL", "distance": 0.5, "betweenness": 0.0002328830926874709, "weight": 0.10023288309268748 }, "geometry": { "type": "LineString", "coordinates": [ [ -75.444238, 6.379472 ], [ -75.02849, 6.293759 ] ] } },
{ "type": "Feature", "properties": { "source": "GIRARDOTA", "target": "ANGELÓPOLIS", "distance": 0.5, "betweenness": 0.00049441450233252756, "weight": 0.10049441450233253 }, "geometry": { "type": "LineString", "coordinates": [ [ -75.444238, 6.379472 ], [ -75.711389, 6.109719 ] ] } },
{ "type": "Feature", "properties": { "source": "GIRARDOTA", "target": "OLAYA", "distance": 0.5, "betweenness": 0.00058368635452939134, "weight": 0.1005836863545294 }, "geometry": { "type": "LineString", "coordinates": [ [ -75.444238, 6.379472 ], [ -75.811773, 6.626492 ] ] } },
{ "type": "Feature", "properties": { "source": "GIRARDOTA", "target": "CISNEROS", "distance": 1.0, "betweenness": 0.0, "weight": 0.1 }, "geometry": { "type": "LineString", "coordinates": [ [ -75.444238, 6.379472 ], [ -75.087047, 6.537829 ] ] } },
{ "type": "Feature", "properties": { "source": "GIRARDOTA", "target": "SAN ROQUE", "distance": 0.5, "betweenness": 0.00020700719349997412, "weight": 0.10020700719349998 }, "geometry": { "type": "LineString", "coordinates": [ [ -75.444238, 6.379472 ], [ -75.019109, 6.485939 ] ] } },
{ "type": "Feature", "properties": { "source": "GIRARDOTA", "target": "AMAGÁ", "distance": 0.5, "betweenness": 0.0011930637803949399, "weight": 0.10119306378039494 }, "geometry": { "type": "LineString", "coordinates": [ [ -75.444238, 6.379472 ], [ -75.702188, 6.038708 ] ] } },
{ "type": "Feature", "properties": { "source": "OLAYA", "target": "CAICEDO", "distance": 0.5, "betweenness": 0.00026910935154996634, "weight": 0.10026910935154998 }, "geometry": { "type": "LineString", "coordinates": [ [ -75.811773, 6.626492 ], [ -75.98293, 6.405607 ] ] } },
{ "type": "Feature", "properties": { "source": "OLAYA", "target": "SANTA FÉ DE ANTIOQUIA", "distance": 0.5, "betweenness": 0.00018630647414997673, "weight": 0.10018630647414999 }, "geometry": { "type": "LineString", "coordinates": [ [ -75.811773, 6.626492 ], [ -75.826648, 6.556484 ] ] } },
{ "type": "Feature", "properties": { "source": "OLAYA", "target": "ANZÁ", "distance": 0.5, "betweenness": 0.0, "weight": 0.1 }, "geometry": { "type": "LineString", "coordinates": [ [ -75.811773, 6.626492 ], [ -75.854442, 6.302641 ] ] } },
{ "type": "Feature", "properties": { "source": "OLAYA", "target": "URRAO", "distance": 0.5, "betweenness": 0.0012291052114060963, "weight": 0.1012291052114061 }, "geometry": { "type": "LineString", "coordinates": [ [ -75.811773, 6.626492 ], [ -76.133951, 6.317343 ] ] } },
{ "type": "Feature", "properties": { "source": "OLAYA", "target": "MEDELLÍN", "distance": 0.5, "betweenness": 0.0007725804185981179, "weight": 0.10077258041859813 }, "geometry": { "type": "LineString", "coordinates": [ [ -75.811773, 6.626492 ], [ -75.581775, 6.246631 ] ] } },
{ "type": "Feature", "properties": { "source": "OLAYA", "target": "EBÉJICO", "distance": 0.5, "betweenness": 0.00050975521399368624, "weight": 0.10050975521399369 }, "geometry": { "type": "LineString", "coordinates": [ [ -75.811773, 6.626492 ], [ -75.766413, 6.325615 ] ] } },
{ "type": "Feature", "properties": { "source": "OLAYA", "target": "COPACABANA", "distance": 0.5, "betweenness": 0.00057506105480022575, "weight": 0.10057506105480023 }, "geometry": { "type": "LineString", "coordinates": [ [ -75.811773, 6.626492 ], [ -75.509384, 6.348557 ] ] } },
{ "type": "Feature", "properties": { "source": "OLAYA", "target": "HELICONIA", "distance": 1.0, "betweenness": 0.0, "weight": 0.1 }, "geometry": { "type": "LineString", "coordinates": [ [ -75.811773, 6.626492 ], [ -75.734322, 6.206757 ] ] } },
{ "type": "Feature", "properties": { "source": "COPACABANA", "target": "SAN VICENTE FERRER", "distance": 0.5, "betweenness": 0.00069864927806241269, "weight": 0.10069864927806242 }, "geometry": { "type": "LineString", "coordinates": [ [ -75.509384, 6.348557 ], [ -75.332616, 6.282164 ] ] } },
{ "type": "Feature", "properties": { "source": "COPACABANA", "target": "GUARNE", "distance": 0.5, "betweenness": 0.00015525539512498059, "weight": 0.10015525539512499 }, "geometry": { "type": "LineString", "coordinates": [ [ -75.509384, 6.348557 ], [ -75.441612, 6.27787 ] ] } },
{ "type": "Feature", "properties": { "source": "COPACABANA", "target": "CALDAS", "distance": 0.5, "betweenness": 0.00028093833403567916, "weight": 0.10028093833403569 }, "geometry": { "type": "LineString", "coordinates": [ [ -75.509384, 6.348557 ], [ -75.633673, 6.091077 ] ] } },
{ "type": "Feature", "properties": { "source": "COPACABANA", "target": "RETIRO", "distance": 0.5, "betweenness": 0.00020700719349997412, "weight": 0.10020700719349998 }, "geometry": { "type": "LineString", "coordinates": [ [ -75.509384, 6.348557 ], [ -75.501301, 6.062454 ] ] } },
{ "type": "Feature", "properties": { "source": "COPACABANA", "target": "MEDELLÍN", "distance": 0.5, "betweenness": 0.00026393417171246701, "weight": 0.10026393417171248 }, "geometry": { "type": "LineString", "coordinates": [ [ -75.509384, 6.348557 ], [ -75.581775, 6.246631 ] ] } },
{ "type": "Feature", "properties": { "source": "COPACABANA", "target": "ALEJANDRÍA", "distance": 0.5, "betweenness": 0.00043989028618744502, "weight": 0.10043989028618745 }, "geometry": { "type": "LineString", "coordinates": [ [ -75.509384, 6.348557 ], [ -75.141346, 6.376061 ] ] } },
{ "type": "Feature", "properties": { "source": "COPACABANA", "target": "EBÉJICO", "distance": 0.5, "betweenness": 0.00019838189377080855, "weight": 0.10019838189377081 }, "geometry": { "type": "LineString", "coordinates": [ [ -75.509384, 6.348557 ], [ -75.766413, 6.325615 ] ] } },
{ "type": "Feature", "properties": { "source": "COPACABANA", "target": "GRANADA", "distance": 0.5, "betweenness": 0.0003687315634218289, "weight": 0.10036873156342184 }, "geometry": { "type": "LineString", "coordinates": [ [ -75.509384, 6.348557 ], [ -75.184446, 6.142892 ] ] } },
{ "type": "Feature", "properties": { "source": "COPACABANA", "target": "SANTA BÁRBARA", "distance": 0.33333333333333331, "betweenness": 0.0028839450700323603, "weight": 0.10288394507003236 }, "geometry": { "type": "LineString", "coordinates": [ [ -75.509384, 6.348557 ], [ -75.567351, 5.875527 ] ] } },
{ "type": "Feature", "properties": { "source": "COPACABANA", "target": "EL CARMEN DE VIBORAL", "distance": 0.5, "betweenness": 0.0002846348910624644, "weight": 0.10028463489106247 }, "geometry": { "type": "LineString", "coordinates": [ [ -75.509384, 6.348557 ], [ -75.333901, 6.082885 ] ] } },
{ "type": "Feature", "properties": { "source": "COPACABANA", "target": "RIONEGRO", "distance": 0.5, "betweenness": 0.00015525539512498059, "weight": 0.10015525539512499 }, "geometry": { "type": "LineString", "coordinates": [ [ -75.509384, 6.348557 ], [ -75.377316, 6.147148 ] ] } },
{ "type": "Feature", "properties": { "source": "COPACABANA", "target": "HELICONIA", "distance": 0.33333333333333331, "betweenness": 0.00077239559074677837, "weight": 0.10077239559074679 }, "geometry": { "type": "LineString", "coordinates": [ [ -75.509384, 6.348557 ], [ -75.734322, 6.206757 ] ] } },
{ "type": "Feature", "properties": { "source": "COPACABANA", "target": "LA CEJA", "distance": 0.5, "betweenness": 0.00018113129431247737, "weight": 0.10018113129431248 }, "geometry": { "type": "LineString", "coordinates": [ [ -75.509384, 6.348557 ], [ -75.429433, 6.028062 ] ] } },
{ "type": "Feature", "properties": { "source": "COPACABANA", "target": "PEÑOL", "distance": 0.5, "betweenness": 0.00017466231951560317, "weight": 0.10017466231951561 }, "geometry": { "type": "LineString", "coordinates": [ [ -75.509384, 6.348557 ], [ -75.242693, 6.219349 ] ] } },
{ "type": "Feature", "properties": { "source": "COPACABANA", "target": "SABANETA", "distance": 0.5, "betweenness": 0.00021735755317497281, "weight": 0.10021735755317498 }, "geometry": { "type": "LineString", "coordinates": [ [ -75.509384, 6.348557 ], [ -75.615479, 6.149903 ] ] } },
{ "type": "Feature", "properties": { "source": "COPACABANA", "target": "CONCEPCIÓN", "distance": 0.5, "betweenness": 0.00093153237074988359, "weight": 0.10093153237074989 }, "geometry": { "type": "LineString", "coordinates": [ [ -75.509384, 6.348557 ], [ -75.257587, 6.394348 ] ] } },
{ "type": "Feature", "properties": { "source": "COPACABANA", "target": "MARINILLA", "distance": 0.5, "betweenness": 0.00015525539512498059, "weight": 0.10015525539512499 }, "geometry": { "type": "LineString", "coordinates": [ [ -75.509384, 6.348557 ], [ -75.339345, 6.173995 ] ] } },
{ "type": "Feature", "properties": { "source": "COPACABANA", "target": "GUATAPÉ", "distance": 0.33333333333333331, "betweenness": 0.0023031398555385511, "weight": 0.10230313985553856 }, "geometry": { "type": "LineString", "coordinates": [ [ -75.509384, 6.348557 ], [ -75.160041, 6.232461 ] ] } },
{ "type": "Feature", "properties": { "source": "COPACABANA", "target": "SAN RAFAEL", "distance": 1.0, "betweenness": 0.0, "weight": 0.1 }, "geometry": { "type": "LineString", "coordinates": [ [ -75.509384, 6.348557 ], [ -75.02849, 6.293759 ] ] } },
{ "type": "Feature", "properties": { "source": "COPACABANA", "target": "LA ESTRELLA", "distance": 0.5, "betweenness": 0.00015525539512498059, "weight": 0.10015525539512499 }, "geometry": { "type": "LineString", "coordinates": [ [ -75.509384, 6.348557 ], [ -75.637708, 6.145238 ] ] } },
{ "type": "Feature", "properties": { "source": "COPACABANA", "target": "ANGELÓPOLIS", "distance": 0.5, "betweenness": 0.00022512032293122184, "weight": 0.10022512032293122 }, "geometry": { "type": "LineString", "coordinates": [ [ -75.509384, 6.348557 ], [ -75.711389, 6.109719 ] ] } },
{ "type": "Feature", "properties": { "source": "COPACABANA", "target": "EL SANTUARIO", "distance": 0.5, "betweenness": 0.00024330066249022932, "weight": 0.10024330066249024 }, "geometry": { "type": "LineString", "coordinates": [ [ -75.509384, 6.348557 ], [ -75.265465, 6.136871 ] ] } },
{ "type": "Feature", "properties": { "source": "COPACABANA", "target": "ENVIGADO", "distance": 0.5, "betweenness": 0.00018630647414997673, "weight": 0.10018630647414999 }, "geometry": { "type": "LineString", "coordinates": [ [ -75.509384, 6.348557 ], [ -75.582192, 6.166695 ] ] } },
{ "type": "Feature", "properties": { "source": "COPACABANA", "target": "LA UNIÓN", "distance": 0.5, "betweenness": 0.00018113129431247737, "weight": 0.10018113129431248 }, "geometry": { "type": "LineString", "coordinates": [ [ -75.509384, 6.348557 ], [ -75.360874, 5.973845 ] ] } },
{ "type": "Feature", "properties": { "source": "COPACABANA", "target": "COCORNÁ", "distance": 0.5, "betweenness": 0.00055750800976697571, "weight": 0.10055750800976698 }, "geometry": { "type": "LineString", "coordinates": [ [ -75.509384, 6.348557 ], [ -75.185483, 6.058295 ] ] } },
{ "type": "Feature", "properties": { "source": "COPACABANA", "target": "AMAGÁ", "distance": 0.5, "betweenness": 0.00032086114992495985, "weight": 0.10032086114992496 }, "geometry": { "type": "LineString", "coordinates": [ [ -75.509384, 6.348557 ], [ -75.702188, 6.038708 ] ] } },
{ "type": "Feature", "properties": { "source": "COPACABANA", "target": "ARMENIA", "distance": 0.5, "betweenness": 0.0002328830926874709, "weight": 0.10023288309268748 }, "geometry": { "type": "LineString", "coordinates": [ [ -75.509384, 6.348557 ], [ -75.786647, 6.155667 ] ] } },
{ "type": "Feature", "properties": { "source": "COPACABANA", "target": "TITIRIBÍ", "distance": 0.5, "betweenness": 0.00044236025838261515, "weight": 0.10044236025838262 }, "geometry": { "type": "LineString", "coordinates": [ [ -75.509384, 6.348557 ], [ -75.791887, 6.062391 ] ] } },
{ "type": "Feature", "properties": { "source": "COPACABANA", "target": "SANTA FÉ DE ANTIOQUIA", "distance": 0.5, "betweenness": 0.00074314567725346095, "weight": 0.10074314567725347 }, "geometry": { "type": "LineString", "coordinates": [ [ -75.509384, 6.348557 ], [ -75.826648, 6.556484 ] ] } },
{ "type": "Feature", "properties": { "source": "COPACABANA", "target": "ITAGÜÍ", "distance": 0.5, "betweenness": 0.00018113129431247737, "weight": 0.10018113129431248 }, "geometry": { "type": "LineString", "coordinates": [ [ -75.509384, 6.348557 ], [ -75.612056, 6.175079 ] ] } },
{ "type": "Feature", "properties": { "source": "COPACABANA", "target": "MONTEBELLO", "distance": 0.5, "betweenness": 0.00047131102091511971, "weight": 0.10047131102091512 }, "geometry": { "type": "LineString", "coordinates": [ [ -75.509384, 6.348557 ], [ -75.523455, 5.946313 ] ] } },
{ "type": "Feature", "properties": { "source": "COPACABANA", "target": "ANZÁ", "distance": 1.0, "betweenness": 0.0, "weight": 0.1 }, "geometry": { "type": "LineString", "coordinates": [ [ -75.509384, 6.348557 ], [ -75.854442, 6.302641 ] ] } },
{ "type": "Feature", "properties": { "source": "COPACABANA", "target": "FREDONIA", "distance": 1.0, "betweenness": 0.0, "weight": 0.1 }, "geometry": { "type": "LineString", "coordinates": [ [ -75.509384, 6.348557 ], [ -75.675072, 5.928039 ] ] } },
{ "type": "Feature", "properties": { "source": "SANTA FÉ DE ANTIOQUIA", "target": "CAICEDO", "distance": 0.5, "betweenness": 0.00015525539512498059, "weight": 0.10015525539512499 }, "geometry": { "type": "LineString", "coordinates": [ [ -75.826648, 6.556484 ], [ -75.98293, 6.405607 ] ] } },
{ "type": "Feature", "properties": { "source": "SANTA FÉ DE ANTIOQUIA", "target": "URRAO", "distance": 0.5, "betweenness": 0.00042314705730141765, "weight": 0.10042314705730142 }, "geometry": { "type": "LineString", "coordinates": [ [ -75.826648, 6.556484 ], [ -76.133951, 6.317343 ] ] } },
{ "type": "Feature", "properties": { "source": "SANTA FÉ DE ANTIOQUIA", "target": "ANZÁ", "distance": 0.33333333333333331, "betweenness": 0.0012218498122221514, "weight": 0.10122184981222215 }, "geometry": { "type": "LineString", "coordinates": [ [ -75.826648, 6.556484 ], [ -75.854442, 6.302641 ] ] } },
{ "type": "Feature", "properties": { "source": "SANTA FÉ DE ANTIOQUIA", "target": "EBÉJICO", "distance": 0.5, "betweenness": 0.00043694753686808257, "weight": 0.10043694753686809 }, "geometry": { "type": "LineString", "coordinates": [ [ -75.826648, 6.556484 ], [ -75.766413, 6.325615 ] ] } },
{ "type": "Feature", "properties": { "source": "SANTA FÉ DE ANTIOQUIA", "target": "BETULIA", "distance": 0.5, "betweenness": 0.00031964346055143059, "weight": 0.10031964346055143 }, "geometry": { "type": "LineString", "coordinates": [ [ -75.826648, 6.556484 ], [ -75.984452, 6.115208 ] ] } },
{ "type": "Feature", "properties": { "source": "SANTA FÉ DE ANTIOQUIA", "target": "HELICONIA", "distance": 0.5, "betweenness": 0.00045714088564577615, "weight": 0.10045714088564578 }, "geometry": { "type": "LineString", "coordinates": [ [ -75.826648, 6.556484 ], [ -75.734322, 6.206757 ] ] } },
{ "type": "Feature", "properties": { "source": "SANTA FÉ DE ANTIOQUIA", "target": "MEDELLÍN", "distance": 0.5, "betweenness": 0.00080215287481239959, "weight": 0.10080215287481241 }, "geometry": { "type": "LineString", "coordinates": [ [ -75.826648, 6.556484 ], [ -75.581775, 6.246631 ] ] } },
{ "type": "Feature", "properties": { "source": "SANTA FÉ DE ANTIOQUIA", "target": "ARMENIA", "distance": 0.5, "betweenness": 0.00034156186927495735, "weight": 0.10034156186927497 }, "geometry": { "type": "LineString", "coordinates": [ [ -75.826648, 6.556484 ], [ -75.786647, 6.155667 ] ] } },
{ "type": "Feature", "properties": { "source": "SANTA FÉ DE ANTIOQUIA", "target": "ANGELÓPOLIS", "distance": 0.33333333333333331, "betweenness": 0.0043646553482439409, "weight": 0.10436465534824395 }, "geometry": { "type": "LineString", "coordinates": [ [ -75.826648, 6.556484 ], [ -75.711389, 6.109719 ] ] } },
{ "type": "Feature", "properties": { "source": "SANTA FÉ DE ANTIOQUIA", "target": "CONCORDIA", "distance": 0.5, "betweenness": 0.0007738415968778444, "weight": 0.10077384159687786 }, "geometry": { "type": "LineString", "coordinates": [ [ -75.826648, 6.556484 ], [ -75.908448, 6.045738 ] ] } },
{ "type": "Feature", "properties": { "source": "SANTA FÉ DE ANTIOQUIA", "target": "TITIRIBÍ", "distance": 1.0, "betweenness": 0.0, "weight": 0.1 }, "geometry": { "type": "LineString", "coordinates": [ [ -75.826648, 6.556484 ], [ -75.791887, 6.062391 ] ] } },
{ "type": "Feature", "properties": { "source": "SANTA FÉ DE ANTIOQUIA", "target": "ITAGÜÍ", "distance": 1.0, "betweenness": 0.0, "weight": 0.1 }, "geometry": { "type": "LineString", "coordinates": [ [ -75.826648, 6.556484 ], [ -75.612056, 6.175079 ] ] } },
{ "type": "Feature", "properties": { "source": "SANTA FÉ DE ANTIOQUIA", "target": "LA ESTRELLA", "distance": 1.0, "betweenness": 0.0, "weight": 0.1 }, "geometry": { "type": "LineString", "coordinates": [ [ -75.826648, 6.556484 ], [ -75.637708, 6.145238 ] ] } },
{ "type": "Feature", "properties": { "source": "EBÉJICO", "target": "LA ESTRELLA", "distance": 0.5, "betweenness": 0.00015525539512498059, "weight": 0.10015525539512499 }, "geometry": { "type": "LineString", "coordinates": [ [ -75.766413, 6.325615 ], [ -75.637708, 6.145238 ] ] } },
{ "type": "Feature", "properties": { "source": "EBÉJICO", "target": "URRAO", "distance": 0.5, "betweenness": 0.00077627697562490292, "weight": 0.10077627697562491 }, "geometry": { "type": "LineString", "coordinates": [ [ -75.766413, 6.325615 ], [ -76.133951, 6.317343 ] ] } },
{ "type": "Feature", "properties": { "source": "EBÉJICO", "target": "ENVIGADO", "distance": 0.5, "betweenness": 0.00035363728889578909, "weight": 0.10035363728889579 }, "geometry": { "type": "LineString", "coordinates": [ [ -75.766413, 6.325615 ], [ -75.582192, 6.166695 ] ] } },
{ "type": "Feature", "properties": { "source": "EBÉJICO", "target": "ARMENIA", "distance": 0.33333333333333331, "betweenness": 0.001096029158441827, "weight": 0.10109602915844183 }, "geometry": { "type": "LineString", "coordinates": [ [ -75.766413, 6.325615 ], [ -75.786647, 6.155667 ] ] } },
{ "type": "Feature", "properties": { "source": "EBÉJICO", "target": "AMAGÁ", "distance": 0.5, "betweenness": 0.00015525539512498059, "weight": 0.10015525539512499 }, "geometry": { "type": "LineString", "coordinates": [ [ -75.766413, 6.325615 ], [ -75.702188, 6.038708 ] ] } },
{ "type": "Feature", "properties": { "source": "EBÉJICO", "target": "CAICEDO", "distance": 0.5, "betweenness": 0.00022512032293122187, "weight": 0.10022512032293122 }, "geometry": { "type": "LineString", "coordinates": [ [ -75.766413, 6.325615 ], [ -75.98293, 6.405607 ] ] } },
{ "type": "Feature", "properties": { "source": "EBÉJICO", "target": "BETULIA", "distance": 0.5, "betweenness": 0.00022918653566068561, "weight": 0.10022918653566069 }, "geometry": { "type": "LineString", "coordinates": [ [ -75.766413, 6.325615 ], [ -75.984452, 6.115208 ] ] } },
{ "type": "Feature", "properties": { "source": "EBÉJICO", "target": "SABANETA", "distance": 0.5, "betweenness": 0.00015525539512498059, "weight": 0.10015525539512499 }, "geometry": { "type": "LineString", "coordinates": [ [ -75.766413, 6.325615 ], [ -75.615479, 6.149903 ] ] } },
{ "type": "Feature", "properties": { "source": "EBÉJICO", "target": "ANGELÓPOLIS", "distance": 0.33333333333333331, "betweenness": 0.00071220332049395842, "weight": 0.10071220332049396 }, "geometry": { "type": "LineString", "coordinates": [ [ -75.766413, 6.325615 ], [ -75.711389, 6.109719 ] ] } },
{ "type": "Feature", "properties": { "source": "EBÉJICO", "target": "VENECIA", "distance": 0.5, "betweenness": 0.00025591548646974822, "weight": 0.10025591548646975 }, "geometry": { "type": "LineString", "coordinates": [ [ -75.766413, 6.325615 ], [ -75.735544, 5.964693 ] ] } },
{ "type": "Feature", "properties": { "source": "EBÉJICO", "target": "ANZÁ", "distance": 0.5, "betweenness": 0.00036226258862495468, "weight": 0.10036226258862496 }, "geometry": { "type": "LineString", "coordinates": [ [ -75.766413, 6.325615 ], [ -75.854442, 6.302641 ] ] } },
{ "type": "Feature", "properties": { "source": "EBÉJICO", "target": "HELICONIA", "distance": 0.5, "betweenness": 0.00017250599458331178, "weight": 0.10017250599458331 }, "geometry": { "type": "LineString", "coordinates": [ [ -75.766413, 6.325615 ], [ -75.734322, 6.206757 ] ] } },
{ "type": "Feature", "properties": { "source": "EBÉJICO", "target": "MEDELLÍN", "distance": 0.5, "betweenness": 0.00031051079024996118, "weight": 0.10031051079024997 }, "geometry": { "type": "LineString", "coordinates": [ [ -75.766413, 6.325615 ], [ -75.581775, 6.246631 ] ] } },
{ "type": "Feature", "properties": { "source": "EBÉJICO", "target": "CONCORDIA", "distance": 0.5, "betweenness": 0.00029757284065621279, "weight": 0.10029757284065621 }, "geometry": { "type": "LineString", "coordinates": [ [ -75.766413, 6.325615 ], [ -75.908448, 6.045738 ] ] } },
{ "type": "Feature", "properties": { "source": "EBÉJICO", "target": "RIONEGRO", "distance": 0.5, "betweenness": 0.00032160046133031689, "weight": 0.10032160046133032 }, "geometry": { "type": "LineString", "coordinates": [ [ -75.766413, 6.325615 ], [ -75.377316, 6.147148 ] ] } },
{ "type": "Feature", "properties": { "source": "EBÉJICO", "target": "TITIRIBÍ", "distance": 0.5, "betweenness": 0.00024323345236246959, "weight": 0.10024323345236248 }, "geometry": { "type": "LineString", "coordinates": [ [ -75.766413, 6.325615 ], [ -75.791887, 6.062391 ] ] } },
{ "type": "Feature", "properties": { "source": "EBÉJICO", "target": "GUARNE", "distance": 0.5, "betweenness": 0.00026824682157704981, "weight": 0.10026824682157706 }, "geometry": { "type": "LineString", "coordinates": [ [ -75.766413, 6.325615 ], [ -75.441612, 6.27787 ] ] } },
{ "type": "Feature", "properties": { "source": "EBÉJICO", "target": "CALDAS", "distance": 0.33333333333333331, "betweenness": 0.0016558111108646736, "weight": 0.10165581111086468 }, "geometry": { "type": "LineString", "coordinates": [ [ -75.766413, 6.325615 ], [ -75.633673, 6.091077 ] ] } },
{ "type": "Feature", "properties": { "source": "EBÉJICO", "target": "RETIRO", "distance": 0.33333333333333331, "betweenness": 0.0018185828386107848, "weight": 0.1018185828386108 }, "geometry": { "type": "LineString", "coordinates": [ [ -75.766413, 6.325615 ], [ -75.501301, 6.062454 ] ] } },
{ "type": "Feature", "properties": { "source": "EBÉJICO", "target": "ITAGÜÍ", "distance": 0.5, "betweenness": 0.00021994514309372251, "weight": 0.10021994514309372 }, "geometry": { "type": "LineString", "coordinates": [ [ -75.766413, 6.325615 ], [ -75.612056, 6.175079 ] ] } },
{ "type": "Feature", "properties": { "source": "EBÉJICO", "target": "SALGAR", "distance": 0.5, "betweenness": 0.00040046034456840235, "weight": 0.10040046034456841 }, "geometry": { "type": "LineString", "coordinates": [ [ -75.766413, 6.325615 ], [ -75.976807, 5.964198 ] ] } },
{ "type": "Feature", "properties": { "source": "EBÉJICO", "target": "FREDONIA", "distance": 0.33333333333333331, "betweenness": 0.0033656372552643681, "weight": 0.10336563725526438 }, "geometry": { "type": "LineString", "coordinates": [ [ -75.766413, 6.325615 ], [ -75.675072, 5.928039 ] ] } },
{ "type": "Feature", "properties": { "source": "EBÉJICO", "target": "SANTA BÁRBARA", "distance": 0.5, "betweenness": 0.0004657661853749418, "weight": 0.10046576618537495 }, "geometry": { "type": "LineString", "coordinates": [ [ -75.766413, 6.325615 ], [ -75.567351, 5.875527 ] ] } },
{ "type": "Feature", "properties": { "source": "EBÉJICO", "target": "SAN VICENTE FERRER", "distance": 0.5, "betweenness": 0.00071244975762907773, "weight": 0.10071244975762908 }, "geometry": { "type": "LineString", "coordinates": [ [ -75.766413, 6.325615 ], [ -75.332616, 6.282164 ] ] } },
{ "type": "Feature", "properties": { "source": "MEDELLÍN", "target": "GUARNE", "distance": 0.5, "betweenness": 0.00031568597008746051, "weight": 0.10031568597008747 }, "geometry": { "type": "LineString", "coordinates": [ [ -75.581775, 6.246631 ], [ -75.441612, 6.27787 ] ] } },
{ "type": "Feature", "properties": { "source": "MEDELLÍN", "target": "MARINILLA", "distance": 0.5, "betweenness": 0.00029757284065621279, "weight": 0.10029757284065621 }, "geometry": { "type": "LineString", "coordinates": [ [ -75.581775, 6.246631 ], [ -75.339345, 6.173995 ] ] } },
{ "type": "Feature", "properties": { "source": "MEDELLÍN", "target": "BETULIA", "distance": 0.5, "betweenness": 0.00044506546602494435, "weight": 0.10044506546602495 }, "geometry": { "type": "LineString", "coordinates": [ [ -75.581775, 6.246631 ], [ -75.984452, 6.115208 ] ] } },
{ "type": "Feature", "properties": { "source": "MEDELLÍN", "target": "SAN VICENTE FERRER", "distance": 0.5, "betweenness": 0.00037606306819161972, "weight": 0.10037606306819162 }, "geometry": { "type": "LineString", "coordinates": [ [ -75.581775, 6.246631 ], [ -75.332616, 6.282164 ] ] } },
{ "type": "Feature", "properties": { "source": "MEDELLÍN", "target": "FREDONIA", "distance": 0.5, "betweenness": 0.00079439010505615059, "weight": 0.10079439010505616 }, "geometry": { "type": "LineString", "coordinates": [ [ -75.581775, 6.246631 ], [ -75.675072, 5.928039 ] ] } },
{ "type": "Feature", "properties": { "source": "MEDELLÍN", "target": "RIONEGRO", "distance": 0.5, "betweenness": 0.0003733522597053104, "weight": 0.10037335225970531 }, "geometry": { "type": "LineString", "coordinates": [ [ -75.581775, 6.246631 ], [ -75.377316, 6.147148 ] ] } },
{ "type": "Feature", "properties": { "source": "MEDELLÍN", "target": "RETIRO", "distance": 0.5, "betweenness": 0.00015525539512498059, "weight": 0.10015525539512499 }, "geometry": { "type": "LineString", "coordinates": [ [ -75.581775, 6.246631 ], [ -75.501301, 6.062454 ] ] } },
{ "type": "Feature", "properties": { "source": "MEDELLÍN", "target": "ANZÁ", "distance": 0.5, "betweenness": 0.00087978057237489003, "weight": 0.1008797805723749 }, "geometry": { "type": "LineString", "coordinates": [ [ -75.581775, 6.246631 ], [ -75.854442, 6.302641 ] ] } },
{ "type": "Feature", "properties": { "source": "MEDELLÍN", "target": "AMAGÁ", "distance": 0.5, "betweenness": 0.00065983542928116769, "weight": 0.10065983542928117 }, "geometry": { "type": "LineString", "coordinates": [ [ -75.581775, 6.246631 ], [ -75.702188, 6.038708 ] ] } },
{ "type": "Feature", "properties": { "source": "MEDELLÍN", "target": "ENVIGADO", "distance": 0.5, "betweenness": 0.00024323345236246962, "weight": 0.10024323345236248 }, "geometry": { "type": "LineString", "coordinates": [ [ -75.581775, 6.246631 ], [ -75.582192, 6.166695 ] ] } },
{ "type": "Feature", "properties": { "source": "MEDELLÍN", "target": "CALDAS", "distance": 0.5, "betweenness": 0.00032086114992495985, "weight": 0.10032086114992496 }, "geometry": { "type": "LineString", "coordinates": [ [ -75.581775, 6.246631 ], [ -75.633673, 6.091077 ] ] } },
{ "type": "Feature", "properties": { "source": "MEDELLÍN", "target": "TITIRIBÍ", "distance": 0.5, "betweenness": 0.00087190018489506139, "weight": 0.10087190018489507 }, "geometry": { "type": "LineString", "coordinates": [ [ -75.581775, 6.246631 ], [ -75.791887, 6.062391 ] ] } },
{ "type": "Feature", "properties": { "source": "MEDELLÍN", "target": "LA CEJA", "distance": 0.33333333333333331, "betweenness": 0.0012213424416498472, "weight": 0.10122134244164985 }, "geometry": { "type": "LineString", "coordinates": [ [ -75.581775, 6.246631 ], [ -75.429433, 6.028062 ] ] } },
{ "type": "Feature", "properties": { "source": "MEDELLÍN", "target": "CAICEDO", "distance": 0.33333333333333331, "betweenness": 0.0040366402732494961, "weight": 0.10403664027324951 }, "geometry": { "type": "LineString", "coordinates": [ [ -75.581775, 6.246631 ], [ -75.98293, 6.405607 ] ] } },
{ "type": "Feature", "properties": { "source": "MEDELLÍN", "target": "EL CARMEN DE VIBORAL", "distance": 0.5, "betweenness": 0.00035967499870620501, "weight": 0.10035967499870621 }, "geometry": { "type": "LineString", "coordinates": [ [ -75.581775, 6.246631 ], [ -75.333901, 6.082885 ] ] } },
{ "type": "Feature", "properties": { "source": "MEDELLÍN", "target": "SABANETA", "distance": 0.5, "betweenness": 0.00050458003415618691, "weight": 0.10050458003415619 }, "geometry": { "type": "LineString", "coordinates": [ [ -75.581775, 6.246631 ], [ -75.615479, 6.149903 ] ] } },
{ "type": "Feature", "properties": { "source": "MEDELLÍN", "target": "CONCEPCIÓN", "distance": 0.5, "betweenness": 0.001086787765874864, "weight": 0.10108678776587487 }, "geometry": { "type": "LineString", "coordinates": [ [ -75.581775, 6.246631 ], [ -75.257587, 6.394348 ] ] } },
{ "type": "Feature", "properties": { "source": "MEDELLÍN", "target": "LA ESTRELLA", "distance": 0.5, "betweenness": 0.00031051079024996118, "weight": 0.10031051079024997 }, "geometry": { "type": "LineString", "coordinates": [ [ -75.581775, 6.246631 ], [ -75.637708, 6.145238 ] ] } },
{ "type": "Feature", "properties": { "source": "MEDELLÍN", "target": "CONCORDIA", "distance": 0.33333333333333331, "betweenness": 0.0052216332374692871, "weight": 0.10522163323746929 }, "geometry": { "type": "LineString", "coordinates": [ [ -75.581775, 6.246631 ], [ -75.908448, 6.045738 ] ] } },
{ "type": "Feature", "properties": { "source": "MEDELLÍN", "target": "GUATAPÉ", "distance": 0.5, "betweenness": 0.00087460539253739059, "weight": 0.1008746053925374 }, "geometry": { "type": "LineString", "coordinates": [ [ -75.581775, 6.246631 ], [ -75.160041, 6.232461 ] ] } },
{ "type": "Feature", "properties": { "source": "MEDELLÍN", "target": "GRANADA", "distance": 0.5, "betweenness": 0.0011320705894529834, "weight": 0.10113207058945299 }, "geometry": { "type": "LineString", "coordinates": [ [ -75.581775, 6.246631 ], [ -75.184446, 6.142892 ] ] } },
{ "type": "Feature", "properties": { "source": "MEDELLÍN", "target": "SANTA BÁRBARA", "distance": 0.5, "betweenness": 0.00041401438699994824, "weight": 0.10041401438699996 }, "geometry": { "type": "LineString", "coordinates": [ [ -75.581775, 6.246631 ], [ -75.567351, 5.875527 ] ] } },
{ "type": "Feature", "properties": { "source": "MEDELLÍN", "target": "ARMENIA", "distance": 0.5, "betweenness": 0.00048301678483327287, "weight": 0.10048301678483328 }, "geometry": { "type": "LineString", "coordinates": [ [ -75.581775, 6.246631 ], [ -75.786647, 6.155667 ] ] } },
{ "type": "Feature", "properties": { "source": "MEDELLÍN", "target": "COCORNÁ", "distance": 0.5, "betweenness": 0.002586045809147812, "weight": 0.10258604580914782 }, "geometry": { "type": "LineString", "coordinates": [ [ -75.581775, 6.246631 ], [ -75.185483, 6.058295 ] ] } },
{ "type": "Feature", "properties": { "source": "MEDELLÍN", "target": "ANGELÓPOLIS", "distance": 0.5, "betweenness": 0.00031051079024996118, "weight": 0.10031051079024997 }, "geometry": { "type": "LineString", "coordinates": [ [ -75.581775, 6.246631 ], [ -75.711389, 6.109719 ] ] } },
{ "type": "Feature", "properties": { "source": "MEDELLÍN", "target": "ABEJORRAL", "distance": 0.5, "betweenness": 0.00050975521399368624, "weight": 0.10050975521399369 }, "geometry": { "type": "LineString", "coordinates": [ [ -75.581775, 6.246631 ], [ -75.428739, 5.789315 ] ] } },
{ "type": "Feature", "properties": { "source": "MEDELLÍN", "target": "MONTEBELLO", "distance": 0.5, "betweenness": 0.0013950806219087545, "weight": 0.10139508062190876 }, "geometry": { "type": "LineString", "coordinates": [ [ -75.581775, 6.246631 ], [ -75.523455, 5.946313 ] ] } },
{ "type": "Feature", "properties": { "source": "MEDELLÍN", "target": "EL SANTUARIO", "distance": 0.5, "betweenness": 0.00098076378933388705, "weight": 0.10098076378933389 }, "geometry": { "type": "LineString", "coordinates": [ [ -75.581775, 6.246631 ], [ -75.265465, 6.136871 ] ] } },
{ "type": "Feature", "properties": { "source": "MEDELLÍN", "target": "LA UNIÓN", "distance": 0.33333333333333331, "betweenness": 0.0031568597008746063, "weight": 0.10315685970087461 }, "geometry": { "type": "LineString", "coordinates": [ [ -75.581775, 6.246631 ], [ -75.360874, 5.973845 ] ] } },
{ "type": "Feature", "properties": { "source": "MEDELLÍN", "target": "VENECIA", "distance": 0.5, "betweenness": 0.0010753189607404792, "weight": 0.10107531896074048 }, "geometry": { "type": "LineString", "coordinates": [ [ -75.581775, 6.246631 ], [ -75.735544, 5.964693 ] ] } },
{ "type": "Feature", "properties": { "source": "MEDELLÍN", "target": "SAN RAFAEL", "distance": 0.33333333333333331, "betweenness": 0.010286101192016422, "weight": 0.11028610119201643 }, "geometry": { "type": "LineString", "coordinates": [ [ -75.581775, 6.246631 ], [ -75.02849, 6.293759 ] ] } },
{ "type": "Feature", "properties": { "source": "MEDELLÍN", "target": "PEÑOL", "distance": 0.5, "betweenness": 0.00036743776846245407, "weight": 0.10036743776846246 }, "geometry": { "type": "LineString", "coordinates": [ [ -75.581775, 6.246631 ], [ -75.242693, 6.219349 ] ] } },
{ "type": "Feature", "properties": { "source": "MEDELLÍN", "target": "ITAGÜÍ", "distance": 0.5, "betweenness": 0.00036743776846245402, "weight": 0.10036743776846246 }, "geometry": { "type": "LineString", "coordinates": [ [ -75.581775, 6.246631 ], [ -75.612056, 6.175079 ] ] } },
{ "type": "Feature", "properties": { "source": "MEDELLÍN", "target": "HELICONIA", "distance": 0.5, "betweenness": 0.00024582104228121923, "weight": 0.10024582104228122 }, "geometry": { "type": "LineString", "coordinates": [ [ -75.581775, 6.246631 ], [ -75.734322, 6.206757 ] ] } },
{ "type": "Feature", "properties": { "source": "MEDELLÍN", "target": "URRAO", "distance": 0.33333333333333331, "betweenness": 0.012252115046712161, "weight": 0.11225211504671216 }, "geometry": { "type": "LineString", "coordinates": [ [ -75.581775, 6.246631 ], [ -76.133951, 6.317343 ] ] } },
{ "type": "Feature", "properties": { "source": "MEDELLÍN", "target": "SALGAR", "distance": 0.5, "betweenness": 0.0018350941266637587, "weight": 0.10183509412666376 }, "geometry": { "type": "LineString", "coordinates": [ [ -75.581775, 6.246631 ], [ -75.976807, 5.964198 ] ] } },
{ "type": "Feature", "properties": { "source": "MEDELLÍN", "target": "ALEJANDRÍA", "distance": 0.33333333333333331, "betweenness": 0.0078792113025927639, "weight": 0.10787921130259277 }, "geometry": { "type": "LineString", "coordinates": [ [ -75.581775, 6.246631 ], [ -75.141346, 6.376061 ] ] } },
{ "type": "Feature", "properties": { "source": "GUARNE", "target": "PEÑOL", "distance": 0.5, "betweenness": 0.00031051079024996118, "weight": 0.10031051079024997 }, "geometry": { "type": "LineString", "coordinates": [ [ -75.441612, 6.27787 ], [ -75.242693, 6.219349 ] ] } },
{ "type": "Feature", "properties": { "source": "GUARNE", "target": "ANGELÓPOLIS", "distance": 0.5, "betweenness": 0.00056150701236867969, "weight": 0.10056150701236868 }, "geometry": { "type": "LineString", "coordinates": [ [ -75.441612, 6.27787 ], [ -75.711389, 6.109719 ] ] } },
{ "type": "Feature", "properties": { "source": "GUARNE", "target": "AMAGÁ", "distance": 0.5, "betweenness": 0.00083579154375614559, "weight": 0.10083579154375615 }, "geometry": { "type": "LineString", "coordinates": [ [ -75.441612, 6.27787 ], [ -75.702188, 6.038708 ] ] } },
{ "type": "Feature", "properties": { "source": "GUARNE", "target": "RETIRO", "distance": 0.5, "betweenness": 0.00022918653566068563, "weight": 0.10022918653566069 }, "geometry": { "type": "LineString", "coordinates": [ [ -75.441612, 6.27787 ], [ -75.501301, 6.062454 ] ] } },
{ "type": "Feature", "properties": { "source": "GUARNE", "target": "LA UNIÓN", "distance": 0.5, "betweenness": 0.0002328830926874709, "weight": 0.10023288309268748 }, "geometry": { "type": "LineString", "coordinates": [ [ -75.441612, 6.27787 ], [ -75.360874, 5.973845 ] ] } },
{ "type": "Feature", "properties": { "source": "GUARNE", "target": "EL CARMEN DE VIBORAL", "distance": 0.33333333333333331, "betweenness": 0.0019933067674101673, "weight": 0.10199330676741017 }, "geometry": { "type": "LineString", "coordinates": [ [ -75.441612, 6.27787 ], [ -75.333901, 6.082885 ] ] } },
{ "type": "Feature", "properties": { "source": "GUARNE", "target": "SANTA BÁRBARA", "distance": 0.25, "betweenness": 0.017419655333022824, "weight": 0.11741965533302283 }, "geometry": { "type": "LineString", "coordinates": [ [ -75.441612, 6.27787 ], [ -75.567351, 5.875527 ] ] } },
{ "type": "Feature", "properties": { "source": "GUARNE", "target": "ABEJORRAL", "distance": 0.5, "betweenness": 0.00041401438699994824, "weight": 0.10041401438699996 }, "geometry": { "type": "LineString", "coordinates": [ [ -75.441612, 6.27787 ], [ -75.428739, 5.789315 ] ] } },
{ "type": "Feature", "properties": { "source": "GUARNE", "target": "SAN VICENTE FERRER", "distance": 0.5, "betweenness": 0.00036226258862495468, "weight": 0.10036226258862496 }, "geometry": { "type": "LineString", "coordinates": [ [ -75.441612, 6.27787 ], [ -75.332616, 6.282164 ] ] } },
{ "type": "Feature", "properties": { "source": "GUARNE", "target": "LA CEJA", "distance": 0.5, "betweenness": 0.00020700719349997412, "weight": 0.10020700719349998 }, "geometry": { "type": "LineString", "coordinates": [ [ -75.441612, 6.27787 ], [ -75.429433, 6.028062 ] ] } },
{ "type": "Feature", "properties": { "source": "GUARNE", "target": "MARINILLA", "distance": 0.5, "betweenness": 0.00019406924390622573, "weight": 0.10019406924390623 }, "geometry": { "type": "LineString", "coordinates": [ [ -75.441612, 6.27787 ], [ -75.339345, 6.173995 ] ] } },
{ "type": "Feature", "properties": { "source": "GUARNE", "target": "CALDAS", "distance": 0.5, "betweenness": 0.00038813848781245146, "weight": 0.10038813848781246 }, "geometry": { "type": "LineString", "coordinates": [ [ -75.441612, 6.27787 ], [ -75.633673, 6.091077 ] ] } },
{ "type": "Feature", "properties": { "source": "GUARNE", "target": "COCORNÁ", "distance": 0.5, "betweenness": 0.00033756286667325326, "weight": 0.10033756286667325 }, "geometry": { "type": "LineString", "coordinates": [ [ -75.441612, 6.27787 ], [ -75.185483, 6.058295 ] ] } },
{ "type": "Feature", "properties": { "source": "GUARNE", "target": "ENVIGADO", "distance": 0.5, "betweenness": 0.00015525539512498059, "weight": 0.10015525539512499 }, "geometry": { "type": "LineString", "coordinates": [ [ -75.441612, 6.27787 ], [ -75.582192, 6.166695 ] ] } },
{ "type": "Feature", "properties": { "source": "GUARNE", "target": "HELICONIA", "distance": 0.5, "betweenness": 0.00019406924390622573, "weight": 0.10019406924390623 }, "geometry": { "type": "LineString", "coordinates": [ [ -75.441612, 6.27787 ], [ -75.734322, 6.206757 ] ] } },
{ "type": "Feature", "properties": { "source": "GUARNE", "target": "RIONEGRO", "distance": 0.5, "betweenness": 0.00015525539512498059, "weight": 0.10015525539512499 }, "geometry": { "type": "LineString", "coordinates": [ [ -75.441612, 6.27787 ], [ -75.377316, 6.147148 ] ] } },
{ "type": "Feature", "properties": { "source": "GUARNE", "target": "LA ESTRELLA", "distance": 0.5, "betweenness": 0.00031051079024996118, "weight": 0.10031051079024997 }, "geometry": { "type": "LineString", "coordinates": [ [ -75.441612, 6.27787 ], [ -75.637708, 6.145238 ] ] } },
{ "type": "Feature", "properties": { "source": "GUARNE", "target": "SABANETA", "distance": 0.5, "betweenness": 0.0002846348910624644, "weight": 0.10028463489106247 }, "geometry": { "type": "LineString", "coordinates": [ [ -75.441612, 6.27787 ], [ -75.615479, 6.149903 ] ] } },
{ "type": "Feature", "properties": { "source": "GUARNE", "target": "ALEJANDRÍA", "distance": 0.5, "betweenness": 0.00031051079024996118, "weight": 0.10031051079024997 }, "geometry": { "type": "LineString", "coordinates": [ [ -75.441612, 6.27787 ], [ -75.141346, 6.376061 ] ] } },
{ "type": "Feature", "properties": { "source": "GUARNE", "target": "EL SANTUARIO", "distance": 0.5, "betweenness": 0.00035567599610450098, "weight": 0.10035567599610451 }, "geometry": { "type": "LineString", "coordinates": [ [ -75.441612, 6.27787 ], [ -75.265465, 6.136871 ] ] } },
{ "type": "Feature", "properties": { "source": "GUARNE", "target": "GUATAPÉ", "distance": 0.5, "betweenness": 0.00032991771464058374, "weight": 0.10032991771464059 }, "geometry": { "type": "LineString", "coordinates": [ [ -75.441612, 6.27787 ], [ -75.160041, 6.232461 ] ] } },
{ "type": "Feature", "properties": { "source": "GUARNE", "target": "MONTEBELLO", "distance": 0.5, "betweenness": 0.0013769674924775062, "weight": 0.10137696749247752 }, "geometry": { "type": "LineString", "coordinates": [ [ -75.441612, 6.27787 ], [ -75.523455, 5.946313 ] ] } },
{ "type": "Feature", "properties": { "source": "GUARNE", "target": "CONCEPCIÓN", "distance": 0.5, "betweenness": 0.00015525539512498059, "weight": 0.10015525539512499 }, "geometry": { "type": "LineString", "coordinates": [ [ -75.441612, 6.27787 ], [ -75.257587, 6.394348 ] ] } },
{ "type": "Feature", "properties": { "source": "GUARNE", "target": "FREDONIA", "distance": 0.5, "betweenness": 0.00071934999741241014, "weight": 0.10071934999741242 }, "geometry": { "type": "LineString", "coordinates": [ [ -75.441612, 6.27787 ], [ -75.675072, 5.928039 ] ] } },
{ "type": "Feature", "properties": { "source": "GUARNE", "target": "GRANADA", "distance": 0.5, "betweenness": 0.00039892011247390842, "weight": 0.10039892011247391 }, "geometry": { "type": "LineString", "coordinates": [ [ -75.441612, 6.27787 ], [ -75.184446, 6.142892 ] ] } },
{ "type": "Feature", "properties": { "source": "GUARNE", "target": "ITAGÜÍ", "distance": 0.5, "betweenness": 0.0003726129482999534, "weight": 0.10037261294829995 }, "geometry": { "type": "LineString", "coordinates": [ [ -75.441612, 6.27787 ], [ -75.612056, 6.175079 ] ] } },
{ "type": "Feature", "properties": { "source": "GUARNE", "target": "ARMENIA", "distance": 0.5, "betweenness": 0.00074695095654573988, "weight": 0.10074695095654575 }, "geometry": { "type": "LineString", "coordinates": [ [ -75.441612, 6.27787 ], [ -75.786647, 6.155667 ] ] } },
{ "type": "Feature", "properties": { "source": "GUARNE", "target": "SAN RAFAEL", "distance": 0.5, "betweenness": 0.00062619676033742169, "weight": 0.10062619676033743 }, "geometry": { "type": "LineString", "coordinates": [ [ -75.441612, 6.27787 ], [ -75.02849, 6.293759 ] ] } },
{ "type": "Feature", "properties": { "source": "GUARNE", "target": "SAN CARLOS", "distance": 0.5, "betweenness": 0.00042695233659369663, "weight": 0.1004269523365937 }, "geometry": { "type": "LineString", "coordinates": [ [ -75.441612, 6.27787 ], [ -74.988097, 6.187746 ] ] } },
{ "type": "Feature", "properties": { "source": "GUARNE", "target": "TITIRIBÍ", "distance": 0.5, "betweenness": 0.0015136224847449814, "weight": 0.10151362248474499 }, "geometry": { "type": "LineString", "coordinates": [ [ -75.441612, 6.27787 ], [ -75.791887, 6.062391 ] ] } },
{ "type": "Feature", "properties": { "source": "GUARNE", "target": "SAN ROQUE", "distance": 1.0, "betweenness": 0.0, "weight": 0.1 }, "geometry": { "type": "LineString", "coordinates": [ [ -75.441612, 6.27787 ], [ -75.019109, 6.485939 ] ] } },
{ "type": "Feature", "properties": { "source": "GUARNE", "target": "VENECIA", "distance": 0.5, "betweenness": 0.0015617858654654183, "weight": 0.10156178586546542 }, "geometry": { "type": "LineString", "coordinates": [ [ -75.441612, 6.27787 ], [ -75.735544, 5.964693 ] ] } },
{ "type": "Feature", "properties": { "source": "GUARNE", "target": "CISNEROS", "distance": 1.0, "betweenness": 0.0, "weight": 0.1 }, "geometry": { "type": "LineString", "coordinates": [ [ -75.441612, 6.27787 ], [ -75.087047, 6.537829 ] ] } },
{ "type": "Feature", "properties": { "source": "GUARNE", "target": "SAN LUIS", "distance": 1.0, "betweenness": 0.0, "weight": 0.1 }, "geometry": { "type": "LineString", "coordinates": [ [ -75.441612, 6.27787 ], [ -74.993619, 6.043017 ] ] } },
{ "type": "Feature", "properties": { "source": "SAN VICENTE FERRER", "target": "CONCEPCIÓN", "distance": 0.5, "betweenness": 0.00031051079024996118, "weight": 0.10031051079024997 }, "geometry": { "type": "LineString", "coordinates": [ [ -75.332616, 6.282164 ], [ -75.257587, 6.394348 ] ] } },
{ "type": "Feature", "properties": { "source": "SAN VICENTE FERRER", "target": "GRANADA", "distance": 0.5, "betweenness": 0.00054339388293743202, "weight": 0.10054339388293744 }, "geometry": { "type": "LineString", "coordinates": [ [ -75.332616, 6.282164 ], [ -75.184446, 6.142892 ] ] } },
{ "type": "Feature", "properties": { "source": "SAN VICENTE FERRER", "target": "ENVIGADO", "distance": 0.5, "betweenness": 0.00015525539512498059, "weight": 0.10015525539512499 }, "geometry": { "type": "LineString", "coordinates": [ [ -75.332616, 6.282164 ], [ -75.582192, 6.166695 ] ] } },
{ "type": "Feature", "properties": { "source": "SAN VICENTE FERRER", "target": "LA CEJA", "distance": 0.33333333333333331, "betweenness": 0.0042630543911400922, "weight": 0.1042630543911401 }, "geometry": { "type": "LineString", "coordinates": [ [ -75.332616, 6.282164 ], [ -75.429433, 6.028062 ] ] } },
{ "type": "Feature", "properties": { "source": "SAN VICENTE FERRER", "target": "RETIRO", "distance": 0.5, "betweenness": 0.00050026738429160406, "weight": 0.1005002673842916 }, "geometry": { "type": "LineString", "coordinates": [ [ -75.332616, 6.282164 ], [ -75.501301, 6.062454 ] ] } },
{ "type": "Feature", "properties": { "source": "SAN VICENTE FERRER", "target": "RIONEGRO", "distance": 0.5, "betweenness": 0.00031051079024996118, "weight": 0.10031051079024997 }, "geometry": { "type": "LineString", "coordinates": [ [ -75.332616, 6.282164 ], [ -75.377316, 6.147148 ] ] } },
{ "type": "Feature", "properties": { "source": "SAN VICENTE FERRER", "target": "EL CARMEN DE VIBORAL", "distance": 0.5, "betweenness": 0.00073746312684365781, "weight": 0.10073746312684366 }, "geometry": { "type": "LineString", "coordinates": [ [ -75.332616, 6.282164 ], [ -75.333901, 6.082885 ] ] } },
{ "type": "Feature", "properties": { "source": "SAN VICENTE FERRER", "target": "ALEJANDRÍA", "distance": 0.5, "betweenness": 0.00051751798374993524, "weight": 0.10051751798374994 }, "geometry": { "type": "LineString", "coordinates": [ [ -75.332616, 6.282164 ], [ -75.141346, 6.376061 ] ] } },
{ "type": "Feature", "properties": { "source": "SAN VICENTE FERRER", "target": "COCORNÁ", "distance": 0.33333333333333331, "betweenness": 0.0043225689592713357, "weight": 0.10432256895927135 }, "geometry": { "type": "LineString", "coordinates": [ [ -75.332616, 6.282164 ], [ -75.185483, 6.058295 ] ] } },
{ "type": "Feature", "properties": { "source": "SAN VICENTE FERRER", "target": "PEÑOL", "distance": 0.5, "betweenness": 0.0004657661853749418, "weight": 0.10046576618537495 }, "geometry": { "type": "LineString", "coordinates": [ [ -75.332616, 6.282164 ], [ -75.242693, 6.219349 ] ] } },
{ "type": "Feature", "properties": { "source": "SAN VICENTE FERRER", "target": "EL SANTUARIO", "distance": 0.5, "betweenness": 0.00037637671545449831, "weight": 0.1003763767154545 }, "geometry": { "type": "LineString", "coordinates": [ [ -75.332616, 6.282164 ], [ -75.265465, 6.136871 ] ] } },
{ "type": "Feature", "properties": { "source": "SAN VICENTE FERRER", "target": "MARINILLA", "distance": 0.5, "betweenness": 0.0004657661853749418, "weight": 0.10046576618537495 }, "geometry": { "type": "LineString", "coordinates": [ [ -75.332616, 6.282164 ], [ -75.339345, 6.173995 ] ] } },
{ "type": "Feature", "properties": { "source": "SAN VICENTE FERRER", "target": "GUATAPÉ", "distance": 0.33333333333333331, "betweenness": 0.00092395442884497347, "weight": 0.10092395442884498 }, "geometry": { "type": "LineString", "coordinates": [ [ -75.332616, 6.282164 ], [ -75.160041, 6.232461 ] ] } },
{ "type": "Feature", "properties": { "source": "SAN VICENTE FERRER", "target": "SAN RAFAEL", "distance": 0.5, "betweenness": 0.00054339388293743202, "weight": 0.10054339388293744 }, "geometry": { "type": "LineString", "coordinates": [ [ -75.332616, 6.282164 ], [ -75.02849, 6.293759 ] ] } },
{ "type": "Feature", "properties": { "source": "SAN VICENTE FERRER", "target": "SAN ROQUE", "distance": 0.25, "betweenness": 0.01298927012713692, "weight": 0.11298927012713693 }, "geometry": { "type": "LineString", "coordinates": [ [ -75.332616, 6.282164 ], [ -75.019109, 6.485939 ] ] } },
{ "type": "Feature", "properties": { "source": "SAN VICENTE FERRER", "target": "CALDAS", "distance": 0.5, "betweenness": 0.0015057308955771925, "weight": 0.1015057308955772 }, "geometry": { "type": "LineString", "coordinates": [ [ -75.332616, 6.282164 ], [ -75.633673, 6.091077 ] ] } },
{ "type": "Feature", "properties": { "source": "SAN VICENTE FERRER", "target": "LA ESTRELLA", "distance": 0.5, "betweenness": 0.0010177853680415393, "weight": 0.10101778536804154 }, "geometry": { "type": "LineString", "coordinates": [ [ -75.332616, 6.282164 ], [ -75.637708, 6.145238 ] ] } },
{ "type": "Feature", "properties": { "source": "SAN VICENTE FERRER", "target": "SAN CARLOS", "distance": 0.25, "betweenness": 0.015681425217987859, "weight": 0.11568142521798787 }, "geometry": { "type": "LineString", "coordinates": [ [ -75.332616, 6.282164 ], [ -74.988097, 6.187746 ] ] } },
{ "type": "Feature", "properties": { "source": "SAN VICENTE FERRER", "target": "HELICONIA", "distance": 0.5, "betweenness": 0.00090134382169780396, "weight": 0.10090134382169781 }, "geometry": { "type": "LineString", "coordinates": [ [ -75.332616, 6.282164 ], [ -75.734322, 6.206757 ] ] } },
{ "type": "Feature", "properties": { "source": "SAN VICENTE FERRER", "target": "CISNEROS", "distance": 0.5, "betweenness": 0.00094447032034363193, "weight": 0.10094447032034363 }, "geometry": { "type": "LineString", "coordinates": [ [ -75.332616, 6.282164 ], [ -75.087047, 6.537829 ] ] } },
{ "type": "Feature", "properties": { "source": "SAN VICENTE FERRER", "target": "LA UNIÓN", "distance": 0.5, "betweenness": 0.00054339388293743202, "weight": 0.10054339388293744 }, "geometry": { "type": "LineString", "coordinates": [ [ -75.332616, 6.282164 ], [ -75.360874, 5.973845 ] ] } },
{ "type": "Feature", "properties": { "source": "SAN VICENTE FERRER", "target": "SABANETA", "distance": 0.5, "betweenness": 0.0011937414825165173, "weight": 0.10119374148251652 }, "geometry": { "type": "LineString", "coordinates": [ [ -75.332616, 6.282164 ], [ -75.615479, 6.149903 ] ] } },
{ "type": "Feature", "properties": { "source": "SAN VICENTE FERRER", "target": "ITAGÜÍ", "distance": 0.5, "betweenness": 0.00057444496196242824, "weight": 0.10057444496196244 }, "geometry": { "type": "LineString", "coordinates": [ [ -75.332616, 6.282164 ], [ -75.612056, 6.175079 ] ] } },
{ "type": "Feature", "properties": { "source": "SAN VICENTE FERRER", "target": "SAN LUIS", "distance": 0.33333333333333331, "betweenness": 0.0076126895409615487, "weight": 0.10761268954096155 }, "geometry": { "type": "LineString", "coordinates": [ [ -75.332616, 6.282164 ], [ -74.993619, 6.043017 ] ] } },
{ "type": "Feature", "properties": { "source": "SAN VICENTE FERRER", "target": "ABEJORRAL", "distance": 0.33333333333333331, "betweenness": 0.013045334575376493, "weight": 0.11304533457537649 }, "geometry": { "type": "LineString", "coordinates": [ [ -75.332616, 6.282164 ], [ -75.428739, 5.789315 ] ] } },
{ "type": "Feature", "properties": { "source": "SAN VICENTE FERRER", "target": "ANGELÓPOLIS", "distance": 0.5, "betweenness": 0.0015094274526039782, "weight": 0.10150942745260398 }, "geometry": { "type": "LineString", "coordinates": [ [ -75.332616, 6.282164 ], [ -75.711389, 6.109719 ] ] } },
{ "type": "Feature", "properties": { "source": "SAN VICENTE FERRER", "target": "SANTA BÁRBARA", "distance": 0.5, "betweenness": 0.0018070002932601904, "weight": 0.1018070002932602 }, "geometry": { "type": "LineString", "coordinates": [ [ -75.332616, 6.282164 ], [ -75.567351, 5.875527 ] ] } },
{ "type": "Feature", "properties": { "source": "SAN VICENTE FERRER", "target": "MONTEBELLO", "distance": 0.5, "betweenness": 0.0031843990507241554, "weight": 0.10318439905072416 }, "geometry": { "type": "LineString", "coordinates": [ [ -75.332616, 6.282164 ], [ -75.523455, 5.946313 ] ] } },
{ "type": "Feature", "properties": { "source": "SAN VICENTE FERRER", "target": "SAN FRANCISCO", "distance": 1.0, "betweenness": 0.0, "weight": 0.1 }, "geometry": { "type": "LineString", "coordinates": [ [ -75.332616, 6.282164 ], [ -75.101562, 5.963476 ] ] } },
{ "type": "Feature", "properties": { "source": "CONCEPCIÓN", "target": "SAN RAFAEL", "distance": 0.5, "betweenness": 0.0015836050302748018, "weight": 0.1015836050302748 }, "geometry": { "type": "LineString", "coordinates": [ [ -75.257587, 6.394348 ], [ -75.02849, 6.293759 ] ] } },
{ "type": "Feature", "properties": { "source": "CONCEPCIÓN", "target": "ALEJANDRÍA", "distance": 0.33333333333333331, "betweenness": 0.00090177508668426226, "weight": 0.10090177508668427 }, "geometry": { "type": "LineString", "coordinates": [ [ -75.257587, 6.394348 ], [ -75.141346, 6.376061 ] ] } },
{ "type": "Feature", "properties": { "source": "CONCEPCIÓN", "target": "SAN ROQUE", "distance": 0.5, "betweenness": 0.00031051079024996118, "weight": 0.10031051079024997 }, "geometry": { "type": "LineString", "coordinates": [ [ -75.257587, 6.394348 ], [ -75.019109, 6.485939 ] ] } },
{ "type": "Feature", "properties": { "source": "CONCEPCIÓN", "target": "SAN CARLOS", "distance": 0.5, "betweenness": 0.0002846348910624644, "weight": 0.10028463489106247 }, "geometry": { "type": "LineString", "coordinates": [ [ -75.257587, 6.394348 ], [ -74.988097, 6.187746 ] ] } },
{ "type": "Feature", "properties": { "source": "CONCEPCIÓN", "target": "MARINILLA", "distance": 0.5, "betweenness": 0.00062102158049992236, "weight": 0.10062102158049993 }, "geometry": { "type": "LineString", "coordinates": [ [ -75.257587, 6.394348 ], [ -75.339345, 6.173995 ] ] } },
{ "type": "Feature", "properties": { "source": "CONCEPCIÓN", "target": "GRANADA", "distance": 0.33333333333333331, "betweenness": 0.0082155979920302217, "weight": 0.10821559799203023 }, "geometry": { "type": "LineString", "coordinates": [ [ -75.257587, 6.394348 ], [ -75.184446, 6.142892 ] ] } },
{ "type": "Feature", "properties": { "source": "CONCEPCIÓN", "target": "EL SANTUARIO", "distance": 0.5, "betweenness": 0.0015977191571043456, "weight": 0.10159771915710435 }, "geometry": { "type": "LineString", "coordinates": [ [ -75.257587, 6.394348 ], [ -75.265465, 6.136871 ] ] } },
{ "type": "Feature", "properties": { "source": "CONCEPCIÓN", "target": "RIONEGRO", "distance": 0.5, "betweenness": 0.00031051079024996118, "weight": 0.10031051079024997 }, "geometry": { "type": "LineString", "coordinates": [ [ -75.257587, 6.394348 ], [ -75.377316, 6.147148 ] ] } },
{ "type": "Feature", "properties": { "source": "CONCEPCIÓN", "target": "PEÑOL", "distance": 0.5, "betweenness": 0.00093153237074988359, "weight": 0.10093153237074989 }, "geometry": { "type": "LineString", "coordinates": [ [ -75.257587, 6.394348 ], [ -75.242693, 6.219349 ] ] } },
{ "type": "Feature", "properties": { "source": "CONCEPCIÓN", "target": "GUATAPÉ", "distance": 0.5, "betweenness": 0.00017466231951560317, "weight": 0.10017466231951561 }, "geometry": { "type": "LineString", "coordinates": [ [ -75.257587, 6.394348 ], [ -75.160041, 6.232461 ] ] } },
{ "type": "Feature", "properties": { "source": "CONCEPCIÓN", "target": "EL CARMEN DE VIBORAL", "distance": 0.5, "betweenness": 0.0022123893805309734, "weight": 0.10221238938053098 }, "geometry": { "type": "LineString", "coordinates": [ [ -75.257587, 6.394348 ], [ -75.333901, 6.082885 ] ] } },
{ "type": "Feature", "properties": { "source": "CONCEPCIÓN", "target": "CISNEROS", "distance": 0.5, "betweenness": 0.00019406924390622573, "weight": 0.10019406924390623 }, "geometry": { "type": "LineString", "coordinates": [ [ -75.257587, 6.394348 ], [ -75.087047, 6.537829 ] ] } },
{ "type": "Feature", "properties": { "source": "CONCEPCIÓN", "target": "COCORNÁ", "distance": 0.5, "betweenness": 0.00027169694146871607, "weight": 0.10027169694146872 }, "geometry": { "type": "LineString", "coordinates": [ [ -75.257587, 6.394348 ], [ -75.185483, 6.058295 ] ] } },
{ "type": "Feature", "properties": { "source": "CONCEPCIÓN", "target": "SAN LUIS", "distance": 0.5, "betweenness": 0.00055633183253118036, "weight": 0.10055633183253118 }, "geometry": { "type": "LineString", "coordinates": [ [ -75.257587, 6.394348 ], [ -74.993619, 6.043017 ] ] } },
{ "type": "Feature", "properties": { "source": "CONCEPCIÓN", "target": "ENVIGADO", "distance": 0.2, "betweenness": 0.014244682502716969, "weight": 0.11424468250271698 }, "geometry": { "type": "LineString", "coordinates": [ [ -75.257587, 6.394348 ], [ -75.582192, 6.166695 ] ] } },
{ "type": "Feature", "properties": { "source": "CONCEPCIÓN", "target": "RETIRO", "distance": 0.5, "betweenness": 0.00056557322509814345, "weight": 0.10056557322509815 }, "geometry": { "type": "LineString", "coordinates": [ [ -75.257587, 6.394348 ], [ -75.501301, 6.062454 ] ] } },
{ "type": "Feature", "properties": { "source": "CONCEPCIÓN", "target": "LA CEJA", "distance": 0.5, "betweenness": 0.00034932463903120635, "weight": 0.10034932463903121 }, "geometry": { "type": "LineString", "coordinates": [ [ -75.257587, 6.394348 ], [ -75.429433, 6.028062 ] ] } },
{ "type": "Feature", "properties": { "source": "CONCEPCIÓN", "target": "LA UNIÓN", "distance": 0.5, "betweenness": 0.0015913678000310507, "weight": 0.10159136780003106 }, "geometry": { "type": "LineString", "coordinates": [ [ -75.257587, 6.394348 ], [ -75.360874, 5.973845 ] ] } },
{ "type": "Feature", "properties": { "source": "CONCEPCIÓN", "target": "SAN FRANCISCO", "distance": 1.0, "betweenness": 0.0, "weight": 0.1 }, "geometry": { "type": "LineString", "coordinates": [ [ -75.257587, 6.394348 ], [ -75.101562, 5.963476 ] ] } },
{ "type": "Feature", "properties": { "source": "HELICONIA", "target": "RETIRO", "distance": 0.5, "betweenness": 0.0003687315634218289, "weight": 0.10036873156342184 }, "geometry": { "type": "LineString", "coordinates": [ [ -75.734322, 6.206757 ], [ -75.501301, 6.062454 ] ] } },
{ "type": "Feature", "properties": { "source": "HELICONIA", "target": "ENVIGADO", "distance": 0.5, "betweenness": 0.00032991771464058374, "weight": 0.10032991771464059 }, "geometry": { "type": "LineString", "coordinates": [ [ -75.734322, 6.206757 ], [ -75.582192, 6.166695 ] ] } },
{ "type": "Feature", "properties": { "source": "HELICONIA", "target": "CALDAS", "distance": 0.5, "betweenness": 0.0002328830926874709, "weight": 0.10023288309268748 }, "geometry": { "type": "LineString", "coordinates": [ [ -75.734322, 6.206757 ], [ -75.633673, 6.091077 ] ] } },
{ "type": "Feature", "properties": { "source": "HELICONIA", "target": "CAICEDO", "distance": 0.5, "betweenness": 0.00027687212130621535, "weight": 0.10027687212130622 }, "geometry": { "type": "LineString", "coordinates": [ [ -75.734322, 6.206757 ], [ -75.98293, 6.405607 ] ] } },
{ "type": "Feature", "properties": { "source": "HELICONIA", "target": "FREDONIA", "distance": 0.5, "betweenness": 0.00030835446531766981, "weight": 0.10030835446531768 }, "geometry": { "type": "LineString", "coordinates": [ [ -75.734322, 6.206757 ], [ -75.675072, 5.928039 ] ] } },
{ "type": "Feature", "properties": { "source": "HELICONIA", "target": "TITIRIBÍ", "distance": 0.5, "betweenness": 0.00018285635425831047, "weight": 0.10018285635425832 }, "geometry": { "type": "LineString", "coordinates": [ [ -75.734322, 6.206757 ], [ -75.791887, 6.062391 ] ] } },
{ "type": "Feature", "properties": { "source": "HELICONIA", "target": "URRAO", "distance": 0.5, "betweenness": 0.0015568666011143886, "weight": 0.10155686660111439 }, "geometry": { "type": "LineString", "coordinates": [ [ -75.734322, 6.206757 ], [ -76.133951, 6.317343 ] ] } },
{ "type": "Feature", "properties": { "source": "HELICONIA", "target": "CONCORDIA", "distance": 0.5, "betweenness": 0.00043644016629577876, "weight": 0.10043644016629578 }, "geometry": { "type": "LineString", "coordinates": [ [ -75.734322, 6.206757 ], [ -75.908448, 6.045738 ] ] } },
{ "type": "Feature", "properties": { "source": "HELICONIA", "target": "SALGAR", "distance": 0.5, "betweenness": 0.00079660803927222173, "weight": 0.10079660803927223 }, "geometry": { "type": "LineString", "coordinates": [ [ -75.734322, 6.206757 ], [ -75.976807, 5.964198 ] ] } },
{ "type": "Feature", "properties": { "source": "HELICONIA", "target": "RIONEGRO", "distance": 0.5, "betweenness": 0.00033195082100531556, "weight": 0.10033195082100532 }, "geometry": { "type": "LineString", "coordinates": [ [ -75.734322, 6.206757 ], [ -75.377316, 6.147148 ] ] } },
{ "type": "Feature", "properties": { "source": "HELICONIA", "target": "BETULIA", "distance": 0.5, "betweenness": 0.00020355707360830789, "weight": 0.10020355707360831 }, "geometry": { "type": "LineString", "coordinates": [ [ -75.734322, 6.206757 ], [ -75.984452, 6.115208 ] ] } },
{ "type": "Feature", "properties": { "source": "HELICONIA", "target": "VENECIA", "distance": 0.5, "betweenness": 0.00035079378349056969, "weight": 0.10035079378349057 }, "geometry": { "type": "LineString", "coordinates": [ [ -75.734322, 6.206757 ], [ -75.735544, 5.964693 ] ] } },
{ "type": "Feature", "properties": { "source": "HELICONIA", "target": "ANZÁ", "distance": 0.5, "betweenness": 0.00065207265952491847, "weight": 0.10065207265952493 }, "geometry": { "type": "LineString", "coordinates": [ [ -75.734322, 6.206757 ], [ -75.854442, 6.302641 ] ] } },
{ "type": "Feature", "properties": { "source": "HELICONIA", "target": "AMAGÁ", "distance": 0.5, "betweenness": 0.00017250599458331178, "weight": 0.10017250599458331 }, "geometry": { "type": "LineString", "coordinates": [ [ -75.734322, 6.206757 ], [ -75.702188, 6.038708 ] ] } },
{ "type": "Feature", "properties": { "source": "HELICONIA", "target": "ANGELÓPOLIS", "distance": 0.33333333333333331, "betweenness": 0.00082026600424364758, "weight": 0.10082026600424365 }, "geometry": { "type": "LineString", "coordinates": [ [ -75.734322, 6.206757 ], [ -75.711389, 6.109719 ] ] } },
{ "type": "Feature", "properties": { "source": "HELICONIA", "target": "SANTA BÁRBARA", "distance": 0.5, "betweenness": 0.00021347616829684831, "weight": 0.10021347616829686 }, "geometry": { "type": "LineString", "coordinates": [ [ -75.734322, 6.206757 ], [ -75.567351, 5.875527 ] ] } },
{ "type": "Feature", "properties": { "source": "HELICONIA", "target": "SABANETA", "distance": 0.5, "betweenness": 0.00015525539512498059, "weight": 0.10015525539512499 }, "geometry": { "type": "LineString", "coordinates": [ [ -75.734322, 6.206757 ], [ -75.615479, 6.149903 ] ] } },
{ "type": "Feature", "properties": { "source": "HELICONIA", "target": "LA CEJA", "distance": 0.5, "betweenness": 0.00019406924390622573, "weight": 0.10019406924390623 }, "geometry": { "type": "LineString", "coordinates": [ [ -75.734322, 6.206757 ], [ -75.429433, 6.028062 ] ] } },
{ "type": "Feature", "properties": { "source": "HELICONIA", "target": "PUEBLORRICO", "distance": 1.0, "betweenness": 0.0, "weight": 0.1 }, "geometry": { "type": "LineString", "coordinates": [ [ -75.734322, 6.206757 ], [ -75.839903, 5.79158 ] ] } },
{ "type": "Feature", "properties": { "source": "HELICONIA", "target": "MONTEBELLO", "distance": 0.5, "betweenness": 0.00033546255018076159, "weight": 0.10033546255018076 }, "geometry": { "type": "LineString", "coordinates": [ [ -75.734322, 6.206757 ], [ -75.523455, 5.946313 ] ] } },
{ "type": "Feature", "properties": { "source": "HELICONIA", "target": "LA ESTRELLA", "distance": 0.5, "betweenness": 0.00015525539512498059, "weight": 0.10015525539512499 }, "geometry": { "type": "LineString", "coordinates": [ [ -75.734322, 6.206757 ], [ -75.637708, 6.145238 ] ] } },
{ "type": "Feature", "properties": { "source": "HELICONIA", "target": "EL CARMEN DE VIBORAL", "distance": 0.33333333333333331, "betweenness": 0.0023521192361434552, "weight": 0.10235211923614346 }, "geometry": { "type": "LineString", "coordinates": [ [ -75.734322, 6.206757 ], [ -75.333901, 6.082885 ] ] } },
{ "type": "Feature", "properties": { "source": "HELICONIA", "target": "ARMENIA", "distance": 0.5, "betweenness": 0.00020355707360830789, "weight": 0.10020355707360831 }, "geometry": { "type": "LineString", "coordinates": [ [ -75.734322, 6.206757 ], [ -75.786647, 6.155667 ] ] } },
{ "type": "Feature", "properties": { "source": "HELICONIA", "target": "ITAGÜÍ", "distance": 0.5, "betweenness": 0.00015525539512498059, "weight": 0.10015525539512499 }, "geometry": { "type": "LineString", "coordinates": [ [ -75.734322, 6.206757 ], [ -75.612056, 6.175079 ] ] } },
{ "type": "Feature", "properties": { "source": "HELICONIA", "target": "TARSO", "distance": 0.5, "betweenness": 0.00062274664044575543, "weight": 0.10062274664044576 }, "geometry": { "type": "LineString", "coordinates": [ [ -75.734322, 6.206757 ], [ -75.822956, 5.864542 ] ] } },
{ "type": "Feature", "properties": { "source": "HELICONIA", "target": "MARINILLA", "distance": 0.5, "betweenness": 0.00019406924390622573, "weight": 0.10019406924390623 }, "geometry": { "type": "LineString", "coordinates": [ [ -75.734322, 6.206757 ], [ -75.339345, 6.173995 ] ] } },
{ "type": "Feature", "properties": { "source": "HELICONIA", "target": "CIUDAD BOLÍVAR", "distance": 1.0, "betweenness": 0.0, "weight": 0.1 }, "geometry": { "type": "LineString", "coordinates": [ [ -75.734322, 6.206757 ], [ -76.021509, 5.850273 ] ] } },
{ "type": "Feature", "properties": { "source": "HELICONIA", "target": "JERICÓ", "distance": 1.0, "betweenness": 0.0, "weight": 0.1 }, "geometry": { "type": "LineString", "coordinates": [ [ -75.734322, 6.206757 ], [ -75.785499, 5.789748 ] ] } },
{ "type": "Feature", "properties": { "source": "HELICONIA", "target": "ABEJORRAL", "distance": 1.0, "betweenness": 0.0, "weight": 0.1 }, "geometry": { "type": "LineString", "coordinates": [ [ -75.734322, 6.206757 ], [ -75.428739, 5.789315 ] ] } },
{ "type": "Feature", "properties": { "source": "ANZÁ", "target": "URRAO", "distance": 0.5, "betweenness": 0.00024582104228121923, "weight": 0.10024582104228122 }, "geometry": { "type": "LineString", "coordinates": [ [ -75.854442, 6.302641 ], [ -76.133951, 6.317343 ] ] } },
{ "type": "Feature", "properties": { "source": "ANZÁ", "target": "LA ESTRELLA", "distance": 0.5, "betweenness": 0.00062102158049992236, "weight": 0.10062102158049993 }, "geometry": { "type": "LineString", "coordinates": [ [ -75.854442, 6.302641 ], [ -75.637708, 6.145238 ] ] } },
{ "type": "Feature", "properties": { "source": "ANZÁ", "target": "BETULIA", "distance": 0.5, "betweenness": 0.00031051079024996118, "weight": 0.10031051079024997 }, "geometry": { "type": "LineString", "coordinates": [ [ -75.854442, 6.302641 ], [ -75.984452, 6.115208 ] ] } },
{ "type": "Feature", "properties": { "source": "ANZÁ", "target": "CAICEDO", "distance": 0.33333333333333331, "betweenness": 0.00086943021269989115, "weight": 0.1008694302126999 }, "geometry": { "type": "LineString", "coordinates": [ [ -75.854442, 6.302641 ], [ -75.98293, 6.405607 ] ] } },
{ "type": "Feature", "properties": { "source": "ANZÁ", "target": "CONCORDIA", "distance": 0.5, "betweenness": 0.00077627697562490292, "weight": 0.10077627697562491 }, "geometry": { "type": "LineString", "coordinates": [ [ -75.854442, 6.302641 ], [ -75.908448, 6.045738 ] ] } },
{ "type": "Feature", "properties": { "source": "ANZÁ", "target": "SALGAR", "distance": 0.33333333333333331, "betweenness": 0.0066856854525694752, "weight": 0.10668568545256948 }, "geometry": { "type": "LineString", "coordinates": [ [ -75.854442, 6.302641 ], [ -75.976807, 5.964198 ] ] } },
{ "type": "Feature", "properties": { "source": "ANZÁ", "target": "ANGELÓPOLIS", "distance": 0.5, "betweenness": 0.0004657661853749418, "weight": 0.10046576618537495 }, "geometry": { "type": "LineString", "coordinates": [ [ -75.854442, 6.302641 ], [ -75.711389, 6.109719 ] ] } },
{ "type": "Feature", "properties": { "source": "ANZÁ", "target": "ARMENIA", "distance": 0.5, "betweenness": 0.00062102158049992236, "weight": 0.10062102158049993 }, "geometry": { "type": "LineString", "coordinates": [ [ -75.854442, 6.302641 ], [ -75.786647, 6.155667 ] ] } },
{ "type": "Feature", "properties": { "source": "ANZÁ", "target": "TITIRIBÍ", "distance": 0.5, "betweenness": 0.00071158722765616114, "weight": 0.10071158722765616 }, "geometry": { "type": "LineString", "coordinates": [ [ -75.854442, 6.302641 ], [ -75.791887, 6.062391 ] ] } },
{ "type": "Feature", "properties": { "source": "ANZÁ", "target": "AMAGÁ", "distance": 0.5, "betweenness": 0.0014361124049060705, "weight": 0.10143611240490608 }, "geometry": { "type": "LineString", "coordinates": [ [ -75.854442, 6.302641 ], [ -75.702188, 6.038708 ] ] } },
{ "type": "Feature", "properties": { "source": "ANZÁ", "target": "ITAGÜÍ", "distance": 0.5, "betweenness": 0.00094964550018113137, "weight": 0.10094964550018114 }, "geometry": { "type": "LineString", "coordinates": [ [ -75.854442, 6.302641 ], [ -75.612056, 6.175079 ] ] } },
{ "type": "Feature", "properties": { "source": "ANZÁ", "target": "CALDAS", "distance": 0.5, "betweenness": 0.0014456002346081528, "weight": 0.10144560023460816 }, "geometry": { "type": "LineString", "coordinates": [ [ -75.854442, 6.302641 ], [ -75.633673, 6.091077 ] ] } },
{ "type": "Feature", "properties": { "source": "ANZÁ", "target": "ENVIGADO", "distance": 0.5, "betweenness": 0.0013326088081560832, "weight": 0.10133260880815609 }, "geometry": { "type": "LineString", "coordinates": [ [ -75.854442, 6.302641 ], [ -75.582192, 6.166695 ] ] } },
{ "type": "Feature", "properties": { "source": "ANZÁ", "target": "RETIRO", "distance": 1.0, "betweenness": 0.0, "weight": 0.1 }, "geometry": { "type": "LineString", "coordinates": [ [ -75.854442, 6.302641 ], [ -75.501301, 6.062454 ] ] } },
{ "type": "Feature", "properties": { "source": "ANZÁ", "target": "VENECIA", "distance": 0.5, "betweenness": 0.0019167572323138227, "weight": 0.10191675723231383 }, "geometry": { "type": "LineString", "coordinates": [ [ -75.854442, 6.302641 ], [ -75.735544, 5.964693 ] ] } },
{ "type": "Feature", "properties": { "source": "ANZÁ", "target": "TARSO", "distance": 0.5, "betweenness": 0.0017997448940762456, "weight": 0.10179974489407626 }, "geometry": { "type": "LineString", "coordinates": [ [ -75.854442, 6.302641 ], [ -75.822956, 5.864542 ] ] } },
{ "type": "Feature", "properties": { "source": "ANZÁ", "target": "CIUDAD BOLÍVAR", "distance": 0.5, "betweenness": 0.0031051079024996117, "weight": 0.10310510790249962 }, "geometry": { "type": "LineString", "coordinates": [ [ -75.854442, 6.302641 ], [ -76.021509, 5.850273 ] ] } },
{ "type": "Feature", "properties": { "source": "ANZÁ", "target": "SABANETA", "distance": 0.33333333333333331, "betweenness": 0.0045463954872431815, "weight": 0.10454639548724319 }, "geometry": { "type": "LineString", "coordinates": [ [ -75.854442, 6.302641 ], [ -75.615479, 6.149903 ] ] } },
{ "type": "Feature", "properties": { "source": "ANZÁ", "target": "FREDONIA", "distance": 1.0, "betweenness": 0.0, "weight": 0.1 }, "geometry": { "type": "LineString", "coordinates": [ [ -75.854442, 6.302641 ], [ -75.675072, 5.928039 ] ] } },
{ "type": "Feature", "properties": { "source": "URRAO", "target": "CAICEDO", "distance": 0.5, "betweenness": 0.00025875899187496768, "weight": 0.10025875899187497 }, "geometry": { "type": "LineString", "coordinates": [ [ -76.133951, 6.317343 ], [ -75.98293, 6.405607 ] ] } },
{ "type": "Feature", "properties": { "source": "URRAO", "target": "BETULIA", "distance": 0.5, "betweenness": 0.0007219375873311597, "weight": 0.10072193758733117 }, "geometry": { "type": "LineString", "coordinates": [ [ -76.133951, 6.317343 ], [ -75.984452, 6.115208 ] ] } },
{ "type": "Feature", "properties": { "source": "URRAO", "target": "CONCORDIA", "distance": 0.5, "betweenness": 0.00099622211871862537, "weight": 0.10099622211871863 }, "geometry": { "type": "LineString", "coordinates": [ [ -76.133951, 6.317343 ], [ -75.908448, 6.045738 ] ] } },
{ "type": "Feature", "properties": { "source": "URRAO", "target": "ARMENIA", "distance": 0.5, "betweenness": 0.0015252666393793547, "weight": 0.10152526663937936 }, "geometry": { "type": "LineString", "coordinates": [ [ -76.133951, 6.317343 ], [ -75.786647, 6.155667 ] ] } },
{ "type": "Feature", "properties": { "source": "URRAO", "target": "SALGAR", "distance": 0.5, "betweenness": 0.0016560575479997932, "weight": 0.10165605754799979 }, "geometry": { "type": "LineString", "coordinates": [ [ -76.133951, 6.317343 ], [ -75.976807, 5.964198 ] ] } },
{ "type": "Feature", "properties": { "source": "URRAO", "target": "TITIRIBÍ", "distance": 0.33333333333333331, "betweenness": 0.0050561507012368669, "weight": 0.10505615070123688 }, "geometry": { "type": "LineString", "coordinates": [ [ -76.133951, 6.317343 ], [ -75.791887, 6.062391 ] ] } },
{ "type": "Feature", "properties": { "source": "URRAO", "target": "CIUDAD BOLÍVAR", "distance": 0.5, "betweenness": 0.0033121150959995863, "weight": 0.10331211509599959 }, "geometry": { "type": "LineString", "coordinates": [ [ -76.133951, 6.317343 ], [ -76.021509, 5.850273 ] ] } },
{ "type": "Feature", "properties": { "source": "URRAO", "target": "VIGÍA DEL FUERTE", "distance": 0.33333333333333331, "betweenness": 0.011799410029498525, "weight": 0.11179941002949853 }, "geometry": { "type": "LineString", "coordinates": [ [ -76.133951, 6.317343 ], [ -76.896004, 6.588164 ] ] } },
{ "type": "Feature", "properties": { "source": "URRAO", "target": "ANGELÓPOLIS", "distance": 0.5, "betweenness": 0.00083837913367489525, "weight": 0.1008383791336749 }, "geometry": { "type": "LineString", "coordinates": [ [ -76.133951, 6.317343 ], [ -75.711389, 6.109719 ] ] } },
{ "type": "Feature", "properties": { "source": "URRAO", "target": "MURINDÓ", "distance": 1.0, "betweenness": 0.0, "weight": 0.1 }, "geometry": { "type": "LineString", "coordinates": [ [ -76.133951, 6.317343 ], [ -76.817485, 6.97771 ] ] } },
{ "type": "Feature", "properties": { "source": "URRAO", "target": "JERICÓ", "distance": 0.5, "betweenness": 0.0038166951301557726, "weight": 0.10381669513015578 }, "geometry": { "type": "LineString", "coordinates": [ [ -76.133951, 6.317343 ], [ -75.785499, 5.789748 ] ] } },
{ "type": "Feature", "properties": { "source": "URRAO", "target": "VENECIA", "distance": 0.5, "betweenness": 0.0025931347542898545, "weight": 0.10259313475428986 }, "geometry": { "type": "LineString", "coordinates": [ [ -76.133951, 6.317343 ], [ -75.735544, 5.964693 ] ] } },
{ "type": "Feature", "properties": { "source": "URRAO", "target": "HISPANIA", "distance": 0.5, "betweenness": 0.0043796807653351663, "weight": 0.10437968076533517 }, "geometry": { "type": "LineString", "coordinates": [ [ -76.133951, 6.317343 ], [ -75.906587, 5.799461 ] ] } },
{ "type": "Feature", "properties": { "source": "URRAO", "target": "PUEBLORRICO", "distance": 0.33333333333333331, "betweenness": 0.012970740229021277, "weight": 0.11297074022902129 }, "geometry": { "type": "LineString", "coordinates": [ [ -76.133951, 6.317343 ], [ -75.839903, 5.79158 ] ] } },
{ "type": "Feature", "properties": { "source": "URRAO", "target": "TARSO", "distance": 0.5, "betweenness": 0.0016871086270247892, "weight": 0.10168710862702479 }, "geometry": { "type": "LineString", "coordinates": [ [ -76.133951, 6.317343 ], [ -75.822956, 5.864542 ] ] } },
{ "type": "Feature", "properties": { "source": "URRAO", "target": "BETANIA", "distance": 0.5, "betweenness": 0.005181906451119306, "weight": 0.10518190645111931 }, "geometry": { "type": "LineString", "coordinates": [ [ -76.133951, 6.317343 ], [ -75.97679, 5.74615 ] ] } },
{ "type": "Feature", "properties": { "source": "URRAO", "target": "AMAGÁ", "distance": 0.5, "betweenness": 0.0019148165398747605, "weight": 0.10191481653987476 }, "geometry": { "type": "LineString", "coordinates": [ [ -76.133951, 6.317343 ], [ -75.702188, 6.038708 ] ] } },
{ "type": "Feature", "properties": { "source": "URRAO", "target": "FREDONIA", "distance": 0.5, "betweenness": 0.002489631157539867, "weight": 0.10248963115753987 }, "geometry": { "type": "LineString", "coordinates": [ [ -76.133951, 6.317343 ], [ -75.675072, 5.928039 ] ] } },
{ "type": "Feature", "properties": { "source": "URRAO", "target": "ANDES", "distance": 0.5, "betweenness": 0.0048905449464368882, "weight": 0.10489054494643689 }, "geometry": { "type": "LineString", "coordinates": [ [ -76.133951, 6.317343 ], [ -75.878828, 5.657194 ] ] } },
{ "type": "Feature", "properties": { "source": "URRAO", "target": "CALDAS", "distance": 0.5, "betweenness": 0.0023779951353309525, "weight": 0.10237799513533095 }, "geometry": { "type": "LineString", "coordinates": [ [ -76.133951, 6.317343 ], [ -75.633673, 6.091077 ] ] } },
{ "type": "Feature", "properties": { "source": "URRAO", "target": "LA ESTRELLA", "distance": 0.5, "betweenness": 0.0015666680780793494, "weight": 0.10156666807807936 }, "geometry": { "type": "LineString", "coordinates": [ [ -76.133951, 6.317343 ], [ -75.637708, 6.145238 ] ] } },
{ "type": "Feature", "properties": { "source": "CAICEDO", "target": "BETULIA", "distance": 0.5, "betweenness": 0.00021218237333747348, "weight": 0.10021218237333748 }, "geometry": { "type": "LineString", "coordinates": [ [ -75.98293, 6.405607 ], [ -75.984452, 6.115208 ] ] } },
{ "type": "Feature", "properties": { "source": "CAICEDO", "target": "CONCORDIA", "distance": 0.33333333333333331, "betweenness": 0.0041737825389432295, "weight": 0.10417378253894323 }, "geometry": { "type": "LineString", "coordinates": [ [ -75.98293, 6.405607 ], [ -75.908448, 6.045738 ] ] } },
{ "type": "Feature", "properties": { "source": "CAICEDO", "target": "ARMENIA", "distance": 0.5, "betweenness": 0.00036226258862495468, "weight": 0.10036226258862496 }, "geometry": { "type": "LineString", "coordinates": [ [ -75.98293, 6.405607 ], [ -75.786647, 6.155667 ] ] } },
{ "type": "Feature", "properties": { "source": "CAICEDO", "target": "ANGELÓPOLIS", "distance": 0.33333333333333331, "betweenness": 0.0029058634787558876, "weight": 0.1029058634787559 }, "geometry": { "type": "LineString", "coordinates": [ [ -75.98293, 6.405607 ], [ -75.711389, 6.109719 ] ] } },
{ "type": "Feature", "properties": { "source": "CAICEDO", "target": "SALGAR", "distance": 0.5, "betweenness": 0.00034156186927495735, "weight": 0.10034156186927497 }, "geometry": { "type": "LineString", "coordinates": [ [ -75.98293, 6.405607 ], [ -75.976807, 5.964198 ] ] } },
{ "type": "Feature", "properties": { "source": "CAICEDO", "target": "TITIRIBÍ", "distance": 0.5, "betweenness": 0.00089271852196863837, "weight": 0.10089271852196864 }, "geometry": { "type": "LineString", "coordinates": [ [ -75.98293, 6.405607 ], [ -75.791887, 6.062391 ] ] } },
{ "type": "Feature", "properties": { "source": "CAICEDO", "target": "LA ESTRELLA", "distance": 1.0, "betweenness": 0.0, "weight": 0.1 }, "geometry": { "type": "LineString", "coordinates": [ [ -75.98293, 6.405607 ], [ -75.637708, 6.145238 ] ] } },
{ "type": "Feature", "properties": { "source": "GRANADA", "target": "MARINILLA", "distance": 0.33333333333333331, "betweenness": 0.0021563249322913967, "weight": 0.1021563249322914 }, "geometry": { "type": "LineString", "coordinates": [ [ -75.184446, 6.142892 ], [ -75.339345, 6.173995 ] ] } },
{ "type": "Feature", "properties": { "source": "GRANADA", "target": "GUATAPÉ", "distance": 0.5, "betweenness": 0.00017466231951560317, "weight": 0.10017466231951561 }, "geometry": { "type": "LineString", "coordinates": [ [ -75.184446, 6.142892 ], [ -75.160041, 6.232461 ] ] } },
{ "type": "Feature", "properties": { "source": "GRANADA", "target": "PEÑOL", "distance": 0.5, "betweenness": 0.00020053821870309995, "weight": 0.1002005382187031 }, "geometry": { "type": "LineString", "coordinates": [ [ -75.184446, 6.142892 ], [ -75.242693, 6.219349 ] ] } },
{ "type": "Feature", "properties": { "source": "GRANADA", "target": "ENVIGADO", "distance": 0.5, "betweenness": 0.00044204661111973633, "weight": 0.10044204661111975 }, "geometry": { "type": "LineString", "coordinates": [ [ -75.184446, 6.142892 ], [ -75.582192, 6.166695 ] ] } },
{ "type": "Feature", "properties": { "source": "GRANADA", "target": "RETIRO", "distance": 0.5, "betweenness": 0.0010724328027541812, "weight": 0.10107243280275419 }, "geometry": { "type": "LineString", "coordinates": [ [ -75.184446, 6.142892 ], [ -75.501301, 6.062454 ] ] } },
{ "type": "Feature", "properties": { "source": "GRANADA", "target": "SONSÓN", "distance": 0.5, "betweenness": 0.0010555014514027088, "weight": 0.10105550145140271 }, "geometry": { "type": "LineString", "coordinates": [ [ -75.184446, 6.142892 ], [ -75.309596, 5.714851 ] ] } },
{ "type": "Feature", "properties": { "source": "GRANADA", "target": "EL CARMEN DE VIBORAL", "distance": 0.5, "betweenness": 0.00038598216288016009, "weight": 0.10038598216288017 }, "geometry": { "type": "LineString", "coordinates": [ [ -75.184446, 6.142892 ], [ -75.333901, 6.082885 ] ] } },
{ "type": "Feature", "properties": { "source": "GRANADA", "target": "SAN RAFAEL", "distance": 0.5, "betweenness": 0.00028266339398151229, "weight": 0.10028266339398152 }, "geometry": { "type": "LineString", "coordinates": [ [ -75.184446, 6.142892 ], [ -75.02849, 6.293759 ] ] } },
{ "type": "Feature", "properties": { "source": "GRANADA", "target": "SAN CARLOS", "distance": 0.5, "betweenness": 0.00018630647414997673, "weight": 0.10018630647414999 }, "geometry": { "type": "LineString", "coordinates": [ [ -75.184446, 6.142892 ], [ -74.988097, 6.187746 ] ] } },
{ "type": "Feature", "properties": { "source": "GRANADA", "target": "LA UNIÓN", "distance": 0.5, "betweenness": 0.00028506615604892275, "weight": 0.10028506615604893 }, "geometry": { "type": "LineString", "coordinates": [ [ -75.184446, 6.142892 ], [ -75.360874, 5.973845 ] ] } },
{ "type": "Feature", "properties": { "source": "GRANADA", "target": "ABEJORRAL", "distance": 0.5, "betweenness": 0.00092795903229065757, "weight": 0.10092795903229067 }, "geometry": { "type": "LineString", "coordinates": [ [ -75.184446, 6.142892 ], [ -75.428739, 5.789315 ] ] } },
{ "type": "Feature", "properties": { "source": "GRANADA", "target": "ALEJANDRÍA", "distance": 0.33333333333333331, "betweenness": 0.001345546757749832, "weight": 0.10134554675774984 }, "geometry": { "type": "LineString", "coordinates": [ [ -75.184446, 6.142892 ], [ -75.141346, 6.376061 ] ] } },
{ "type": "Feature", "properties": { "source": "GRANADA", "target": "SAN FRANCISCO", "distance": 0.5, "betweenness": 0.00087221383215794015, "weight": 0.10087221383215794 }, "geometry": { "type": "LineString", "coordinates": [ [ -75.184446, 6.142892 ], [ -75.101562, 5.963476 ] ] } },
{ "type": "Feature", "properties": { "source": "GRANADA", "target": "RIONEGRO", "distance": 0.5, "betweenness": 0.00038210077800203553, "weight": 0.10038210077800204 }, "geometry": { "type": "LineString", "coordinates": [ [ -75.184446, 6.142892 ], [ -75.377316, 6.147148 ] ] } },
{ "type": "Feature", "properties": { "source": "GRANADA", "target": "LA CEJA", "distance": 0.5, "betweenness": 0.00065164139453846017, "weight": 0.10065164139453847 }, "geometry": { "type": "LineString", "coordinates": [ [ -75.184446, 6.142892 ], [ -75.429433, 6.028062 ] ] } },
{ "type": "Feature", "properties": { "source": "GRANADA", "target": "COCORNÁ", "distance": 0.5, "betweenness": 0.00020571339854059931, "weight": 0.10020571339854061 }, "geometry": { "type": "LineString", "coordinates": [ [ -75.184446, 6.142892 ], [ -75.185483, 6.058295 ] ] } },
{ "type": "Feature", "properties": { "source": "GRANADA", "target": "EL SANTUARIO", "distance": 0.33333333333333331, "betweenness": 0.00060808363090617391, "weight": 0.10060808363090618 }, "geometry": { "type": "LineString", "coordinates": [ [ -75.184446, 6.142892 ], [ -75.265465, 6.136871 ] ] } },
{ "type": "Feature", "properties": { "source": "GRANADA", "target": "SAN LUIS", "distance": 0.5, "betweenness": 0.00018630647414997673, "weight": 0.10018630647414999 }, "geometry": { "type": "LineString", "coordinates": [ [ -75.184446, 6.142892 ], [ -74.993619, 6.043017 ] ] } },
{ "type": "Feature", "properties": { "source": "GRANADA", "target": "SAN ROQUE", "distance": 0.5, "betweenness": 0.00039029481274474294, "weight": 0.10039029481274475 }, "geometry": { "type": "LineString", "coordinates": [ [ -75.184446, 6.142892 ], [ -75.019109, 6.485939 ] ] } },
{ "type": "Feature", "properties": { "source": "GRANADA", "target": "PUERTO NARE", "distance": 0.5, "betweenness": 0.002093976337106286, "weight": 0.10209397633710629 }, "geometry": { "type": "LineString", "coordinates": [ [ -75.184446, 6.142892 ], [ -74.583012, 6.186025 ] ] } },
{ "type": "Feature", "properties": { "source": "GRANADA", "target": "CISNEROS", "distance": 0.5, "betweenness": 0.00041519056423574348, "weight": 0.10041519056423574 }, "geometry": { "type": "LineString", "coordinates": [ [ -75.184446, 6.142892 ], [ -75.087047, 6.537829 ] ] } },
{ "type": "Feature", "properties": { "source": "GRANADA", "target": "ARGELIA", "distance": 0.5, "betweenness": 0.0029556045741420687, "weight": 0.10295560457414207 }, "geometry": { "type": "LineString", "coordinates": [ [ -75.184446, 6.142892 ], [ -75.14107, 5.731474 ] ] } },
{ "type": "Feature", "properties": { "source": "ENVIGADO", "target": "LA CEJA", "distance": 0.5, "betweenness": 0.00015525539512498059, "weight": 0.10015525539512499 }, "geometry": { "type": "LineString", "coordinates": [ [ -75.582192, 6.166695 ], [ -75.429433, 6.028062 ] ] } },
{ "type": "Feature", "properties": { "source": "ENVIGADO", "target": "EL CARMEN DE VIBORAL", "distance": 0.33333333333333331, "betweenness": 0.00125325605064776, "weight": 0.10125325605064776 }, "geometry": { "type": "LineString", "coordinates": [ [ -75.582192, 6.166695 ], [ -75.333901, 6.082885 ] ] } },
{ "type": "Feature", "properties": { "source": "ENVIGADO", "target": "FREDONIA", "distance": 0.5, "betweenness": 0.0017078093463747865, "weight": 0.10170780934637479 }, "geometry": { "type": "LineString", "coordinates": [ [ -75.582192, 6.166695 ], [ -75.675072, 5.928039 ] ] } },
{ "type": "Feature", "properties": { "source": "ENVIGADO", "target": "LA UNIÓN", "distance": 0.5, "betweenness": 0.00015525539512498059, "weight": 0.10015525539512499 }, "geometry": { "type": "LineString", "coordinates": [ [ -75.582192, 6.166695 ], [ -75.360874, 5.973845 ] ] } },
{ "type": "Feature", "properties": { "source": "ENVIGADO", "target": "RIONEGRO", "distance": 0.5, "betweenness": 0.0002328830926874709, "weight": 0.10023288309268748 }, "geometry": { "type": "LineString", "coordinates": [ [ -75.582192, 6.166695 ], [ -75.377316, 6.147148 ] ] } },
{ "type": "Feature", "properties": { "source": "ENVIGADO", "target": "CONCORDIA", "distance": 0.5, "betweenness": 0.001575842260518553, "weight": 0.10157584226051856 }, "geometry": { "type": "LineString", "coordinates": [ [ -75.582192, 6.166695 ], [ -75.908448, 6.045738 ] ] } },
{ "type": "Feature", "properties": { "source": "ENVIGADO", "target": "ABEJORRAL", "distance": 0.5, "betweenness": 0.00043989028618744496, "weight": 0.10043989028618745 }, "geometry": { "type": "LineString", "coordinates": [ [ -75.582192, 6.166695 ], [ -75.428739, 5.789315 ] ] } },
{ "type": "Feature", "properties": { "source": "ENVIGADO", "target": "AMAGÁ", "distance": 0.5, "betweenness": 0.0015836050302748018, "weight": 0.1015836050302748 }, "geometry": { "type": "LineString", "coordinates": [ [ -75.582192, 6.166695 ], [ -75.702188, 6.038708 ] ] } },
{ "type": "Feature", "properties": { "source": "ENVIGADO", "target": "MONTEBELLO", "distance": 0.5, "betweenness": 0.00061880364628385121, "weight": 0.10061880364628385 }, "geometry": { "type": "LineString", "coordinates": [ [ -75.582192, 6.166695 ], [ -75.523455, 5.946313 ] ] } },
{ "type": "Feature", "properties": { "source": "ENVIGADO", "target": "RETIRO", "distance": 0.5, "betweenness": 0.00015525539512498059, "weight": 0.10015525539512499 }, "geometry": { "type": "LineString", "coordinates": [ [ -75.582192, 6.166695 ], [ -75.501301, 6.062454 ] ] } },
{ "type": "Feature", "properties": { "source": "ENVIGADO", "target": "CALDAS", "distance": 0.33333333333333331, "betweenness": 0.0034015717760477893, "weight": 0.10340157177604779 }, "geometry": { "type": "LineString", "coordinates": [ [ -75.582192, 6.166695 ], [ -75.633673, 6.091077 ] ] } },
{ "type": "Feature", "properties": { "source": "ENVIGADO", "target": "ANGELÓPOLIS", "distance": 0.5, "betweenness": 0.00041401438699994829, "weight": 0.10041401438699996 }, "geometry": { "type": "LineString", "coordinates": [ [ -75.582192, 6.166695 ], [ -75.711389, 6.109719 ] ] } },
{ "type": "Feature", "properties": { "source": "ENVIGADO", "target": "PEÑOL", "distance": 0.33333333333333331, "betweenness": 0.00070659687567000101, "weight": 0.10070659687567 }, "geometry": { "type": "LineString", "coordinates": [ [ -75.582192, 6.166695 ], [ -75.242693, 6.219349 ] ] } },
{ "type": "Feature", "properties": { "source": "ENVIGADO", "target": "EL SANTUARIO", "distance": 0.5, "betweenness": 0.00032462491707950487, "weight": 0.10032462491707951 }, "geometry": { "type": "LineString", "coordinates": [ [ -75.582192, 6.166695 ], [ -75.265465, 6.136871 ] ] } },
{ "type": "Feature", "properties": { "source": "ENVIGADO", "target": "BETULIA", "distance": 0.33333333333333331, "betweenness": 0.00448158252070688, "weight": 0.10448158252070688 }, "geometry": { "type": "LineString", "coordinates": [ [ -75.582192, 6.166695 ], [ -75.984452, 6.115208 ] ] } },
{ "type": "Feature", "properties": { "source": "ENVIGADO", "target": "MARINILLA", "distance": 0.5, "betweenness": 0.00015525539512498059, "weight": 0.10015525539512499 }, "geometry": { "type": "LineString", "coordinates": [ [ -75.582192, 6.166695 ], [ -75.339345, 6.173995 ] ] } },
{ "type": "Feature", "properties": { "source": "ENVIGADO", "target": "TITIRIBÍ", "distance": 0.5, "betweenness": 0.0015550239234449761, "weight": 0.10155502392344498 }, "geometry": { "type": "LineString", "coordinates": [ [ -75.582192, 6.166695 ], [ -75.791887, 6.062391 ] ] } },
{ "type": "Feature", "properties": { "source": "ENVIGADO", "target": "COCORNÁ", "distance": 0.5, "betweenness": 0.00074381448391695249, "weight": 0.10074381448391696 }, "geometry": { "type": "LineString", "coordinates": [ [ -75.582192, 6.166695 ], [ -75.185483, 6.058295 ] ] } },
{ "type": "Feature", "properties": { "source": "ENVIGADO", "target": "ARMENIA", "distance": 0.5, "betweenness": 0.0011920164225706843, "weight": 0.1011920164225707 }, "geometry": { "type": "LineString", "coordinates": [ [ -75.582192, 6.166695 ], [ -75.786647, 6.155667 ] ] } },
{ "type": "Feature", "properties": { "source": "ENVIGADO", "target": "SANTA BÁRBARA", "distance": 0.5, "betweenness": 0.00054339388293743202, "weight": 0.10054339388293744 }, "geometry": { "type": "LineString", "coordinates": [ [ -75.582192, 6.166695 ], [ -75.567351, 5.875527 ] ] } },
{ "type": "Feature", "properties": { "source": "ENVIGADO", "target": "VENECIA", "distance": 0.5, "betweenness": 0.0018885615066332345, "weight": 0.10188856150663324 }, "geometry": { "type": "LineString", "coordinates": [ [ -75.582192, 6.166695 ], [ -75.735544, 5.964693 ] ] } },
{ "type": "Feature", "properties": { "source": "ENVIGADO", "target": "ITAGÜÍ", "distance": 0.33333333333333331, "betweenness": 0.0013765978367748281, "weight": 0.10137659783677483 }, "geometry": { "type": "LineString", "coordinates": [ [ -75.582192, 6.166695 ], [ -75.612056, 6.175079 ] ] } },
{ "type": "Feature", "properties": { "source": "ENVIGADO", "target": "LA ESTRELLA", "distance": 0.5, "betweenness": 0.00033269013241067266, "weight": 0.10033269013241068 }, "geometry": { "type": "LineString", "coordinates": [ [ -75.582192, 6.166695 ], [ -75.637708, 6.145238 ] ] } },
{ "type": "Feature", "properties": { "source": "ENVIGADO", "target": "GUATAPÉ", "distance": 0.5, "betweenness": 0.00029128869371067788, "weight": 0.10029128869371068 }, "geometry": { "type": "LineString", "coordinates": [ [ -75.582192, 6.166695 ], [ -75.160041, 6.232461 ] ] } },
{ "type": "Feature", "properties": { "source": "ENVIGADO", "target": "ALEJANDRÍA", "distance": 0.5, "betweenness": 0.00082802877399989648, "weight": 0.10082802877399991 }, "geometry": { "type": "LineString", "coordinates": [ [ -75.582192, 6.166695 ], [ -75.141346, 6.376061 ] ] } },
{ "type": "Feature", "properties": { "source": "ENVIGADO", "target": "SABANETA", "distance": 0.5, "betweenness": 0.00031051079024996118, "weight": 0.10031051079024997 }, "geometry": { "type": "LineString", "coordinates": [ [ -75.582192, 6.166695 ], [ -75.615479, 6.149903 ] ] } },
{ "type": "Feature", "properties": { "source": "ENVIGADO", "target": "TARSO", "distance": 1.0, "betweenness": 0.0, "weight": 0.1 }, "geometry": { "type": "LineString", "coordinates": [ [ -75.582192, 6.166695 ], [ -75.822956, 5.864542 ] ] } },
{ "type": "Feature", "properties": { "source": "ENVIGADO", "target": "JERICÓ", "distance": 1.0, "betweenness": 0.0, "weight": 0.1 }, "geometry": { "type": "LineString", "coordinates": [ [ -75.582192, 6.166695 ], [ -75.785499, 5.789748 ] ] } },
{ "type": "Feature", "properties": { "source": "ENVIGADO", "target": "SAN RAFAEL", "distance": 1.0, "betweenness": 0.0, "weight": 0.1 }, "geometry": { "type": "LineString", "coordinates": [ [ -75.582192, 6.166695 ], [ -75.02849, 6.293759 ] ] } },
{ "type": "Feature", "properties": { "source": "LA CEJA", "target": "SONSÓN", "distance": 0.5, "betweenness": 0.00073293110746787253, "weight": 0.10073293110746788 }, "geometry": { "type": "LineString", "coordinates": [ [ -75.429433, 6.028062 ], [ -75.309596, 5.714851 ] ] } },
{ "type": "Feature", "properties": { "source": "LA CEJA", "target": "ABEJORRAL", "distance": 0.5, "betweenness": 0.00031051079024996118, "weight": 0.10031051079024997 }, "geometry": { "type": "LineString", "coordinates": [ [ -75.429433, 6.028062 ], [ -75.428739, 5.789315 ] ] } },
{ "type": "Feature", "properties": { "source": "LA CEJA", "target": "LA UNIÓN", "distance": 0.5, "betweenness": 0.00015525539512498059, "weight": 0.10015525539512499 }, "geometry": { "type": "LineString", "coordinates": [ [ -75.429433, 6.028062 ], [ -75.360874, 5.973845 ] ] } },
{ "type": "Feature", "properties": { "source": "LA CEJA", "target": "ANGELÓPOLIS", "distance": 0.5, "betweenness": 0.00022327204441782925, "weight": 0.10022327204441783 }, "geometry": { "type": "LineString", "coordinates": [ [ -75.429433, 6.028062 ], [ -75.711389, 6.109719 ] ] } },
{ "type": "Feature", "properties": { "source": "LA CEJA", "target": "LA ESTRELLA", "distance": 0.5, "betweenness": 0.00023066515847139973, "weight": 0.1002306651584714 }, "geometry": { "type": "LineString", "coordinates": [ [ -75.429433, 6.028062 ], [ -75.637708, 6.145238 ] ] } },
{ "type": "Feature", "properties": { "source": "LA CEJA", "target": "CALDAS", "distance": 0.33333333333333331, "betweenness": 0.0012673851130612502, "weight": 0.10126738511306126 }, "geometry": { "type": "LineString", "coordinates": [ [ -75.429433, 6.028062 ], [ -75.633673, 6.091077 ] ] } },
{ "type": "Feature", "properties": { "source": "LA CEJA", "target": "JERICÓ", "distance": 0.5, "betweenness": 0.00079759378781269787, "weight": 0.10079759378781271 }, "geometry": { "type": "LineString", "coordinates": [ [ -75.429433, 6.028062 ], [ -75.785499, 5.789748 ] ] } },
{ "type": "Feature", "properties": { "source": "LA CEJA", "target": "EL SANTUARIO", "distance": 0.5, "betweenness": 0.00026738429160413327, "weight": 0.10026738429160414 }, "geometry": { "type": "LineString", "coordinates": [ [ -75.429433, 6.028062 ], [ -75.265465, 6.136871 ] ] } },
{ "type": "Feature", "properties": { "source": "LA CEJA", "target": "PEÑOL", "distance": 0.33333333333333331, "betweenness": 0.0020728443527698297, "weight": 0.10207284435276984 }, "geometry": { "type": "LineString", "coordinates": [ [ -75.429433, 6.028062 ], [ -75.242693, 6.219349 ] ] } },
{ "type": "Feature", "properties": { "source": "LA CEJA", "target": "EL CARMEN DE VIBORAL", "distance": 0.5, "betweenness": 0.00017466231951560317, "weight": 0.10017466231951561 }, "geometry": { "type": "LineString", "coordinates": [ [ -75.429433, 6.028062 ], [ -75.333901, 6.082885 ] ] } },
{ "type": "Feature", "properties": { "source": "LA CEJA", "target": "ARGELIA", "distance": 0.5, "betweenness": 0.0041485899427212876, "weight": 0.10414858994272129 }, "geometry": { "type": "LineString", "coordinates": [ [ -75.429433, 6.028062 ], [ -75.14107, 5.731474 ] ] } },
{ "type": "Feature", "properties": { "source": "LA CEJA", "target": "SAN FRANCISCO", "distance": 0.5, "betweenness": 0.0022067673507498537, "weight": 0.10220676735074986 }, "geometry": { "type": "LineString", "coordinates": [ [ -75.429433, 6.028062 ], [ -75.101562, 5.963476 ] ] } },
{ "type": "Feature", "properties": { "source": "LA CEJA", "target": "LA PINTADA", "distance": 0.5, "betweenness": 0.00030274802049371212, "weight": 0.10030274802049371 }, "geometry": { "type": "LineString", "coordinates": [ [ -75.429433, 6.028062 ], [ -75.60781, 5.743808 ] ] } },
{ "type": "Feature", "properties": { "source": "LA CEJA", "target": "RIONEGRO", "distance": 0.5, "betweenness": 0.00029830267371021914, "weight": 0.10029830267371022 }, "geometry": { "type": "LineString", "coordinates": [ [ -75.429433, 6.028062 ], [ -75.377316, 6.147148 ] ] } },
{ "type": "Feature", "properties": { "source": "LA CEJA", "target": "ITAGÜÍ", "distance": 0.5, "betweenness": 0.00018630647414997673, "weight": 0.10018630647414999 }, "geometry": { "type": "LineString", "coordinates": [ [ -75.429433, 6.028062 ], [ -75.612056, 6.175079 ] ] } },
{ "type": "Feature", "properties": { "source": "LA CEJA", "target": "RETIRO", "distance": 0.5, "betweenness": 0.00015525539512498059, "weight": 0.10015525539512499 }, "geometry": { "type": "LineString", "coordinates": [ [ -75.429433, 6.028062 ], [ -75.501301, 6.062454 ] ] } },
{ "type": "Feature", "properties": { "source": "LA CEJA", "target": "MARINILLA", "distance": 0.5, "betweenness": 0.00024237092238955303, "weight": 0.10024237092238956 }, "geometry": { "type": "LineString", "coordinates": [ [ -75.429433, 6.028062 ], [ -75.339345, 6.173995 ] ] } },
{ "type": "Feature", "properties": { "source": "LA CEJA", "target": "COCORNÁ", "distance": 0.5, "betweenness": 0.00067293702092511339, "weight": 0.10067293702092511 }, "geometry": { "type": "LineString", "coordinates": [ [ -75.429433, 6.028062 ], [ -75.185483, 6.058295 ] ] } },
{ "type": "Feature", "properties": { "source": "LA CEJA", "target": "NARIÑO", "distance": 0.5, "betweenness": 0.0034157829841729853, "weight": 0.10341578298417299 }, "geometry": { "type": "LineString", "coordinates": [ [ -75.429433, 6.028062 ], [ -75.176262, 5.610777 ] ] } },
{ "type": "Feature", "properties": { "source": "LA CEJA", "target": "FREDONIA", "distance": 0.33333333333333331, "betweenness": 0.0034303022387170809, "weight": 0.10343030223871709 }, "geometry": { "type": "LineString", "coordinates": [ [ -75.429433, 6.028062 ], [ -75.675072, 5.928039 ] ] } },
{ "type": "Feature", "properties": { "source": "LA CEJA", "target": "AMAGÁ", "distance": 0.5, "betweenness": 0.00029075553644719923, "weight": 0.1002907555364472 }, "geometry": { "type": "LineString", "coordinates": [ [ -75.429433, 6.028062 ], [ -75.702188, 6.038708 ] ] } },
{ "type": "Feature", "properties": { "source": "LA CEJA", "target": "MONTEBELLO", "distance": 0.5, "betweenness": 0.00034156186927495735, "weight": 0.10034156186927497 }, "geometry": { "type": "LineString", "coordinates": [ [ -75.429433, 6.028062 ], [ -75.523455, 5.946313 ] ] } },
{ "type": "Feature", "properties": { "source": "LA CEJA", "target": "SANTA BÁRBARA", "distance": 0.5, "betweenness": 0.00019468533674402329, "weight": 0.10019468533674403 }, "geometry": { "type": "LineString", "coordinates": [ [ -75.429433, 6.028062 ], [ -75.567351, 5.875527 ] ] } },
{ "type": "Feature", "properties": { "source": "LA CEJA", "target": "GUATAPÉ", "distance": 0.5, "betweenness": 0.00052934696623564812, "weight": 0.10052934696623565 }, "geometry": { "type": "LineString", "coordinates": [ [ -75.429433, 6.028062 ], [ -75.160041, 6.232461 ] ] } },
{ "type": "Feature", "properties": { "source": "LA CEJA", "target": "VENECIA", "distance": 0.5, "betweenness": 0.0006628969367674536, "weight": 0.10066289693676746 }, "geometry": { "type": "LineString", "coordinates": [ [ -75.429433, 6.028062 ], [ -75.735544, 5.964693 ] ] } },
{ "type": "Feature", "properties": { "source": "LA CEJA", "target": "TITIRIBÍ", "distance": 0.5, "betweenness": 0.00044494784830136471, "weight": 0.10044494784830137 }, "geometry": { "type": "LineString", "coordinates": [ [ -75.429433, 6.028062 ], [ -75.791887, 6.062391 ] ] } },
{ "type": "Feature", "properties": { "source": "LA CEJA", "target": "SABANETA", "distance": 0.5, "betweenness": 0.00020848581631068824, "weight": 0.1002084858163107 }, "geometry": { "type": "LineString", "coordinates": [ [ -75.429433, 6.028062 ], [ -75.615479, 6.149903 ] ] } },
{ "type": "Feature", "properties": { "source": "LA CEJA", "target": "TÁMESIS", "distance": 0.5, "betweenness": 0.0013290259913455067, "weight": 0.10132902599134551 }, "geometry": { "type": "LineString", "coordinates": [ [ -75.429433, 6.028062 ], [ -75.714429, 5.664645 ] ] } },
{ "type": "Feature", "properties": { "source": "LA CEJA", "target": "ARMENIA", "distance": 0.5, "betweenness": 0.00041918956683744763, "weight": 0.10041918956683746 }, "geometry": { "type": "LineString", "coordinates": [ [ -75.429433, 6.028062 ], [ -75.786647, 6.155667 ] ] } },
{ "type": "Feature", "properties": { "source": "LA CEJA", "target": "VALPARAÍSO", "distance": 0.5, "betweenness": 0.0020546388094129123, "weight": 0.10205463880941291 }, "geometry": { "type": "LineString", "coordinates": [ [ -75.429433, 6.028062 ], [ -75.624452, 5.614555 ] ] } },
{ "type": "Feature", "properties": { "source": "LA CEJA", "target": "SAN CARLOS", "distance": 0.5, "betweenness": 0.00080114033962680193, "weight": 0.10080114033962681 }, "geometry": { "type": "LineString", "coordinates": [ [ -75.429433, 6.028062 ], [ -74.988097, 6.187746 ] ] } },
{ "type": "Feature", "properties": { "source": "LA CEJA", "target": "SAN LUIS", "distance": 0.5, "betweenness": 0.0012880385093381995, "weight": 0.10128803850933821 }, "geometry": { "type": "LineString", "coordinates": [ [ -75.429433, 6.028062 ], [ -74.993619, 6.043017 ] ] } },
{ "type": "Feature", "properties": { "source": "LA CEJA", "target": "SAN RAFAEL", "distance": 0.5, "betweenness": 0.0019663219011146352, "weight": 0.10196632190111464 }, "geometry": { "type": "LineString", "coordinates": [ [ -75.429433, 6.028062 ], [ -75.02849, 6.293759 ] ] } },
{ "type": "Feature", "properties": { "source": "LA CEJA", "target": "TARSO", "distance": 0.5, "betweenness": 0.0014336373188968312, "weight": 0.10143363731889683 }, "geometry": { "type": "LineString", "coordinates": [ [ -75.429433, 6.028062 ], [ -75.822956, 5.864542 ] ] } },
{ "type": "Feature", "properties": { "source": "LA CEJA", "target": "ALEJANDRÍA", "distance": 1.0, "betweenness": 0.0, "weight": 0.1 }, "geometry": { "type": "LineString", "coordinates": [ [ -75.429433, 6.028062 ], [ -75.141346, 6.376061 ] ] } },
{ "type": "Feature", "properties": { "source": "RETIRO", "target": "SANTA BÁRBARA", "distance": 0.5, "betweenness": 0.00015525539512498059, "weight": 0.10015525539512499 }, "geometry": { "type": "LineString", "coordinates": [ [ -75.501301, 6.062454 ], [ -75.567351, 5.875527 ] ] } },
{ "type": "Feature", "properties": { "source": "RETIRO", "target": "CONCORDIA", "distance": 0.33333333333333331, "betweenness": 0.0033016415177570283, "weight": 0.10330164151775703 }, "geometry": { "type": "LineString", "coordinates": [ [ -75.501301, 6.062454 ], [ -75.908448, 6.045738 ] ] } },
{ "type": "Feature", "properties": { "source": "RETIRO", "target": "COCORNÁ", "distance": 0.5, "betweenness": 0.0010480143405762574, "weight": 0.10104801434057627 }, "geometry": { "type": "LineString", "coordinates": [ [ -75.501301, 6.062454 ], [ -75.185483, 6.058295 ] ] } },
{ "type": "Feature", "properties": { "source": "RETIRO", "target": "EL SANTUARIO", "distance": 0.5, "betweenness": 0.00053908123307284917, "weight": 0.10053908123307286 }, "geometry": { "type": "LineString", "coordinates": [ [ -75.501301, 6.062454 ], [ -75.265465, 6.136871 ] ] } },
{ "type": "Feature", "properties": { "source": "RETIRO", "target": "PEÑOL", "distance": 0.5, "betweenness": 0.00029276731652139198, "weight": 0.1002927673165214 }, "geometry": { "type": "LineString", "coordinates": [ [ -75.501301, 6.062454 ], [ -75.242693, 6.219349 ] ] } },
{ "type": "Feature", "properties": { "source": "RETIRO", "target": "TITIRIBÍ", "distance": 0.5, "betweenness": 0.00031556835236388098, "weight": 0.10031556835236388 }, "geometry": { "type": "LineString", "coordinates": [ [ -75.501301, 6.062454 ], [ -75.791887, 6.062391 ] ] } },
{ "type": "Feature", "properties": { "source": "RETIRO", "target": "CALDAS", "distance": 0.33333333333333331, "betweenness": 0.00032492736265442366, "weight": 0.10032492736265443 }, "geometry": { "type": "LineString", "coordinates": [ [ -75.501301, 6.062454 ], [ -75.633673, 6.091077 ] ] } },
{ "type": "Feature", "properties": { "source": "RETIRO", "target": "ABEJORRAL", "distance": 0.5, "betweenness": 0.00039848884748745013, "weight": 0.10039848884748745 }, "geometry": { "type": "LineString", "coordinates": [ [ -75.501301, 6.062454 ], [ -75.428739, 5.789315 ] ] } },
{ "type": "Feature", "properties": { "source": "RETIRO", "target": "MONTEBELLO", "distance": 0.33333333333333331, "betweenness": 0.0029596483834956125, "weight": 0.10295964838349561 }, "geometry": { "type": "LineString", "coordinates": [ [ -75.501301, 6.062454 ], [ -75.523455, 5.946313 ] ] } },
{ "type": "Feature", "properties": { "source": "RETIRO", "target": "MARINILLA", "distance": 0.5, "betweenness": 0.00030188549052079564, "weight": 0.1003018854905208 }, "geometry": { "type": "LineString", "coordinates": [ [ -75.501301, 6.062454 ], [ -75.339345, 6.173995 ] ] } },
{ "type": "Feature", "properties": { "source": "RETIRO", "target": "EL CARMEN DE VIBORAL", "distance": 0.5, "betweenness": 0.00034057612073448126, "weight": 0.10034057612073449 }, "geometry": { "type": "LineString", "coordinates": [ [ -75.501301, 6.062454 ], [ -75.333901, 6.082885 ] ] } },
{ "type": "Feature", "properties": { "source": "RETIRO", "target": "FREDONIA", "distance": 0.5, "betweenness": 0.00025829692224661949, "weight": 0.10025829692224662 }, "geometry": { "type": "LineString", "coordinates": [ [ -75.501301, 6.062454 ], [ -75.675072, 5.928039 ] ] } },
{ "type": "Feature", "properties": { "source": "RETIRO", "target": "JERICÓ", "distance": 0.5, "betweenness": 0.0014250843431094944, "weight": 0.1014250843431095 }, "geometry": { "type": "LineString", "coordinates": [ [ -75.501301, 6.062454 ], [ -75.785499, 5.789748 ] ] } },
{ "type": "Feature", "properties": { "source": "RETIRO", "target": "LA UNIÓN", "distance": 0.25, "betweenness": 0.005433938829374322, "weight": 0.10543393882937432 }, "geometry": { "type": "LineString", "coordinates": [ [ -75.501301, 6.062454 ], [ -75.360874, 5.973845 ] ] } },
{ "type": "Feature", "properties": { "source": "RETIRO", "target": "RIONEGRO", "distance": 0.5, "betweenness": 0.00031974270446557363, "weight": 0.10031974270446557 }, "geometry": { "type": "LineString", "coordinates": [ [ -75.501301, 6.062454 ], [ -75.377316, 6.147148 ] ] } },
{ "type": "Feature", "properties": { "source": "RETIRO", "target": "ANGELÓPOLIS", "distance": 0.5, "betweenness": 0.0001973961452303325, "weight": 0.10019739614523034 }, "geometry": { "type": "LineString", "coordinates": [ [ -75.501301, 6.062454 ], [ -75.711389, 6.109719 ] ] } },
{ "type": "Feature", "properties": { "source": "RETIRO", "target": "SABANETA", "distance": 0.33333333333333331, "betweenness": 0.0016741706774310407, "weight": 0.10167417067743105 }, "geometry": { "type": "LineString", "coordinates": [ [ -75.501301, 6.062454 ], [ -75.615479, 6.149903 ] ] } },
{ "type": "Feature", "properties": { "source": "RETIRO", "target": "SONSÓN", "distance": 0.5, "betweenness": 0.0015841249721689566, "weight": 0.10158412497216897 }, "geometry": { "type": "LineString", "coordinates": [ [ -75.501301, 6.062454 ], [ -75.309596, 5.714851 ] ] } },
{ "type": "Feature", "properties": { "source": "RETIRO", "target": "TARSO", "distance": 0.5, "betweenness": 0.00069292765066443214, "weight": 0.10069292765066444 }, "geometry": { "type": "LineString", "coordinates": [ [ -75.501301, 6.062454 ], [ -75.822956, 5.864542 ] ] } },
{ "type": "Feature", "properties": { "source": "RETIRO", "target": "TÁMESIS", "distance": 0.5, "betweenness": 0.0036889079972452117, "weight": 0.10368890799724521 }, "geometry": { "type": "LineString", "coordinates": [ [ -75.501301, 6.062454 ], [ -75.714429, 5.664645 ] ] } },
{ "type": "Feature", "properties": { "source": "RETIRO", "target": "LA ESTRELLA", "distance": 0.33333333333333331, "betweenness": 0.00061732502347313712, "weight": 0.10061732502347315 }, "geometry": { "type": "LineString", "coordinates": [ [ -75.501301, 6.062454 ], [ -75.637708, 6.145238 ] ] } },
{ "type": "Feature", "properties": { "source": "RETIRO", "target": "ITAGÜÍ", "distance": 0.5, "betweenness": 0.00021218237333747348, "weight": 0.10021218237333748 }, "geometry": { "type": "LineString", "coordinates": [ [ -75.501301, 6.062454 ], [ -75.612056, 6.175079 ] ] } },
{ "type": "Feature", "properties": { "source": "RETIRO", "target": "VENECIA", "distance": 0.5, "betweenness": 0.0003388012994440568, "weight": 0.10033880129944406 }, "geometry": { "type": "LineString", "coordinates": [ [ -75.501301, 6.062454 ], [ -75.735544, 5.964693 ] ] } },
{ "type": "Feature", "properties": { "source": "RETIRO", "target": "LA PINTADA", "distance": 0.5, "betweenness": 0.00043212751643119596, "weight": 0.1004321275164312 }, "geometry": { "type": "LineString", "coordinates": [ [ -75.501301, 6.062454 ], [ -75.60781, 5.743808 ] ] } },
{ "type": "Feature", "properties": { "source": "RETIRO", "target": "AMAGÁ", "distance": 0.5, "betweenness": 0.00025452927758470379, "weight": 0.10025452927758471 }, "geometry": { "type": "LineString", "coordinates": [ [ -75.501301, 6.062454 ], [ -75.702188, 6.038708 ] ] } },
{ "type": "Feature", "properties": { "source": "RETIRO", "target": "VALPARAÍSO", "distance": 0.5, "betweenness": 0.0042308019310813901, "weight": 0.10423080193108139 }, "geometry": { "type": "LineString", "coordinates": [ [ -75.501301, 6.062454 ], [ -75.624452, 5.614555 ] ] } },
{ "type": "Feature", "properties": { "source": "RETIRO", "target": "ARMENIA", "distance": 0.33333333333333331, "betweenness": 0.0028661871000017253, "weight": 0.10286618710000173 }, "geometry": { "type": "LineString", "coordinates": [ [ -75.501301, 6.062454 ], [ -75.786647, 6.155667 ] ] } },
{ "type": "Feature", "properties": { "source": "RETIRO", "target": "BETULIA", "distance": 0.5, "betweenness": 0.00041918956683744763, "weight": 0.10041918956683746 }, "geometry": { "type": "LineString", "coordinates": [ [ -75.501301, 6.062454 ], [ -75.984452, 6.115208 ] ] } },
{ "type": "Feature", "properties": { "source": "RETIRO", "target": "GUATAPÉ", "distance": 0.5, "betweenness": 0.00097700002217934213, "weight": 0.10097700002217935 }, "geometry": { "type": "LineString", "coordinates": [ [ -75.501301, 6.062454 ], [ -75.160041, 6.232461 ] ] } },
{ "type": "Feature", "properties": { "source": "RETIRO", "target": "PUEBLORRICO", "distance": 0.33333333333333331, "betweenness": 0.0068243679503577018, "weight": 0.10682436795035771 }, "geometry": { "type": "LineString", "coordinates": [ [ -75.501301, 6.062454 ], [ -75.839903, 5.79158 ] ] } },
{ "type": "Feature", "properties": { "source": "RETIRO", "target": "SALGAR", "distance": 0.5, "betweenness": 0.0016901890912137767, "weight": 0.10169018909121379 }, "geometry": { "type": "LineString", "coordinates": [ [ -75.501301, 6.062454 ], [ -75.976807, 5.964198 ] ] } },
{ "type": "Feature", "properties": { "source": "RIONEGRO", "target": "EL CARMEN DE VIBORAL", "distance": 0.5, "betweenness": 0.00024193965740309479, "weight": 0.10024193965740311 }, "geometry": { "type": "LineString", "coordinates": [ [ -75.377316, 6.147148 ], [ -75.333901, 6.082885 ] ] } },
{ "type": "Feature", "properties": { "source": "RIONEGRO", "target": "ABEJORRAL", "distance": 0.5, "betweenness": 0.00062692659339142788, "weight": 0.10062692659339144 }, "geometry": { "type": "LineString", "coordinates": [ [ -75.377316, 6.147148 ], [ -75.428739, 5.789315 ] ] } },
{ "type": "Feature", "properties": { "source": "RIONEGRO", "target": "LA UNIÓN", "distance": 0.5, "betweenness": 0.00021032461647273016, "weight": 0.10021032461647274 }, "geometry": { "type": "LineString", "coordinates": [ [ -75.377316, 6.147148 ], [ -75.360874, 5.973845 ] ] } },
{ "type": "Feature", "properties": { "source": "RIONEGRO", "target": "MONTEBELLO", "distance": 0.5, "betweenness": 0.0018098248419627088, "weight": 0.10180982484196271 }, "geometry": { "type": "LineString", "coordinates": [ [ -75.377316, 6.147148 ], [ -75.523455, 5.946313 ] ] } },
{ "type": "Feature", "properties": { "source": "RIONEGRO", "target": "LA ESTRELLA", "distance": 0.5, "betweenness": 0.00041623232121601938, "weight": 0.10041623232121602 }, "geometry": { "type": "LineString", "coordinates": [ [ -75.377316, 6.147148 ], [ -75.637708, 6.145238 ] ] } },
{ "type": "Feature", "properties": { "source": "RIONEGRO", "target": "SANTA BÁRBARA", "distance": 0.5, "betweenness": 0.0005183094260877212, "weight": 0.10051830942608772 }, "geometry": { "type": "LineString", "coordinates": [ [ -75.377316, 6.147148 ], [ -75.567351, 5.875527 ] ] } },
{ "type": "Feature", "properties": { "source": "RIONEGRO", "target": "SAN CARLOS", "distance": 0.5, "betweenness": 0.00046563348845603155, "weight": 0.10046563348845604 }, "geometry": { "type": "LineString", "coordinates": [ [ -75.377316, 6.147148 ], [ -74.988097, 6.187746 ] ] } },
{ "type": "Feature", "properties": { "source": "RIONEGRO", "target": "COCORNÁ", "distance": 0.5, "betweenness": 0.00074756317187616675, "weight": 0.10074756317187618 }, "geometry": { "type": "LineString", "coordinates": [ [ -75.377316, 6.147148 ], [ -75.185483, 6.058295 ] ] } },
{ "type": "Feature", "properties": { "source": "RIONEGRO", "target": "SAN RAFAEL", "distance": 0.5, "betweenness": 0.00041789577187807274, "weight": 0.10041789577187808 }, "geometry": { "type": "LineString", "coordinates": [ [ -75.377316, 6.147148 ], [ -75.02849, 6.293759 ] ] } },
{ "type": "Feature", "properties": { "source": "RIONEGRO", "target": "GUATAPÉ", "distance": 0.5, "betweenness": 0.0002328830926874709, "weight": 0.10023288309268748 }, "geometry": { "type": "LineString", "coordinates": [ [ -75.377316, 6.147148 ], [ -75.160041, 6.232461 ] ] } },
{ "type": "Feature", "properties": { "source": "RIONEGRO", "target": "PEÑOL", "distance": 0.5, "betweenness": 0.00015525539512498059, "weight": 0.10015525539512499 }, "geometry": { "type": "LineString", "coordinates": [ [ -75.377316, 6.147148 ], [ -75.242693, 6.219349 ] ] } },
{ "type": "Feature", "properties": { "source": "RIONEGRO", "target": "ALEJANDRÍA", "distance": 0.5, "betweenness": 0.0002328830926874709, "weight": 0.10023288309268748 }, "geometry": { "type": "LineString", "coordinates": [ [ -75.377316, 6.147148 ], [ -75.141346, 6.376061 ] ] } },
{ "type": "Feature", "properties": { "source": "RIONEGRO", "target": "SAN FRANCISCO", "distance": 0.5, "betweenness": 0.0033513619331038986, "weight": 0.1033513619331039 }, "geometry": { "type": "LineString", "coordinates": [ [ -75.377316, 6.147148 ], [ -75.101562, 5.963476 ] ] } },
{ "type": "Feature", "properties": { "source": "RIONEGRO", "target": "EL SANTUARIO", "distance": 0.5, "betweenness": 0.00055750800976697571, "weight": 0.10055750800976698 }, "geometry": { "type": "LineString", "coordinates": [ [ -75.377316, 6.147148 ], [ -75.265465, 6.136871 ] ] } },
{ "type": "Feature", "properties": { "source": "RIONEGRO", "target": "MARINILLA", "distance": 0.5, "betweenness": 0.00015525539512498059, "weight": 0.10015525539512499 }, "geometry": { "type": "LineString", "coordinates": [ [ -75.377316, 6.147148 ], [ -75.339345, 6.173995 ] ] } },
{ "type": "Feature", "properties": { "source": "RIONEGRO", "target": "CALDAS", "distance": 0.5, "betweenness": 0.00072359155964186236, "weight": 0.10072359155964186 }, "geometry": { "type": "LineString", "coordinates": [ [ -75.377316, 6.147148 ], [ -75.633673, 6.091077 ] ] } },
{ "type": "Feature", "properties": { "source": "RIONEGRO", "target": "SAN LUIS", "distance": 0.5, "betweenness": 0.001062072964727832, "weight": 0.10106207296472784 }, "geometry": { "type": "LineString", "coordinates": [ [ -75.377316, 6.147148 ], [ -74.993619, 6.043017 ] ] } },
{ "type": "Feature", "properties": { "source": "RIONEGRO", "target": "ANGELÓPOLIS", "distance": 0.5, "betweenness": 0.0004475819683085635, "weight": 0.10044758196830857 }, "geometry": { "type": "LineString", "coordinates": [ [ -75.377316, 6.147148 ], [ -75.711389, 6.109719 ] ] } },
{ "type": "Feature", "properties": { "source": "RIONEGRO", "target": "AMAGÁ", "distance": 0.5, "betweenness": 0.0011452360194791492, "weight": 0.10114523601947915 }, "geometry": { "type": "LineString", "coordinates": [ [ -75.377316, 6.147148 ], [ -75.702188, 6.038708 ] ] } },
{ "type": "Feature", "properties": { "source": "RIONEGRO", "target": "SABANETA", "distance": 0.5, "betweenness": 0.00019887476804104654, "weight": 0.10019887476804105 }, "geometry": { "type": "LineString", "coordinates": [ [ -75.377316, 6.147148 ], [ -75.615479, 6.149903 ] ] } },
{ "type": "Feature", "properties": { "source": "RIONEGRO", "target": "FREDONIA", "distance": 0.5, "betweenness": 0.0013161496510355382, "weight": 0.10131614965103554 }, "geometry": { "type": "LineString", "coordinates": [ [ -75.377316, 6.147148 ], [ -75.675072, 5.928039 ] ] } },
{ "type": "Feature", "properties": { "source": "RIONEGRO", "target": "VENECIA", "distance": 0.5, "betweenness": 0.0014727414937009719, "weight": 0.10147274149370097 }, "geometry": { "type": "LineString", "coordinates": [ [ -75.377316, 6.147148 ], [ -75.735544, 5.964693 ] ] } },
{ "type": "Feature", "properties": { "source": "RIONEGRO", "target": "SONSÓN", "distance": 0.5, "betweenness": 0.0028072003037070583, "weight": 0.10280720030370706 }, "geometry": { "type": "LineString", "coordinates": [ [ -75.377316, 6.147148 ], [ -75.309596, 5.714851 ] ] } },
{ "type": "Feature", "properties": { "source": "RIONEGRO", "target": "TITIRIBÍ", "distance": 0.5, "betweenness": 0.0012159785564536379, "weight": 0.10121597855645365 }, "geometry": { "type": "LineString", "coordinates": [ [ -75.377316, 6.147148 ], [ -75.791887, 6.062391 ] ] } },
{ "type": "Feature", "properties": { "source": "RIONEGRO", "target": "ARMENIA", "distance": 0.5, "betweenness": 0.00068515684491464641, "weight": 0.10068515684491465 }, "geometry": { "type": "LineString", "coordinates": [ [ -75.377316, 6.147148 ], [ -75.786647, 6.155667 ] ] } },
{ "type": "Feature", "properties": { "source": "RIONEGRO", "target": "ITAGÜÍ", "distance": 0.5, "betweenness": 0.00036226258862495468, "weight": 0.10036226258862496 }, "geometry": { "type": "LineString", "coordinates": [ [ -75.377316, 6.147148 ], [ -75.612056, 6.175079 ] ] } },
{ "type": "Feature", "properties": { "source": "EL CARMEN DE VIBORAL", "target": "SONSÓN", "distance": 0.5, "betweenness": 0.00066537250980660385, "weight": 0.1006653725098066 }, "geometry": { "type": "LineString", "coordinates": [ [ -75.333901, 6.082885 ], [ -75.309596, 5.714851 ] ] } },
{ "type": "Feature", "properties": { "source": "EL CARMEN DE VIBORAL", "target": "ABEJORRAL", "distance": 0.5, "betweenness": 0.00030866251173656856, "weight": 0.10030866251173658 }, "geometry": { "type": "LineString", "coordinates": [ [ -75.333901, 6.082885 ], [ -75.428739, 5.789315 ] ] } },
{ "type": "Feature", "properties": { "source": "EL CARMEN DE VIBORAL", "target": "ARGELIA", "distance": 0.5, "betweenness": 0.0041224788080866329, "weight": 0.10412247880808664 }, "geometry": { "type": "LineString", "coordinates": [ [ -75.333901, 6.082885 ], [ -75.14107, 5.731474 ] ] } },
{ "type": "Feature", "properties": { "source": "EL CARMEN DE VIBORAL", "target": "EL SANTUARIO", "distance": 0.33333333333333331, "betweenness": 0.0015272941449001067, "weight": 0.10152729414490011 }, "geometry": { "type": "LineString", "coordinates": [ [ -75.333901, 6.082885 ], [ -75.265465, 6.136871 ] ] } },
{ "type": "Feature", "properties": { "source": "EL CARMEN DE VIBORAL", "target": "MONTEBELLO", "distance": 0.5, "betweenness": 0.00020700719349997412, "weight": 0.10020700719349998 }, "geometry": { "type": "LineString", "coordinates": [ [ -75.333901, 6.082885 ], [ -75.523455, 5.946313 ] ] } },
{ "type": "Feature", "properties": { "source": "EL CARMEN DE VIBORAL", "target": "COCORNÁ", "distance": 0.5, "betweenness": 0.00034156186927495735, "weight": 0.10034156186927497 }, "geometry": { "type": "LineString", "coordinates": [ [ -75.333901, 6.082885 ], [ -75.185483, 6.058295 ] ] } },
{ "type": "Feature", "properties": { "source": "EL CARMEN DE VIBORAL", "target": "GUATAPÉ", "distance": 0.5, "betweenness": 0.00048517310976556435, "weight": 0.10048517310976557 }, "geometry": { "type": "LineString", "coordinates": [ [ -75.333901, 6.082885 ], [ -75.160041, 6.232461 ] ] } },
{ "type": "Feature", "properties": { "source": "EL CARMEN DE VIBORAL", "target": "PEÑOL", "distance": 0.5, "betweenness": 0.00019406924390622573, "weight": 0.10019406924390623 }, "geometry": { "type": "LineString", "coordinates": [ [ -75.333901, 6.082885 ], [ -75.242693, 6.219349 ] ] } },
{ "type": "Feature", "properties": { "source": "EL CARMEN DE VIBORAL", "target": "MARINILLA", "distance": 0.5, "betweenness": 0.00020700719349997412, "weight": 0.10020700719349998 }, "geometry": { "type": "LineString", "coordinates": [ [ -75.333901, 6.082885 ], [ -75.339345, 6.173995 ] ] } },
{ "type": "Feature", "properties": { "source": "EL CARMEN DE VIBORAL", "target": "LA UNIÓN", "distance": 0.5, "betweenness": 0.00015525539512498059, "weight": 0.10015525539512499 }, "geometry": { "type": "LineString", "coordinates": [ [ -75.333901, 6.082885 ], [ -75.360874, 5.973845 ] ] } },
{ "type": "Feature", "properties": { "source": "EL CARMEN DE VIBORAL", "target": "NARIÑO", "distance": 0.5, "betweenness": 0.0039940066488739047, "weight": 0.10399400664887391 }, "geometry": { "type": "LineString", "coordinates": [ [ -75.333901, 6.082885 ], [ -75.176262, 5.610777 ] ] } },
{ "type": "Feature", "properties": { "source": "EL CARMEN DE VIBORAL", "target": "SAN CARLOS", "distance": 0.5, "betweenness": 0.00040366402732494962, "weight": 0.10040366402732495 }, "geometry": { "type": "LineString", "coordinates": [ [ -75.333901, 6.082885 ], [ -74.988097, 6.187746 ] ] } },
{ "type": "Feature", "properties": { "source": "EL CARMEN DE VIBORAL", "target": "SANTA BÁRBARA", "distance": 0.5, "betweenness": 0.00032048201587093068, "weight": 0.10032048201587093 }, "geometry": { "type": "LineString", "coordinates": [ [ -75.333901, 6.082885 ], [ -75.567351, 5.875527 ] ] } },
{ "type": "Feature", "properties": { "source": "EL CARMEN DE VIBORAL", "target": "SAN FRANCISCO", "distance": 0.5, "betweenness": 0.0012620157706324448, "weight": 0.10126201577063244 }, "geometry": { "type": "LineString", "coordinates": [ [ -75.333901, 6.082885 ], [ -75.101562, 5.963476 ] ] } },
{ "type": "Feature", "properties": { "source": "EL CARMEN DE VIBORAL", "target": "SAN LUIS", "distance": 0.5, "betweenness": 0.00058393279166451032, "weight": 0.10058393279166451 }, "geometry": { "type": "LineString", "coordinates": [ [ -75.333901, 6.082885 ], [ -74.993619, 6.043017 ] ] } },
{ "type": "Feature", "properties": { "source": "EL CARMEN DE VIBORAL", "target": "SAN RAFAEL", "distance": 0.5, "betweenness": 0.0010451398900397503, "weight": 0.10104513989003976 }, "geometry": { "type": "LineString", "coordinates": [ [ -75.333901, 6.082885 ], [ -75.02849, 6.293759 ] ] } },
{ "type": "Feature", "properties": { "source": "EL CARMEN DE VIBORAL", "target": "FREDONIA", "distance": 0.5, "betweenness": 0.00080888961303493209, "weight": 0.10080888961303494 }, "geometry": { "type": "LineString", "coordinates": [ [ -75.333901, 6.082885 ], [ -75.675072, 5.928039 ] ] } },
{ "type": "Feature", "properties": { "source": "EL CARMEN DE VIBORAL", "target": "CALDAS", "distance": 0.5, "betweenness": 0.00034820619357182002, "weight": 0.10034820619357182 }, "geometry": { "type": "LineString", "coordinates": [ [ -75.333901, 6.082885 ], [ -75.633673, 6.091077 ] ] } },
{ "type": "Feature", "properties": { "source": "EL CARMEN DE VIBORAL", "target": "LA ESTRELLA", "distance": 0.5, "betweenness": 0.000402555060216914, "weight": 0.10040255506021692 }, "geometry": { "type": "LineString", "coordinates": [ [ -75.333901, 6.082885 ], [ -75.637708, 6.145238 ] ] } },
{ "type": "Feature", "properties": { "source": "EL CARMEN DE VIBORAL", "target": "ANGELÓPOLIS", "distance": 0.5, "betweenness": 0.00063123924325601084, "weight": 0.10063123924325601 }, "geometry": { "type": "LineString", "coordinates": [ [ -75.333901, 6.082885 ], [ -75.711389, 6.109719 ] ] } },
{ "type": "Feature", "properties": { "source": "EL CARMEN DE VIBORAL", "target": "AMAGÁ", "distance": 0.5, "betweenness": 0.00062808769143189258, "weight": 0.1006280876914319 }, "geometry": { "type": "LineString", "coordinates": [ [ -75.333901, 6.082885 ], [ -75.702188, 6.038708 ] ] } },
{ "type": "Feature", "properties": { "source": "EL CARMEN DE VIBORAL", "target": "ALEJANDRÍA", "distance": 0.5, "betweenness": 0.00068743638841449733, "weight": 0.1006874363884145 }, "geometry": { "type": "LineString", "coordinates": [ [ -75.333901, 6.082885 ], [ -75.141346, 6.376061 ] ] } },
{ "type": "Feature", "properties": { "source": "EL CARMEN DE VIBORAL", "target": "ITAGÜÍ", "distance": 0.5, "betweenness": 0.00038037571805620246, "weight": 0.10038037571805621 }, "geometry": { "type": "LineString", "coordinates": [ [ -75.333901, 6.082885 ], [ -75.612056, 6.175079 ] ] } },
{ "type": "Feature", "properties": { "source": "EL CARMEN DE VIBORAL", "target": "SABANETA", "distance": 0.5, "betweenness": 0.000402555060216914, "weight": 0.10040255506021692 }, "geometry": { "type": "LineString", "coordinates": [ [ -75.333901, 6.082885 ], [ -75.615479, 6.149903 ] ] } },
{ "type": "Feature", "properties": { "source": "EL CARMEN DE VIBORAL", "target": "PUERTO NARE", "distance": 0.5, "betweenness": 0.0058574457852520268, "weight": 0.10585744578525204 }, "geometry": { "type": "LineString", "coordinates": [ [ -75.333901, 6.082885 ], [ -74.583012, 6.186025 ] ] } },
{ "type": "Feature", "properties": { "source": "EL CARMEN DE VIBORAL", "target": "LA PINTADA", "distance": 0.33333333333333331, "betweenness": 0.0091217781425047377, "weight": 0.10912177814250475 }, "geometry": { "type": "LineString", "coordinates": [ [ -75.333901, 6.082885 ], [ -75.60781, 5.743808 ] ] } },
{ "type": "Feature", "properties": { "source": "EL CARMEN DE VIBORAL", "target": "VENECIA", "distance": 0.5, "betweenness": 0.00084885508150529105, "weight": 0.10084885508150529 }, "geometry": { "type": "LineString", "coordinates": [ [ -75.333901, 6.082885 ], [ -75.735544, 5.964693 ] ] } },
{ "type": "Feature", "properties": { "source": "EL CARMEN DE VIBORAL", "target": "TITIRIBÍ", "distance": 1.0, "betweenness": 0.0, "weight": 0.1 }, "geometry": { "type": "LineString", "coordinates": [ [ -75.333901, 6.082885 ], [ -75.791887, 6.062391 ] ] } },
{ "type": "Feature", "properties": { "source": "ALEJANDRÍA", "target": "SAN CARLOS", "distance": 0.5, "betweenness": 0.00020700719349997412, "weight": 0.10020700719349998 }, "geometry": { "type": "LineString", "coordinates": [ [ -75.141346, 6.376061 ], [ -74.988097, 6.187746 ] ] } },
{ "type": "Feature", "properties": { "source": "ALEJANDRÍA", "target": "MARINILLA", "distance": 0.5, "betweenness": 0.0002328830926874709, "weight": 0.10023288309268748 }, "geometry": { "type": "LineString", "coordinates": [ [ -75.141346, 6.376061 ], [ -75.339345, 6.173995 ] ] } },
{ "type": "Feature", "properties": { "source": "ALEJANDRÍA", "target": "GUATAPÉ", "distance": 0.2, "betweenness": 0.0020183201366247476, "weight": 0.10201832013662475 }, "geometry": { "type": "LineString", "coordinates": [ [ -75.141346, 6.376061 ], [ -75.160041, 6.232461 ] ] } },
{ "type": "Feature", "properties": { "source": "ALEJANDRÍA", "target": "SAN ROQUE", "distance": 0.5, "betweenness": 0.00019406924390622573, "weight": 0.10019406924390623 }, "geometry": { "type": "LineString", "coordinates": [ [ -75.141346, 6.376061 ], [ -75.019109, 6.485939 ] ] } },
{ "type": "Feature", "properties": { "source": "ALEJANDRÍA", "target": "SAN LUIS", "distance": 0.5, "betweenness": 0.00033379909951870824, "weight": 0.10033379909951871 }, "geometry": { "type": "LineString", "coordinates": [ [ -75.141346, 6.376061 ], [ -74.993619, 6.043017 ] ] } },
{ "type": "Feature", "properties": { "source": "ALEJANDRÍA", "target": "CARACOLÍ", "distance": 0.5, "betweenness": 0.0018516054147167326, "weight": 0.10185160541471674 }, "geometry": { "type": "LineString", "coordinates": [ [ -75.141346, 6.376061 ], [ -74.757421, 6.409829 ] ] } },
{ "type": "Feature", "properties": { "source": "ALEJANDRÍA", "target": "COCORNÁ", "distance": 0.5, "betweenness": 0.00043126498645827932, "weight": 0.10043126498645828 }, "geometry": { "type": "LineString", "coordinates": [ [ -75.141346, 6.376061 ], [ -75.185483, 6.058295 ] ] } },
{ "type": "Feature", "properties": { "source": "ALEJANDRÍA", "target": "SAN RAFAEL", "distance": 0.5, "betweenness": 0.00019406924390622573, "weight": 0.10019406924390623 }, "geometry": { "type": "LineString", "coordinates": [ [ -75.141346, 6.376061 ], [ -75.02849, 6.293759 ] ] } },
{ "type": "Feature", "properties": { "source": "ALEJANDRÍA", "target": "EL SANTUARIO", "distance": 0.5, "betweenness": 0.00024582104228121923, "weight": 0.10024582104228122 }, "geometry": { "type": "LineString", "coordinates": [ [ -75.141346, 6.376061 ], [ -75.265465, 6.136871 ] ] } },
{ "type": "Feature", "properties": { "source": "ALEJANDRÍA", "target": "PEÑOL", "distance": 0.5, "betweenness": 0.0002707728022120197, "weight": 0.10027077280221203 }, "geometry": { "type": "LineString", "coordinates": [ [ -75.141346, 6.376061 ], [ -75.242693, 6.219349 ] ] } },
{ "type": "Feature", "properties": { "source": "ALEJANDRÍA", "target": "CISNEROS", "distance": 0.33333333333333331, "betweenness": 0.001086787765874864, "weight": 0.10108678776587487 }, "geometry": { "type": "LineString", "coordinates": [ [ -75.141346, 6.376061 ], [ -75.087047, 6.537829 ] ] } },
{ "type": "Feature", "properties": { "source": "ALEJANDRÍA", "target": "YALÍ", "distance": 0.5, "betweenness": 0.0020700103257159613, "weight": 0.10207001032571597 }, "geometry": { "type": "LineString", "coordinates": [ [ -75.141346, 6.376061 ], [ -74.840059, 6.676554 ] ] } },
{ "type": "Feature", "properties": { "source": "ALEJANDRÍA", "target": "MACEO", "distance": 0.5, "betweenness": 0.0018028724712469469, "weight": 0.10180287247124695 }, "geometry": { "type": "LineString", "coordinates": [ [ -75.141346, 6.376061 ], [ -74.78716, 6.552116 ] ] } },
{ "type": "Feature", "properties": { "source": "COCORNÁ", "target": "ABEJORRAL", "distance": 0.5, "betweenness": 0.0006529756129804731, "weight": 0.10065297561298048 }, "geometry": { "type": "LineString", "coordinates": [ [ -75.185483, 6.058295 ], [ -75.428739, 5.789315 ] ] } },
{ "type": "Feature", "properties": { "source": "COCORNÁ", "target": "LA UNIÓN", "distance": 0.5, "betweenness": 0.00022641411789059668, "weight": 0.1002264141178906 }, "geometry": { "type": "LineString", "coordinates": [ [ -75.185483, 6.058295 ], [ -75.360874, 5.973845 ] ] } },
{ "type": "Feature", "properties": { "source": "COCORNÁ", "target": "ARGELIA", "distance": 0.5, "betweenness": 0.00077813645582625556, "weight": 0.10077813645582626 }, "geometry": { "type": "LineString", "coordinates": [ [ -75.185483, 6.058295 ], [ -75.14107, 5.731474 ] ] } },
{ "type": "Feature", "properties": { "source": "COCORNÁ", "target": "EL SANTUARIO", "distance": 0.5, "betweenness": 0.00018630647414997673, "weight": 0.10018630647414999 }, "geometry": { "type": "LineString", "coordinates": [ [ -75.185483, 6.058295 ], [ -75.265465, 6.136871 ] ] } },
{ "type": "Feature", "properties": { "source": "COCORNÁ", "target": "MARINILLA", "distance": 0.5, "betweenness": 0.00026393417171246701, "weight": 0.10026393417171248 }, "geometry": { "type": "LineString", "coordinates": [ [ -75.185483, 6.058295 ], [ -75.339345, 6.173995 ] ] } },
{ "type": "Feature", "properties": { "source": "COCORNÁ", "target": "PEÑOL", "distance": 0.5, "betweenness": 0.00025746519691559279, "weight": 0.1002574651969156 }, "geometry": { "type": "LineString", "coordinates": [ [ -75.185483, 6.058295 ], [ -75.242693, 6.219349 ] ] } },
{ "type": "Feature", "properties": { "source": "COCORNÁ", "target": "SONSÓN", "distance": 0.5, "betweenness": 0.000407310176755915, "weight": 0.10040731017675592 }, "geometry": { "type": "LineString", "coordinates": [ [ -75.185483, 6.058295 ], [ -75.309596, 5.714851 ] ] } },
{ "type": "Feature", "properties": { "source": "COCORNÁ", "target": "GUATAPÉ", "distance": 0.5, "betweenness": 0.0003609687936655799, "weight": 0.10036096879366559 }, "geometry": { "type": "LineString", "coordinates": [ [ -75.185483, 6.058295 ], [ -75.160041, 6.232461 ] ] } },
{ "type": "Feature", "properties": { "source": "COCORNÁ", "target": "SAN CARLOS", "distance": 0.5, "betweenness": 0.0002328830926874709, "weight": 0.10023288309268748 }, "geometry": { "type": "LineString", "coordinates": [ [ -75.185483, 6.058295 ], [ -74.988097, 6.187746 ] ] } },
{ "type": "Feature", "properties": { "source": "COCORNÁ", "target": "SAN RAFAEL", "distance": 0.5, "betweenness": 0.00062508779322938612, "weight": 0.10062508779322939 }, "geometry": { "type": "LineString", "coordinates": [ [ -75.185483, 6.058295 ], [ -75.02849, 6.293759 ] ] } },
{ "type": "Feature", "properties": { "source": "COCORNÁ", "target": "SAN FRANCISCO", "distance": 0.5, "betweenness": 0.00035598964336737974, "weight": 0.10035598964336738 }, "geometry": { "type": "LineString", "coordinates": [ [ -75.185483, 6.058295 ], [ -75.101562, 5.963476 ] ] } },
{ "type": "Feature", "properties": { "source": "COCORNÁ", "target": "SAN LUIS", "distance": 0.5, "betweenness": 0.00025013369214580208, "weight": 0.1002501336921458 }, "geometry": { "type": "LineString", "coordinates": [ [ -75.185483, 6.058295 ], [ -74.993619, 6.043017 ] ] } },
{ "type": "Feature", "properties": { "source": "COCORNÁ", "target": "MONTEBELLO", "distance": 0.5, "betweenness": 0.00045428567279076577, "weight": 0.10045428567279077 }, "geometry": { "type": "LineString", "coordinates": [ [ -75.185483, 6.058295 ], [ -75.523455, 5.946313 ] ] } },
{ "type": "Feature", "properties": { "source": "COCORNÁ", "target": "CALDAS", "distance": 0.5, "betweenness": 0.00091135547080141129, "weight": 0.10091135547080142 }, "geometry": { "type": "LineString", "coordinates": [ [ -75.185483, 6.058295 ], [ -75.633673, 6.091077 ] ] } },
{ "type": "Feature", "properties": { "source": "COCORNÁ", "target": "SANTA BÁRBARA", "distance": 0.5, "betweenness": 0.00092546399678697518, "weight": 0.10092546399678698 }, "geometry": { "type": "LineString", "coordinates": [ [ -75.185483, 6.058295 ], [ -75.567351, 5.875527 ] ] } },
{ "type": "Feature", "properties": { "source": "COCORNÁ", "target": "PUERTO NARE", "distance": 0.5, "betweenness": 0.0010680395869031173, "weight": 0.10106803958690312 }, "geometry": { "type": "LineString", "coordinates": [ [ -75.185483, 6.058295 ], [ -74.583012, 6.186025 ] ] } },
{ "type": "Feature", "properties": { "source": "COCORNÁ", "target": "NARIÑO", "distance": 0.5, "betweenness": 0.0015014182457126096, "weight": 0.10150141824571261 }, "geometry": { "type": "LineString", "coordinates": [ [ -75.185483, 6.058295 ], [ -75.176262, 5.610777 ] ] } },
{ "type": "Feature", "properties": { "source": "COCORNÁ", "target": "PUERTO TRIUNFO", "distance": 1.0, "betweenness": 0.0035092699553727065, "weight": 0.10350926995537271 }, "geometry": { "type": "LineString", "coordinates": [ [ -75.185483, 6.058295 ], [ -74.64119, 5.871318 ] ] } },
{ "type": "Feature", "properties": { "source": "PEÑOL", "target": "SAN CARLOS", "distance": 0.5, "betweenness": 0.00025007208286202231, "weight": 0.10025007208286203 }, "geometry": { "type": "LineString", "coordinates": [ [ -75.242693, 6.219349 ], [ -74.988097, 6.187746 ] ] } },
{ "type": "Feature", "properties": { "source": "PEÑOL", "target": "SAN ROQUE", "distance": 0.5, "betweenness": 0.0003074303260609735, "weight": 0.10030743032606097 }, "geometry": { "type": "LineString", "coordinates": [ [ -75.242693, 6.219349 ], [ -75.019109, 6.485939 ] ] } },
{ "type": "Feature", "properties": { "source": "PEÑOL", "target": "GUATAPÉ", "distance": 0.5, "betweenness": 0.00019684166167631466, "weight": 0.10019684166167632 }, "geometry": { "type": "LineString", "coordinates": [ [ -75.242693, 6.219349 ], [ -75.160041, 6.232461 ] ] } },
{ "type": "Feature", "properties": { "source": "PEÑOL", "target": "MARINILLA", "distance": 0.5, "betweenness": 0.00018113129431247737, "weight": 0.10018113129431248 }, "geometry": { "type": "LineString", "coordinates": [ [ -75.242693, 6.219349 ], [ -75.339345, 6.173995 ] ] } },
{ "type": "Feature", "properties": { "source": "PEÑOL", "target": "SAN RAFAEL", "distance": 0.5, "betweenness": 0.00038333296367763065, "weight": 0.10038333296367763 }, "geometry": { "type": "LineString", "coordinates": [ [ -75.242693, 6.219349 ], [ -75.02849, 6.293759 ] ] } },
{ "type": "Feature", "properties": { "source": "PEÑOL", "target": "LA UNIÓN", "distance": 0.33333333333333331, "betweenness": 0.0012875108124293033, "weight": 0.10128751081242932 }, "geometry": { "type": "LineString", "coordinates": [ [ -75.242693, 6.219349 ], [ -75.360874, 5.973845 ] ] } },
{ "type": "Feature", "properties": { "source": "PEÑOL", "target": "ABEJORRAL", "distance": 0.5, "betweenness": 0.0004657661853749418, "weight": 0.10046576618537495 }, "geometry": { "type": "LineString", "coordinates": [ [ -75.242693, 6.219349 ], [ -75.428739, 5.789315 ] ] } },
{ "type": "Feature", "properties": { "source": "PEÑOL", "target": "SAN LUIS", "distance": 0.5, "betweenness": 0.00037390674325932829, "weight": 0.10037390674325933 }, "geometry": { "type": "LineString", "coordinates": [ [ -75.242693, 6.219349 ], [ -74.993619, 6.043017 ] ] } },
{ "type": "Feature", "properties": { "source": "PEÑOL", "target": "EL SANTUARIO", "distance": 0.5, "betweenness": 0.0001863064741499767, "weight": 0.10018630647414999 }, "geometry": { "type": "LineString", "coordinates": [ [ -75.242693, 6.219349 ], [ -75.265465, 6.136871 ] ] } },
{ "type": "Feature", "properties": { "source": "PEÑOL", "target": "SONSÓN", "distance": 0.5, "betweenness": 0.0014721034283214068, "weight": 0.10147210342832141 }, "geometry": { "type": "LineString", "coordinates": [ [ -75.242693, 6.219349 ], [ -75.309596, 5.714851 ] ] } },
{ "type": "Feature", "properties": { "source": "PEÑOL", "target": "SAN FRANCISCO", "distance": 0.5, "betweenness": 0.0018192717424203215, "weight": 0.10181927174242032 }, "geometry": { "type": "LineString", "coordinates": [ [ -75.242693, 6.219349 ], [ -75.101562, 5.963476 ] ] } },
{ "type": "Feature", "properties": { "source": "PEÑOL", "target": "MONTEBELLO", "distance": 1.0, "betweenness": 0.0, "weight": 0.1 }, "geometry": { "type": "LineString", "coordinates": [ [ -75.242693, 6.219349 ], [ -75.523455, 5.946313 ] ] } },
{ "type": "Feature", "properties": { "source": "PEÑOL", "target": "CISNEROS", "distance": 0.5, "betweenness": 0.00072360103799321311, "weight": 0.10072360103799322 }, "geometry": { "type": "LineString", "coordinates": [ [ -75.242693, 6.219349 ], [ -75.087047, 6.537829 ] ] } },
{ "type": "Feature", "properties": { "source": "PEÑOL", "target": "CALDAS", "distance": 0.33333333333333331, "betweenness": 0.003650165236099099, "weight": 0.1036501652360991 }, "geometry": { "type": "LineString", "coordinates": [ [ -75.242693, 6.219349 ], [ -75.633673, 6.091077 ] ] } },
{ "type": "Feature", "properties": { "source": "PEÑOL", "target": "ITAGÜÍ", "distance": 0.5, "betweenness": 0.0001863064741499767, "weight": 0.10018630647414999 }, "geometry": { "type": "LineString", "coordinates": [ [ -75.242693, 6.219349 ], [ -75.612056, 6.175079 ] ] } },
{ "type": "Feature", "properties": { "source": "PEÑOL", "target": "SABANETA", "distance": 1.0, "betweenness": 0.0, "weight": 0.1 }, "geometry": { "type": "LineString", "coordinates": [ [ -75.242693, 6.219349 ], [ -75.615479, 6.149903 ] ] } },
{ "type": "Feature", "properties": { "source": "EL SANTUARIO", "target": "SAN LUIS", "distance": 0.5, "betweenness": 0.0002328830926874709, "weight": 0.10023288309268748 }, "geometry": { "type": "LineString", "coordinates": [ [ -75.265465, 6.136871 ], [ -74.993619, 6.043017 ] ] } },
{ "type": "Feature", "properties": { "source": "EL SANTUARIO", "target": "MARINILLA", "distance": 0.5, "betweenness": 0.00024582104228121929, "weight": 0.10024582104228122 }, "geometry": { "type": "LineString", "coordinates": [ [ -75.265465, 6.136871 ], [ -75.339345, 6.173995 ] ] } },
{ "type": "Feature", "properties": { "source": "EL SANTUARIO", "target": "SAN FRANCISCO", "distance": 0.5, "betweenness": 0.0004175989271471339, "weight": 0.10041759892714713 }, "geometry": { "type": "LineString", "coordinates": [ [ -75.265465, 6.136871 ], [ -75.101562, 5.963476 ] ] } },
{ "type": "Feature", "properties": { "source": "EL SANTUARIO", "target": "ABEJORRAL", "distance": 0.5, "betweenness": 0.00047439148510410733, "weight": 0.10047439148510412 }, "geometry": { "type": "LineString", "coordinates": [ [ -75.265465, 6.136871 ], [ -75.428739, 5.789315 ] ] } },
{ "type": "Feature", "properties": { "source": "EL SANTUARIO", "target": "SONSÓN", "distance": 0.5, "betweenness": 0.00038359060250070959, "weight": 0.10038359060250071 }, "geometry": { "type": "LineString", "coordinates": [ [ -75.265465, 6.136871 ], [ -75.309596, 5.714851 ] ] } },
{ "type": "Feature", "properties": { "source": "EL SANTUARIO", "target": "LA UNIÓN", "distance": 0.5, "betweenness": 0.00020916351843226554, "weight": 0.10020916351843227 }, "geometry": { "type": "LineString", "coordinates": [ [ -75.265465, 6.136871 ], [ -75.360874, 5.973845 ] ] } },
{ "type": "Feature", "properties": { "source": "EL SANTUARIO", "target": "GUATAPÉ", "distance": 0.5, "betweenness": 0.00033638668943745801, "weight": 0.10033638668943747 }, "geometry": { "type": "LineString", "coordinates": [ [ -75.265465, 6.136871 ], [ -75.160041, 6.232461 ] ] } },
{ "type": "Feature", "properties": { "source": "EL SANTUARIO", "target": "CALDAS", "distance": 0.5, "betweenness": 0.00052614328347910084, "weight": 0.1005261432834791 }, "geometry": { "type": "LineString", "coordinates": [ [ -75.265465, 6.136871 ], [ -75.633673, 6.091077 ] ] } },
{ "type": "Feature", "properties": { "source": "EL SANTUARIO", "target": "SAN RAFAEL", "distance": 0.5, "betweenness": 0.00035967499870620501, "weight": 0.10035967499870621 }, "geometry": { "type": "LineString", "coordinates": [ [ -75.265465, 6.136871 ], [ -75.02849, 6.293759 ] ] } },
{ "type": "Feature", "properties": { "source": "EL SANTUARIO", "target": "SAN CARLOS", "distance": 0.33333333333333331, "betweenness": 0.0013843606065310772, "weight": 0.10138436060653108 }, "geometry": { "type": "LineString", "coordinates": [ [ -75.265465, 6.136871 ], [ -74.988097, 6.187746 ] ] } },
{ "type": "Feature", "properties": { "source": "EL SANTUARIO", "target": "SANTA BÁRBARA", "distance": 0.5, "betweenness": 0.00062102158049992225, "weight": 0.10062102158049993 }, "geometry": { "type": "LineString", "coordinates": [ [ -75.265465, 6.136871 ], [ -75.567351, 5.875527 ] ] } },
{ "type": "Feature", "properties": { "source": "EL SANTUARIO", "target": "SABANETA", "distance": 0.5, "betweenness": 0.00042972475436378556, "weight": 0.10042972475436379 }, "geometry": { "type": "LineString", "coordinates": [ [ -75.265465, 6.136871 ], [ -75.615479, 6.149903 ] ] } },
{ "type": "Feature", "properties": { "source": "EL SANTUARIO", "target": "MONTEBELLO", "distance": 0.5, "betweenness": 0.00039676378754161705, "weight": 0.10039676378754163 }, "geometry": { "type": "LineString", "coordinates": [ [ -75.265465, 6.136871 ], [ -75.523455, 5.946313 ] ] } },
{ "type": "Feature", "properties": { "source": "EL SANTUARIO", "target": "ITAGÜÍ", "distance": 0.33333333333333331, "betweenness": 0.002569476789318429, "weight": 0.10256947678931844 }, "geometry": { "type": "LineString", "coordinates": [ [ -75.265465, 6.136871 ], [ -75.612056, 6.175079 ] ] } },
{ "type": "Feature", "properties": { "source": "EL SANTUARIO", "target": "SAN ROQUE", "distance": 0.5, "betweenness": 0.00030835446531766981, "weight": 0.10030835446531768 }, "geometry": { "type": "LineString", "coordinates": [ [ -75.265465, 6.136871 ], [ -75.019109, 6.485939 ] ] } },
{ "type": "Feature", "properties": { "source": "EL SANTUARIO", "target": "LA ESTRELLA", "distance": 0.5, "betweenness": 0.00043403740422836841, "weight": 0.10043403740422838 }, "geometry": { "type": "LineString", "coordinates": [ [ -75.265465, 6.136871 ], [ -75.637708, 6.145238 ] ] } },
{ "type": "Feature", "properties": { "source": "EL SANTUARIO", "target": "FREDONIA", "distance": 1.0, "betweenness": 0.0, "weight": 0.1 }, "geometry": { "type": "LineString", "coordinates": [ [ -75.265465, 6.136871 ], [ -75.675072, 5.928039 ] ] } },
{ "type": "Feature", "properties": { "source": "EL SANTUARIO", "target": "PUERTO NARE", "distance": 1.0, "betweenness": 0.0, "weight": 0.1 }, "geometry": { "type": "LineString", "coordinates": [ [ -75.265465, 6.136871 ], [ -74.583012, 6.186025 ] ] } },
{ "type": "Feature", "properties": { "source": "EL SANTUARIO", "target": "ARGELIA", "distance": 1.0, "betweenness": 0.0, "weight": 0.1 }, "geometry": { "type": "LineString", "coordinates": [ [ -75.265465, 6.136871 ], [ -75.14107, 5.731474 ] ] } },
{ "type": "Feature", "properties": { "source": "MARINILLA", "target": "GUATAPÉ", "distance": 0.5, "betweenness": 0.00034932463903120635, "weight": 0.10034932463903121 }, "geometry": { "type": "LineString", "coordinates": [ [ -75.339345, 6.173995 ], [ -75.160041, 6.232461 ] ] } },
{ "type": "Feature", "properties": { "source": "MARINILLA", "target": "LA UNIÓN", "distance": 0.5, "betweenness": 0.0002242577929583053, "weight": 0.10022425779295831 }, "geometry": { "type": "LineString", "coordinates": [ [ -75.339345, 6.173995 ], [ -75.360874, 5.973845 ] ] } },
{ "type": "Feature", "properties": { "source": "MARINILLA", "target": "SAN CARLOS", "distance": 0.5, "betweenness": 0.00018630647414997673, "weight": 0.10018630647414999 }, "geometry": { "type": "LineString", "coordinates": [ [ -75.339345, 6.173995 ], [ -74.988097, 6.187746 ] ] } },
{ "type": "Feature", "properties": { "source": "MARINILLA", "target": "LA ESTRELLA", "distance": 0.5, "betweenness": 0.00021624858606693724, "weight": 0.10021624858606694 }, "geometry": { "type": "LineString", "coordinates": [ [ -75.339345, 6.173995 ], [ -75.637708, 6.145238 ] ] } },
{ "type": "Feature", "properties": { "source": "MARINILLA", "target": "SONSÓN", "distance": 0.5, "betweenness": 0.0013214592511285568, "weight": 0.10132145925112856 }, "geometry": { "type": "LineString", "coordinates": [ [ -75.339345, 6.173995 ], [ -75.309596, 5.714851 ] ] } },
{ "type": "Feature", "properties": { "source": "MARINILLA", "target": "SAN LUIS", "distance": 0.5, "betweenness": 0.00048387931480618952, "weight": 0.10048387931480619 }, "geometry": { "type": "LineString", "coordinates": [ [ -75.339345, 6.173995 ], [ -74.993619, 6.043017 ] ] } },
{ "type": "Feature", "properties": { "source": "MARINILLA", "target": "ABEJORRAL", "distance": 0.5, "betweenness": 0.00043644016629577876, "weight": 0.10043644016629578 }, "geometry": { "type": "LineString", "coordinates": [ [ -75.339345, 6.173995 ], [ -75.428739, 5.789315 ] ] } },
{ "type": "Feature", "properties": { "source": "MARINILLA", "target": "SAN RAFAEL", "distance": 0.5, "betweenness": 0.00024323345236246959, "weight": 0.10024323345236248 }, "geometry": { "type": "LineString", "coordinates": [ [ -75.339345, 6.173995 ], [ -75.02849, 6.293759 ] ] } },
{ "type": "Feature", "properties": { "source": "MARINILLA", "target": "SANTA BÁRBARA", "distance": 0.5, "betweenness": 0.00025962152184788427, "weight": 0.10025962152184789 }, "geometry": { "type": "LineString", "coordinates": [ [ -75.339345, 6.173995 ], [ -75.567351, 5.875527 ] ] } },
{ "type": "Feature", "properties": { "source": "MARINILLA", "target": "CALDAS", "distance": 0.5, "betweenness": 0.0002889475409270472, "weight": 0.10028894754092706 }, "geometry": { "type": "LineString", "coordinates": [ [ -75.339345, 6.173995 ], [ -75.633673, 6.091077 ] ] } },
{ "type": "Feature", "properties": { "source": "MARINILLA", "target": "SABANETA", "distance": 0.5, "betweenness": 0.00022918653566068561, "weight": 0.10022918653566069 }, "geometry": { "type": "LineString", "coordinates": [ [ -75.339345, 6.173995 ], [ -75.615479, 6.149903 ] ] } },
{ "type": "Feature", "properties": { "source": "MARINILLA", "target": "MONTEBELLO", "distance": 0.5, "betweenness": 0.0007210750573582431, "weight": 0.10072107505735825 }, "geometry": { "type": "LineString", "coordinates": [ [ -75.339345, 6.173995 ], [ -75.523455, 5.946313 ] ] } },
{ "type": "Feature", "properties": { "source": "MARINILLA", "target": "ITAGÜÍ", "distance": 0.5, "betweenness": 0.00015525539512498059, "weight": 0.10015525539512499 }, "geometry": { "type": "LineString", "coordinates": [ [ -75.339345, 6.173995 ], [ -75.612056, 6.175079 ] ] } },
{ "type": "Feature", "properties": { "source": "MARINILLA", "target": "SAN FRANCISCO", "distance": 0.5, "betweenness": 0.0013905327365970122, "weight": 0.10139053273659701 }, "geometry": { "type": "LineString", "coordinates": [ [ -75.339345, 6.173995 ], [ -75.101562, 5.963476 ] ] } },
{ "type": "Feature", "properties": { "source": "MARINILLA", "target": "ANGELÓPOLIS", "distance": 0.33333333333333331, "betweenness": 0.0050742638306681166, "weight": 0.10507426383066812 }, "geometry": { "type": "LineString", "coordinates": [ [ -75.339345, 6.173995 ], [ -75.711389, 6.109719 ] ] } },
{ "type": "Feature", "properties": { "source": "MARINILLA", "target": "SAN ROQUE", "distance": 0.5, "betweenness": 0.00024366471734892789, "weight": 0.10024366471734894 }, "geometry": { "type": "LineString", "coordinates": [ [ -75.339345, 6.173995 ], [ -75.019109, 6.485939 ] ] } },
{ "type": "Feature", "properties": { "source": "MARINILLA", "target": "AMAGÁ", "distance": 0.5, "betweenness": 0.00084428414656640067, "weight": 0.1008442841465664 }, "geometry": { "type": "LineString", "coordinates": [ [ -75.339345, 6.173995 ], [ -75.702188, 6.038708 ] ] } },
{ "type": "Feature", "properties": { "source": "MARINILLA", "target": "FREDONIA", "distance": 0.5, "betweenness": 0.0015400164620006259, "weight": 0.10154001646200063 }, "geometry": { "type": "LineString", "coordinates": [ [ -75.339345, 6.173995 ], [ -75.675072, 5.928039 ] ] } },
{ "type": "Feature", "properties": { "source": "GUATAPÉ", "target": "SAN FRANCISCO", "distance": 0.5, "betweenness": 0.00094984152972043027, "weight": 0.10094984152972043 }, "geometry": { "type": "LineString", "coordinates": [ [ -75.160041, 6.232461 ], [ -75.101562, 5.963476 ] ] } },
{ "type": "Feature", "properties": { "source": "GUATAPÉ", "target": "SAN ROQUE", "distance": 0.5, "betweenness": 0.00024366471734892789, "weight": 0.10024366471734894 }, "geometry": { "type": "LineString", "coordinates": [ [ -75.160041, 6.232461 ], [ -75.019109, 6.485939 ] ] } },
{ "type": "Feature", "properties": { "source": "GUATAPÉ", "target": "LA UNIÓN", "distance": 0.33333333333333331, "betweenness": 0.0040898706944352027, "weight": 0.1040898706944352 }, "geometry": { "type": "LineString", "coordinates": [ [ -75.160041, 6.232461 ], [ -75.360874, 5.973845 ] ] } },
{ "type": "Feature", "properties": { "source": "GUATAPÉ", "target": "SAN RAFAEL", "distance": 0.5, "betweenness": 0.00031439217512808568, "weight": 0.10031439217512809 }, "geometry": { "type": "LineString", "coordinates": [ [ -75.160041, 6.232461 ], [ -75.02849, 6.293759 ] ] } },
{ "type": "Feature", "properties": { "source": "GUATAPÉ", "target": "SAN CARLOS", "distance": 0.5, "betweenness": 0.00020571339854059931, "weight": 0.10020571339854061 }, "geometry": { "type": "LineString", "coordinates": [ [ -75.160041, 6.232461 ], [ -74.988097, 6.187746 ] ] } },
{ "type": "Feature", "properties": { "source": "GUATAPÉ", "target": "SAN LUIS", "distance": 0.5, "betweenness": 0.00043859649122807018, "weight": 0.10043859649122808 }, "geometry": { "type": "LineString", "coordinates": [ [ -75.160041, 6.232461 ], [ -74.993619, 6.043017 ] ] } },
{ "type": "Feature", "properties": { "source": "GUATAPÉ", "target": "CISNEROS", "distance": 0.25, "betweenness": 0.0038813848781245148, "weight": 0.10388138487812452 }, "geometry": { "type": "LineString", "coordinates": [ [ -75.160041, 6.232461 ], [ -75.087047, 6.537829 ] ] } },
{ "type": "Feature", "properties": { "source": "GUATAPÉ", "target": "SONSÓN", "distance": 0.5, "betweenness": 0.0014281143997026621, "weight": 0.10142811439970267 }, "geometry": { "type": "LineString", "coordinates": [ [ -75.160041, 6.232461 ], [ -75.309596, 5.714851 ] ] } },
{ "type": "Feature", "properties": { "source": "SAN RAFAEL", "target": "YALÍ", "distance": 0.5, "betweenness": 0.0022391278096913865, "weight": 0.1022391278096914 }, "geometry": { "type": "LineString", "coordinates": [ [ -75.02849, 6.293759 ], [ -74.840059, 6.676554 ] ] } },
{ "type": "Feature", "properties": { "source": "SAN RAFAEL", "target": "SAN CARLOS", "distance": 0.5, "betweenness": 0.00025272128206455175, "weight": 0.10025272128206456 }, "geometry": { "type": "LineString", "coordinates": [ [ -75.02849, 6.293759 ], [ -74.988097, 6.187746 ] ] } },
{ "type": "Feature", "properties": { "source": "SAN RAFAEL", "target": "SAN ROQUE", "distance": 0.5, "betweenness": 0.00019838189377080853, "weight": 0.10019838189377081 }, "geometry": { "type": "LineString", "coordinates": [ [ -75.02849, 6.293759 ], [ -75.019109, 6.485939 ] ] } },
{ "type": "Feature", "properties": { "source": "SAN RAFAEL", "target": "MACEO", "distance": 0.5, "betweenness": 0.0013099365917251336, "weight": 0.10130993659172514 }, "geometry": { "type": "LineString", "coordinates": [ [ -75.02849, 6.293759 ], [ -74.78716, 6.552116 ] ] } },
{ "type": "Feature", "properties": { "source": "SAN RAFAEL", "target": "SAN LUIS", "distance": 0.5, "betweenness": 0.00046551974823982271, "weight": 0.10046551974823983 }, "geometry": { "type": "LineString", "coordinates": [ [ -75.02849, 6.293759 ], [ -74.993619, 6.043017 ] ] } },
{ "type": "Feature", "properties": { "source": "SAN RAFAEL", "target": "CISNEROS", "distance": 0.5, "betweenness": 0.00025746519691559284, "weight": 0.1002574651969156 }, "geometry": { "type": "LineString", "coordinates": [ [ -75.02849, 6.293759 ], [ -75.087047, 6.537829 ] ] } },
{ "type": "Feature", "properties": { "source": "SAN RAFAEL", "target": "PUERTO NARE", "distance": 0.5, "betweenness": 0.0037459676723766147, "weight": 0.10374596767237662 }, "geometry": { "type": "LineString", "coordinates": [ [ -75.02849, 6.293759 ], [ -74.583012, 6.186025 ] ] } },
{ "type": "Feature", "properties": { "source": "SAN RAFAEL", "target": "CARACOLÍ", "distance": 0.5, "betweenness": 0.0013664323049511684, "weight": 0.10136643230495117 }, "geometry": { "type": "LineString", "coordinates": [ [ -75.02849, 6.293759 ], [ -74.757421, 6.409829 ] ] } },
{ "type": "Feature", "properties": { "source": "SAN RAFAEL", "target": "SAN FRANCISCO", "distance": 0.5, "betweenness": 0.0010198912853780109, "weight": 0.10101989128537801 }, "geometry": { "type": "LineString", "coordinates": [ [ -75.02849, 6.293759 ], [ -75.101562, 5.963476 ] ] } },
{ "type": "Feature", "properties": { "source": "SAN RAFAEL", "target": "LA UNIÓN", "distance": 0.5, "betweenness": 0.0013129554466303418, "weight": 0.10131295544663035 }, "geometry": { "type": "LineString", "coordinates": [ [ -75.02849, 6.293759 ], [ -75.360874, 5.973845 ] ] } },
{ "type": "Feature", "properties": { "source": "SAN RAFAEL", "target": "PUERTO BERRÍO", "distance": 0.5, "betweenness": 0.0048034294191723163, "weight": 0.10480342941917233 }, "geometry": { "type": "LineString", "coordinates": [ [ -75.02849, 6.293759 ], [ -74.410016, 6.487028 ] ] } },
{ "type": "Feature", "properties": { "source": "SAN RAFAEL", "target": "SONSÓN", "distance": 1.0, "betweenness": 1.0350359674998705e-05, "weight": 0.10001035035967501 }, "geometry": { "type": "LineString", "coordinates": [ [ -75.02849, 6.293759 ], [ -75.309596, 5.714851 ] ] } },
{ "type": "Feature", "properties": { "source": "SAN ROQUE", "target": "PUERTO BERRÍO", "distance": 0.5, "betweenness": 0.0030671565836912838, "weight": 0.10306715658369128 }, "geometry": { "type": "LineString", "coordinates": [ [ -75.019109, 6.485939 ], [ -74.410016, 6.487028 ] ] } },
{ "type": "Feature", "properties": { "source": "SAN ROQUE", "target": "SAN CARLOS", "distance": 0.5, "betweenness": 0.0002402145974572616, "weight": 0.10024021459745727 }, "geometry": { "type": "LineString", "coordinates": [ [ -75.019109, 6.485939 ], [ -74.988097, 6.187746 ] ] } },
{ "type": "Feature", "properties": { "source": "SAN ROQUE", "target": "YALÍ", "distance": 0.5, "betweenness": 0.0011823605675492029, "weight": 0.10118236056754921 }, "geometry": { "type": "LineString", "coordinates": [ [ -75.019109, 6.485939 ], [ -74.840059, 6.676554 ] ] } },
{ "type": "Feature", "properties": { "source": "SAN ROQUE", "target": "MACEO", "distance": 0.5, "betweenness": 0.00079371240293457342, "weight": 0.10079371240293458 }, "geometry": { "type": "LineString", "coordinates": [ [ -75.019109, 6.485939 ], [ -74.78716, 6.552116 ] ] } },
{ "type": "Feature", "properties": { "source": "SAN ROQUE", "target": "CISNEROS", "distance": 0.5, "betweenness": 0.00020042060097952042, "weight": 0.10020042060097953 }, "geometry": { "type": "LineString", "coordinates": [ [ -75.019109, 6.485939 ], [ -75.087047, 6.537829 ] ] } },
{ "type": "Feature", "properties": { "source": "SAN ROQUE", "target": "CARACOLÍ", "distance": 0.5, "betweenness": 0.0008483598376472154, "weight": 0.10084835983764723 }, "geometry": { "type": "LineString", "coordinates": [ [ -75.019109, 6.485939 ], [ -74.757421, 6.409829 ] ] } },
{ "type": "Feature", "properties": { "source": "SAN ROQUE", "target": "SAN LUIS", "distance": 0.5, "betweenness": 0.00055503803757180569, "weight": 0.10055503803757181 }, "geometry": { "type": "LineString", "coordinates": [ [ -75.019109, 6.485939 ], [ -74.993619, 6.043017 ] ] } },
{ "type": "Feature", "properties": { "source": "SAN ROQUE", "target": "PUERTO NARE", "distance": 1.0, "betweenness": 2.5875899187496765e-05, "weight": 0.1000258758991875 }, "geometry": { "type": "LineString", "coordinates": [ [ -75.019109, 6.485939 ], [ -74.583012, 6.186025 ] ] } },
{ "type": "Feature", "properties": { "source": "CALDAS", "target": "TITIRIBÍ", "distance": 0.5, "betweenness": 0.00022112132032951781, "weight": 0.10022112132032952 }, "geometry": { "type": "LineString", "coordinates": [ [ -75.633673, 6.091077 ], [ -75.791887, 6.062391 ] ] } },
{ "type": "Feature", "properties": { "source": "CALDAS", "target": "ABEJORRAL", "distance": 0.5, "betweenness": 0.0001863064741499767, "weight": 0.10018630647414999 }, "geometry": { "type": "LineString", "coordinates": [ [ -75.633673, 6.091077 ], [ -75.428739, 5.789315 ] ] } },
{ "type": "Feature", "properties": { "source": "CALDAS", "target": "FREDONIA", "distance": 0.5, "betweenness": 0.00019406924390622573, "weight": 0.10019406924390623 }, "geometry": { "type": "LineString", "coordinates": [ [ -75.633673, 6.091077 ], [ -75.675072, 5.928039 ] ] } },
{ "type": "Feature", "properties": { "source": "CALDAS", "target": "SANTA BÁRBARA", "distance": 0.5, "betweenness": 0.00015525539512498059, "weight": 0.10015525539512499 }, "geometry": { "type": "LineString", "coordinates": [ [ -75.633673, 6.091077 ], [ -75.567351, 5.875527 ] ] } },
{ "type": "Feature", "properties": { "source": "CALDAS", "target": "CONCORDIA", "distance": 0.5, "betweenness": 0.00024840863219996895, "weight": 0.10024840863219997 }, "geometry": { "type": "LineString", "coordinates": [ [ -75.633673, 6.091077 ], [ -75.908448, 6.045738 ] ] } },
{ "type": "Feature", "properties": { "source": "CALDAS", "target": "ANGELÓPOLIS", "distance": 0.5, "betweenness": 0.00034402624062614741, "weight": 0.10034402624062615 }, "geometry": { "type": "LineString", "coordinates": [ [ -75.633673, 6.091077 ], [ -75.711389, 6.109719 ] ] } },
{ "type": "Feature", "properties": { "source": "CALDAS", "target": "AMAGÁ", "distance": 0.5, "betweenness": 0.00025970445742220312, "weight": 0.1002597044574222 }, "geometry": { "type": "LineString", "coordinates": [ [ -75.633673, 6.091077 ], [ -75.702188, 6.038708 ] ] } },
{ "type": "Feature", "properties": { "source": "CALDAS", "target": "LA UNIÓN", "distance": 0.5, "betweenness": 0.00021409226113464584, "weight": 0.10021409226113465 }, "geometry": { "type": "LineString", "coordinates": [ [ -75.633673, 6.091077 ], [ -75.360874, 5.973845 ] ] } },
{ "type": "Feature", "properties": { "source": "CALDAS", "target": "VENECIA", "distance": 0.5, "betweenness": 0.00025776376498314084, "weight": 0.10025776376498315 }, "geometry": { "type": "LineString", "coordinates": [ [ -75.633673, 6.091077 ], [ -75.735544, 5.964693 ] ] } },
{ "type": "Feature", "properties": { "source": "CALDAS", "target": "LA ESTRELLA", "distance": 0.5, "betweenness": 0.00021624858606693724, "weight": 0.10021624858606694 }, "geometry": { "type": "LineString", "coordinates": [ [ -75.633673, 6.091077 ], [ -75.637708, 6.145238 ] ] } },
{ "type": "Feature", "properties": { "source": "CALDAS", "target": "TÁMESIS", "distance": 0.5, "betweenness": 0.00050358480726436013, "weight": 0.10050358480726436 }, "geometry": { "type": "LineString", "coordinates": [ [ -75.633673, 6.091077 ], [ -75.714429, 5.664645 ] ] } },
{ "type": "Feature", "properties": { "source": "CALDAS", "target": "SABANETA", "distance": 0.5, "betweenness": 0.00020959478341872381, "weight": 0.10020959478341873 }, "geometry": { "type": "LineString", "coordinates": [ [ -75.633673, 6.091077 ], [ -75.615479, 6.149903 ] ] } },
{ "type": "Feature", "properties": { "source": "CALDAS", "target": "BETULIA", "distance": 0.5, "betweenness": 0.00028981007089996379, "weight": 0.10028981007089997 }, "geometry": { "type": "LineString", "coordinates": [ [ -75.633673, 6.091077 ], [ -75.984452, 6.115208 ] ] } },
{ "type": "Feature", "properties": { "source": "CALDAS", "target": "TARSO", "distance": 0.5, "betweenness": 0.00035654096122697407, "weight": 0.10035654096122698 }, "geometry": { "type": "LineString", "coordinates": [ [ -75.633673, 6.091077 ], [ -75.822956, 5.864542 ] ] } },
{ "type": "Feature", "properties": { "source": "CALDAS", "target": "MONTEBELLO", "distance": 0.5, "betweenness": 0.00029271676531418805, "weight": 0.10029271676531419 }, "geometry": { "type": "LineString", "coordinates": [ [ -75.633673, 6.091077 ], [ -75.523455, 5.946313 ] ] } },
{ "type": "Feature", "properties": { "source": "CALDAS", "target": "JERICÓ", "distance": 0.5, "betweenness": 0.00035382211674712835, "weight": 0.10035382211674714 }, "geometry": { "type": "LineString", "coordinates": [ [ -75.633673, 6.091077 ], [ -75.785499, 5.789748 ] ] } },
{ "type": "Feature", "properties": { "source": "CALDAS", "target": "VALPARAÍSO", "distance": 0.5, "betweenness": 0.00084223531475510977, "weight": 0.10084223531475511 }, "geometry": { "type": "LineString", "coordinates": [ [ -75.633673, 6.091077 ], [ -75.624452, 5.614555 ] ] } },
{ "type": "Feature", "properties": { "source": "CALDAS", "target": "SALGAR", "distance": 0.5, "betweenness": 0.00060709788236569789, "weight": 0.1006070978823657 }, "geometry": { "type": "LineString", "coordinates": [ [ -75.633673, 6.091077 ], [ -75.976807, 5.964198 ] ] } },
{ "type": "Feature", "properties": { "source": "CALDAS", "target": "ARMENIA", "distance": 0.5, "betweenness": 0.00024840863219996895, "weight": 0.10024840863219997 }, "geometry": { "type": "LineString", "coordinates": [ [ -75.633673, 6.091077 ], [ -75.786647, 6.155667 ] ] } },
{ "type": "Feature", "properties": { "source": "CALDAS", "target": "PUEBLORRICO", "distance": 0.33333333333333331, "betweenness": 0.0020619395095408137, "weight": 0.10206193950954082 }, "geometry": { "type": "LineString", "coordinates": [ [ -75.633673, 6.091077 ], [ -75.839903, 5.79158 ] ] } },
{ "type": "Feature", "properties": { "source": "CALDAS", "target": "ITAGÜÍ", "distance": 0.5, "betweenness": 0.00022512032293122187, "weight": 0.10022512032293122 }, "geometry": { "type": "LineString", "coordinates": [ [ -75.633673, 6.091077 ], [ -75.612056, 6.175079 ] ] } },
{ "type": "Feature", "properties": { "source": "CALDAS", "target": "LA PINTADA", "distance": 0.33333333333333331, "betweenness": 0.0027531956735496561, "weight": 0.10275319567354967 }, "geometry": { "type": "LineString", "coordinates": [ [ -75.633673, 6.091077 ], [ -75.60781, 5.743808 ] ] } },
{ "type": "Feature", "properties": { "source": "CALDAS", "target": "SONSÓN", "distance": 0.5, "betweenness": 0.0012318224074770114, "weight": 0.10123182240747702 }, "geometry": { "type": "LineString", "coordinates": [ [ -75.633673, 6.091077 ], [ -75.309596, 5.714851 ] ] } },
{ "type": "Feature", "properties": { "source": "CALDAS", "target": "HISPANIA", "distance": 0.5, "betweenness": 0.0017634425296279043, "weight": 0.10176344252962791 }, "geometry": { "type": "LineString", "coordinates": [ [ -75.633673, 6.091077 ], [ -75.906587, 5.799461 ] ] } },
{ "type": "Feature", "properties": { "source": "CALDAS", "target": "CIUDAD BOLÍVAR", "distance": 0.5, "betweenness": 0.0016664166679692214, "weight": 0.10166641666796923 }, "geometry": { "type": "LineString", "coordinates": [ [ -75.633673, 6.091077 ], [ -76.021509, 5.850273 ] ] } },
{ "type": "Feature", "properties": { "source": "CALDAS", "target": "ANDES", "distance": 1.0, "betweenness": 0.0, "weight": 0.1 }, "geometry": { "type": "LineString", "coordinates": [ [ -75.633673, 6.091077 ], [ -75.878828, 5.657194 ] ] } },
{ "type": "Feature", "properties": { "source": "CALDAS", "target": "BETANIA", "distance": 1.0, "betweenness": 0.0, "weight": 0.1 }, "geometry": { "type": "LineString", "coordinates": [ [ -75.633673, 6.091077 ], [ -75.97679, 5.74615 ] ] } },
{ "type": "Feature", "properties": { "source": "LA ESTRELLA", "target": "FREDONIA", "distance": 0.5, "betweenness": 0.00030799041045897124, "weight": 0.10030799041045897 }, "geometry": { "type": "LineString", "coordinates": [ [ -75.637708, 6.145238 ], [ -75.675072, 5.928039 ] ] } },
{ "type": "Feature", "properties": { "source": "LA ESTRELLA", "target": "SANTA BÁRBARA", "distance": 0.5, "betweenness": 0.0001774347372856921, "weight": 0.1001774347372857 }, "geometry": { "type": "LineString", "coordinates": [ [ -75.637708, 6.145238 ], [ -75.567351, 5.875527 ] ] } },
{ "type": "Feature", "properties": { "source": "LA ESTRELLA", "target": "BETULIA", "distance": 0.5, "betweenness": 0.00024699721951701459, "weight": 0.10024699721951702 }, "geometry": { "type": "LineString", "coordinates": [ [ -75.637708, 6.145238 ], [ -75.984452, 6.115208 ] ] } },
{ "type": "Feature", "properties": { "source": "LA ESTRELLA", "target": "VENECIA", "distance": 0.5, "betweenness": 0.00027002961329929191, "weight": 0.1002700296132993 }, "geometry": { "type": "LineString", "coordinates": [ [ -75.637708, 6.145238 ], [ -75.735544, 5.964693 ] ] } },
{ "type": "Feature", "properties": { "source": "LA ESTRELLA", "target": "LA UNIÓN", "distance": 0.5, "betweenness": 0.00023066515847139973, "weight": 0.1002306651584714 }, "geometry": { "type": "LineString", "coordinates": [ [ -75.637708, 6.145238 ], [ -75.360874, 5.973845 ] ] } },
{ "type": "Feature", "properties": { "source": "LA ESTRELLA", "target": "TITIRIBÍ", "distance": 0.5, "betweenness": 0.00017971988162952297, "weight": 0.10017971988162953 }, "geometry": { "type": "LineString", "coordinates": [ [ -75.637708, 6.145238 ], [ -75.791887, 6.062391 ] ] } },
{ "type": "Feature", "properties": { "source": "LA ESTRELLA", "target": "AMAGÁ", "distance": 0.5, "betweenness": 0.00016936952195452428, "weight": 0.10016936952195453 }, "geometry": { "type": "LineString", "coordinates": [ [ -75.637708, 6.145238 ], [ -75.702188, 6.038708 ] ] } },
{ "type": "Feature", "properties": { "source": "LA ESTRELLA", "target": "TARSO", "distance": 0.5, "betweenness": 0.00037009256850896352, "weight": 0.10037009256850897 }, "geometry": { "type": "LineString", "coordinates": [ [ -75.637708, 6.145238 ], [ -75.822956, 5.864542 ] ] } },
{ "type": "Feature", "properties": { "source": "LA ESTRELLA", "target": "SALGAR", "distance": 0.5, "betweenness": 0.00050883667558096989, "weight": 0.10050883667558097 }, "geometry": { "type": "LineString", "coordinates": [ [ -75.637708, 6.145238 ], [ -75.976807, 5.964198 ] ] } },
{ "type": "Feature", "properties": { "source": "LA ESTRELLA", "target": "JERICÓ", "distance": 0.5, "betweenness": 0.00083647484672170287, "weight": 0.1008364748467217 }, "geometry": { "type": "LineString", "coordinates": [ [ -75.637708, 6.145238 ], [ -75.785499, 5.789748 ] ] } },
{ "type": "Feature", "properties": { "source": "LA ESTRELLA", "target": "ARMENIA", "distance": 0.5, "betweenness": 0.00015525539512498059, "weight": 0.10015525539512499 }, "geometry": { "type": "LineString", "coordinates": [ [ -75.637708, 6.145238 ], [ -75.786647, 6.155667 ] ] } },
{ "type": "Feature", "properties": { "source": "LA ESTRELLA", "target": "ABEJORRAL", "distance": 0.5, "betweenness": 0.00023066515847139973, "weight": 0.1002306651584714 }, "geometry": { "type": "LineString", "coordinates": [ [ -75.637708, 6.145238 ], [ -75.428739, 5.789315 ] ] } },
{ "type": "Feature", "properties": { "source": "LA ESTRELLA", "target": "ANGELÓPOLIS", "distance": 0.25, "betweenness": 0.0018889406406872641, "weight": 0.10188894064068726 }, "geometry": { "type": "LineString", "coordinates": [ [ -75.637708, 6.145238 ], [ -75.711389, 6.109719 ] ] } },
{ "type": "Feature", "properties": { "source": "LA ESTRELLA", "target": "CONCORDIA", "distance": 0.5, "betweenness": 0.00024699721951701459, "weight": 0.10024699721951702 }, "geometry": { "type": "LineString", "coordinates": [ [ -75.637708, 6.145238 ], [ -75.908448, 6.045738 ] ] } },
{ "type": "Feature", "properties": { "source": "LA ESTRELLA", "target": "MONTEBELLO", "distance": 0.5, "betweenness": 0.00036374121143566883, "weight": 0.10036374121143568 }, "geometry": { "type": "LineString", "coordinates": [ [ -75.637708, 6.145238 ], [ -75.523455, 5.946313 ] ] } },
{ "type": "Feature", "properties": { "source": "LA ESTRELLA", "target": "SABANETA", "distance": 0.5, "betweenness": 0.00015525539512498059, "weight": 0.10015525539512499 }, "geometry": { "type": "LineString", "coordinates": [ [ -75.637708, 6.145238 ], [ -75.615479, 6.149903 ] ] } },
{ "type": "Feature", "properties": { "source": "LA ESTRELLA", "target": "PUEBLORRICO", "distance": 0.5, "betweenness": 0.00026917656167772607, "weight": 0.10026917656167773 }, "geometry": { "type": "LineString", "coordinates": [ [ -75.637708, 6.145238 ], [ -75.839903, 5.79158 ] ] } },
{ "type": "Feature", "properties": { "source": "LA ESTRELLA", "target": "ITAGÜÍ", "distance": 0.5, "betweenness": 0.00015525539512498059, "weight": 0.10015525539512499 }, "geometry": { "type": "LineString", "coordinates": [ [ -75.637708, 6.145238 ], [ -75.612056, 6.175079 ] ] } },
{ "type": "Feature", "properties": { "source": "LA ESTRELLA", "target": "TÁMESIS", "distance": 1.0, "betweenness": 0.0, "weight": 0.1 }, "geometry": { "type": "LineString", "coordinates": [ [ -75.637708, 6.145238 ], [ -75.714429, 5.664645 ] ] } },
{ "type": "Feature", "properties": { "source": "SAN CARLOS", "target": "CISNEROS", "distance": 0.5, "betweenness": 0.00036226258862495468, "weight": 0.10036226258862496 }, "geometry": { "type": "LineString", "coordinates": [ [ -74.988097, 6.187746 ], [ -75.087047, 6.537829 ] ] } },
{ "type": "Feature", "properties": { "source": "SAN CARLOS", "target": "SAN LUIS", "distance": 0.5, "betweenness": 0.00021218237333747345, "weight": 0.10021218237333748 }, "geometry": { "type": "LineString", "coordinates": [ [ -74.988097, 6.187746 ], [ -74.993619, 6.043017 ] ] } },
{ "type": "Feature", "properties": { "source": "SAN CARLOS", "target": "PUERTO NARE", "distance": 0.5, "betweenness": 0.0024012834445996997, "weight": 0.1024012834445997 }, "geometry": { "type": "LineString", "coordinates": [ [ -74.988097, 6.187746 ], [ -74.583012, 6.186025 ] ] } },
{ "type": "Feature", "properties": { "source": "SAN CARLOS", "target": "CARACOLÍ", "distance": 0.5, "betweenness": 0.0029823822092103413, "weight": 0.10298238220921034 }, "geometry": { "type": "LineString", "coordinates": [ [ -74.988097, 6.187746 ], [ -74.757421, 6.409829 ] ] } },
{ "type": "Feature", "properties": { "source": "SAN CARLOS", "target": "LA UNIÓN", "distance": 0.33333333333333331, "betweenness": 0.0055477927857993069, "weight": 0.10554779278579932 }, "geometry": { "type": "LineString", "coordinates": [ [ -74.988097, 6.187746 ], [ -75.360874, 5.973845 ] ] } },
{ "type": "Feature", "properties": { "source": "SAN CARLOS", "target": "SONSÓN", "distance": 0.5, "betweenness": 0.0016687602621463821, "weight": 0.10166876026214638 }, "geometry": { "type": "LineString", "coordinates": [ [ -74.988097, 6.187746 ], [ -75.309596, 5.714851 ] ] } },
{ "type": "Feature", "properties": { "source": "SAN CARLOS", "target": "SAN FRANCISCO", "distance": 0.5, "betweenness": 0.0010718895208881238, "weight": 0.10107188952088814 }, "geometry": { "type": "LineString", "coordinates": [ [ -74.988097, 6.187746 ], [ -75.101562, 5.963476 ] ] } },
{ "type": "Feature", "properties": { "source": "SAN CARLOS", "target": "PUERTO BERRÍO", "distance": 1.0, "betweenness": 4.8301678483327298e-05, "weight": 0.10004830167848333 }, "geometry": { "type": "LineString", "coordinates": [ [ -74.988097, 6.187746 ], [ -74.410016, 6.487028 ] ] } },
{ "type": "Feature", "properties": { "source": "SAN CARLOS", "target": "MACEO", "distance": 0.5, "betweenness": 0.0029875573890478409, "weight": 0.10298755738904784 }, "geometry": { "type": "LineString", "coordinates": [ [ -74.988097, 6.187746 ], [ -74.78716, 6.552116 ] ] } },
{ "type": "Feature", "properties": { "source": "SAN CARLOS", "target": "PUERTO TRIUNFO", "distance": 1.0, "betweenness": 0.0094245159634681937, "weight": 0.10942451596346819 }, "geometry": { "type": "LineString", "coordinates": [ [ -74.988097, 6.187746 ], [ -74.64119, 5.871318 ] ] } },
{ "type": "Feature", "properties": { "source": "CISNEROS", "target": "YALÍ", "distance": 0.5, "betweenness": 0.00055736023365273487, "weight": 0.10055736023365273 }, "geometry": { "type": "LineString", "coordinates": [ [ -75.087047, 6.537829 ], [ -74.840059, 6.676554 ] ] } },
{ "type": "Feature", "properties": { "source": "CISNEROS", "target": "MACEO", "distance": 0.5, "betweenness": 0.00049225817740023608, "weight": 0.10049225817740025 }, "geometry": { "type": "LineString", "coordinates": [ [ -75.087047, 6.537829 ], [ -74.78716, 6.552116 ] ] } },
{ "type": "Feature", "properties": { "source": "CISNEROS", "target": "CARACOLÍ", "distance": 0.5, "betweenness": 0.0005831318709753735, "weight": 0.10058313187097538 }, "geometry": { "type": "LineString", "coordinates": [ [ -75.087047, 6.537829 ], [ -74.757421, 6.409829 ] ] } },
{ "type": "Feature", "properties": { "source": "CISNEROS", "target": "PUERTO BERRÍO", "distance": 1.0, "betweenness": 3.1051079024996119e-05, "weight": 0.100031051079025 }, "geometry": { "type": "LineString", "coordinates": [ [ -75.087047, 6.537829 ], [ -74.410016, 6.487028 ] ] } },
{ "type": "Feature", "properties": { "source": "LA UNIÓN", "target": "AMAGÁ", "distance": 0.5, "betweenness": 0.00074530883217422555, "weight": 0.10074530883217424 }, "geometry": { "type": "LineString", "coordinates": [ [ -75.360874, 5.973845 ], [ -75.702188, 6.038708 ] ] } },
{ "type": "Feature", "properties": { "source": "LA UNIÓN", "target": "SONSÓN", "distance": 0.5, "betweenness": 0.00029816997679130885, "weight": 0.10029816997679132 }, "geometry": { "type": "LineString", "coordinates": [ [ -75.360874, 5.973845 ], [ -75.309596, 5.714851 ] ] } },
{ "type": "Feature", "properties": { "source": "LA UNIÓN", "target": "NARIÑO", "distance": 0.5, "betweenness": 0.0014408563197571115, "weight": 0.10144085631975712 }, "geometry": { "type": "LineString", "coordinates": [ [ -75.360874, 5.973845 ], [ -75.176262, 5.610777 ] ] } },
{ "type": "Feature", "properties": { "source": "LA UNIÓN", "target": "LA PINTADA", "distance": 0.5, "betweenness": 0.00048129172488743991, "weight": 0.10048129172488744 }, "geometry": { "type": "LineString", "coordinates": [ [ -75.360874, 5.973845 ], [ -75.60781, 5.743808 ] ] } },
{ "type": "Feature", "properties": { "source": "LA UNIÓN", "target": "MONTEBELLO", "distance": 0.5, "betweenness": 0.00022512032293122184, "weight": 0.10022512032293122 }, "geometry": { "type": "LineString", "coordinates": [ [ -75.360874, 5.973845 ], [ -75.523455, 5.946313 ] ] } },
{ "type": "Feature", "properties": { "source": "LA UNIÓN", "target": "ABEJORRAL", "distance": 0.5, "betweenness": 0.00015525539512498059, "weight": 0.10015525539512499 }, "geometry": { "type": "LineString", "coordinates": [ [ -75.360874, 5.973845 ], [ -75.428739, 5.789315 ] ] } },
{ "type": "Feature", "properties": { "source": "LA UNIÓN", "target": "SAN FRANCISCO", "distance": 0.5, "betweenness": 0.00086893733842965319, "weight": 0.10086893733842967 }, "geometry": { "type": "LineString", "coordinates": [ [ -75.360874, 5.973845 ], [ -75.101562, 5.963476 ] ] } },
{ "type": "Feature", "properties": { "source": "LA UNIÓN", "target": "ARGELIA", "distance": 0.5, "betweenness": 0.0018185828386107843, "weight": 0.1018185828386108 }, "geometry": { "type": "LineString", "coordinates": [ [ -75.360874, 5.973845 ], [ -75.14107, 5.731474 ] ] } },
{ "type": "Feature", "properties": { "source": "LA UNIÓN", "target": "SANTA BÁRBARA", "distance": 0.5, "betweenness": 0.00023134286059297703, "weight": 0.10023134286059299 }, "geometry": { "type": "LineString", "coordinates": [ [ -75.360874, 5.973845 ], [ -75.567351, 5.875527 ] ] } },
{ "type": "Feature", "properties": { "source": "LA UNIÓN", "target": "FREDONIA", "distance": 0.5, "betweenness": 0.00062792182028325477, "weight": 0.10062792182028327 }, "geometry": { "type": "LineString", "coordinates": [ [ -75.360874, 5.973845 ], [ -75.675072, 5.928039 ] ] } },
{ "type": "Feature", "properties": { "source": "LA UNIÓN", "target": "SAN LUIS", "distance": 0.5, "betweenness": 0.00073918818678949088, "weight": 0.10073918818678949 }, "geometry": { "type": "LineString", "coordinates": [ [ -75.360874, 5.973845 ], [ -74.993619, 6.043017 ] ] } },
{ "type": "Feature", "properties": { "source": "LA UNIÓN", "target": "SABANETA", "distance": 0.5, "betweenness": 0.000394792290460665, "weight": 0.10039479229046067 }, "geometry": { "type": "LineString", "coordinates": [ [ -75.360874, 5.973845 ], [ -75.615479, 6.149903 ] ] } },
{ "type": "Feature", "properties": { "source": "LA UNIÓN", "target": "ANGELÓPOLIS", "distance": 0.5, "betweenness": 0.00037637111461051841, "weight": 0.10037637111461052 }, "geometry": { "type": "LineString", "coordinates": [ [ -75.360874, 5.973845 ], [ -75.711389, 6.109719 ] ] } },
{ "type": "Feature", "properties": { "source": "LA UNIÓN", "target": "ITAGÜÍ", "distance": 0.5, "betweenness": 0.00021218237333747348, "weight": 0.10021218237333748 }, "geometry": { "type": "LineString", "coordinates": [ [ -75.360874, 5.973845 ], [ -75.612056, 6.175079 ] ] } },
{ "type": "Feature", "properties": { "source": "LA UNIÓN", "target": "VENECIA", "distance": 0.5, "betweenness": 0.0010737171193622051, "weight": 0.10107371711936221 }, "geometry": { "type": "LineString", "coordinates": [ [ -75.360874, 5.973845 ], [ -75.735544, 5.964693 ] ] } },
{ "type": "Feature", "properties": { "source": "LA UNIÓN", "target": "VALPARAÍSO", "distance": 0.5, "betweenness": 0.0019528602726087585, "weight": 0.10195286027260876 }, "geometry": { "type": "LineString", "coordinates": [ [ -75.360874, 5.973845 ], [ -75.624452, 5.614555 ] ] } },
{ "type": "Feature", "properties": { "source": "LA UNIÓN", "target": "JERICÓ", "distance": 0.5, "betweenness": 0.0014643294568771979, "weight": 0.10146432945687721 }, "geometry": { "type": "LineString", "coordinates": [ [ -75.360874, 5.973845 ], [ -75.785499, 5.789748 ] ] } },
{ "type": "Feature", "properties": { "source": "LA UNIÓN", "target": "TÁMESIS", "distance": 0.5, "betweenness": 0.0018612069846350237, "weight": 0.10186120698463504 }, "geometry": { "type": "LineString", "coordinates": [ [ -75.360874, 5.973845 ], [ -75.714429, 5.664645 ] ] } },
{ "type": "Feature", "properties": { "source": "MACEO", "target": "YALÍ", "distance": 0.5, "betweenness": 0.0003652814435301627, "weight": 0.10036528144353017 }, "geometry": { "type": "LineString", "coordinates": [ [ -74.78716, 6.552116 ], [ -74.840059, 6.676554 ] ] } },
{ "type": "Feature", "properties": { "source": "MACEO", "target": "PUERTO BERRÍO", "distance": 1.0, "betweenness": 3.1051079024996119e-05, "weight": 0.100031051079025 }, "geometry": { "type": "LineString", "coordinates": [ [ -74.78716, 6.552116 ], [ -74.410016, 6.487028 ] ] } },
{ "type": "Feature", "properties": { "source": "MACEO", "target": "CARACOLÍ", "distance": 0.5, "betweenness": 0.00019868994018970728, "weight": 0.10019868994018971 }, "geometry": { "type": "LineString", "coordinates": [ [ -74.78716, 6.552116 ], [ -74.757421, 6.409829 ] ] } },
{ "type": "Feature", "properties": { "source": "YALÍ", "target": "PUERTO BERRÍO", "distance": 0.5, "betweenness": 0.0008668426227811417, "weight": 0.10086684262278114 }, "geometry": { "type": "LineString", "coordinates": [ [ -74.840059, 6.676554 ], [ -74.410016, 6.487028 ] ] } },
{ "type": "Feature", "properties": { "source": "YALÍ", "target": "CARACOLÍ", "distance": 1.0, "betweenness": 1.9406924390622574e-05, "weight": 0.10001940692439062 }, "geometry": { "type": "LineString", "coordinates": [ [ -74.840059, 6.676554 ], [ -74.757421, 6.409829 ] ] } },
{ "type": "Feature", "properties": { "source": "PUERTO BERRÍO", "target": "CARACOLÍ", "distance": 1.0, "betweenness": 3.8813848781245147e-05, "weight": 0.10003881384878124 }, "geometry": { "type": "LineString", "coordinates": [ [ -74.410016, 6.487028 ], [ -74.757421, 6.409829 ] ] } },
{ "type": "Feature", "properties": { "source": "BETULIA", "target": "FREDONIA", "distance": 0.5, "betweenness": 0.00048896208071801919, "weight": 0.10048896208071803 }, "geometry": { "type": "LineString", "coordinates": [ [ -75.984452, 6.115208 ], [ -75.675072, 5.928039 ] ] } },
{ "type": "Feature", "properties": { "source": "BETULIA", "target": "SALGAR", "distance": 0.5, "betweenness": 0.00029757284065621279, "weight": 0.10029757284065621 }, "geometry": { "type": "LineString", "coordinates": [ [ -75.984452, 6.115208 ], [ -75.976807, 5.964198 ] ] } },
{ "type": "Feature", "properties": { "source": "BETULIA", "target": "AMAGÁ", "distance": 0.5, "betweenness": 0.00033638668943745801, "weight": 0.10033638668943747 }, "geometry": { "type": "LineString", "coordinates": [ [ -75.984452, 6.115208 ], [ -75.702188, 6.038708 ] ] } },
{ "type": "Feature", "properties": { "source": "BETULIA", "target": "CIUDAD BOLÍVAR", "distance": 0.5, "betweenness": 0.0014231744553123221, "weight": 0.10142317445531233 }, "geometry": { "type": "LineString", "coordinates": [ [ -75.984452, 6.115208 ], [ -76.021509, 5.850273 ] ] } },
{ "type": "Feature", "properties": { "source": "BETULIA", "target": "HISPANIA", "distance": 0.5, "betweenness": 0.002480389764972904, "weight": 0.10248038976497291 }, "geometry": { "type": "LineString", "coordinates": [ [ -75.984452, 6.115208 ], [ -75.906587, 5.799461 ] ] } },
{ "type": "Feature", "properties": { "source": "BETULIA", "target": "BETANIA", "distance": 0.5, "betweenness": 0.0036055097070467343, "weight": 0.10360550970704674 }, "geometry": { "type": "LineString", "coordinates": [ [ -75.984452, 6.115208 ], [ -75.97679, 5.74615 ] ] } },
{ "type": "Feature", "properties": { "source": "BETULIA", "target": "CONCORDIA", "distance": 0.5, "betweenness": 0.00031051079024996118, "weight": 0.10031051079024997 }, "geometry": { "type": "LineString", "coordinates": [ [ -75.984452, 6.115208 ], [ -75.908448, 6.045738 ] ] } },
{ "type": "Feature", "properties": { "source": "BETULIA", "target": "TARSO", "distance": 0.33333333333333331, "betweenness": 0.0062218436512937719, "weight": 0.10622184365129378 }, "geometry": { "type": "LineString", "coordinates": [ [ -75.984452, 6.115208 ], [ -75.822956, 5.864542 ] ] } },
{ "type": "Feature", "properties": { "source": "BETULIA", "target": "ANGELÓPOLIS", "distance": 0.5, "betweenness": 0.0001863064741499767, "weight": 0.10018630647414999 }, "geometry": { "type": "LineString", "coordinates": [ [ -75.984452, 6.115208 ], [ -75.711389, 6.109719 ] ] } },
{ "type": "Feature", "properties": { "source": "BETULIA", "target": "VENECIA", "distance": 0.5, "betweenness": 0.00047325171335418193, "weight": 0.10047325171335418 }, "geometry": { "type": "LineString", "coordinates": [ [ -75.984452, 6.115208 ], [ -75.735544, 5.964693 ] ] } },
{ "type": "Feature", "properties": { "source": "BETULIA", "target": "TITIRIBÍ", "distance": 0.5, "betweenness": 0.00019406924390622573, "weight": 0.10019406924390623 }, "geometry": { "type": "LineString", "coordinates": [ [ -75.984452, 6.115208 ], [ -75.791887, 6.062391 ] ] } },
{ "type": "Feature", "properties": { "source": "BETULIA", "target": "ARMENIA", "distance": 0.5, "betweenness": 0.00023147168000451653, "weight": 0.10023147168000453 }, "geometry": { "type": "LineString", "coordinates": [ [ -75.984452, 6.115208 ], [ -75.786647, 6.155667 ] ] } },
{ "type": "Feature", "properties": { "source": "BETULIA", "target": "PUEBLORRICO", "distance": 0.5, "betweenness": 0.00025875899187496768, "weight": 0.10025875899187497 }, "geometry": { "type": "LineString", "coordinates": [ [ -75.984452, 6.115208 ], [ -75.839903, 5.79158 ] ] } },
{ "type": "Feature", "properties": { "source": "BETULIA", "target": "JERICÓ", "distance": 0.5, "betweenness": 0.00086425503286239192, "weight": 0.10086425503286239 }, "geometry": { "type": "LineString", "coordinates": [ [ -75.984452, 6.115208 ], [ -75.785499, 5.789748 ] ] } },
{ "type": "Feature", "properties": { "source": "BETULIA", "target": "SANTA BÁRBARA", "distance": 0.5, "betweenness": 0.00057962014179992758, "weight": 0.10057962014179993 }, "geometry": { "type": "LineString", "coordinates": [ [ -75.984452, 6.115208 ], [ -75.567351, 5.875527 ] ] } },
{ "type": "Feature", "properties": { "source": "BETULIA", "target": "ANDES", "distance": 1.0, "betweenness": 0.0, "weight": 0.1 }, "geometry": { "type": "LineString", "coordinates": [ [ -75.984452, 6.115208 ], [ -75.878828, 5.657194 ] ] } },
{ "type": "Feature", "properties": { "source": "BETULIA", "target": "SABANETA", "distance": 0.5, "betweenness": 0.00019296027679819016, "weight": 0.10019296027679819 }, "geometry": { "type": "LineString", "coordinates": [ [ -75.984452, 6.115208 ], [ -75.615479, 6.149903 ] ] } },
{ "type": "Feature", "properties": { "source": "BETULIA", "target": "ITAGÜÍ", "distance": 1.0, "betweenness": 0.0, "weight": 0.1 }, "geometry": { "type": "LineString", "coordinates": [ [ -75.984452, 6.115208 ], [ -75.612056, 6.175079 ] ] } },
{ "type": "Feature", "properties": { "source": "CONCORDIA", "target": "FREDONIA", "distance": 0.5, "betweenness": 0.00021735755317497284, "weight": 0.10021735755317498 }, "geometry": { "type": "LineString", "coordinates": [ [ -75.908448, 6.045738 ], [ -75.675072, 5.928039 ] ] } },
{ "type": "Feature", "properties": { "source": "CONCORDIA", "target": "CIUDAD BOLÍVAR", "distance": 0.5, "betweenness": 0.0005481488558650489, "weight": 0.10054814885586505 }, "geometry": { "type": "LineString", "coordinates": [ [ -75.908448, 6.045738 ], [ -76.021509, 5.850273 ] ] } },
{ "type": "Feature", "properties": { "source": "CONCORDIA", "target": "JERICÓ", "distance": 0.33333333333333331, "betweenness": 0.0025165073015699056, "weight": 0.10251650730156991 }, "geometry": { "type": "LineString", "coordinates": [ [ -75.908448, 6.045738 ], [ -75.785499, 5.789748 ] ] } },
{ "type": "Feature", "properties": { "source": "CONCORDIA", "target": "ANGELÓPOLIS", "distance": 0.5, "betweenness": 0.00027169694146871601, "weight": 0.10027169694146872 }, "geometry": { "type": "LineString", "coordinates": [ [ -75.908448, 6.045738 ], [ -75.711389, 6.109719 ] ] } },
{ "type": "Feature", "properties": { "source": "CONCORDIA", "target": "PUEBLORRICO", "distance": 0.5, "betweenness": 0.00023805827252497023, "weight": 0.10023805827252498 }, "geometry": { "type": "LineString", "coordinates": [ [ -75.908448, 6.045738 ], [ -75.839903, 5.79158 ] ] } },
{ "type": "Feature", "properties": { "source": "CONCORDIA", "target": "ANDES", "distance": 0.33333333333333331, "betweenness": 0.0047884112502321226, "weight": 0.10478841125023212 }, "geometry": { "type": "LineString", "coordinates": [ [ -75.908448, 6.045738 ], [ -75.878828, 5.657194 ] ] } },
{ "type": "Feature", "properties": { "source": "CONCORDIA", "target": "SANTA BÁRBARA", "distance": 0.5, "betweenness": 0.00036226258862495468, "weight": 0.10036226258862496 }, "geometry": { "type": "LineString", "coordinates": [ [ -75.908448, 6.045738 ], [ -75.567351, 5.875527 ] ] } },
{ "type": "Feature", "properties": { "source": "CONCORDIA", "target": "BETANIA", "distance": 0.5, "betweenness": 0.00098274648810279933, "weight": 0.10098274648810281 }, "geometry": { "type": "LineString", "coordinates": [ [ -75.908448, 6.045738 ], [ -75.97679, 5.74615 ] ] } },
{ "type": "Feature", "properties": { "source": "CONCORDIA", "target": "SALGAR", "distance": 0.33333333333333331, "betweenness": 0.00050975521399368624, "weight": 0.10050975521399369 }, "geometry": { "type": "LineString", "coordinates": [ [ -75.908448, 6.045738 ], [ -75.976807, 5.964198 ] ] } },
{ "type": "Feature", "properties": { "source": "CONCORDIA", "target": "TARSO", "distance": 0.5, "betweenness": 0.00024323345236246959, "weight": 0.10024323345236248 }, "geometry": { "type": "LineString", "coordinates": [ [ -75.908448, 6.045738 ], [ -75.822956, 5.864542 ] ] } },
{ "type": "Feature", "properties": { "source": "CONCORDIA", "target": "AMAGÁ", "distance": 0.5, "betweenness": 0.00019406924390622573, "weight": 0.10019406924390623 }, "geometry": { "type": "LineString", "coordinates": [ [ -75.908448, 6.045738 ], [ -75.702188, 6.038708 ] ] } },
{ "type": "Feature", "properties": { "source": "CONCORDIA", "target": "TÁMESIS", "distance": 0.5, "betweenness": 0.0004657661853749418, "weight": 0.10046576618537495 }, "geometry": { "type": "LineString", "coordinates": [ [ -75.908448, 6.045738 ], [ -75.714429, 5.664645 ] ] } },
{ "type": "Feature", "properties": { "source": "CONCORDIA", "target": "ARMENIA", "distance": 0.5, "betweenness": 0.00033497527675450359, "weight": 0.10033497527675451 }, "geometry": { "type": "LineString", "coordinates": [ [ -75.908448, 6.045738 ], [ -75.786647, 6.155667 ] ] } },
{ "type": "Feature", "properties": { "source": "CONCORDIA", "target": "ITAGÜÍ", "distance": 0.5, "betweenness": 0.00036743776846245402, "weight": 0.10036743776846246 }, "geometry": { "type": "LineString", "coordinates": [ [ -75.908448, 6.045738 ], [ -75.612056, 6.175079 ] ] } },
{ "type": "Feature", "properties": { "source": "CONCORDIA", "target": "VENECIA", "distance": 0.5, "betweenness": 0.00022512032293122187, "weight": 0.10022512032293122 }, "geometry": { "type": "LineString", "coordinates": [ [ -75.908448, 6.045738 ], [ -75.735544, 5.964693 ] ] } },
{ "type": "Feature", "properties": { "source": "CONCORDIA", "target": "TITIRIBÍ", "distance": 0.5, "betweenness": 0.00015525539512498059, "weight": 0.10015525539512499 }, "geometry": { "type": "LineString", "coordinates": [ [ -75.908448, 6.045738 ], [ -75.791887, 6.062391 ] ] } },
{ "type": "Feature", "properties": { "source": "CONCORDIA", "target": "HISPANIA", "distance": 0.5, "betweenness": 0.00062841469455349284, "weight": 0.1006284146945535 }, "geometry": { "type": "LineString", "coordinates": [ [ -75.908448, 6.045738 ], [ -75.906587, 5.799461 ] ] } },
{ "type": "Feature", "properties": { "source": "CONCORDIA", "target": "SABANETA", "distance": 0.5, "betweenness": 0.00042584336948566106, "weight": 0.10042584336948567 }, "geometry": { "type": "LineString", "coordinates": [ [ -75.908448, 6.045738 ], [ -75.615479, 6.149903 ] ] } },
{ "type": "Feature", "properties": { "source": "CONCORDIA", "target": "MONTEBELLO", "distance": 0.5, "betweenness": 0.0007596591279249252, "weight": 0.10075965912792494 }, "geometry": { "type": "LineString", "coordinates": [ [ -75.908448, 6.045738 ], [ -75.523455, 5.946313 ] ] } },
{ "type": "Feature", "properties": { "source": "CONCORDIA", "target": "JARDÍN", "distance": 1.0, "betweenness": 0.0, "weight": 0.1 }, "geometry": { "type": "LineString", "coordinates": [ [ -75.908448, 6.045738 ], [ -75.818982, 5.597542 ] ] } },
{ "type": "Feature", "properties": { "source": "ARMENIA", "target": "AMAGÁ", "distance": 0.5, "betweenness": 0.00020559578081701975, "weight": 0.10020559578081703 }, "geometry": { "type": "LineString", "coordinates": [ [ -75.786647, 6.155667 ], [ -75.702188, 6.038708 ] ] } },
{ "type": "Feature", "properties": { "source": "ARMENIA", "target": "TITIRIBÍ", "distance": 0.5, "betweenness": 0.000179719881629523, "weight": 0.10017971988162953 }, "geometry": { "type": "LineString", "coordinates": [ [ -75.786647, 6.155667 ], [ -75.791887, 6.062391 ] ] } },
{ "type": "Feature", "properties": { "source": "ARMENIA", "target": "CIUDAD BOLÍVAR", "distance": 0.5, "betweenness": 0.00029444742610400119, "weight": 0.10029444742610401 }, "geometry": { "type": "LineString", "coordinates": [ [ -75.786647, 6.155667 ], [ -76.021509, 5.850273 ] ] } },
{ "type": "Feature", "properties": { "source": "ARMENIA", "target": "FREDONIA", "distance": 0.5, "betweenness": 0.00034015045659200292, "weight": 0.100340150456592 }, "geometry": { "type": "LineString", "coordinates": [ [ -75.786647, 6.155667 ], [ -75.675072, 5.928039 ] ] } },
{ "type": "Feature", "properties": { "source": "ARMENIA", "target": "TARSO", "distance": 0.5, "betweenness": 0.00024330066249022932, "weight": 0.10024330066249024 }, "geometry": { "type": "LineString", "coordinates": [ [ -75.786647, 6.155667 ], [ -75.822956, 5.864542 ] ] } },
{ "type": "Feature", "properties": { "source": "ARMENIA", "target": "ANGELÓPOLIS", "distance": 0.5, "betweenness": 0.00021735755317497284, "weight": 0.10021735755317498 }, "geometry": { "type": "LineString", "coordinates": [ [ -75.786647, 6.155667 ], [ -75.711389, 6.109719 ] ] } },
{ "type": "Feature", "properties": { "source": "ARMENIA", "target": "SALGAR", "distance": 0.5, "betweenness": 0.00019080955270987877, "weight": 0.10019080955270988 }, "geometry": { "type": "LineString", "coordinates": [ [ -75.786647, 6.155667 ], [ -75.976807, 5.964198 ] ] } },
{ "type": "Feature", "properties": { "source": "ARMENIA", "target": "SANTA BÁRBARA", "distance": 0.5, "betweenness": 0.0002225327330124722, "weight": 0.10022253273301247 }, "geometry": { "type": "LineString", "coordinates": [ [ -75.786647, 6.155667 ], [ -75.567351, 5.875527 ] ] } },
{ "type": "Feature", "properties": { "source": "ARMENIA", "target": "VENECIA", "distance": 0.5, "betweenness": 0.00025734757919201331, "weight": 0.10025734757919202 }, "geometry": { "type": "LineString", "coordinates": [ [ -75.786647, 6.155667 ], [ -75.735544, 5.964693 ] ] } },
{ "type": "Feature", "properties": { "source": "ARMENIA", "target": "JERICÓ", "distance": 0.5, "betweenness": 0.00024699721951701459, "weight": 0.10024699721951702 }, "geometry": { "type": "LineString", "coordinates": [ [ -75.786647, 6.155667 ], [ -75.785499, 5.789748 ] ] } },
{ "type": "Feature", "properties": { "source": "ARMENIA", "target": "MONTEBELLO", "distance": 0.5, "betweenness": 0.00043688248935881289, "weight": 0.10043688248935882 }, "geometry": { "type": "LineString", "coordinates": [ [ -75.786647, 6.155667 ], [ -75.523455, 5.946313 ] ] } },
{ "type": "Feature", "properties": { "source": "ARMENIA", "target": "HISPANIA", "distance": 1.0, "betweenness": 1.0350359674998705e-05, "weight": 0.10001035035967501 }, "geometry": { "type": "LineString", "coordinates": [ [ -75.786647, 6.155667 ], [ -75.906587, 5.799461 ] ] } },
{ "type": "Feature", "properties": { "source": "ARMENIA", "target": "SABANETA", "distance": 1.0, "betweenness": 0.0, "weight": 0.1 }, "geometry": { "type": "LineString", "coordinates": [ [ -75.786647, 6.155667 ], [ -75.615479, 6.149903 ] ] } },
{ "type": "Feature", "properties": { "source": "ARMENIA", "target": "ITAGÜÍ", "distance": 1.0, "betweenness": 0.0, "weight": 0.1 }, "geometry": { "type": "LineString", "coordinates": [ [ -75.786647, 6.155667 ], [ -75.612056, 6.175079 ] ] } },
{ "type": "Feature", "properties": { "source": "ARMENIA", "target": "PUEBLORRICO", "distance": 1.0, "betweenness": 0.0, "weight": 0.1 }, "geometry": { "type": "LineString", "coordinates": [ [ -75.786647, 6.155667 ], [ -75.839903, 5.79158 ] ] } },
{ "type": "Feature", "properties": { "source": "SALGAR", "target": "BETANIA", "distance": 0.5, "betweenness": 0.00053342438065307179, "weight": 0.10053342438065307 }, "geometry": { "type": "LineString", "coordinates": [ [ -75.976807, 5.964198 ], [ -75.97679, 5.74615 ] ] } },
{ "type": "Feature", "properties": { "source": "SALGAR", "target": "PUEBLORRICO", "distance": 0.5, "betweenness": 0.00028463489106246435, "weight": 0.10028463489106247 }, "geometry": { "type": "LineString", "coordinates": [ [ -75.976807, 5.964198 ], [ -75.839903, 5.79158 ] ] } },
{ "type": "Feature", "properties": { "source": "SALGAR", "target": "JERICÓ", "distance": 0.5, "betweenness": 0.00035191222894995601, "weight": 0.10035191222894996 }, "geometry": { "type": "LineString", "coordinates": [ [ -75.976807, 5.964198 ], [ -75.785499, 5.789748 ] ] } },
{ "type": "Feature", "properties": { "source": "SALGAR", "target": "TITIRIBÍ", "distance": 0.5, "betweenness": 0.00016634506620533633, "weight": 0.10016634506620534 }, "geometry": { "type": "LineString", "coordinates": [ [ -75.976807, 5.964198 ], [ -75.791887, 6.062391 ] ] } },
{ "type": "Feature", "properties": { "source": "SALGAR", "target": "CIUDAD BOLÍVAR", "distance": 0.5, "betweenness": 0.00015525539512498059, "weight": 0.10015525539512499 }, "geometry": { "type": "LineString", "coordinates": [ [ -75.976807, 5.964198 ], [ -76.021509, 5.850273 ] ] } },
{ "type": "Feature", "properties": { "source": "SALGAR", "target": "ANDES", "distance": 0.5, "betweenness": 0.00031051079024996118, "weight": 0.10031051079024997 }, "geometry": { "type": "LineString", "coordinates": [ [ -75.976807, 5.964198 ], [ -75.878828, 5.657194 ] ] } },
{ "type": "Feature", "properties": { "source": "SALGAR", "target": "VENECIA", "distance": 0.5, "betweenness": 0.00016634506620533633, "weight": 0.10016634506620534 }, "geometry": { "type": "LineString", "coordinates": [ [ -75.976807, 5.964198 ], [ -75.735544, 5.964693 ] ] } },
{ "type": "Feature", "properties": { "source": "SALGAR", "target": "FREDONIA", "distance": 0.5, "betweenness": 0.00029831215206156984, "weight": 0.10029831215206157 }, "geometry": { "type": "LineString", "coordinates": [ [ -75.976807, 5.964198 ], [ -75.675072, 5.928039 ] ] } },
{ "type": "Feature", "properties": { "source": "SALGAR", "target": "TARSO", "distance": 0.33333333333333331, "betweenness": 0.00087349642542935513, "weight": 0.10087349642542937 }, "geometry": { "type": "LineString", "coordinates": [ [ -75.976807, 5.964198 ], [ -75.822956, 5.864542 ] ] } },
{ "type": "Feature", "properties": { "source": "SALGAR", "target": "AMAGÁ", "distance": 0.5, "betweenness": 0.0002051589149865815, "weight": 0.10020515891498659 }, "geometry": { "type": "LineString", "coordinates": [ [ -75.976807, 5.964198 ], [ -75.702188, 6.038708 ] ] } },
{ "type": "Feature", "properties": { "source": "SALGAR", "target": "ANGELÓPOLIS", "distance": 0.5, "betweenness": 0.00037828100240769086, "weight": 0.1003782810024077 }, "geometry": { "type": "LineString", "coordinates": [ [ -75.976807, 5.964198 ], [ -75.711389, 6.109719 ] ] } },
{ "type": "Feature", "properties": { "source": "SALGAR", "target": "HISPANIA", "distance": 0.5, "betweenness": 0.00049164208456243857, "weight": 0.10049164208456245 }, "geometry": { "type": "LineString", "coordinates": [ [ -75.976807, 5.964198 ], [ -75.906587, 5.799461 ] ] } },
{ "type": "Feature", "properties": { "source": "SALGAR", "target": "SANTA BÁRBARA", "distance": 0.5, "betweenness": 0.00080116712627192356, "weight": 0.10080116712627193 }, "geometry": { "type": "LineString", "coordinates": [ [ -75.976807, 5.964198 ], [ -75.567351, 5.875527 ] ] } },
{ "type": "Feature", "properties": { "source": "SALGAR", "target": "JARDÍN", "distance": 0.5, "betweenness": 0.00068765202090772658, "weight": 0.10068765202090774 }, "geometry": { "type": "LineString", "coordinates": [ [ -75.976807, 5.964198 ], [ -75.818982, 5.597542 ] ] } },
{ "type": "Feature", "properties": { "source": "SALGAR", "target": "SABANETA", "distance": 0.5, "betweenness": 0.00028660638814341651, "weight": 0.10028660638814342 }, "geometry": { "type": "LineString", "coordinates": [ [ -75.976807, 5.964198 ], [ -75.615479, 6.149903 ] ] } },
{ "type": "Feature", "properties": { "source": "SALGAR", "target": "TÁMESIS", "distance": 0.5, "betweenness": 0.00081767841432489781, "weight": 0.1008176784143249 }, "geometry": { "type": "LineString", "coordinates": [ [ -75.976807, 5.964198 ], [ -75.714429, 5.664645 ] ] } },
{ "type": "Feature", "properties": { "source": "SALGAR", "target": "MONTEBELLO", "distance": 1.0, "betweenness": 0.0, "weight": 0.1 }, "geometry": { "type": "LineString", "coordinates": [ [ -75.976807, 5.964198 ], [ -75.523455, 5.946313 ] ] } },
{ "type": "Feature", "properties": { "source": "TITIRIBÍ", "target": "SANTA BÁRBARA", "distance": 0.5, "betweenness": 0.0003375628666732532, "weight": 0.10033756286667325 }, "geometry": { "type": "LineString", "coordinates": [ [ -75.791887, 6.062391 ], [ -75.567351, 5.875527 ] ] } },
{ "type": "Feature", "properties": { "source": "TITIRIBÍ", "target": "FREDONIA", "distance": 0.25, "betweenness": 0.0024840863219996894, "weight": 0.10248408632199969 }, "geometry": { "type": "LineString", "coordinates": [ [ -75.791887, 6.062391 ], [ -75.675072, 5.928039 ] ] } },
{ "type": "Feature", "properties": { "source": "TITIRIBÍ", "target": "JERICÓ", "distance": 0.5, "betweenness": 0.00016560575479997928, "weight": 0.10016560575479999 }, "geometry": { "type": "LineString", "coordinates": [ [ -75.791887, 6.062391 ], [ -75.785499, 5.789748 ] ] } },
{ "type": "Feature", "properties": { "source": "TITIRIBÍ", "target": "CIUDAD BOLÍVAR", "distance": 0.5, "betweenness": 0.00019235524203696849, "weight": 0.10019235524203697 }, "geometry": { "type": "LineString", "coordinates": [ [ -75.791887, 6.062391 ], [ -76.021509, 5.850273 ] ] } },
{ "type": "Feature", "properties": { "source": "TITIRIBÍ", "target": "AMAGÁ", "distance": 0.5, "betweenness": 0.00015525539512498059, "weight": 0.10015525539512499 }, "geometry": { "type": "LineString", "coordinates": [ [ -75.791887, 6.062391 ], [ -75.702188, 6.038708 ] ] } },
{ "type": "Feature", "properties": { "source": "TITIRIBÍ", "target": "TARSO", "distance": 0.5, "betweenness": 0.00016560575479997928, "weight": 0.10016560575479999 }, "geometry": { "type": "LineString", "coordinates": [ [ -75.791887, 6.062391 ], [ -75.822956, 5.864542 ] ] } },
{ "type": "Feature", "properties": { "source": "TITIRIBÍ", "target": "PUEBLORRICO", "distance": 0.5, "betweenness": 0.00015525539512498059, "weight": 0.10015525539512499 }, "geometry": { "type": "LineString", "coordinates": [ [ -75.791887, 6.062391 ], [ -75.839903, 5.79158 ] ] } },
{ "type": "Feature", "properties": { "source": "TITIRIBÍ", "target": "ANDES", "distance": 0.5, "betweenness": 0.00018113129431247737, "weight": 0.10018113129431248 }, "geometry": { "type": "LineString", "coordinates": [ [ -75.791887, 6.062391 ], [ -75.878828, 5.657194 ] ] } },
{ "type": "Feature", "properties": { "source": "TITIRIBÍ", "target": "MONTEBELLO", "distance": 0.5, "betweenness": 0.00076859807491696944, "weight": 0.10076859807491698 }, "geometry": { "type": "LineString", "coordinates": [ [ -75.791887, 6.062391 ], [ -75.523455, 5.946313 ] ] } },
{ "type": "Feature", "properties": { "source": "TITIRIBÍ", "target": "VENECIA", "distance": 0.5, "betweenness": 0.00015525539512498059, "weight": 0.10015525539512499 }, "geometry": { "type": "LineString", "coordinates": [ [ -75.791887, 6.062391 ], [ -75.735544, 5.964693 ] ] } },
{ "type": "Feature", "properties": { "source": "TITIRIBÍ", "target": "ANGELÓPOLIS", "distance": 0.5, "betweenness": 0.00021735755317497281, "weight": 0.10021735755317498 }, "geometry": { "type": "LineString", "coordinates": [ [ -75.791887, 6.062391 ], [ -75.711389, 6.109719 ] ] } },
{ "type": "Feature", "properties": { "source": "TITIRIBÍ", "target": "HISPANIA", "distance": 0.5, "betweenness": 0.00023657964971425614, "weight": 0.10023657964971426 }, "geometry": { "type": "LineString", "coordinates": [ [ -75.791887, 6.062391 ], [ -75.906587, 5.799461 ] ] } },
{ "type": "Feature", "properties": { "source": "TITIRIBÍ", "target": "BETANIA", "distance": 0.5, "betweenness": 0.00048026116959512392, "weight": 0.10048026116959513 }, "geometry": { "type": "LineString", "coordinates": [ [ -75.791887, 6.062391 ], [ -75.97679, 5.74615 ] ] } },
{ "type": "Feature", "properties": { "source": "TITIRIBÍ", "target": "TÁMESIS", "distance": 0.5, "betweenness": 0.00094347509345180504, "weight": 0.10094347509345181 }, "geometry": { "type": "LineString", "coordinates": [ [ -75.791887, 6.062391 ], [ -75.714429, 5.664645 ] ] } },
{ "type": "Feature", "properties": { "source": "TITIRIBÍ", "target": "ITAGÜÍ", "distance": 0.5, "betweenness": 0.0003726129482999534, "weight": 0.10037261294829995 }, "geometry": { "type": "LineString", "coordinates": [ [ -75.791887, 6.062391 ], [ -75.612056, 6.175079 ] ] } },
{ "type": "Feature", "properties": { "source": "TITIRIBÍ", "target": "SABANETA", "distance": 0.5, "betweenness": 0.00028093833403567916, "weight": 0.10028093833403569 }, "geometry": { "type": "LineString", "coordinates": [ [ -75.791887, 6.062391 ], [ -75.615479, 6.149903 ] ] } },
{ "type": "Feature", "properties": { "source": "TITIRIBÍ", "target": "ABEJORRAL", "distance": 0.5, "betweenness": 0.00034403184147012742, "weight": 0.10034403184147013 }, "geometry": { "type": "LineString", "coordinates": [ [ -75.791887, 6.062391 ], [ -75.428739, 5.789315 ] ] } },
{ "type": "Feature", "properties": { "source": "CIUDAD BOLÍVAR", "target": "JERICÓ", "distance": 0.5, "betweenness": 0.00029150683940312884, "weight": 0.10029150683940313 }, "geometry": { "type": "LineString", "coordinates": [ [ -76.021509, 5.850273 ], [ -75.785499, 5.789748 ] ] } },
{ "type": "Feature", "properties": { "source": "CIUDAD BOLÍVAR", "target": "ANDES", "distance": 0.5, "betweenness": 0.0001892338486035117, "weight": 0.10018923384860352 }, "geometry": { "type": "LineString", "coordinates": [ [ -76.021509, 5.850273 ], [ -75.878828, 5.657194 ] ] } },
{ "type": "Feature", "properties": { "source": "CIUDAD BOLÍVAR", "target": "JARDÍN", "distance": 0.5, "betweenness": 0.0001892338486035117, "weight": 0.10018923384860352 }, "geometry": { "type": "LineString", "coordinates": [ [ -76.021509, 5.850273 ], [ -75.818982, 5.597542 ] ] } },
{ "type": "Feature", "properties": { "source": "CIUDAD BOLÍVAR", "target": "BETANIA", "distance": 0.5, "betweenness": 0.00020334797543305536, "weight": 0.10020334797543307 }, "geometry": { "type": "LineString", "coordinates": [ [ -76.021509, 5.850273 ], [ -75.97679, 5.74615 ] ] } },
{ "type": "Feature", "properties": { "source": "CIUDAD BOLÍVAR", "target": "VENECIA", "distance": 0.5, "betweenness": 0.00024958078831700944, "weight": 0.10024958078831701 }, "geometry": { "type": "LineString", "coordinates": [ [ -76.021509, 5.850273 ], [ -75.735544, 5.964693 ] ] } },
{ "type": "Feature", "properties": { "source": "CIUDAD BOLÍVAR", "target": "PUEBLORRICO", "distance": 0.5, "betweenness": 0.00050895601664115869, "weight": 0.10050895601664117 }, "geometry": { "type": "LineString", "coordinates": [ [ -76.021509, 5.850273 ], [ -75.839903, 5.79158 ] ] } },
{ "type": "Feature", "properties": { "source": "CIUDAD BOLÍVAR", "target": "TÁMESIS", "distance": 0.5, "betweenness": 0.00029150683940312884, "weight": 0.10029150683940313 }, "geometry": { "type": "LineString", "coordinates": [ [ -76.021509, 5.850273 ], [ -75.714429, 5.664645 ] ] } },
{ "type": "Feature", "properties": { "source": "CIUDAD BOLÍVAR", "target": "TARSO", "distance": 0.5, "betweenness": 0.00020692677112487694, "weight": 0.10020692677112489 }, "geometry": { "type": "LineString", "coordinates": [ [ -76.021509, 5.850273 ], [ -75.822956, 5.864542 ] ] } },
{ "type": "Feature", "properties": { "source": "CIUDAD BOLÍVAR", "target": "FREDONIA", "distance": 0.5, "betweenness": 0.00070251342957444523, "weight": 0.10070251342957445 }, "geometry": { "type": "LineString", "coordinates": [ [ -76.021509, 5.850273 ], [ -75.675072, 5.928039 ] ] } },
{ "type": "Feature", "properties": { "source": "CIUDAD BOLÍVAR", "target": "HISPANIA", "distance": 0.5, "betweenness": 0.0001995842082785104, "weight": 0.10019958420827851 }, "geometry": { "type": "LineString", "coordinates": [ [ -76.021509, 5.850273 ], [ -75.906587, 5.799461 ] ] } },
{ "type": "Feature", "properties": { "source": "CIUDAD BOLÍVAR", "target": "AMAGÁ", "distance": 0.5, "betweenness": 0.00037896028425449322, "weight": 0.1003789602842545 }, "geometry": { "type": "LineString", "coordinates": [ [ -76.021509, 5.850273 ], [ -75.702188, 6.038708 ] ] } },
{ "type": "Feature", "properties": { "source": "CIUDAD BOLÍVAR", "target": "ANGELÓPOLIS", "distance": 0.5, "betweenness": 0.0016132406754980888, "weight": 0.1016132406754981 }, "geometry": { "type": "LineString", "coordinates": [ [ -76.021509, 5.850273 ], [ -75.711389, 6.109719 ] ] } },
{ "type": "Feature", "properties": { "source": "CIUDAD BOLÍVAR", "target": "SANTA BÁRBARA", "distance": 0.5, "betweenness": 0.0018513117294362436, "weight": 0.10185131172943625 }, "geometry": { "type": "LineString", "coordinates": [ [ -76.021509, 5.850273 ], [ -75.567351, 5.875527 ] ] } },
{ "type": "Feature", "properties": { "source": "CIUDAD BOLÍVAR", "target": "CARAMANTA", "distance": 1.0, "betweenness": 1.9864326648987415e-05, "weight": 0.100019864326649 }, "geometry": { "type": "LineString", "coordinates": [ [ -76.021509, 5.850273 ], [ -75.643868, 5.54853 ] ] } },
{ "type": "Feature", "properties": { "source": "MURINDÓ", "target": "VIGÍA DEL FUERTE", "distance": 0.5, "betweenness": 0.00015525539512498059, "weight": 0.10015525539512499 }, "geometry": { "type": "LineString", "coordinates": [ [ -76.817485, 6.97771 ], [ -76.896004, 6.588164 ] ] } },
{ "type": "Feature", "properties": { "source": "AMAGÁ", "target": "FREDONIA", "distance": 0.5, "betweenness": 0.00032039520278924103, "weight": 0.10032039520278925 }, "geometry": { "type": "LineString", "coordinates": [ [ -75.702188, 6.038708 ], [ -75.675072, 5.928039 ] ] } },
{ "type": "Feature", "properties": { "source": "AMAGÁ", "target": "MONTEBELLO", "distance": 0.5, "betweenness": 0.00042021890143299865, "weight": 0.100420218901433 }, "geometry": { "type": "LineString", "coordinates": [ [ -75.702188, 6.038708 ], [ -75.523455, 5.946313 ] ] } },
{ "type": "Feature", "properties": { "source": "AMAGÁ", "target": "SANTA BÁRBARA", "distance": 0.5, "betweenness": 0.00019101570685175717, "weight": 0.10019101570685177 }, "geometry": { "type": "LineString", "coordinates": [ [ -75.702188, 6.038708 ], [ -75.567351, 5.875527 ] ] } },
{ "type": "Feature", "properties": { "source": "AMAGÁ", "target": "TÁMESIS", "distance": 0.5, "betweenness": 0.00033233792549116253, "weight": 0.10033233792549116 }, "geometry": { "type": "LineString", "coordinates": [ [ -75.702188, 6.038708 ], [ -75.714429, 5.664645 ] ] } },
{ "type": "Feature", "properties": { "source": "AMAGÁ", "target": "ITAGÜÍ", "distance": 0.33333333333333331, "betweenness": 0.0016128078307864053, "weight": 0.10161280783078641 }, "geometry": { "type": "LineString", "coordinates": [ [ -75.702188, 6.038708 ], [ -75.612056, 6.175079 ] ] } },
{ "type": "Feature", "properties": { "source": "AMAGÁ", "target": "ABEJORRAL", "distance": 0.5, "betweenness": 0.00027381858425174681, "weight": 0.10027381858425176 }, "geometry": { "type": "LineString", "coordinates": [ [ -75.702188, 6.038708 ], [ -75.428739, 5.789315 ] ] } },
{ "type": "Feature", "properties": { "source": "AMAGÁ", "target": "JERICÓ", "distance": 0.5, "betweenness": 0.0002752972070624609, "weight": 0.10027529720706246 }, "geometry": { "type": "LineString", "coordinates": [ [ -75.702188, 6.038708 ], [ -75.785499, 5.789748 ] ] } },
{ "type": "Feature", "properties": { "source": "AMAGÁ", "target": "HISPANIA", "distance": 0.5, "betweenness": 0.00042772805348492352, "weight": 0.10042772805348493 }, "geometry": { "type": "LineString", "coordinates": [ [ -75.702188, 6.038708 ], [ -75.906587, 5.799461 ] ] } },
{ "type": "Feature", "properties": { "source": "AMAGÁ", "target": "PUEBLORRICO", "distance": 0.5, "betweenness": 0.00021012406317483167, "weight": 0.10021012406317484 }, "geometry": { "type": "LineString", "coordinates": [ [ -75.702188, 6.038708 ], [ -75.839903, 5.79158 ] ] } },
{ "type": "Feature", "properties": { "source": "AMAGÁ", "target": "TARSO", "distance": 0.5, "betweenness": 0.00028645796577794714, "weight": 0.10028645796577795 }, "geometry": { "type": "LineString", "coordinates": [ [ -75.702188, 6.038708 ], [ -75.822956, 5.864542 ] ] } },
{ "type": "Feature", "properties": { "source": "AMAGÁ", "target": "VENECIA", "distance": 0.5, "betweenness": 0.0002328830926874709, "weight": 0.10023288309268748 }, "geometry": { "type": "LineString", "coordinates": [ [ -75.702188, 6.038708 ], [ -75.735544, 5.964693 ] ] } },
{ "type": "Feature", "properties": { "source": "AMAGÁ", "target": "ANGELÓPOLIS", "distance": 0.5, "betweenness": 0.00027169694146871601, "weight": 0.10027169694146872 }, "geometry": { "type": "LineString", "coordinates": [ [ -75.702188, 6.038708 ], [ -75.711389, 6.109719 ] ] } },
{ "type": "Feature", "properties": { "source": "AMAGÁ", "target": "BETANIA", "distance": 0.5, "betweenness": 0.0011933634255478689, "weight": 0.10119336342554787 }, "geometry": { "type": "LineString", "coordinates": [ [ -75.702188, 6.038708 ], [ -75.97679, 5.74615 ] ] } },
{ "type": "Feature", "properties": { "source": "AMAGÁ", "target": "SABANETA", "distance": 1.0, "betweenness": 0.0, "weight": 0.1 }, "geometry": { "type": "LineString", "coordinates": [ [ -75.702188, 6.038708 ], [ -75.615479, 6.149903 ] ] } },
{ "type": "Feature", "properties": { "source": "AMAGÁ", "target": "ANDES", "distance": 0.5, "betweenness": 0.00045076992561855165, "weight": 0.10045076992561856 }, "geometry": { "type": "LineString", "coordinates": [ [ -75.702188, 6.038708 ], [ -75.878828, 5.657194 ] ] } },
{ "type": "Feature", "properties": { "source": "AMAGÁ", "target": "VALPARAÍSO", "distance": 1.0, "betweenness": 9.7034621953112868e-06, "weight": 0.10000970346219532 }, "geometry": { "type": "LineString", "coordinates": [ [ -75.702188, 6.038708 ], [ -75.624452, 5.614555 ] ] } },
{ "type": "Feature", "properties": { "source": "AMAGÁ", "target": "LA PINTADA", "distance": 1.0, "betweenness": 0.0, "weight": 0.1 }, "geometry": { "type": "LineString", "coordinates": [ [ -75.702188, 6.038708 ], [ -75.60781, 5.743808 ] ] } },
{ "type": "Feature", "properties": { "source": "ANGELÓPOLIS", "target": "FREDONIA", "distance": 0.5, "betweenness": 0.00041698612892344228, "weight": 0.10041698612892344 }, "geometry": { "type": "LineString", "coordinates": [ [ -75.711389, 6.109719 ], [ -75.675072, 5.928039 ] ] } },
{ "type": "Feature", "properties": { "source": "ANGELÓPOLIS", "target": "SANTA BÁRBARA", "distance": 0.5, "betweenness": 0.00032210783190262076, "weight": 0.10032210783190262 }, "geometry": { "type": "LineString", "coordinates": [ [ -75.711389, 6.109719 ], [ -75.567351, 5.875527 ] ] } },
{ "type": "Feature", "properties": { "source": "ANGELÓPOLIS", "target": "TARSO", "distance": 0.5, "betweenness": 0.00050859913390393675, "weight": 0.10050859913390395 }, "geometry": { "type": "LineString", "coordinates": [ [ -75.711389, 6.109719 ], [ -75.822956, 5.864542 ] ] } },
{ "type": "Feature", "properties": { "source": "ANGELÓPOLIS", "target": "ITAGÜÍ", "distance": 0.5, "betweenness": 0.00023805827252497023, "weight": 0.10023805827252498 }, "geometry": { "type": "LineString", "coordinates": [ [ -75.711389, 6.109719 ], [ -75.612056, 6.175079 ] ] } },
{ "type": "Feature", "properties": { "source": "ANGELÓPOLIS", "target": "MONTEBELLO", "distance": 0.5, "betweenness": 0.00080113107136678548, "weight": 0.10080113107136679 }, "geometry": { "type": "LineString", "coordinates": [ [ -75.711389, 6.109719 ], [ -75.523455, 5.946313 ] ] } },
{ "type": "Feature", "properties": { "source": "ANGELÓPOLIS", "target": "VENECIA", "distance": 0.5, "betweenness": 0.00055348832712596107, "weight": 0.10055348832712596 }, "geometry": { "type": "LineString", "coordinates": [ [ -75.711389, 6.109719 ], [ -75.735544, 5.964693 ] ] } },
{ "type": "Feature", "properties": { "source": "ANGELÓPOLIS", "target": "JERICÓ", "distance": 0.5, "betweenness": 0.00063927242480079532, "weight": 0.10063927242480081 }, "geometry": { "type": "LineString", "coordinates": [ [ -75.711389, 6.109719 ], [ -75.785499, 5.789748 ] ] } },
{ "type": "Feature", "properties": { "source": "ANGELÓPOLIS", "target": "SABANETA", "distance": 0.5, "betweenness": 0.00017078093463747867, "weight": 0.10017078093463748 }, "geometry": { "type": "LineString", "coordinates": [ [ -75.711389, 6.109719 ], [ -75.615479, 6.149903 ] ] } },
{ "type": "Feature", "properties": { "source": "ANGELÓPOLIS", "target": "ABEJORRAL", "distance": 0.5, "betweenness": 0.00053946538507759366, "weight": 0.1005394653850776 }, "geometry": { "type": "LineString", "coordinates": [ [ -75.711389, 6.109719 ], [ -75.428739, 5.789315 ] ] } },
{ "type": "Feature", "properties": { "source": "ANGELÓPOLIS", "target": "TÁMESIS", "distance": 0.5, "betweenness": 0.0016407834635731289, "weight": 0.10164078346357314 }, "geometry": { "type": "LineString", "coordinates": [ [ -75.711389, 6.109719 ], [ -75.714429, 5.664645 ] ] } },
{ "type": "Feature", "properties": { "source": "ANGELÓPOLIS", "target": "PUEBLORRICO", "distance": 0.5, "betweenness": 0.00047736322702760133, "weight": 0.10047736322702761 }, "geometry": { "type": "LineString", "coordinates": [ [ -75.711389, 6.109719 ], [ -75.839903, 5.79158 ] ] } },
{ "type": "Feature", "properties": { "source": "ANGELÓPOLIS", "target": "HISPANIA", "distance": 0.5, "betweenness": 0.0019688007687678911, "weight": 0.10196880076876789 }, "geometry": { "type": "LineString", "coordinates": [ [ -75.711389, 6.109719 ], [ -75.906587, 5.799461 ] ] } },
{ "type": "Feature", "properties": { "source": "ANGELÓPOLIS", "target": "VALPARAÍSO", "distance": 1.0, "betweenness": 1.1089671080355756e-05, "weight": 0.10001108967108036 }, "geometry": { "type": "LineString", "coordinates": [ [ -75.711389, 6.109719 ], [ -75.624452, 5.614555 ] ] } },
{ "type": "Feature", "properties": { "source": "ANGELÓPOLIS", "target": "LA PINTADA", "distance": 1.0, "betweenness": 0.0, "weight": 0.1 }, "geometry": { "type": "LineString", "coordinates": [ [ -75.711389, 6.109719 ], [ -75.60781, 5.743808 ] ] } },
{ "type": "Feature", "properties": { "source": "SABANETA", "target": "ABEJORRAL", "distance": 0.5, "betweenness": 0.00042066818964816178, "weight": 0.10042066818964816 }, "geometry": { "type": "LineString", "coordinates": [ [ -75.615479, 6.149903 ], [ -75.428739, 5.789315 ] ] } },
{ "type": "Feature", "properties": { "source": "SABANETA", "target": "FREDONIA", "distance": 0.5, "betweenness": 0.00039174263091356709, "weight": 0.10039174263091358 }, "geometry": { "type": "LineString", "coordinates": [ [ -75.615479, 6.149903 ], [ -75.675072, 5.928039 ] ] } },
{ "type": "Feature", "properties": { "source": "SABANETA", "target": "SANTA BÁRBARA", "distance": 0.5, "betweenness": 0.00025358381203746834, "weight": 0.10025358381203747 }, "geometry": { "type": "LineString", "coordinates": [ [ -75.615479, 6.149903 ], [ -75.567351, 5.875527 ] ] } },
{ "type": "Feature", "properties": { "source": "SABANETA", "target": "MONTEBELLO", "distance": 0.5, "betweenness": 0.00083837913367489515, "weight": 0.1008383791336749 }, "geometry": { "type": "LineString", "coordinates": [ [ -75.615479, 6.149903 ], [ -75.523455, 5.946313 ] ] } },
{ "type": "Feature", "properties": { "source": "SABANETA", "target": "VENECIA", "distance": 0.5, "betweenness": 0.00036025080855076194, "weight": 0.10036025080855077 }, "geometry": { "type": "LineString", "coordinates": [ [ -75.615479, 6.149903 ], [ -75.735544, 5.964693 ] ] } },
{ "type": "Feature", "properties": { "source": "SABANETA", "target": "ITAGÜÍ", "distance": 0.5, "betweenness": 0.00020700719349997412, "weight": 0.10020700719349998 }, "geometry": { "type": "LineString", "coordinates": [ [ -75.615479, 6.149903 ], [ -75.612056, 6.175079 ] ] } },
{ "type": "Feature", "properties": { "source": "SABANETA", "target": "TARSO", "distance": 0.5, "betweenness": 0.00029905146346692689, "weight": 0.10029905146346693 }, "geometry": { "type": "LineString", "coordinates": [ [ -75.615479, 6.149903 ], [ -75.822956, 5.864542 ] ] } },
{ "type": "Feature", "properties": { "source": "FREDONIA", "target": "PUEBLORRICO", "distance": 0.5, "betweenness": 0.00015525539512498059, "weight": 0.10015525539512499 }, "geometry": { "type": "LineString", "coordinates": [ [ -75.675072, 5.928039 ], [ -75.839903, 5.79158 ] ] } },
{ "type": "Feature", "properties": { "source": "FREDONIA", "target": "ABEJORRAL", "distance": 0.5, "betweenness": 0.0001863064741499767, "weight": 0.10018630647414999 }, "geometry": { "type": "LineString", "coordinates": [ [ -75.675072, 5.928039 ], [ -75.428739, 5.789315 ] ] } },
{ "type": "Feature", "properties": { "source": "FREDONIA", "target": "JERICÓ", "distance": 0.5, "betweenness": 0.00019148165398747606, "weight": 0.10019148165398749 }, "geometry": { "type": "LineString", "coordinates": [ [ -75.675072, 5.928039 ], [ -75.785499, 5.789748 ] ] } },
{ "type": "Feature", "properties": { "source": "FREDONIA", "target": "TARSO", "distance": 0.5, "betweenness": 0.00020747328112509056, "weight": 0.1002074732811251 }, "geometry": { "type": "LineString", "coordinates": [ [ -75.675072, 5.928039 ], [ -75.822956, 5.864542 ] ] } },
{ "type": "Feature", "properties": { "source": "FREDONIA", "target": "JARDÍN", "distance": 0.33333333333333331, "betweenness": 0.0064060409134931735, "weight": 0.10640604091349318 }, "geometry": { "type": "LineString", "coordinates": [ [ -75.675072, 5.928039 ], [ -75.818982, 5.597542 ] ] } },
{ "type": "Feature", "properties": { "source": "FREDONIA", "target": "SANTA BÁRBARA", "distance": 0.5, "betweenness": 0.00015525539512498059, "weight": 0.10015525539512499 }, "geometry": { "type": "LineString", "coordinates": [ [ -75.675072, 5.928039 ], [ -75.567351, 5.875527 ] ] } },
{ "type": "Feature", "properties": { "source": "FREDONIA", "target": "BETANIA", "distance": 0.5, "betweenness": 0.0014252243642089936, "weight": 0.101425224364209 }, "geometry": { "type": "LineString", "coordinates": [ [ -75.675072, 5.928039 ], [ -75.97679, 5.74615 ] ] } },
{ "type": "Feature", "properties": { "source": "FREDONIA", "target": "VENECIA", "distance": 0.5, "betweenness": 0.00016719811782690217, "weight": 0.10016719811782691 }, "geometry": { "type": "LineString", "coordinates": [ [ -75.675072, 5.928039 ], [ -75.735544, 5.964693 ] ] } },
{ "type": "Feature", "properties": { "source": "FREDONIA", "target": "ANDES", "distance": 0.5, "betweenness": 0.00048517310976556435, "weight": 0.10048517310976557 }, "geometry": { "type": "LineString", "coordinates": [ [ -75.675072, 5.928039 ], [ -75.878828, 5.657194 ] ] } },
{ "type": "Feature", "properties": { "source": "FREDONIA", "target": "SONSÓN", "distance": 0.5, "betweenness": 0.0018585736513684506, "weight": 0.10185857365136845 }, "geometry": { "type": "LineString", "coordinates": [ [ -75.675072, 5.928039 ], [ -75.309596, 5.714851 ] ] } },
{ "type": "Feature", "properties": { "source": "FREDONIA", "target": "CARAMANTA", "distance": 0.5, "betweenness": 0.0015058677318830565, "weight": 0.10150586773188307 }, "geometry": { "type": "LineString", "coordinates": [ [ -75.675072, 5.928039 ], [ -75.643868, 5.54853 ] ] } },
{ "type": "Feature", "properties": { "source": "FREDONIA", "target": "MONTEBELLO", "distance": 0.5, "betweenness": 0.00032753161149372918, "weight": 0.10032753161149373 }, "geometry": { "type": "LineString", "coordinates": [ [ -75.675072, 5.928039 ], [ -75.523455, 5.946313 ] ] } },
{ "type": "Feature", "properties": { "source": "FREDONIA", "target": "LA PINTADA", "distance": 0.33333333333333331, "betweenness": 0.0025979402784246752, "weight": 0.10259794027842468 }, "geometry": { "type": "LineString", "coordinates": [ [ -75.675072, 5.928039 ], [ -75.60781, 5.743808 ] ] } },
{ "type": "Feature", "properties": { "source": "FREDONIA", "target": "TÁMESIS", "distance": 0.5, "betweenness": 0.00020601196660814731, "weight": 0.10020601196660815 }, "geometry": { "type": "LineString", "coordinates": [ [ -75.675072, 5.928039 ], [ -75.714429, 5.664645 ] ] } },
{ "type": "Feature", "properties": { "source": "FREDONIA", "target": "HISPANIA", "distance": 0.5, "betweenness": 0.00063463723221524797, "weight": 0.10063463723221526 }, "geometry": { "type": "LineString", "coordinates": [ [ -75.675072, 5.928039 ], [ -75.906587, 5.799461 ] ] } },
{ "type": "Feature", "properties": { "source": "FREDONIA", "target": "VALPARAÍSO", "distance": 0.5, "betweenness": 0.00048212905106244651, "weight": 0.10048212905106245 }, "geometry": { "type": "LineString", "coordinates": [ [ -75.675072, 5.928039 ], [ -75.624452, 5.614555 ] ] } },
{ "type": "Feature", "properties": { "source": "FREDONIA", "target": "ITAGÜÍ", "distance": 0.5, "betweenness": 0.0002846348910624644, "weight": 0.10028463489106247 }, "geometry": { "type": "LineString", "coordinates": [ [ -75.675072, 5.928039 ], [ -75.612056, 6.175079 ] ] } },
{ "type": "Feature", "properties": { "source": "MONTEBELLO", "target": "JERICÓ", "distance": 0.5, "betweenness": 0.0003538387756676842, "weight": 0.10035383877566768 }, "geometry": { "type": "LineString", "coordinates": [ [ -75.523455, 5.946313 ], [ -75.785499, 5.789748 ] ] } },
{ "type": "Feature", "properties": { "source": "MONTEBELLO", "target": "SONSÓN", "distance": 0.5, "betweenness": 0.0003282085206307073, "weight": 0.10032820852063071 }, "geometry": { "type": "LineString", "coordinates": [ [ -75.523455, 5.946313 ], [ -75.309596, 5.714851 ] ] } },
{ "type": "Feature", "properties": { "source": "MONTEBELLO", "target": "ABEJORRAL", "distance": 0.5, "betweenness": 0.00015525539512498059, "weight": 0.10015525539512499 }, "geometry": { "type": "LineString", "coordinates": [ [ -75.523455, 5.946313 ], [ -75.428739, 5.789315 ] ] } },
{ "type": "Feature", "properties": { "source": "MONTEBELLO", "target": "SANTA BÁRBARA", "distance": 0.5, "betweenness": 0.00028384502844990347, "weight": 0.10028384502844991 }, "geometry": { "type": "LineString", "coordinates": [ [ -75.523455, 5.946313 ], [ -75.567351, 5.875527 ] ] } },
{ "type": "Feature", "properties": { "source": "MONTEBELLO", "target": "VENECIA", "distance": 0.5, "betweenness": 0.0004869669595643823, "weight": 0.10048696695956438 }, "geometry": { "type": "LineString", "coordinates": [ [ -75.523455, 5.946313 ], [ -75.735544, 5.964693 ] ] } },
{ "type": "Feature", "properties": { "source": "MONTEBELLO", "target": "ITAGÜÍ", "distance": 0.5, "betweenness": 0.00034156186927495735, "weight": 0.10034156186927497 }, "geometry": { "type": "LineString", "coordinates": [ [ -75.523455, 5.946313 ], [ -75.612056, 6.175079 ] ] } },
{ "type": "Feature", "properties": { "source": "MONTEBELLO", "target": "TÁMESIS", "distance": 0.5, "betweenness": 0.00035758746362689846, "weight": 0.1003575874636269 }, "geometry": { "type": "LineString", "coordinates": [ [ -75.523455, 5.946313 ], [ -75.714429, 5.664645 ] ] } },
{ "type": "Feature", "properties": { "source": "MONTEBELLO", "target": "LA PINTADA", "distance": 0.5, "betweenness": 0.0002328830926874709, "weight": 0.10023288309268748 }, "geometry": { "type": "LineString", "coordinates": [ [ -75.523455, 5.946313 ], [ -75.60781, 5.743808 ] ] } },
{ "type": "Feature", "properties": { "source": "MONTEBELLO", "target": "TARSO", "distance": 0.5, "betweenness": 0.00057779655820062721, "weight": 0.10057779655820064 }, "geometry": { "type": "LineString", "coordinates": [ [ -75.523455, 5.946313 ], [ -75.822956, 5.864542 ] ] } },
{ "type": "Feature", "properties": { "source": "MONTEBELLO", "target": "PUEBLORRICO", "distance": 0.5, "betweenness": 0.00067685625052493553, "weight": 0.10067685625052494 }, "geometry": { "type": "LineString", "coordinates": [ [ -75.523455, 5.946313 ], [ -75.839903, 5.79158 ] ] } },
{ "type": "Feature", "properties": { "source": "MONTEBELLO", "target": "VALPARAÍSO", "distance": 0.5, "betweenness": 0.00040049675005427219, "weight": 0.10040049675005427 }, "geometry": { "type": "LineString", "coordinates": [ [ -75.523455, 5.946313 ], [ -75.624452, 5.614555 ] ] } },
{ "type": "Feature", "properties": { "source": "MONTEBELLO", "target": "ARGELIA", "distance": 0.5, "betweenness": 0.00083468257664811012, "weight": 0.10083468257664811 }, "geometry": { "type": "LineString", "coordinates": [ [ -75.523455, 5.946313 ], [ -75.14107, 5.731474 ] ] } },
{ "type": "Feature", "properties": { "source": "MONTEBELLO", "target": "CARAMANTA", "distance": 0.5, "betweenness": 0.00077488566008799436, "weight": 0.10077488566008801 }, "geometry": { "type": "LineString", "coordinates": [ [ -75.523455, 5.946313 ], [ -75.643868, 5.54853 ] ] } },
{ "type": "Feature", "properties": { "source": "MONTEBELLO", "target": "NARIÑO", "distance": 0.33333333333333331, "betweenness": 0.0051562247145231143, "weight": 0.10515622471452311 }, "geometry": { "type": "LineString", "coordinates": [ [ -75.523455, 5.946313 ], [ -75.176262, 5.610777 ] ] } },
{ "type": "Feature", "properties": { "source": "MONTEBELLO", "target": "ANDES", "distance": 1.0, "betweenness": 0.0, "weight": 0.1 }, "geometry": { "type": "LineString", "coordinates": [ [ -75.523455, 5.946313 ], [ -75.878828, 5.657194 ] ] } },
{ "type": "Feature", "properties": { "source": "SANTA BÁRBARA", "target": "ANDES", "distance": 0.5, "betweenness": 0.0014865704083216894, "weight": 0.10148657040832169 }, "geometry": { "type": "LineString", "coordinates": [ [ -75.567351, 5.875527 ], [ -75.878828, 5.657194 ] ] } },
{ "type": "Feature", "properties": { "source": "SANTA BÁRBARA", "target": "SONSÓN", "distance": 0.5, "betweenness": 0.00089790008939074381, "weight": 0.10089790008939074 }, "geometry": { "type": "LineString", "coordinates": [ [ -75.567351, 5.875527 ], [ -75.309596, 5.714851 ] ] } },
{ "type": "Feature", "properties": { "source": "SANTA BÁRBARA", "target": "ABEJORRAL", "distance": 0.5, "betweenness": 0.00027231303430651357, "weight": 0.10027231303430652 }, "geometry": { "type": "LineString", "coordinates": [ [ -75.567351, 5.875527 ], [ -75.428739, 5.789315 ] ] } },
{ "type": "Feature", "properties": { "source": "SANTA BÁRBARA", "target": "TÁMESIS", "distance": 0.5, "betweenness": 0.0014247668183392449, "weight": 0.10142476681833926 }, "geometry": { "type": "LineString", "coordinates": [ [ -75.567351, 5.875527 ], [ -75.714429, 5.664645 ] ] } },
{ "type": "Feature", "properties": { "source": "SANTA BÁRBARA", "target": "VENECIA", "distance": 0.5, "betweenness": 0.00025776376498314084, "weight": 0.10025776376498315 }, "geometry": { "type": "LineString", "coordinates": [ [ -75.567351, 5.875527 ], [ -75.735544, 5.964693 ] ] } },
{ "type": "Feature", "properties": { "source": "SANTA BÁRBARA", "target": "JARDÍN", "distance": 0.5, "betweenness": 0.0020338456761372459, "weight": 0.10203384567613726 }, "geometry": { "type": "LineString", "coordinates": [ [ -75.567351, 5.875527 ], [ -75.818982, 5.597542 ] ] } },
{ "type": "Feature", "properties": { "source": "SANTA BÁRBARA", "target": "CARAMANTA", "distance": 0.5, "betweenness": 0.0041748906274875017, "weight": 0.10417489062748751 }, "geometry": { "type": "LineString", "coordinates": [ [ -75.567351, 5.875527 ], [ -75.643868, 5.54853 ] ] } },
{ "type": "Feature", "properties": { "source": "SANTA BÁRBARA", "target": "TARSO", "distance": 0.5, "betweenness": 0.00093597627517556239, "weight": 0.10093597627517557 }, "geometry": { "type": "LineString", "coordinates": [ [ -75.567351, 5.875527 ], [ -75.822956, 5.864542 ] ] } },
{ "type": "Feature", "properties": { "source": "SANTA BÁRBARA", "target": "PUEBLORRICO", "distance": 0.5, "betweenness": 0.00071676240749366047, "weight": 0.10071676240749367 }, "geometry": { "type": "LineString", "coordinates": [ [ -75.567351, 5.875527 ], [ -75.839903, 5.79158 ] ] } },
{ "type": "Feature", "properties": { "source": "SANTA BÁRBARA", "target": "JERICÓ", "distance": 0.5, "betweenness": 0.0011855474477738101, "weight": 0.10118554744777382 }, "geometry": { "type": "LineString", "coordinates": [ [ -75.567351, 5.875527 ], [ -75.785499, 5.789748 ] ] } },
{ "type": "Feature", "properties": { "source": "SANTA BÁRBARA", "target": "VALPARAÍSO", "distance": 0.5, "betweenness": 0.0017582421459924949, "weight": 0.10175824214599249 }, "geometry": { "type": "LineString", "coordinates": [ [ -75.567351, 5.875527 ], [ -75.624452, 5.614555 ] ] } },
{ "type": "Feature", "properties": { "source": "SANTA BÁRBARA", "target": "HISPANIA", "distance": 0.5, "betweenness": 0.0022924198401608736, "weight": 0.10229241984016088 }, "geometry": { "type": "LineString", "coordinates": [ [ -75.567351, 5.875527 ], [ -75.906587, 5.799461 ] ] } },
{ "type": "Feature", "properties": { "source": "SANTA BÁRBARA", "target": "ITAGÜÍ", "distance": 0.33333333333333331, "betweenness": 0.0013817730166123274, "weight": 0.10138177301661233 }, "geometry": { "type": "LineString", "coordinates": [ [ -75.567351, 5.875527 ], [ -75.612056, 6.175079 ] ] } },
{ "type": "Feature", "properties": { "source": "SANTA BÁRBARA", "target": "LA PINTADA", "distance": 0.5, "betweenness": 0.00024582104228121923, "weight": 0.10024582104228122 }, "geometry": { "type": "LineString", "coordinates": [ [ -75.567351, 5.875527 ], [ -75.60781, 5.743808 ] ] } },
{ "type": "Feature", "properties": { "source": "SANTA BÁRBARA", "target": "NARIÑO", "distance": 1.0, "betweenness": 0.0, "weight": 0.1 }, "geometry": { "type": "LineString", "coordinates": [ [ -75.567351, 5.875527 ], [ -75.176262, 5.610777 ] ] } },
{ "type": "Feature", "properties": { "source": "ITAGÜÍ", "target": "ABEJORRAL", "distance": 0.5, "betweenness": 0.00021735755317497284, "weight": 0.10021735755317498 }, "geometry": { "type": "LineString", "coordinates": [ [ -75.612056, 6.175079 ], [ -75.428739, 5.789315 ] ] } },
{ "type": "Feature", "properties": { "source": "ITAGÜÍ", "target": "VENECIA", "distance": 0.5, "betweenness": 0.00046292267996972229, "weight": 0.10046292267996973 }, "geometry": { "type": "LineString", "coordinates": [ [ -75.612056, 6.175079 ], [ -75.735544, 5.964693 ] ] } },
{ "type": "Feature", "properties": { "source": "ITAGÜÍ", "target": "TARSO", "distance": 1.0, "betweenness": 0.0, "weight": 0.1 }, "geometry": { "type": "LineString", "coordinates": [ [ -75.612056, 6.175079 ], [ -75.822956, 5.864542 ] ] } },
{ "type": "Feature", "properties": { "source": "VENECIA", "target": "ANDES", "distance": 0.5, "betweenness": 0.00018113129431247737, "weight": 0.10018113129431248 }, "geometry": { "type": "LineString", "coordinates": [ [ -75.735544, 5.964693 ], [ -75.878828, 5.657194 ] ] } },
{ "type": "Feature", "properties": { "source": "VENECIA", "target": "ABEJORRAL", "distance": 0.5, "betweenness": 0.0004457952990789507, "weight": 0.10044579529907896 }, "geometry": { "type": "LineString", "coordinates": [ [ -75.735544, 5.964693 ], [ -75.428739, 5.789315 ] ] } },
{ "type": "Feature", "properties": { "source": "VENECIA", "target": "JERICÓ", "distance": 0.5, "betweenness": 0.0001775484775019009, "weight": 0.1001775484775019 }, "geometry": { "type": "LineString", "coordinates": [ [ -75.735544, 5.964693 ], [ -75.785499, 5.789748 ] ] } },
{ "type": "Feature", "properties": { "source": "VENECIA", "target": "BETANIA", "distance": 0.5, "betweenness": 0.00048802393935137292, "weight": 0.10048802393935138 }, "geometry": { "type": "LineString", "coordinates": [ [ -75.735544, 5.964693 ], [ -75.97679, 5.74615 ] ] } },
{ "type": "Feature", "properties": { "source": "VENECIA", "target": "TÁMESIS", "distance": 0.5, "betweenness": 0.00017914084052882373, "weight": 0.10017914084052883 }, "geometry": { "type": "LineString", "coordinates": [ [ -75.735544, 5.964693 ], [ -75.714429, 5.664645 ] ] } },
{ "type": "Feature", "properties": { "source": "VENECIA", "target": "PUEBLORRICO", "distance": 0.5, "betweenness": 0.00015525539512498059, "weight": 0.10015525539512499 }, "geometry": { "type": "LineString", "coordinates": [ [ -75.735544, 5.964693 ], [ -75.839903, 5.79158 ] ] } },
{ "type": "Feature", "properties": { "source": "VENECIA", "target": "JARDÍN", "distance": 0.33333333333333331, "betweenness": 0.0029344193817878029, "weight": 0.10293441938178781 }, "geometry": { "type": "LineString", "coordinates": [ [ -75.735544, 5.964693 ], [ -75.818982, 5.597542 ] ] } },
{ "type": "Feature", "properties": { "source": "VENECIA", "target": "TARSO", "distance": 0.5, "betweenness": 0.00016560575479997928, "weight": 0.10016560575479999 }, "geometry": { "type": "LineString", "coordinates": [ [ -75.735544, 5.964693 ], [ -75.822956, 5.864542 ] ] } },
{ "type": "Feature", "properties": { "source": "VENECIA", "target": "HISPANIA", "distance": 0.5, "betweenness": 0.00026787716587437123, "weight": 0.10026787716587438 }, "geometry": { "type": "LineString", "coordinates": [ [ -75.735544, 5.964693 ], [ -75.906587, 5.799461 ] ] } },
{ "type": "Feature", "properties": { "source": "VENECIA", "target": "LA PINTADA", "distance": 0.5, "betweenness": 0.00024482581538939245, "weight": 0.1002448258153894 }, "geometry": { "type": "LineString", "coordinates": [ [ -75.735544, 5.964693 ], [ -75.60781, 5.743808 ] ] } },
{ "type": "Feature", "properties": { "source": "VENECIA", "target": "VALPARAÍSO", "distance": 1.0, "betweenness": 0.0, "weight": 0.1 }, "geometry": { "type": "LineString", "coordinates": [ [ -75.735544, 5.964693 ], [ -75.624452, 5.614555 ] ] } },
{ "type": "Feature", "properties": { "source": "TARSO", "target": "JERICÓ", "distance": 0.5, "betweenness": 0.00017494357928938032, "weight": 0.10017494357928938 }, "geometry": { "type": "LineString", "coordinates": [ [ -75.822956, 5.864542 ], [ -75.785499, 5.789748 ] ] } },
{ "type": "Feature", "properties": { "source": "TARSO", "target": "ANDES", "distance": 0.5, "betweenness": 0.00020700719349997412, "weight": 0.10020700719349998 }, "geometry": { "type": "LineString", "coordinates": [ [ -75.822956, 5.864542 ], [ -75.878828, 5.657194 ] ] } },
{ "type": "Feature", "properties": { "source": "TARSO", "target": "TÁMESIS", "distance": 0.5, "betweenness": 0.00038195077278935441, "weight": 0.10038195077278936 }, "geometry": { "type": "LineString", "coordinates": [ [ -75.822956, 5.864542 ], [ -75.714429, 5.664645 ] ] } },
{ "type": "Feature", "properties": { "source": "TARSO", "target": "JARDÍN", "distance": 0.5, "betweenness": 0.00026106934001670842, "weight": 0.10026106934001672 }, "geometry": { "type": "LineString", "coordinates": [ [ -75.822956, 5.864542 ], [ -75.818982, 5.597542 ] ] } },
{ "type": "Feature", "properties": { "source": "TARSO", "target": "HISPANIA", "distance": 0.5, "betweenness": 0.00019222096539283311, "weight": 0.10019222096539283 }, "geometry": { "type": "LineString", "coordinates": [ [ -75.822956, 5.864542 ], [ -75.906587, 5.799461 ] ] } },
{ "type": "Feature", "properties": { "source": "TARSO", "target": "ABEJORRAL", "distance": 0.5, "betweenness": 0.00079422134919188462, "weight": 0.10079422134919189 }, "geometry": { "type": "LineString", "coordinates": [ [ -75.822956, 5.864542 ], [ -75.428739, 5.789315 ] ] } },
{ "type": "Feature", "properties": { "source": "TARSO", "target": "PUEBLORRICO", "distance": 0.5, "betweenness": 0.00015525539512498059, "weight": 0.10015525539512499 }, "geometry": { "type": "LineString", "coordinates": [ [ -75.822956, 5.864542 ], [ -75.839903, 5.79158 ] ] } },
{ "type": "Feature", "properties": { "source": "TARSO", "target": "LA PINTADA", "distance": 0.5, "betweenness": 0.00043370257116434792, "weight": 0.10043370257116435 }, "geometry": { "type": "LineString", "coordinates": [ [ -75.822956, 5.864542 ], [ -75.60781, 5.743808 ] ] } },
{ "type": "Feature", "properties": { "source": "TARSO", "target": "CARAMANTA", "distance": 0.5, "betweenness": 0.0013922950352318476, "weight": 0.10139229503523185 }, "geometry": { "type": "LineString", "coordinates": [ [ -75.822956, 5.864542 ], [ -75.643868, 5.54853 ] ] } },
{ "type": "Feature", "properties": { "source": "TARSO", "target": "BETANIA", "distance": 0.5, "betweenness": 0.00023702771723265435, "weight": 0.10023702771723265 }, "geometry": { "type": "LineString", "coordinates": [ [ -75.822956, 5.864542 ], [ -75.97679, 5.74615 ] ] } },
{ "type": "Feature", "properties": { "source": "TARSO", "target": "VALPARAÍSO", "distance": 0.5, "betweenness": 0.00077265164672264556, "weight": 0.10077265164672265 }, "geometry": { "type": "LineString", "coordinates": [ [ -75.822956, 5.864542 ], [ -75.624452, 5.614555 ] ] } },
{ "type": "Feature", "properties": { "source": "JERICÓ", "target": "ANDES", "distance": 0.5, "betweenness": 0.00018760026910935154, "weight": 0.10018760026910936 }, "geometry": { "type": "LineString", "coordinates": [ [ -75.785499, 5.789748 ], [ -75.878828, 5.657194 ] ] } },
{ "type": "Feature", "properties": { "source": "JERICÓ", "target": "JARDÍN", "distance": 0.5, "betweenness": 0.0001863064741499767, "weight": 0.10018630647414999 }, "geometry": { "type": "LineString", "coordinates": [ [ -75.785499, 5.789748 ], [ -75.818982, 5.597542 ] ] } },
{ "type": "Feature", "properties": { "source": "JERICÓ", "target": "TÁMESIS", "distance": 0.5, "betweenness": 0.00015525539512498059, "weight": 0.10015525539512499 }, "geometry": { "type": "LineString", "coordinates": [ [ -75.785499, 5.789748 ], [ -75.714429, 5.664645 ] ] } },
{ "type": "Feature", "properties": { "source": "JERICÓ", "target": "CARAMANTA", "distance": 0.5, "betweenness": 0.00051086330253796036, "weight": 0.10051086330253797 }, "geometry": { "type": "LineString", "coordinates": [ [ -75.785499, 5.789748 ], [ -75.643868, 5.54853 ] ] } },
{ "type": "Feature", "properties": { "source": "JERICÓ", "target": "BETANIA", "distance": 0.5, "betweenness": 0.00033474004130734452, "weight": 0.10033474004130735 }, "geometry": { "type": "LineString", "coordinates": [ [ -75.785499, 5.789748 ], [ -75.97679, 5.74615 ] ] } },
{ "type": "Feature", "properties": { "source": "JERICÓ", "target": "HISPANIA", "distance": 0.5, "betweenness": 0.00024372632663270761, "weight": 0.10024372632663271 }, "geometry": { "type": "LineString", "coordinates": [ [ -75.785499, 5.789748 ], [ -75.906587, 5.799461 ] ] } },
{ "type": "Feature", "properties": { "source": "JERICÓ", "target": "ABEJORRAL", "distance": 0.5, "betweenness": 0.00052829960841139232, "weight": 0.10052829960841139 }, "geometry": { "type": "LineString", "coordinates": [ [ -75.785499, 5.789748 ], [ -75.428739, 5.789315 ] ] } },
{ "type": "Feature", "properties": { "source": "JERICÓ", "target": "VALPARAÍSO", "distance": 0.5, "betweenness": 0.00027296553263018097, "weight": 0.10027296553263018 }, "geometry": { "type": "LineString", "coordinates": [ [ -75.785499, 5.789748 ], [ -75.624452, 5.614555 ] ] } },
{ "type": "Feature", "properties": { "source": "JERICÓ", "target": "PUEBLORRICO", "distance": 0.5, "betweenness": 0.00015525539512498059, "weight": 0.10015525539512499 }, "geometry": { "type": "LineString", "coordinates": [ [ -75.785499, 5.789748 ], [ -75.839903, 5.79158 ] ] } },
{ "type": "Feature", "properties": { "source": "JERICÓ", "target": "SONSÓN", "distance": 0.5, "betweenness": 0.0014812167882174562, "weight": 0.10148121678821746 }, "geometry": { "type": "LineString", "coordinates": [ [ -75.785499, 5.789748 ], [ -75.309596, 5.714851 ] ] } },
{ "type": "Feature", "properties": { "source": "JERICÓ", "target": "LA PINTADA", "distance": 0.5, "betweenness": 0.00034156186927495735, "weight": 0.10034156186927497 }, "geometry": { "type": "LineString", "coordinates": [ [ -75.785499, 5.789748 ], [ -75.60781, 5.743808 ] ] } },
{ "type": "Feature", "properties": { "source": "ABEJORRAL", "target": "SONSÓN", "distance": 0.5, "betweenness": 0.00037811204049230813, "weight": 0.10037811204049231 }, "geometry": { "type": "LineString", "coordinates": [ [ -75.428739, 5.789315 ], [ -75.309596, 5.714851 ] ] } },
{ "type": "Feature", "properties": { "source": "ABEJORRAL", "target": "NARIÑO", "distance": 0.5, "betweenness": 0.00063367202010269864, "weight": 0.1006336720201027 }, "geometry": { "type": "LineString", "coordinates": [ [ -75.428739, 5.789315 ], [ -75.176262, 5.610777 ] ] } },
{ "type": "Feature", "properties": { "source": "ABEJORRAL", "target": "SAN FRANCISCO", "distance": 0.5, "betweenness": 0.0012089321889649951, "weight": 0.101208932188965 }, "geometry": { "type": "LineString", "coordinates": [ [ -75.428739, 5.789315 ], [ -75.101562, 5.963476 ] ] } },
{ "type": "Feature", "properties": { "source": "ABEJORRAL", "target": "ARGELIA", "distance": 0.5, "betweenness": 0.0013004487620230517, "weight": 0.10130044876202306 }, "geometry": { "type": "LineString", "coordinates": [ [ -75.428739, 5.789315 ], [ -75.14107, 5.731474 ] ] } },
{ "type": "Feature", "properties": { "source": "ABEJORRAL", "target": "VALPARAÍSO", "distance": 0.5, "betweenness": 0.00061982019946621718, "weight": 0.10061982019946622 }, "geometry": { "type": "LineString", "coordinates": [ [ -75.428739, 5.789315 ], [ -75.624452, 5.614555 ] ] } },
{ "type": "Feature", "properties": { "source": "ABEJORRAL", "target": "TÁMESIS", "distance": 0.5, "betweenness": 0.00050099721734561046, "weight": 0.10050099721734562 }, "geometry": { "type": "LineString", "coordinates": [ [ -75.428739, 5.789315 ], [ -75.714429, 5.664645 ] ] } },
{ "type": "Feature", "properties": { "source": "ABEJORRAL", "target": "CARAMANTA", "distance": 0.5, "betweenness": 0.0024587850035122558, "weight": 0.10245878500351226 }, "geometry": { "type": "LineString", "coordinates": [ [ -75.428739, 5.789315 ], [ -75.643868, 5.54853 ] ] } },
{ "type": "Feature", "properties": { "source": "ABEJORRAL", "target": "JARDÍN", "distance": 0.5, "betweenness": 0.003063706463799617, "weight": 0.10306370646379963 }, "geometry": { "type": "LineString", "coordinates": [ [ -75.428739, 5.789315 ], [ -75.818982, 5.597542 ] ] } },
{ "type": "Feature", "properties": { "source": "ABEJORRAL", "target": "PUEBLORRICO", "distance": 0.33333333333333331, "betweenness": 0.0042710841344593868, "weight": 0.10427108413445939 }, "geometry": { "type": "LineString", "coordinates": [ [ -75.428739, 5.789315 ], [ -75.839903, 5.79158 ] ] } },
{ "type": "Feature", "properties": { "source": "ABEJORRAL", "target": "LA PINTADA", "distance": 0.5, "betweenness": 0.00027169694146871601, "weight": 0.10027169694146872 }, "geometry": { "type": "LineString", "coordinates": [ [ -75.428739, 5.789315 ], [ -75.60781, 5.743808 ] ] } },
{ "type": "Feature", "properties": { "source": "ABEJORRAL", "target": "SAN LUIS", "distance": 0.5, "betweenness": 0.0012499639719623114, "weight": 0.10124996397196231 }, "geometry": { "type": "LineString", "coordinates": [ [ -75.428739, 5.789315 ], [ -74.993619, 6.043017 ] ] } },
{ "type": "Feature", "properties": { "source": "ABEJORRAL", "target": "ANDES", "distance": 0.5, "betweenness": 0.0017116907312529107, "weight": 0.10171169073125291 }, "geometry": { "type": "LineString", "coordinates": [ [ -75.428739, 5.789315 ], [ -75.878828, 5.657194 ] ] } },
{ "type": "Feature", "properties": { "source": "SAN FRANCISCO", "target": "SONSÓN", "distance": 0.5, "betweenness": 0.00029929790060204586, "weight": 0.10029929790060205 }, "geometry": { "type": "LineString", "coordinates": [ [ -75.101562, 5.963476 ], [ -75.309596, 5.714851 ] ] } },
{ "type": "Feature", "properties": { "source": "SAN FRANCISCO", "target": "NARIÑO", "distance": 0.5, "betweenness": 0.00074996981145094795, "weight": 0.10074996981145096 }, "geometry": { "type": "LineString", "coordinates": [ [ -75.101562, 5.963476 ], [ -75.176262, 5.610777 ] ] } },
{ "type": "Feature", "properties": { "source": "SAN FRANCISCO", "target": "ARGELIA", "distance": 0.5, "betweenness": 0.00027490062422526324, "weight": 0.10027490062422527 }, "geometry": { "type": "LineString", "coordinates": [ [ -75.101562, 5.963476 ], [ -75.14107, 5.731474 ] ] } },
{ "type": "Feature", "properties": { "source": "SAN FRANCISCO", "target": "SAN LUIS", "distance": 0.5, "betweenness": 0.00018975659404164296, "weight": 0.10018975659404165 }, "geometry": { "type": "LineString", "coordinates": [ [ -75.101562, 5.963476 ], [ -74.993619, 6.043017 ] ] } },
{ "type": "Feature", "properties": { "source": "SAN FRANCISCO", "target": "PUERTO NARE", "distance": 0.5, "betweenness": 0.00036558948994906145, "weight": 0.10036558948994907 }, "geometry": { "type": "LineString", "coordinates": [ [ -75.101562, 5.963476 ], [ -74.583012, 6.186025 ] ] } },
{ "type": "Feature", "properties": { "source": "SAN FRANCISCO", "target": "PUERTO TRIUNFO", "distance": 1.0, "betweenness": 0.00072021108502751238, "weight": 0.10072021108502752 }, "geometry": { "type": "LineString", "coordinates": [ [ -75.101562, 5.963476 ], [ -74.64119, 5.871318 ] ] } },
{ "type": "Feature", "properties": { "source": "SAN LUIS", "target": "SONSÓN", "distance": 0.5, "betweenness": 0.00039633252255515876, "weight": 0.10039633252255517 }, "geometry": { "type": "LineString", "coordinates": [ [ -74.993619, 6.043017 ], [ -75.309596, 5.714851 ] ] } },
{ "type": "Feature", "properties": { "source": "SAN LUIS", "target": "PUERTO NARE", "distance": 0.5, "betweenness": 0.00035265154035531306, "weight": 0.10035265154035532 }, "geometry": { "type": "LineString", "coordinates": [ [ -74.993619, 6.043017 ], [ -74.583012, 6.186025 ] ] } },
{ "type": "Feature", "properties": { "source": "SAN LUIS", "target": "ARGELIA", "distance": 0.5, "betweenness": 0.00059521289144018536, "weight": 0.10059521289144019 }, "geometry": { "type": "LineString", "coordinates": [ [ -74.993619, 6.043017 ], [ -75.14107, 5.731474 ] ] } },
{ "type": "Feature", "properties": { "source": "SAN LUIS", "target": "PUERTO TRIUNFO", "distance": 1.0, "betweenness": 0.00084096528123583068, "weight": 0.10084096528123583 }, "geometry": { "type": "LineString", "coordinates": [ [ -74.993619, 6.043017 ], [ -74.64119, 5.871318 ] ] } },
{ "type": "Feature", "properties": { "source": "SAN LUIS", "target": "CARACOLÍ", "distance": 1.0, "betweenness": 2.5875899187496765e-05, "weight": 0.1000258758991875 }, "geometry": { "type": "LineString", "coordinates": [ [ -74.993619, 6.043017 ], [ -74.757421, 6.409829 ] ] } },
{ "type": "Feature", "properties": { "source": "SAN LUIS", "target": "NARIÑO", "distance": 1.0, "betweenness": 1.7250599458331175e-05, "weight": 0.10001725059945833 }, "geometry": { "type": "LineString", "coordinates": [ [ -74.993619, 6.043017 ], [ -75.176262, 5.610777 ] ] } },
{ "type": "Feature", "properties": { "source": "PUERTO NARE", "target": "SONSÓN", "distance": 0.5, "betweenness": 0.0016537306127431882, "weight": 0.10165373061274319 }, "geometry": { "type": "LineString", "coordinates": [ [ -74.583012, 6.186025 ], [ -75.309596, 5.714851 ] ] } },
{ "type": "Feature", "properties": { "source": "PUEBLORRICO", "target": "BETANIA", "distance": 0.5, "betweenness": 0.0008009318908247646, "weight": 0.10080093189082477 }, "geometry": { "type": "LineString", "coordinates": [ [ -75.839903, 5.79158 ], [ -75.97679, 5.74615 ] ] } },
{ "type": "Feature", "properties": { "source": "PUEBLORRICO", "target": "ANDES", "distance": 0.33333333333333331, "betweenness": 0.0012213424416498472, "weight": 0.10122134244164985 }, "geometry": { "type": "LineString", "coordinates": [ [ -75.839903, 5.79158 ], [ -75.878828, 5.657194 ] ] } },
{ "type": "Feature", "properties": { "source": "PUEBLORRICO", "target": "TÁMESIS", "distance": 0.5, "betweenness": 0.00090565647156238681, "weight": 0.1009056564715624 }, "geometry": { "type": "LineString", "coordinates": [ [ -75.839903, 5.79158 ], [ -75.714429, 5.664645 ] ] } },
{ "type": "Feature", "properties": { "source": "PUEBLORRICO", "target": "JARDÍN", "distance": 0.5, "betweenness": 0.00063626987823541155, "weight": 0.10063626987823542 }, "geometry": { "type": "LineString", "coordinates": [ [ -75.839903, 5.79158 ], [ -75.818982, 5.597542 ] ] } },
{ "type": "Feature", "properties": { "source": "PUEBLORRICO", "target": "VALPARAÍSO", "distance": 0.5, "betweenness": 0.0018513953830674836, "weight": 0.10185139538306749 }, "geometry": { "type": "LineString", "coordinates": [ [ -75.839903, 5.79158 ], [ -75.624452, 5.614555 ] ] } },
{ "type": "Feature", "properties": { "source": "PUEBLORRICO", "target": "HISPANIA", "distance": 0.5, "betweenness": 0.0004574489320646749, "weight": 0.10045744893206468 }, "geometry": { "type": "LineString", "coordinates": [ [ -75.839903, 5.79158 ], [ -75.906587, 5.799461 ] ] } },
{ "type": "Feature", "properties": { "source": "PUEBLORRICO", "target": "LA PINTADA", "distance": 0.5, "betweenness": 0.0005415456044240394, "weight": 0.10054154560442405 }, "geometry": { "type": "LineString", "coordinates": [ [ -75.839903, 5.79158 ], [ -75.60781, 5.743808 ] ] } },
{ "type": "Feature", "properties": { "source": "PUEBLORRICO", "target": "CARAMANTA", "distance": 0.5, "betweenness": 0.0027762982764033017, "weight": 0.10277629827640331 }, "geometry": { "type": "LineString", "coordinates": [ [ -75.839903, 5.79158 ], [ -75.643868, 5.54853 ] ] } },
{ "type": "Feature", "properties": { "source": "SONSÓN", "target": "ARGELIA", "distance": 0.5, "betweenness": 0.00035080326184192044, "weight": 0.10035080326184193 }, "geometry": { "type": "LineString", "coordinates": [ [ -75.309596, 5.714851 ], [ -75.14107, 5.731474 ] ] } },
{ "type": "Feature", "properties": { "source": "SONSÓN", "target": "NARIÑO", "distance": 0.5, "betweenness": 0.00028247856613017303, "weight": 0.10028247856613018 }, "geometry": { "type": "LineString", "coordinates": [ [ -75.309596, 5.714851 ], [ -75.176262, 5.610777 ] ] } },
{ "type": "Feature", "properties": { "source": "SONSÓN", "target": "VALPARAÍSO", "distance": 0.5, "betweenness": 0.00085997720563646743, "weight": 0.10085997720563647 }, "geometry": { "type": "LineString", "coordinates": [ [ -75.309596, 5.714851 ], [ -75.624452, 5.614555 ] ] } },
{ "type": "Feature", "properties": { "source": "SONSÓN", "target": "CARAMANTA", "distance": 0.5, "betweenness": 0.0019402959967144571, "weight": 0.10194029599671446 }, "geometry": { "type": "LineString", "coordinates": [ [ -75.309596, 5.714851 ], [ -75.643868, 5.54853 ] ] } },
{ "type": "Feature", "properties": { "source": "SONSÓN", "target": "LA PINTADA", "distance": 0.5, "betweenness": 0.00037448657110065341, "weight": 0.10037448657110067 }, "geometry": { "type": "LineString", "coordinates": [ [ -75.309596, 5.714851 ], [ -75.60781, 5.743808 ] ] } },
{ "type": "Feature", "properties": { "source": "SONSÓN", "target": "TÁMESIS", "distance": 0.5, "betweenness": 0.00097003508234548498, "weight": 0.10097003508234549 }, "geometry": { "type": "LineString", "coordinates": [ [ -75.309596, 5.714851 ], [ -75.714429, 5.664645 ] ] } },
{ "type": "Feature", "properties": { "source": "SONSÓN", "target": "PUERTO TRIUNFO", "distance": 1.0, "betweenness": 0.0030488973640185641, "weight": 0.10304889736401857 }, "geometry": { "type": "LineString", "coordinates": [ [ -75.309596, 5.714851 ], [ -74.64119, 5.871318 ] ] } },
{ "type": "Feature", "properties": { "source": "HISPANIA", "target": "ANDES", "distance": 0.5, "betweenness": 0.00015525539512498059, "weight": 0.10015525539512499 }, "geometry": { "type": "LineString", "coordinates": [ [ -75.906587, 5.799461 ], [ -75.878828, 5.657194 ] ] } },
{ "type": "Feature", "properties": { "source": "HISPANIA", "target": "JARDÍN", "distance": 0.5, "betweenness": 0.00015525539512498059, "weight": 0.10015525539512499 }, "geometry": { "type": "LineString", "coordinates": [ [ -75.906587, 5.799461 ], [ -75.818982, 5.597542 ] ] } },
{ "type": "Feature", "properties": { "source": "HISPANIA", "target": "TÁMESIS", "distance": 0.5, "betweenness": 0.00023337596695770891, "weight": 0.10023337596695771 }, "geometry": { "type": "LineString", "coordinates": [ [ -75.906587, 5.799461 ], [ -75.714429, 5.664645 ] ] } },
{ "type": "Feature", "properties": { "source": "HISPANIA", "target": "BETANIA", "distance": 0.33333333333333331, "betweenness": 0.00061141053223028074, "weight": 0.10061141053223029 }, "geometry": { "type": "LineString", "coordinates": [ [ -75.906587, 5.799461 ], [ -75.97679, 5.74615 ] ] } },
{ "type": "Feature", "properties": { "source": "HISPANIA", "target": "LA PINTADA", "distance": 1.0, "betweenness": 0.0, "weight": 0.1 }, "geometry": { "type": "LineString", "coordinates": [ [ -75.906587, 5.799461 ], [ -75.60781, 5.743808 ] ] } },
{ "type": "Feature", "properties": { "source": "HISPANIA", "target": "CARAMANTA", "distance": 0.5, "betweenness": 0.00049643223383143197, "weight": 0.10049643223383144 }, "geometry": { "type": "LineString", "coordinates": [ [ -75.906587, 5.799461 ], [ -75.643868, 5.54853 ] ] } },
{ "type": "Feature", "properties": { "source": "HISPANIA", "target": "VALPARAÍSO", "distance": 0.5, "betweenness": 0.00032003502543791315, "weight": 0.10032003502543792 }, "geometry": { "type": "LineString", "coordinates": [ [ -75.906587, 5.799461 ], [ -75.624452, 5.614555 ] ] } },
{ "type": "Feature", "properties": { "source": "BETANIA", "target": "ANDES", "distance": 0.5, "betweenness": 0.00015525539512498059, "weight": 0.10015525539512499 }, "geometry": { "type": "LineString", "coordinates": [ [ -75.97679, 5.74615 ], [ -75.878828, 5.657194 ] ] } },
{ "type": "Feature", "properties": { "source": "BETANIA", "target": "JARDÍN", "distance": 0.5, "betweenness": 0.00015525539512498059, "weight": 0.10015525539512499 }, "geometry": { "type": "LineString", "coordinates": [ [ -75.97679, 5.74615 ], [ -75.818982, 5.597542 ] ] } },
{ "type": "Feature", "properties": { "source": "BETANIA", "target": "TÁMESIS", "distance": 0.5, "betweenness": 0.00030651178764825714, "weight": 0.10030651178764827 }, "geometry": { "type": "LineString", "coordinates": [ [ -75.97679, 5.74615 ], [ -75.714429, 5.664645 ] ] } },
{ "type": "Feature", "properties": { "source": "BETANIA", "target": "CARAMANTA", "distance": 0.5, "betweenness": 0.00055655399934238618, "weight": 0.10055655399934239 }, "geometry": { "type": "LineString", "coordinates": [ [ -75.97679, 5.74615 ], [ -75.643868, 5.54853 ] ] } },
{ "type": "Feature", "properties": { "source": "BETANIA", "target": "VALPARAÍSO", "distance": 0.5, "betweenness": 0.00040795707423560239, "weight": 0.10040795707423561 }, "geometry": { "type": "LineString", "coordinates": [ [ -75.97679, 5.74615 ], [ -75.624452, 5.614555 ] ] } },
{ "type": "Feature", "properties": { "source": "BETANIA", "target": "LA PINTADA", "distance": 1.0, "betweenness": 0.0, "weight": 0.1 }, "geometry": { "type": "LineString", "coordinates": [ [ -75.97679, 5.74615 ], [ -75.60781, 5.743808 ] ] } },
{ "type": "Feature", "properties": { "source": "ANDES", "target": "JARDÍN", "distance": 0.5, "betweenness": 0.0001863064741499767, "weight": 0.10018630647414999 }, "geometry": { "type": "LineString", "coordinates": [ [ -75.878828, 5.657194 ], [ -75.818982, 5.597542 ] ] } },
{ "type": "Feature", "properties": { "source": "ANDES", "target": "TÁMESIS", "distance": 0.5, "betweenness": 0.00018760026910935154, "weight": 0.10018760026910936 }, "geometry": { "type": "LineString", "coordinates": [ [ -75.878828, 5.657194 ], [ -75.714429, 5.664645 ] ] } },
{ "type": "Feature", "properties": { "source": "ANDES", "target": "CARAMANTA", "distance": 0.5, "betweenness": 0.00054122218313931323, "weight": 0.10054122218313932 }, "geometry": { "type": "LineString", "coordinates": [ [ -75.878828, 5.657194 ], [ -75.643868, 5.54853 ] ] } },
{ "type": "Feature", "properties": { "source": "ANDES", "target": "VALPARAÍSO", "distance": 0.5, "betweenness": 0.0002942207355341962, "weight": 0.10029422073553421 }, "geometry": { "type": "LineString", "coordinates": [ [ -75.878828, 5.657194 ], [ -75.624452, 5.614555 ] ] } },
{ "type": "Feature", "properties": { "source": "ANDES", "target": "LA PINTADA", "distance": 0.5, "betweenness": 0.0005291621383843088, "weight": 0.10052916213838431 }, "geometry": { "type": "LineString", "coordinates": [ [ -75.878828, 5.657194 ], [ -75.60781, 5.743808 ] ] } },
{ "type": "Feature", "properties": { "source": "TÁMESIS", "target": "JARDÍN", "distance": 0.5, "betweenness": 0.00015525539512498059, "weight": 0.10015525539512499 }, "geometry": { "type": "LineString", "coordinates": [ [ -75.714429, 5.664645 ], [ -75.818982, 5.597542 ] ] } },
{ "type": "Feature", "properties": { "source": "TÁMESIS", "target": "CARAMANTA", "distance": 0.5, "betweenness": 0.00029324481592580268, "weight": 0.1002932448159258 }, "geometry": { "type": "LineString", "coordinates": [ [ -75.714429, 5.664645 ], [ -75.643868, 5.54853 ] ] } },
{ "type": "Feature", "properties": { "source": "TÁMESIS", "target": "LA PINTADA", "distance": 0.5, "betweenness": 0.00031051079024996118, "weight": 0.10031051079024997 }, "geometry": { "type": "LineString", "coordinates": [ [ -75.714429, 5.664645 ], [ -75.60781, 5.743808 ] ] } },
{ "type": "Feature", "properties": { "source": "TÁMESIS", "target": "VALPARAÍSO", "distance": 0.5, "betweenness": 0.00019016265523019135, "weight": 0.1001901626552302 }, "geometry": { "type": "LineString", "coordinates": [ [ -75.714429, 5.664645 ], [ -75.624452, 5.614555 ] ] } },
{ "type": "Feature", "properties": { "source": "LA PINTADA", "target": "JARDÍN", "distance": 0.5, "betweenness": 0.00029433835325777573, "weight": 0.10029433835325778 }, "geometry": { "type": "LineString", "coordinates": [ [ -75.60781, 5.743808 ], [ -75.818982, 5.597542 ] ] } },
{ "type": "Feature", "properties": { "source": "LA PINTADA", "target": "CARAMANTA", "distance": 1.0, "betweenness": 0.0, "weight": 0.1 }, "geometry": { "type": "LineString", "coordinates": [ [ -75.60781, 5.743808 ], [ -75.643868, 5.54853 ] ] } },
{ "type": "Feature", "properties": { "source": "LA PINTADA", "target": "VALPARAÍSO", "distance": 0.33333333333333331, "betweenness": 0.00063180320516137932, "weight": 0.10063180320516138 }, "geometry": { "type": "LineString", "coordinates": [ [ -75.60781, 5.743808 ], [ -75.624452, 5.614555 ] ] } },
{ "type": "Feature", "properties": { "source": "VALPARAÍSO", "target": "JARDÍN", "distance": 0.5, "betweenness": 0.00024699721951701459, "weight": 0.10024699721951702 }, "geometry": { "type": "LineString", "coordinates": [ [ -75.624452, 5.614555 ], [ -75.818982, 5.597542 ] ] } },
{ "type": "Feature", "properties": { "source": "VALPARAÍSO", "target": "CARAMANTA", "distance": 0.5, "betweenness": 0.00031051079024996118, "weight": 0.10031051079024997 }, "geometry": { "type": "LineString", "coordinates": [ [ -75.624452, 5.614555 ], [ -75.643868, 5.54853 ] ] } },
{ "type": "Feature", "properties": { "source": "VALPARAÍSO", "target": "NARIÑO", "distance": 1.0, "betweenness": 0.0, "weight": 0.1 }, "geometry": { "type": "LineString", "coordinates": [ [ -75.624452, 5.614555 ], [ -75.176262, 5.610777 ] ] } },
{ "type": "Feature", "properties": { "source": "JARDÍN", "target": "CARAMANTA", "distance": 0.5, "betweenness": 0.00048563051202392919, "weight": 0.10048563051202393 }, "geometry": { "type": "LineString", "coordinates": [ [ -75.818982, 5.597542 ], [ -75.643868, 5.54853 ] ] } },
{ "type": "Feature", "properties": { "source": "CARAMANTA", "target": "NARIÑO", "distance": 0.33333333333333331, "betweenness": 0.0025667454444041927, "weight": 0.10256674544440419 }, "geometry": { "type": "LineString", "coordinates": [ [ -75.643868, 5.54853 ], [ -75.176262, 5.610777 ] ] } },
{ "type": "Feature", "properties": { "source": "ARGELIA", "target": "NARIÑO", "distance": 0.5, "betweenness": 0.00043773396125515365, "weight": 0.10043773396125516 }, "geometry": { "type": "LineString", "coordinates": [ [ -75.14107, 5.731474 ], [ -75.176262, 5.610777 ] ] } }
]
}
