{
"type": "FeatureCollection",
"name": "fig2_undirected_Pperuviana_70km_10steps_10reps_municipalities_network_v2_edges",
"crs": { "type": "name", "properties": { "name": "urn:ogc:def:crs:OGC:1.3:CRS84" } },
"features": [
{ "type": "Feature", "properties": { "source": "ITUANGO", "target": "YARUMAL", "distance": 0.5, "betweenness": 0.00084033613445378145, "weight": 0.10084033613445378 }, "geometry": { "type": "LineString", "coordinates": [ [ -75.764673, 7.171629 ], [ -75.418828, 6.963832 ] ] } },
{ "type": "Feature", "properties": { "source": "ITUANGO", "target": "LIBORINA", "distance": 0.5, "betweenness": 0.00057189542483660123, "weight": 0.1005718954248366 }, "geometry": { "type": "LineString", "coordinates": [ [ -75.764673, 7.171629 ], [ -75.812838, 6.677316 ] ] } },
{ "type": "Feature", "properties": { "source": "ITUANGO", "target": "ANORÍ", "distance": 0.5, "betweenness": 0.0026063758836868075, "weight": 0.10260637588368682 }, "geometry": { "type": "LineString", "coordinates": [ [ -75.764673, 7.171629 ], [ -75.148355, 7.074703 ] ] } },
{ "type": "Feature", "properties": { "source": "ITUANGO", "target": "CAMPAMENTO", "distance": 0.5, "betweenness": 0.0014072295584900622, "weight": 0.10140722955849006 }, "geometry": { "type": "LineString", "coordinates": [ [ -75.764673, 7.171629 ], [ -75.298091, 6.979771 ] ] } },
{ "type": "Feature", "properties": { "source": "ITUANGO", "target": "SANTA ROSA DE OSOS", "distance": 0.5, "betweenness": 0.0010586682839004819, "weight": 0.10105866828390049 }, "geometry": { "type": "LineString", "coordinates": [ [ -75.764673, 7.171629 ], [ -75.460723, 6.643366 ] ] } },
{ "type": "Feature", "properties": { "source": "ITUANGO", "target": "AMALFI", "distance": 0.5, "betweenness": 0.0025615421607239385, "weight": 0.10256154216072394 }, "geometry": { "type": "LineString", "coordinates": [ [ -75.764673, 7.171629 ], [ -75.077501, 6.909655 ] ] } },
{ "type": "Feature", "properties": { "source": "ITUANGO", "target": "ANGOSTURA", "distance": 0.5, "betweenness": 0.00085034013605442152, "weight": 0.10085034013605443 }, "geometry": { "type": "LineString", "coordinates": [ [ -75.764673, 7.171629 ], [ -75.335116, 6.885175 ] ] } },
{ "type": "Feature", "properties": { "source": "ITUANGO", "target": "VALDIVIA", "distance": 0.5, "betweenness": 0.001586134453781512, "weight": 0.10158613445378152 }, "geometry": { "type": "LineString", "coordinates": [ [ -75.764673, 7.171629 ], [ -75.439274, 7.1652 ] ] } },
{ "type": "Feature", "properties": { "source": "ITUANGO", "target": "SABANALARGA", "distance": 0.5, "betweenness": 0.00058940242763772172, "weight": 0.10058940242763773 }, "geometry": { "type": "LineString", "coordinates": [ [ -75.764673, 7.171629 ], [ -75.816645, 6.850028 ] ] } },
{ "type": "Feature", "properties": { "source": "ITUANGO", "target": "BRICEÑO", "distance": 0.5, "betweenness": 0.0012511671335200746, "weight": 0.10125116713352009 }, "geometry": { "type": "LineString", "coordinates": [ [ -75.764673, 7.171629 ], [ -75.55036, 7.112803 ] ] } },
{ "type": "Feature", "properties": { "source": "ITUANGO", "target": "PEQUE", "distance": 0.5, "betweenness": 0.00028011204481792715, "weight": 0.10028011204481793 }, "geometry": { "type": "LineString", "coordinates": [ [ -75.764673, 7.171629 ], [ -75.910357, 7.021029 ] ] } },
{ "type": "Feature", "properties": { "source": "ITUANGO", "target": "CAÑASGORDAS", "distance": 0.5, "betweenness": 0.00028011204481792715, "weight": 0.10028011204481793 }, "geometry": { "type": "LineString", "coordinates": [ [ -75.764673, 7.171629 ], [ -76.028228, 6.753859 ] ] } },
{ "type": "Feature", "properties": { "source": "ITUANGO", "target": "TOLEDO", "distance": 0.5, "betweenness": 0.00022408963585434174, "weight": 0.10022408963585434 }, "geometry": { "type": "LineString", "coordinates": [ [ -75.764673, 7.171629 ], [ -75.692281, 7.010328 ] ] } },
{ "type": "Feature", "properties": { "source": "ITUANGO", "target": "SAN JOSÉ DE LA MONTAÑA", "distance": 0.5, "betweenness": 0.00072857425798602269, "weight": 0.10072857425798602 }, "geometry": { "type": "LineString", "coordinates": [ [ -75.764673, 7.171629 ], [ -75.683352, 6.85009 ] ] } },
{ "type": "Feature", "properties": { "source": "ITUANGO", "target": "GUADALUPE", "distance": 0.5, "betweenness": 0.0012845138055222088, "weight": 0.10128451380552221 }, "geometry": { "type": "LineString", "coordinates": [ [ -75.764673, 7.171629 ], [ -75.239862, 6.815069 ] ] } },
{ "type": "Feature", "properties": { "source": "ITUANGO", "target": "SAN ANDRÉS DE CUERQUÍA", "distance": 0.5, "betweenness": 0.00043572984749455331, "weight": 0.10043572984749456 }, "geometry": { "type": "LineString", "coordinates": [ [ -75.764673, 7.171629 ], [ -75.674564, 6.916676 ] ] } },
{ "type": "Feature", "properties": { "source": "ITUANGO", "target": "DABEIBA", "distance": 0.5, "betweenness": 0.00028011204481792715, "weight": 0.10028011204481793 }, "geometry": { "type": "LineString", "coordinates": [ [ -75.764673, 7.171629 ], [ -76.261614, 6.998112 ] ] } },
{ "type": "Feature", "properties": { "source": "ITUANGO", "target": "CÁCERES", "distance": 0.5, "betweenness": 0.0061686341203147929, "weight": 0.1061686341203148 }, "geometry": { "type": "LineString", "coordinates": [ [ -75.764673, 7.171629 ], [ -75.35205, 7.578366 ] ] } },
{ "type": "Feature", "properties": { "source": "ITUANGO", "target": "TARAZÁ", "distance": 0.5, "betweenness": 0.0035483637899604279, "weight": 0.10354836378996043 }, "geometry": { "type": "LineString", "coordinates": [ [ -75.764673, 7.171629 ], [ -75.401407, 7.580127 ] ] } },
{ "type": "Feature", "properties": { "source": "ITUANGO", "target": "FRONTINO", "distance": 0.5, "betweenness": 0.00059523809523809518, "weight": 0.1005952380952381 }, "geometry": { "type": "LineString", "coordinates": [ [ -75.764673, 7.171629 ], [ -76.130765, 6.776066 ] ] } },
{ "type": "Feature", "properties": { "source": "ITUANGO", "target": "MUTATÁ", "distance": 0.5, "betweenness": 0.0, "weight": 0.1 }, "geometry": { "type": "LineString", "coordinates": [ [ -75.764673, 7.171629 ], [ -76.435875, 7.242875 ] ] } },
{ "type": "Feature", "properties": { "source": "ITUANGO", "target": "URAMITA", "distance": 0.5, "betweenness": 0.00043650793650793651, "weight": 0.10043650793650795 }, "geometry": { "type": "LineString", "coordinates": [ [ -75.764673, 7.171629 ], [ -76.173284, 6.898393 ] ] } },
{ "type": "Feature", "properties": { "source": "ITUANGO", "target": "CHIGORODÓ", "distance": 0.33333333333333331, "betweenness": 0.031092436974789913, "weight": 0.13109243697478992 }, "geometry": { "type": "LineString", "coordinates": [ [ -75.764673, 7.171629 ], [ -76.681531, 7.666147 ] ] } },
{ "type": "Feature", "properties": { "source": "ITUANGO", "target": "GIRALDO", "distance": 0.5, "betweenness": 0.00031512605042016803, "weight": 0.10031512605042017 }, "geometry": { "type": "LineString", "coordinates": [ [ -75.764673, 7.171629 ], [ -75.952158, 6.680808 ] ] } },
{ "type": "Feature", "properties": { "source": "ITUANGO", "target": "BURITICÁ", "distance": 0.5, "betweenness": 0.00058023209283713476, "weight": 0.10058023209283715 }, "geometry": { "type": "LineString", "coordinates": [ [ -75.764673, 7.171629 ], [ -75.907, 6.720759 ] ] } },
{ "type": "Feature", "properties": { "source": "ITUANGO", "target": "ABRIAQUÍ", "distance": 0.25, "betweenness": 0.0061624649859943967, "weight": 0.10616246498599441 }, "geometry": { "type": "LineString", "coordinates": [ [ -75.764673, 7.171629 ], [ -76.064304, 6.632282 ] ] } },
{ "type": "Feature", "properties": { "source": "ITUANGO", "target": "URRAO", "distance": 0.16666666666666666, "betweenness": 0.037885320794984655, "weight": 0.13788532079498467 }, "geometry": { "type": "LineString", "coordinates": [ [ -75.764673, 7.171629 ], [ -76.133951, 6.317343 ] ] } },
{ "type": "Feature", "properties": { "source": "ITUANGO", "target": "BELMIRA", "distance": 0.5, "betweenness": 0.0005602240896358543, "weight": 0.10056022408963586 }, "geometry": { "type": "LineString", "coordinates": [ [ -75.764673, 7.171629 ], [ -75.667779, 6.606319 ] ] } },
{ "type": "Feature", "properties": { "source": "ITUANGO", "target": "MURINDÓ", "distance": 0.5, "betweenness": 0.0012408974754175993, "weight": 0.1012408974754176 }, "geometry": { "type": "LineString", "coordinates": [ [ -75.764673, 7.171629 ], [ -76.817485, 6.97771 ] ] } },
{ "type": "Feature", "properties": { "source": "ITUANGO", "target": "OLAYA", "distance": 0.5, "betweenness": 0.00074080137105347183, "weight": 0.10074080137105347 }, "geometry": { "type": "LineString", "coordinates": [ [ -75.764673, 7.171629 ], [ -75.811773, 6.626492 ] ] } },
{ "type": "Feature", "properties": { "source": "ITUANGO", "target": "SANTA FÉ DE ANTIOQUIA", "distance": 0.5, "betweenness": 0.00074529811924769899, "weight": 0.10074529811924771 }, "geometry": { "type": "LineString", "coordinates": [ [ -75.764673, 7.171629 ], [ -75.826648, 6.556484 ] ] } },
{ "type": "Feature", "properties": { "source": "ITUANGO", "target": "SOPETRÁN", "distance": 0.5, "betweenness": 0.00085784313725490195, "weight": 0.1008578431372549 }, "geometry": { "type": "LineString", "coordinates": [ [ -75.764673, 7.171629 ], [ -75.747378, 6.500745 ] ] } },
{ "type": "Feature", "properties": { "source": "ITUANGO", "target": "APARTADÓ", "distance": 1.0, "betweenness": 0.008520074696545284, "weight": 0.10852007469654529 }, "geometry": { "type": "LineString", "coordinates": [ [ -75.764673, 7.171629 ], [ -76.625279, 7.882968 ] ] } },
{ "type": "Feature", "properties": { "source": "ITUANGO", "target": "ENTRERRÍOS", "distance": 0.5, "betweenness": 0.00084033613445378145, "weight": 0.10084033613445378 }, "geometry": { "type": "LineString", "coordinates": [ [ -75.764673, 7.171629 ], [ -75.517685, 6.566273 ] ] } },
{ "type": "Feature", "properties": { "source": "ITUANGO", "target": "CAREPA", "distance": 1.0, "betweenness": 0.0088235294117647058, "weight": 0.10882352941176471 }, "geometry": { "type": "LineString", "coordinates": [ [ -75.764673, 7.171629 ], [ -76.652652, 7.755148 ] ] } },
{ "type": "Feature", "properties": { "source": "ITUANGO", "target": "CAROLINA", "distance": 0.33333333333333331, "betweenness": 0.0080065359477124176, "weight": 0.10800653594771242 }, "geometry": { "type": "LineString", "coordinates": [ [ -75.764673, 7.171629 ], [ -75.283192, 6.725995 ] ] } },
{ "type": "Feature", "properties": { "source": "ITUANGO", "target": "GÓMEZ PLATA", "distance": 0.5, "betweenness": 0.0012115577225042062, "weight": 0.10121155772250422 }, "geometry": { "type": "LineString", "coordinates": [ [ -75.764673, 7.171629 ], [ -75.220018, 6.683269 ] ] } },
{ "type": "Feature", "properties": { "source": "ITUANGO", "target": "YOLOMBÓ", "distance": 1.0, "betweenness": 0.0, "weight": 0.1 }, "geometry": { "type": "LineString", "coordinates": [ [ -75.764673, 7.171629 ], [ -75.013385, 6.594511 ] ] } },
{ "type": "Feature", "properties": { "source": "ITUANGO", "target": "SAN PEDRO DE LOS MILAGROS", "distance": 0.5, "betweenness": 0.0017857142857142857, "weight": 0.10178571428571428 }, "geometry": { "type": "LineString", "coordinates": [ [ -75.764673, 7.171629 ], [ -75.556743, 6.46012 ] ] } },
{ "type": "Feature", "properties": { "source": "ITUANGO", "target": "SAN JERÓNIMO", "distance": 1.0, "betweenness": 0.0, "weight": 0.1 }, "geometry": { "type": "LineString", "coordinates": [ [ -75.764673, 7.171629 ], [ -75.726975, 6.44809 ] ] } },
{ "type": "Feature", "properties": { "source": "YARUMAL", "target": "PEQUE", "distance": 0.5, "betweenness": 0.00014005602240896358, "weight": 0.10014005602240897 }, "geometry": { "type": "LineString", "coordinates": [ [ -75.418828, 6.963832 ], [ -75.910357, 7.021029 ] ] } },
{ "type": "Feature", "properties": { "source": "YARUMAL", "target": "DONMATÍAS", "distance": 0.5, "betweenness": 0.00049019607843137254, "weight": 0.10049019607843138 }, "geometry": { "type": "LineString", "coordinates": [ [ -75.418828, 6.963832 ], [ -75.39263, 6.485603 ] ] } },
{ "type": "Feature", "properties": { "source": "YARUMAL", "target": "DABEIBA", "distance": 0.5, "betweenness": 0.00026510604241696678, "weight": 0.10026510604241697 }, "geometry": { "type": "LineString", "coordinates": [ [ -75.418828, 6.963832 ], [ -76.261614, 6.998112 ] ] } },
{ "type": "Feature", "properties": { "source": "YARUMAL", "target": "SAN VICENTE FERRER", "distance": 0.5, "betweenness": 0.00025499593776904698, "weight": 0.10025499593776906 }, "geometry": { "type": "LineString", "coordinates": [ [ -75.418828, 6.963832 ], [ -75.332616, 6.282164 ] ] } },
{ "type": "Feature", "properties": { "source": "YARUMAL", "target": "CAÑASGORDAS", "distance": 0.33333333333333331, "betweenness": 0.001601473922902494, "weight": 0.1016014739229025 }, "geometry": { "type": "LineString", "coordinates": [ [ -75.418828, 6.963832 ], [ -76.028228, 6.753859 ] ] } },
{ "type": "Feature", "properties": { "source": "YARUMAL", "target": "BURITICÁ", "distance": 0.5, "betweenness": 0.00018507402961184471, "weight": 0.10018507402961185 }, "geometry": { "type": "LineString", "coordinates": [ [ -75.418828, 6.963832 ], [ -75.907, 6.720759 ] ] } },
{ "type": "Feature", "properties": { "source": "YARUMAL", "target": "AMALFI", "distance": 0.5, "betweenness": 0.0002707749766573296, "weight": 0.10027077497665733 }, "geometry": { "type": "LineString", "coordinates": [ [ -75.418828, 6.963832 ], [ -75.077501, 6.909655 ] ] } },
{ "type": "Feature", "properties": { "source": "YARUMAL", "target": "GÓMEZ PLATA", "distance": 0.5, "betweenness": 0.00016962340491752257, "weight": 0.10016962340491753 }, "geometry": { "type": "LineString", "coordinates": [ [ -75.418828, 6.963832 ], [ -75.220018, 6.683269 ] ] } },
{ "type": "Feature", "properties": { "source": "YARUMAL", "target": "SANTA ROSA DE OSOS", "distance": 0.33333333333333331, "betweenness": 0.0013728824863278647, "weight": 0.10137288248632786 }, "geometry": { "type": "LineString", "coordinates": [ [ -75.418828, 6.963832 ], [ -75.460723, 6.643366 ] ] } },
{ "type": "Feature", "properties": { "source": "YARUMAL", "target": "ANORÍ", "distance": 0.5, "betweenness": 0.00044000933706816043, "weight": 0.10044000933706816 }, "geometry": { "type": "LineString", "coordinates": [ [ -75.418828, 6.963832 ], [ -75.148355, 7.074703 ] ] } },
{ "type": "Feature", "properties": { "source": "YARUMAL", "target": "YOLOMBÓ", "distance": 0.5, "betweenness": 0.00018430099312452251, "weight": 0.10018430099312453 }, "geometry": { "type": "LineString", "coordinates": [ [ -75.418828, 6.963832 ], [ -75.013385, 6.594511 ] ] } },
{ "type": "Feature", "properties": { "source": "YARUMAL", "target": "CAMPAMENTO", "distance": 0.5, "betweenness": 0.00020074696545284781, "weight": 0.10020074696545285 }, "geometry": { "type": "LineString", "coordinates": [ [ -75.418828, 6.963832 ], [ -75.298091, 6.979771 ] ] } },
{ "type": "Feature", "properties": { "source": "YARUMAL", "target": "CÁCERES", "distance": 0.5, "betweenness": 0.0026415010448623895, "weight": 0.1026415010448624 }, "geometry": { "type": "LineString", "coordinates": [ [ -75.418828, 6.963832 ], [ -75.35205, 7.578366 ] ] } },
{ "type": "Feature", "properties": { "source": "YARUMAL", "target": "SABANALARGA", "distance": 0.5, "betweenness": 0.00017851157557039908, "weight": 0.10017851157557041 }, "geometry": { "type": "LineString", "coordinates": [ [ -75.418828, 6.963832 ], [ -75.816645, 6.850028 ] ] } },
{ "type": "Feature", "properties": { "source": "YARUMAL", "target": "SAN ROQUE", "distance": 0.5, "betweenness": 0.00028650854281106383, "weight": 0.10028650854281107 }, "geometry": { "type": "LineString", "coordinates": [ [ -75.418828, 6.963832 ], [ -75.019109, 6.485939 ] ] } },
{ "type": "Feature", "properties": { "source": "YARUMAL", "target": "MEDELLÍN", "distance": 0.5, "betweenness": 0.00061630207638611, "weight": 0.10061630207638611 }, "geometry": { "type": "LineString", "coordinates": [ [ -75.418828, 6.963832 ], [ -75.581775, 6.246631 ] ] } },
{ "type": "Feature", "properties": { "source": "YARUMAL", "target": "BRICEÑO", "distance": 0.33333333333333331, "betweenness": 0.0012215997510115159, "weight": 0.10122159975101153 }, "geometry": { "type": "LineString", "coordinates": [ [ -75.418828, 6.963832 ], [ -75.55036, 7.112803 ] ] } },
{ "type": "Feature", "properties": { "source": "YARUMAL", "target": "SANTA FÉ DE ANTIOQUIA", "distance": 0.5, "betweenness": 0.00020841670001333864, "weight": 0.10020841670001335 }, "geometry": { "type": "LineString", "coordinates": [ [ -75.418828, 6.963832 ], [ -75.826648, 6.556484 ] ] } },
{ "type": "Feature", "properties": { "source": "YARUMAL", "target": "OLAYA", "distance": 0.5, "betweenness": 0.00018185051798497176, "weight": 0.10018185051798498 }, "geometry": { "type": "LineString", "coordinates": [ [ -75.418828, 6.963832 ], [ -75.811773, 6.626492 ] ] } },
{ "type": "Feature", "properties": { "source": "YARUMAL", "target": "ANGOSTURA", "distance": 0.5, "betweenness": 0.00018907563025210084, "weight": 0.1001890756302521 }, "geometry": { "type": "LineString", "coordinates": [ [ -75.418828, 6.963832 ], [ -75.335116, 6.885175 ] ] } },
{ "type": "Feature", "properties": { "source": "YARUMAL", "target": "SAN ANDRÉS DE CUERQUÍA", "distance": 0.5, "betweenness": 0.00015561780267662621, "weight": 0.10015561780267664 }, "geometry": { "type": "LineString", "coordinates": [ [ -75.418828, 6.963832 ], [ -75.674564, 6.916676 ] ] } },
{ "type": "Feature", "properties": { "source": "YARUMAL", "target": "VALDIVIA", "distance": 0.5, "betweenness": 0.00026969120981726026, "weight": 0.10026969120981727 }, "geometry": { "type": "LineString", "coordinates": [ [ -75.418828, 6.963832 ], [ -75.439274, 7.1652 ] ] } },
{ "type": "Feature", "properties": { "source": "YARUMAL", "target": "BELMIRA", "distance": 0.33333333333333331, "betweenness": 0.0011908096571962114, "weight": 0.10119080965719622 }, "geometry": { "type": "LineString", "coordinates": [ [ -75.418828, 6.963832 ], [ -75.667779, 6.606319 ] ] } },
{ "type": "Feature", "properties": { "source": "YARUMAL", "target": "TOLEDO", "distance": 0.5, "betweenness": 0.00017740429505135388, "weight": 0.10017740429505136 }, "geometry": { "type": "LineString", "coordinates": [ [ -75.418828, 6.963832 ], [ -75.692281, 7.010328 ] ] } },
{ "type": "Feature", "properties": { "source": "YARUMAL", "target": "ABRIAQUÍ", "distance": 0.5, "betweenness": 0.00045518207282913161, "weight": 0.10045518207282914 }, "geometry": { "type": "LineString", "coordinates": [ [ -75.418828, 6.963832 ], [ -76.064304, 6.632282 ] ] } },
{ "type": "Feature", "properties": { "source": "YARUMAL", "target": "ENTRERRÍOS", "distance": 0.33333333333333331, "betweenness": 0.0020068027210884353, "weight": 0.10200680272108845 }, "geometry": { "type": "LineString", "coordinates": [ [ -75.418828, 6.963832 ], [ -75.517685, 6.566273 ] ] } },
{ "type": "Feature", "properties": { "source": "YARUMAL", "target": "URAMITA", "distance": 0.5, "betweenness": 0.00010037348272642389, "weight": 0.10010037348272643 }, "geometry": { "type": "LineString", "coordinates": [ [ -75.418828, 6.963832 ], [ -76.173284, 6.898393 ] ] } },
{ "type": "Feature", "properties": { "source": "YARUMAL", "target": "GIRARDOTA", "distance": 0.5, "betweenness": 0.00022183873549419769, "weight": 0.1002218387354942 }, "geometry": { "type": "LineString", "coordinates": [ [ -75.418828, 6.963832 ], [ -75.444238, 6.379472 ] ] } },
{ "type": "Feature", "properties": { "source": "YARUMAL", "target": "SAN JERÓNIMO", "distance": 0.33333333333333331, "betweenness": 0.0017113512071495268, "weight": 0.10171135120714954 }, "geometry": { "type": "LineString", "coordinates": [ [ -75.418828, 6.963832 ], [ -75.726975, 6.44809 ] ] } },
{ "type": "Feature", "properties": { "source": "YARUMAL", "target": "CONCEPCIÓN", "distance": 0.5, "betweenness": 0.00022108493747149206, "weight": 0.10022108493747149 }, "geometry": { "type": "LineString", "coordinates": [ [ -75.418828, 6.963832 ], [ -75.257587, 6.394348 ] ] } },
{ "type": "Feature", "properties": { "source": "YARUMAL", "target": "LIBORINA", "distance": 0.5, "betweenness": 0.00017173536081099106, "weight": 0.10017173536081099 }, "geometry": { "type": "LineString", "coordinates": [ [ -75.418828, 6.963832 ], [ -75.812838, 6.677316 ] ] } },
{ "type": "Feature", "properties": { "source": "YARUMAL", "target": "BARBOSA", "distance": 0.5, "betweenness": 0.00021438165283938884, "weight": 0.1002143816528394 }, "geometry": { "type": "LineString", "coordinates": [ [ -75.418828, 6.963832 ], [ -75.331627, 6.439195 ] ] } },
{ "type": "Feature", "properties": { "source": "YARUMAL", "target": "EBÉJICO", "distance": 0.5, "betweenness": 0.00039854830821217381, "weight": 0.10039854830821218 }, "geometry": { "type": "LineString", "coordinates": [ [ -75.418828, 6.963832 ], [ -75.766413, 6.325615 ] ] } },
{ "type": "Feature", "properties": { "source": "YARUMAL", "target": "SAN PEDRO DE LOS MILAGROS", "distance": 0.5, "betweenness": 0.00018007202881152457, "weight": 0.10018007202881153 }, "geometry": { "type": "LineString", "coordinates": [ [ -75.418828, 6.963832 ], [ -75.556743, 6.46012 ] ] } },
{ "type": "Feature", "properties": { "source": "YARUMAL", "target": "BELLO", "distance": 0.5, "betweenness": 0.00026499488684362632, "weight": 0.10026499488684364 }, "geometry": { "type": "LineString", "coordinates": [ [ -75.418828, 6.963832 ], [ -75.555245, 6.333587 ] ] } },
{ "type": "Feature", "properties": { "source": "YARUMAL", "target": "GUADALUPE", "distance": 0.5, "betweenness": 0.00035480859010270771, "weight": 0.10035480859010271 }, "geometry": { "type": "LineString", "coordinates": [ [ -75.418828, 6.963832 ], [ -75.239862, 6.815069 ] ] } },
{ "type": "Feature", "properties": { "source": "YARUMAL", "target": "CAROLINA", "distance": 0.5, "betweenness": 0.00014005602240896358, "weight": 0.10014005602240897 }, "geometry": { "type": "LineString", "coordinates": [ [ -75.418828, 6.963832 ], [ -75.283192, 6.725995 ] ] } },
{ "type": "Feature", "properties": { "source": "YARUMAL", "target": "COPACABANA", "distance": 0.5, "betweenness": 0.00030801209372637939, "weight": 0.10030801209372639 }, "geometry": { "type": "LineString", "coordinates": [ [ -75.418828, 6.963832 ], [ -75.509384, 6.348557 ] ] } },
{ "type": "Feature", "properties": { "source": "YARUMAL", "target": "TARAZÁ", "distance": 0.5, "betweenness": 0.00082809081171661479, "weight": 0.10082809081171662 }, "geometry": { "type": "LineString", "coordinates": [ [ -75.418828, 6.963832 ], [ -75.401407, 7.580127 ] ] } },
{ "type": "Feature", "properties": { "source": "YARUMAL", "target": "SANTO DOMINGO", "distance": 0.5, "betweenness": 0.00021614706488656065, "weight": 0.10021614706488656 }, "geometry": { "type": "LineString", "coordinates": [ [ -75.418828, 6.963832 ], [ -75.164903, 6.473032 ] ] } },
{ "type": "Feature", "properties": { "source": "YARUMAL", "target": "VEGACHÍ", "distance": 0.5, "betweenness": 0.00039815926370548213, "weight": 0.10039815926370549 }, "geometry": { "type": "LineString", "coordinates": [ [ -75.418828, 6.963832 ], [ -74.798714, 6.773525 ] ] } },
{ "type": "Feature", "properties": { "source": "YARUMAL", "target": "YALÍ", "distance": 0.5, "betweenness": 0.0005409663865546219, "weight": 0.10054096638655463 }, "geometry": { "type": "LineString", "coordinates": [ [ -75.418828, 6.963832 ], [ -74.840059, 6.676554 ] ] } },
{ "type": "Feature", "properties": { "source": "YARUMAL", "target": "GUARNE", "distance": 0.5, "betweenness": 0.00040027627212501163, "weight": 0.10040027627212501 }, "geometry": { "type": "LineString", "coordinates": [ [ -75.418828, 6.963832 ], [ -75.441612, 6.27787 ] ] } },
{ "type": "Feature", "properties": { "source": "YARUMAL", "target": "GIRALDO", "distance": 0.5, "betweenness": 0.00020308123249299721, "weight": 0.100203081232493 }, "geometry": { "type": "LineString", "coordinates": [ [ -75.418828, 6.963832 ], [ -75.952158, 6.680808 ] ] } },
{ "type": "Feature", "properties": { "source": "YARUMAL", "target": "SAN JOSÉ DE LA MONTAÑA", "distance": 0.5, "betweenness": 0.00015561780267662621, "weight": 0.10015561780267664 }, "geometry": { "type": "LineString", "coordinates": [ [ -75.418828, 6.963832 ], [ -75.683352, 6.85009 ] ] } },
{ "type": "Feature", "properties": { "source": "YARUMAL", "target": "SOPETRÁN", "distance": 0.5, "betweenness": 0.00016690009337068159, "weight": 0.10016690009337069 }, "geometry": { "type": "LineString", "coordinates": [ [ -75.418828, 6.963832 ], [ -75.747378, 6.500745 ] ] } },
{ "type": "Feature", "properties": { "source": "YARUMAL", "target": "CISNEROS", "distance": 0.5, "betweenness": 0.00023342670401493927, "weight": 0.10023342670401494 }, "geometry": { "type": "LineString", "coordinates": [ [ -75.418828, 6.963832 ], [ -75.087047, 6.537829 ] ] } },
{ "type": "Feature", "properties": { "source": "YARUMAL", "target": "CAICEDO", "distance": 0.5, "betweenness": 0.00023009203681472587, "weight": 0.10023009203681472 }, "geometry": { "type": "LineString", "coordinates": [ [ -75.418828, 6.963832 ], [ -75.98293, 6.405607 ] ] } },
{ "type": "Feature", "properties": { "source": "YARUMAL", "target": "REMEDIOS", "distance": 0.5, "betweenness": 0.0010605403777672686, "weight": 0.10106054037776728 }, "geometry": { "type": "LineString", "coordinates": [ [ -75.418828, 6.963832 ], [ -74.698135, 7.029424 ] ] } },
{ "type": "Feature", "properties": { "source": "YARUMAL", "target": "FRONTINO", "distance": 0.5, "betweenness": 0.00043317326930772306, "weight": 0.10043317326930773 }, "geometry": { "type": "LineString", "coordinates": [ [ -75.418828, 6.963832 ], [ -76.130765, 6.776066 ] ] } },
{ "type": "Feature", "properties": { "source": "YARUMAL", "target": "ANZÁ", "distance": 0.5, "betweenness": 0.00051876306077986746, "weight": 0.10051876306077988 }, "geometry": { "type": "LineString", "coordinates": [ [ -75.418828, 6.963832 ], [ -75.854442, 6.302641 ] ] } },
{ "type": "Feature", "properties": { "source": "YARUMAL", "target": "ALEJANDRÍA", "distance": 0.5, "betweenness": 0.00037715591287019849, "weight": 0.10037715591287021 }, "geometry": { "type": "LineString", "coordinates": [ [ -75.418828, 6.963832 ], [ -75.141346, 6.376061 ] ] } },
{ "type": "Feature", "properties": { "source": "YARUMAL", "target": "PEÑOL", "distance": 0.5, "betweenness": 0.00041372609649920566, "weight": 0.10041372609649921 }, "geometry": { "type": "LineString", "coordinates": [ [ -75.418828, 6.963832 ], [ -75.242693, 6.219349 ] ] } },
{ "type": "Feature", "properties": { "source": "YARUMAL", "target": "SAN RAFAEL", "distance": 1.0, "betweenness": 0.0, "weight": 0.1 }, "geometry": { "type": "LineString", "coordinates": [ [ -75.418828, 6.963832 ], [ -75.02849, 6.293759 ] ] } },
{ "type": "Feature", "properties": { "source": "YARUMAL", "target": "MARINILLA", "distance": 0.5, "betweenness": 0.00049219765606320213, "weight": 0.10049219765606321 }, "geometry": { "type": "LineString", "coordinates": [ [ -75.418828, 6.963832 ], [ -75.339345, 6.173995 ] ] } },
{ "type": "Feature", "properties": { "source": "YARUMAL", "target": "RIONEGRO", "distance": 0.5, "betweenness": 0.00055900643085517025, "weight": 0.10055900643085518 }, "geometry": { "type": "LineString", "coordinates": [ [ -75.418828, 6.963832 ], [ -75.377316, 6.147148 ] ] } },
{ "type": "Feature", "properties": { "source": "YARUMAL", "target": "SEGOVIA", "distance": 1.0, "betweenness": 1.4005602240896359e-05, "weight": 0.1000140056022409 }, "geometry": { "type": "LineString", "coordinates": [ [ -75.418828, 6.963832 ], [ -74.701596, 7.079648 ] ] } },
{ "type": "Feature", "properties": { "source": "YARUMAL", "target": "ZARAGOZA", "distance": 1.0, "betweenness": 4.6685340802987859e-05, "weight": 0.10004668534080299 }, "geometry": { "type": "LineString", "coordinates": [ [ -75.418828, 6.963832 ], [ -74.867075, 7.488583 ] ] } },
{ "type": "Feature", "properties": { "source": "YARUMAL", "target": "GUATAPÉ", "distance": 1.0, "betweenness": 0.0, "weight": 0.1 }, "geometry": { "type": "LineString", "coordinates": [ [ -75.418828, 6.963832 ], [ -75.160041, 6.232461 ] ] } },
{ "type": "Feature", "properties": { "source": "YARUMAL", "target": "HELICONIA", "distance": 1.0, "betweenness": 0.0, "weight": 0.1 }, "geometry": { "type": "LineString", "coordinates": [ [ -75.418828, 6.963832 ], [ -75.734322, 6.206757 ] ] } },
{ "type": "Feature", "properties": { "source": "YARUMAL", "target": "ENVIGADO", "distance": 1.0, "betweenness": 0.0, "weight": 0.1 }, "geometry": { "type": "LineString", "coordinates": [ [ -75.418828, 6.963832 ], [ -75.582192, 6.166695 ] ] } },
{ "type": "Feature", "properties": { "source": "LIBORINA", "target": "CAROLINA", "distance": 0.5, "betweenness": 0.00026950174008997537, "weight": 0.10026950174008999 }, "geometry": { "type": "LineString", "coordinates": [ [ -75.812838, 6.677316 ], [ -75.283192, 6.725995 ] ] } },
{ "type": "Feature", "properties": { "source": "LIBORINA", "target": "SANTA FÉ DE ANTIOQUIA", "distance": 0.5, "betweenness": 0.00037454375689669806, "weight": 0.10037454375689671 }, "geometry": { "type": "LineString", "coordinates": [ [ -75.812838, 6.677316 ], [ -75.826648, 6.556484 ] ] } },
{ "type": "Feature", "properties": { "source": "LIBORINA", "target": "ANGOSTURA", "distance": 0.5, "betweenness": 0.00023842870481525943, "weight": 0.10023842870481527 }, "geometry": { "type": "LineString", "coordinates": [ [ -75.812838, 6.677316 ], [ -75.335116, 6.885175 ] ] } },
{ "type": "Feature", "properties": { "source": "LIBORINA", "target": "CAICEDO", "distance": 0.5, "betweenness": 0.00023448773448773446, "weight": 0.10023448773448775 }, "geometry": { "type": "LineString", "coordinates": [ [ -75.812838, 6.677316 ], [ -75.98293, 6.405607 ] ] } },
{ "type": "Feature", "properties": { "source": "LIBORINA", "target": "URRAO", "distance": 0.5, "betweenness": 0.0001644597232832527, "weight": 0.10016445972328326 }, "geometry": { "type": "LineString", "coordinates": [ [ -75.812838, 6.677316 ], [ -76.133951, 6.317343 ] ] } },
{ "type": "Feature", "properties": { "source": "LIBORINA", "target": "BELMIRA", "distance": 0.5, "betweenness": 0.00014005602240896358, "weight": 0.10014005602240897 }, "geometry": { "type": "LineString", "coordinates": [ [ -75.812838, 6.677316 ], [ -75.667779, 6.606319 ] ] } },
{ "type": "Feature", "properties": { "source": "LIBORINA", "target": "FRONTINO", "distance": 0.5, "betweenness": 0.00030451574569221625, "weight": 0.10030451574569223 }, "geometry": { "type": "LineString", "coordinates": [ [ -75.812838, 6.677316 ], [ -76.130765, 6.776066 ] ] } },
{ "type": "Feature", "properties": { "source": "LIBORINA", "target": "EBÉJICO", "distance": 0.5, "betweenness": 0.00035014005602240891, "weight": 0.10035014005602241 }, "geometry": { "type": "LineString", "coordinates": [ [ -75.812838, 6.677316 ], [ -75.766413, 6.325615 ] ] } },
{ "type": "Feature", "properties": { "source": "LIBORINA", "target": "OLAYA", "distance": 0.5, "betweenness": 0.00017507002801120446, "weight": 0.10017507002801121 }, "geometry": { "type": "LineString", "coordinates": [ [ -75.812838, 6.677316 ], [ -75.811773, 6.626492 ] ] } },
{ "type": "Feature", "properties": { "source": "LIBORINA", "target": "SANTA ROSA DE OSOS", "distance": 0.5, "betweenness": 0.0001878023936847466, "weight": 0.10018780239368476 }, "geometry": { "type": "LineString", "coordinates": [ [ -75.812838, 6.677316 ], [ -75.460723, 6.643366 ] ] } },
{ "type": "Feature", "properties": { "source": "LIBORINA", "target": "BRICEÑO", "distance": 0.5, "betweenness": 0.00029178338001867408, "weight": 0.10029178338001868 }, "geometry": { "type": "LineString", "coordinates": [ [ -75.812838, 6.677316 ], [ -75.55036, 7.112803 ] ] } },
{ "type": "Feature", "properties": { "source": "LIBORINA", "target": "COPACABANA", "distance": 0.5, "betweenness": 0.00029178338001867408, "weight": 0.10029178338001868 }, "geometry": { "type": "LineString", "coordinates": [ [ -75.812838, 6.677316 ], [ -75.509384, 6.348557 ] ] } },
{ "type": "Feature", "properties": { "source": "LIBORINA", "target": "ANZÁ", "distance": 0.5, "betweenness": 0.00032785841609371015, "weight": 0.10032785841609372 }, "geometry": { "type": "LineString", "coordinates": [ [ -75.812838, 6.677316 ], [ -75.854442, 6.302641 ] ] } },
{ "type": "Feature", "properties": { "source": "LIBORINA", "target": "BURITICÁ", "distance": 0.5, "betweenness": 0.00019174336401227152, "weight": 0.10019174336401228 }, "geometry": { "type": "LineString", "coordinates": [ [ -75.812838, 6.677316 ], [ -75.907, 6.720759 ] ] } },
{ "type": "Feature", "properties": { "source": "LIBORINA", "target": "DONMATÍAS", "distance": 0.5, "betweenness": 0.00038621509209744504, "weight": 0.10038621509209746 }, "geometry": { "type": "LineString", "coordinates": [ [ -75.812838, 6.677316 ], [ -75.39263, 6.485603 ] ] } },
{ "type": "Feature", "properties": { "source": "LIBORINA", "target": "BARBOSA", "distance": 0.5, "betweenness": 0.00015278838808250569, "weight": 0.10015278838808252 }, "geometry": { "type": "LineString", "coordinates": [ [ -75.812838, 6.677316 ], [ -75.331627, 6.439195 ] ] } },
{ "type": "Feature", "properties": { "source": "LIBORINA", "target": "URAMITA", "distance": 0.5, "betweenness": 0.0001644597232832527, "weight": 0.10016445972328326 }, "geometry": { "type": "LineString", "coordinates": [ [ -75.812838, 6.677316 ], [ -76.173284, 6.898393 ] ] } },
{ "type": "Feature", "properties": { "source": "LIBORINA", "target": "SAN JOSÉ DE LA MONTAÑA", "distance": 0.33333333333333331, "betweenness": 0.00056189142323596116, "weight": 0.10056189142323596 }, "geometry": { "type": "LineString", "coordinates": [ [ -75.812838, 6.677316 ], [ -75.683352, 6.85009 ] ] } },
{ "type": "Feature", "properties": { "source": "LIBORINA", "target": "SAN ANDRÉS DE CUERQUÍA", "distance": 0.5, "betweenness": 0.00014005602240896358, "weight": 0.10014005602240897 }, "geometry": { "type": "LineString", "coordinates": [ [ -75.812838, 6.677316 ], [ -75.674564, 6.916676 ] ] } },
{ "type": "Feature", "properties": { "source": "LIBORINA", "target": "GÓMEZ PLATA", "distance": 0.5, "betweenness": 0.00020781039688602714, "weight": 0.10020781039688603 }, "geometry": { "type": "LineString", "coordinates": [ [ -75.812838, 6.677316 ], [ -75.220018, 6.683269 ] ] } },
{ "type": "Feature", "properties": { "source": "LIBORINA", "target": "SABANALARGA", "distance": 0.5, "betweenness": 0.00023881347410759177, "weight": 0.1002388134741076 }, "geometry": { "type": "LineString", "coordinates": [ [ -75.812838, 6.677316 ], [ -75.816645, 6.850028 ] ] } },
{ "type": "Feature", "properties": { "source": "LIBORINA", "target": "MEDELLÍN", "distance": 0.5, "betweenness": 0.00035014005602240891, "weight": 0.10035014005602241 }, "geometry": { "type": "LineString", "coordinates": [ [ -75.812838, 6.677316 ], [ -75.581775, 6.246631 ] ] } },
{ "type": "Feature", "properties": { "source": "LIBORINA", "target": "ENTRERRÍOS", "distance": 0.5, "betweenness": 0.00018674136321195143, "weight": 0.10018674136321196 }, "geometry": { "type": "LineString", "coordinates": [ [ -75.812838, 6.677316 ], [ -75.517685, 6.566273 ] ] } },
{ "type": "Feature", "properties": { "source": "LIBORINA", "target": "SAN PEDRO DE LOS MILAGROS", "distance": 0.5, "betweenness": 0.00018674136321195143, "weight": 0.10018674136321196 }, "geometry": { "type": "LineString", "coordinates": [ [ -75.812838, 6.677316 ], [ -75.556743, 6.46012 ] ] } },
{ "type": "Feature", "properties": { "source": "LIBORINA", "target": "GIRARDOTA", "distance": 0.5, "betweenness": 0.00037348272642390276, "weight": 0.10037348272642391 }, "geometry": { "type": "LineString", "coordinates": [ [ -75.812838, 6.677316 ], [ -75.444238, 6.379472 ] ] } },
{ "type": "Feature", "properties": { "source": "LIBORINA", "target": "GUARNE", "distance": 0.5, "betweenness": 0.00035014005602240902, "weight": 0.10035014005602241 }, "geometry": { "type": "LineString", "coordinates": [ [ -75.812838, 6.677316 ], [ -75.441612, 6.27787 ] ] } },
{ "type": "Feature", "properties": { "source": "LIBORINA", "target": "SAN VICENTE FERRER", "distance": 0.5, "betweenness": 0.00024615906968848141, "weight": 0.10024615906968849 }, "geometry": { "type": "LineString", "coordinates": [ [ -75.812838, 6.677316 ], [ -75.332616, 6.282164 ] ] } },
{ "type": "Feature", "properties": { "source": "LIBORINA", "target": "VALDIVIA", "distance": 0.33333333333333331, "betweenness": 0.0053127917833800187, "weight": 0.10531279178338003 }, "geometry": { "type": "LineString", "coordinates": [ [ -75.812838, 6.677316 ], [ -75.439274, 7.1652 ] ] } },
{ "type": "Feature", "properties": { "source": "LIBORINA", "target": "ABRIAQUÍ", "distance": 0.5, "betweenness": 0.0001644597232832527, "weight": 0.10016445972328326 }, "geometry": { "type": "LineString", "coordinates": [ [ -75.812838, 6.677316 ], [ -76.064304, 6.632282 ] ] } },
{ "type": "Feature", "properties": { "source": "LIBORINA", "target": "DABEIBA", "distance": 0.5, "betweenness": 0.00028117307529072235, "weight": 0.10028117307529073 }, "geometry": { "type": "LineString", "coordinates": [ [ -75.812838, 6.677316 ], [ -76.261614, 6.998112 ] ] } },
{ "type": "Feature", "properties": { "source": "LIBORINA", "target": "CAÑASGORDAS", "distance": 0.5, "betweenness": 0.0001644597232832527, "weight": 0.10016445972328326 }, "geometry": { "type": "LineString", "coordinates": [ [ -75.812838, 6.677316 ], [ -76.028228, 6.753859 ] ] } },
{ "type": "Feature", "properties": { "source": "LIBORINA", "target": "HELICONIA", "distance": 0.5, "betweenness": 0.00014005602240896358, "weight": 0.10014005602240897 }, "geometry": { "type": "LineString", "coordinates": [ [ -75.812838, 6.677316 ], [ -75.734322, 6.206757 ] ] } },
{ "type": "Feature", "properties": { "source": "LIBORINA", "target": "ANGELÓPOLIS", "distance": 0.5, "betweenness": 0.00034313725490196079, "weight": 0.10034313725490196 }, "geometry": { "type": "LineString", "coordinates": [ [ -75.812838, 6.677316 ], [ -75.711389, 6.109719 ] ] } },
{ "type": "Feature", "properties": { "source": "LIBORINA", "target": "GUADALUPE", "distance": 0.5, "betweenness": 0.00032657507447423414, "weight": 0.10032657507447423 }, "geometry": { "type": "LineString", "coordinates": [ [ -75.812838, 6.677316 ], [ -75.239862, 6.815069 ] ] } },
{ "type": "Feature", "properties": { "source": "LIBORINA", "target": "CAMPAMENTO", "distance": 0.5, "betweenness": 0.00029345071361878088, "weight": 0.10029345071361878 }, "geometry": { "type": "LineString", "coordinates": [ [ -75.812838, 6.677316 ], [ -75.298091, 6.979771 ] ] } },
{ "type": "Feature", "properties": { "source": "LIBORINA", "target": "CONCEPCIÓN", "distance": 0.5, "betweenness": 0.00017613105848399965, "weight": 0.10017613105848401 }, "geometry": { "type": "LineString", "coordinates": [ [ -75.812838, 6.677316 ], [ -75.257587, 6.394348 ] ] } },
{ "type": "Feature", "properties": { "source": "LIBORINA", "target": "PEQUE", "distance": 0.5, "betweenness": 0.00015172735760971053, "weight": 0.10015172735760972 }, "geometry": { "type": "LineString", "coordinates": [ [ -75.812838, 6.677316 ], [ -75.910357, 7.021029 ] ] } },
{ "type": "Feature", "properties": { "source": "LIBORINA", "target": "BELLO", "distance": 0.5, "betweenness": 0.00026844070961718017, "weight": 0.10026844070961718 }, "geometry": { "type": "LineString", "coordinates": [ [ -75.812838, 6.677316 ], [ -75.555245, 6.333587 ] ] } },
{ "type": "Feature", "properties": { "source": "LIBORINA", "target": "BETULIA", "distance": 0.5, "betweenness": 0.0001878023936847466, "weight": 0.10018780239368476 }, "geometry": { "type": "LineString", "coordinates": [ [ -75.812838, 6.677316 ], [ -75.984452, 6.115208 ] ] } },
{ "type": "Feature", "properties": { "source": "LIBORINA", "target": "SAN JERÓNIMO", "distance": 0.5, "betweenness": 0.00027894491129785244, "weight": 0.10027894491129785 }, "geometry": { "type": "LineString", "coordinates": [ [ -75.812838, 6.677316 ], [ -75.726975, 6.44809 ] ] } },
{ "type": "Feature", "properties": { "source": "LIBORINA", "target": "ANORÍ", "distance": 0.5, "betweenness": 0.00071344598445438764, "weight": 0.10071344598445439 }, "geometry": { "type": "LineString", "coordinates": [ [ -75.812838, 6.677316 ], [ -75.148355, 7.074703 ] ] } },
{ "type": "Feature", "properties": { "source": "LIBORINA", "target": "TOLEDO", "distance": 0.33333333333333331, "betweenness": 0.0010084033613445378, "weight": 0.10100840336134455 }, "geometry": { "type": "LineString", "coordinates": [ [ -75.812838, 6.677316 ], [ -75.692281, 7.010328 ] ] } },
{ "type": "Feature", "properties": { "source": "LIBORINA", "target": "GIRALDO", "distance": 0.5, "betweenness": 0.00021008403361344534, "weight": 0.10021008403361345 }, "geometry": { "type": "LineString", "coordinates": [ [ -75.812838, 6.677316 ], [ -75.952158, 6.680808 ] ] } },
{ "type": "Feature", "properties": { "source": "LIBORINA", "target": "ITAGÜÍ", "distance": 0.5, "betweenness": 0.00044277711084433772, "weight": 0.10044277711084434 }, "geometry": { "type": "LineString", "coordinates": [ [ -75.812838, 6.677316 ], [ -75.612056, 6.175079 ] ] } },
{ "type": "Feature", "properties": { "source": "LIBORINA", "target": "AMALFI", "distance": 0.5, "betweenness": 0.00041789443049947253, "weight": 0.10041789443049948 }, "geometry": { "type": "LineString", "coordinates": [ [ -75.812838, 6.677316 ], [ -75.077501, 6.909655 ] ] } },
{ "type": "Feature", "properties": { "source": "LIBORINA", "target": "SOPETRÁN", "distance": 0.5, "betweenness": 0.00019607843137254901, "weight": 0.10019607843137256 }, "geometry": { "type": "LineString", "coordinates": [ [ -75.812838, 6.677316 ], [ -75.747378, 6.500745 ] ] } },
{ "type": "Feature", "properties": { "source": "LIBORINA", "target": "SANTO DOMINGO", "distance": 0.5, "betweenness": 0.00025783040488922839, "weight": 0.10025783040488924 }, "geometry": { "type": "LineString", "coordinates": [ [ -75.812838, 6.677316 ], [ -75.164903, 6.473032 ] ] } },
{ "type": "Feature", "properties": { "source": "LIBORINA", "target": "ARMENIA", "distance": 0.5, "betweenness": 0.00037948512738428697, "weight": 0.10037948512738429 }, "geometry": { "type": "LineString", "coordinates": [ [ -75.812838, 6.677316 ], [ -75.786647, 6.155667 ] ] } },
{ "type": "Feature", "properties": { "source": "LIBORINA", "target": "YOLOMBÓ", "distance": 0.5, "betweenness": 0.00025861503246574918, "weight": 0.10025861503246576 }, "geometry": { "type": "LineString", "coordinates": [ [ -75.812838, 6.677316 ], [ -75.013385, 6.594511 ] ] } },
{ "type": "Feature", "properties": { "source": "LIBORINA", "target": "RIONEGRO", "distance": 0.5, "betweenness": 0.00017507002801120446, "weight": 0.10017507002801121 }, "geometry": { "type": "LineString", "coordinates": [ [ -75.812838, 6.677316 ], [ -75.377316, 6.147148 ] ] } },
{ "type": "Feature", "properties": { "source": "LIBORINA", "target": "LA ESTRELLA", "distance": 0.5, "betweenness": 0.00049631617352823465, "weight": 0.10049631617352824 }, "geometry": { "type": "LineString", "coordinates": [ [ -75.812838, 6.677316 ], [ -75.637708, 6.145238 ] ] } },
{ "type": "Feature", "properties": { "source": "LIBORINA", "target": "ENVIGADO", "distance": 0.5, "betweenness": 0.00024976657329598507, "weight": 0.10024976657329598 }, "geometry": { "type": "LineString", "coordinates": [ [ -75.812838, 6.677316 ], [ -75.582192, 6.166695 ] ] } },
{ "type": "Feature", "properties": { "source": "LIBORINA", "target": "RETIRO", "distance": 0.33333333333333331, "betweenness": 0.0036020014066232555, "weight": 0.10360200140662326 }, "geometry": { "type": "LineString", "coordinates": [ [ -75.812838, 6.677316 ], [ -75.501301, 6.062454 ] ] } },
{ "type": "Feature", "properties": { "source": "LIBORINA", "target": "CALDAS", "distance": 0.5, "betweenness": 0.00044117647058823531, "weight": 0.10044117647058824 }, "geometry": { "type": "LineString", "coordinates": [ [ -75.812838, 6.677316 ], [ -75.633673, 6.091077 ] ] } },
{ "type": "Feature", "properties": { "source": "LIBORINA", "target": "CONCORDIA", "distance": 0.5, "betweenness": 0.00055305960768145643, "weight": 0.10055305960768146 }, "geometry": { "type": "LineString", "coordinates": [ [ -75.812838, 6.677316 ], [ -75.908448, 6.045738 ] ] } },
{ "type": "Feature", "properties": { "source": "LIBORINA", "target": "MARINILLA", "distance": 0.5, "betweenness": 0.00058334522620236899, "weight": 0.10058334522620238 }, "geometry": { "type": "LineString", "coordinates": [ [ -75.812838, 6.677316 ], [ -75.339345, 6.173995 ] ] } },
{ "type": "Feature", "properties": { "source": "LIBORINA", "target": "AMAGÁ", "distance": 0.5, "betweenness": 0.00027677737761771371, "weight": 0.10027677737761771 }, "geometry": { "type": "LineString", "coordinates": [ [ -75.812838, 6.677316 ], [ -75.702188, 6.038708 ] ] } },
{ "type": "Feature", "properties": { "source": "LIBORINA", "target": "TITIRIBÍ", "distance": 0.5, "betweenness": 0.00031512605042016803, "weight": 0.10031512605042017 }, "geometry": { "type": "LineString", "coordinates": [ [ -75.812838, 6.677316 ], [ -75.791887, 6.062391 ] ] } },
{ "type": "Feature", "properties": { "source": "LIBORINA", "target": "MUTATÁ", "distance": 0.5, "betweenness": 0.00029178338001867408, "weight": 0.10029178338001868 }, "geometry": { "type": "LineString", "coordinates": [ [ -75.812838, 6.677316 ], [ -76.435875, 7.242875 ] ] } },
{ "type": "Feature", "properties": { "source": "LIBORINA", "target": "SABANETA", "distance": 0.33333333333333331, "betweenness": 0.0036476257169534483, "weight": 0.10364762571695345 }, "geometry": { "type": "LineString", "coordinates": [ [ -75.812838, 6.677316 ], [ -75.615479, 6.149903 ] ] } },
{ "type": "Feature", "properties": { "source": "ANORÍ", "target": "GÓMEZ PLATA", "distance": 0.5, "betweenness": 0.0005067585504173745, "weight": 0.10050675855041738 }, "geometry": { "type": "LineString", "coordinates": [ [ -75.148355, 7.074703 ], [ -75.220018, 6.683269 ] ] } },
{ "type": "Feature", "properties": { "source": "ANORÍ", "target": "SANTA ROSA DE OSOS", "distance": 0.5, "betweenness": 0.00058135701725509016, "weight": 0.1005813570172551 }, "geometry": { "type": "LineString", "coordinates": [ [ -75.148355, 7.074703 ], [ -75.460723, 6.643366 ] ] } },
{ "type": "Feature", "properties": { "source": "ANORÍ", "target": "SAN ANDRÉS DE CUERQUÍA", "distance": 0.5, "betweenness": 0.00089924858832421872, "weight": 0.10089924858832422 }, "geometry": { "type": "LineString", "coordinates": [ [ -75.148355, 7.074703 ], [ -75.674564, 6.916676 ] ] } },
{ "type": "Feature", "properties": { "source": "ANORÍ", "target": "BRICEÑO", "distance": 0.5, "betweenness": 0.00035458627895602684, "weight": 0.10035458627895603 }, "geometry": { "type": "LineString", "coordinates": [ [ -75.148355, 7.074703 ], [ -75.55036, 7.112803 ] ] } },
{ "type": "Feature", "properties": { "source": "ANORÍ", "target": "CAMPAMENTO", "distance": 0.5, "betweenness": 0.00035014005602240891, "weight": 0.10035014005602241 }, "geometry": { "type": "LineString", "coordinates": [ [ -75.148355, 7.074703 ], [ -75.298091, 6.979771 ] ] } },
{ "type": "Feature", "properties": { "source": "ANORÍ", "target": "GUADALUPE", "distance": 0.5, "betweenness": 0.00056047418967587032, "weight": 0.10056047418967587 }, "geometry": { "type": "LineString", "coordinates": [ [ -75.148355, 7.074703 ], [ -75.239862, 6.815069 ] ] } },
{ "type": "Feature", "properties": { "source": "ANORÍ", "target": "ANGOSTURA", "distance": 0.5, "betweenness": 0.00040849673202614375, "weight": 0.10040849673202615 }, "geometry": { "type": "LineString", "coordinates": [ [ -75.148355, 7.074703 ], [ -75.335116, 6.885175 ] ] } },
{ "type": "Feature", "properties": { "source": "ANORÍ", "target": "BELMIRA", "distance": 0.5, "betweenness": 0.001079545952584671, "weight": 0.10107954595258467 }, "geometry": { "type": "LineString", "coordinates": [ [ -75.148355, 7.074703 ], [ -75.667779, 6.606319 ] ] } },
{ "type": "Feature", "properties": { "source": "ANORÍ", "target": "ENTRERRÍOS", "distance": 0.5, "betweenness": 0.0015830064276838017, "weight": 0.10158300642768381 }, "geometry": { "type": "LineString", "coordinates": [ [ -75.148355, 7.074703 ], [ -75.517685, 6.566273 ] ] } },
{ "type": "Feature", "properties": { "source": "ANORÍ", "target": "CAROLINA", "distance": 0.5, "betweenness": 0.0011464085352419083, "weight": 0.10114640853524191 }, "geometry": { "type": "LineString", "coordinates": [ [ -75.148355, 7.074703 ], [ -75.283192, 6.725995 ] ] } },
{ "type": "Feature", "properties": { "source": "ANORÍ", "target": "AMALFI", "distance": 0.5, "betweenness": 0.00039070803760100524, "weight": 0.10039070803760101 }, "geometry": { "type": "LineString", "coordinates": [ [ -75.148355, 7.074703 ], [ -75.077501, 6.909655 ] ] } },
{ "type": "Feature", "properties": { "source": "ANORÍ", "target": "SAN ROQUE", "distance": 0.5, "betweenness": 0.00071781014277148792, "weight": 0.10071781014277149 }, "geometry": { "type": "LineString", "coordinates": [ [ -75.148355, 7.074703 ], [ -75.019109, 6.485939 ] ] } },
{ "type": "Feature", "properties": { "source": "ANORÍ", "target": "VEGACHÍ", "distance": 0.5, "betweenness": 0.0005797836678531061, "weight": 0.10057978366785311 }, "geometry": { "type": "LineString", "coordinates": [ [ -75.148355, 7.074703 ], [ -74.798714, 6.773525 ] ] } },
{ "type": "Feature", "properties": { "source": "ANORÍ", "target": "YOLOMBÓ", "distance": 0.5, "betweenness": 0.00051728548846532107, "weight": 0.10051728548846532 }, "geometry": { "type": "LineString", "coordinates": [ [ -75.148355, 7.074703 ], [ -75.013385, 6.594511 ] ] } },
{ "type": "Feature", "properties": { "source": "ANORÍ", "target": "DONMATÍAS", "distance": 0.5, "betweenness": 0.0038256196345827216, "weight": 0.10382561963458273 }, "geometry": { "type": "LineString", "coordinates": [ [ -75.148355, 7.074703 ], [ -75.39263, 6.485603 ] ] } },
{ "type": "Feature", "properties": { "source": "ANORÍ", "target": "REMEDIOS", "distance": 0.5, "betweenness": 0.00053086359477336914, "weight": 0.10053086359477338 }, "geometry": { "type": "LineString", "coordinates": [ [ -75.148355, 7.074703 ], [ -74.698135, 7.029424 ] ] } },
{ "type": "Feature", "properties": { "source": "ANORÍ", "target": "CISNEROS", "distance": 0.5, "betweenness": 0.00061161591069269154, "weight": 0.1006116159106927 }, "geometry": { "type": "LineString", "coordinates": [ [ -75.148355, 7.074703 ], [ -75.087047, 6.537829 ] ] } },
{ "type": "Feature", "properties": { "source": "ANORÍ", "target": "SANTO DOMINGO", "distance": 0.5, "betweenness": 0.00088077122738358584, "weight": 0.10088077122738359 }, "geometry": { "type": "LineString", "coordinates": [ [ -75.148355, 7.074703 ], [ -75.164903, 6.473032 ] ] } },
{ "type": "Feature", "properties": { "source": "ANORÍ", "target": "SABANALARGA", "distance": 0.5, "betweenness": 0.00048791738917789335, "weight": 0.10048791738917789 }, "geometry": { "type": "LineString", "coordinates": [ [ -75.148355, 7.074703 ], [ -75.816645, 6.850028 ] ] } },
{ "type": "Feature", "properties": { "source": "ANORÍ", "target": "BARBOSA", "distance": 0.5, "betweenness": 0.0011623012174951511, "weight": 0.10116230121749516 }, "geometry": { "type": "LineString", "coordinates": [ [ -75.148355, 7.074703 ], [ -75.331627, 6.439195 ] ] } },
{ "type": "Feature", "properties": { "source": "ANORÍ", "target": "SAN JOSÉ DE LA MONTAÑA", "distance": 0.5, "betweenness": 0.00038130807878707042, "weight": 0.10038130807878708 }, "geometry": { "type": "LineString", "coordinates": [ [ -75.148355, 7.074703 ], [ -75.683352, 6.85009 ] ] } },
{ "type": "Feature", "properties": { "source": "ANORÍ", "target": "YALÍ", "distance": 0.5, "betweenness": 0.0006867355395108602, "weight": 0.10068673553951087 }, "geometry": { "type": "LineString", "coordinates": [ [ -75.148355, 7.074703 ], [ -74.840059, 6.676554 ] ] } },
{ "type": "Feature", "properties": { "source": "ANORÍ", "target": "VALDIVIA", "distance": 0.5, "betweenness": 0.00030178738161931441, "weight": 0.10030178738161932 }, "geometry": { "type": "LineString", "coordinates": [ [ -75.148355, 7.074703 ], [ -75.439274, 7.1652 ] ] } },
{ "type": "Feature", "properties": { "source": "ANORÍ", "target": "TARAZÁ", "distance": 0.5, "betweenness": 0.00035470701375298503, "weight": 0.10035470701375299 }, "geometry": { "type": "LineString", "coordinates": [ [ -75.148355, 7.074703 ], [ -75.401407, 7.580127 ] ] } },
{ "type": "Feature", "properties": { "source": "ANORÍ", "target": "MACEO", "distance": 0.5, "betweenness": 0.00098543183024024043, "weight": 0.10098543183024025 }, "geometry": { "type": "LineString", "coordinates": [ [ -75.148355, 7.074703 ], [ -74.78716, 6.552116 ] ] } },
{ "type": "Feature", "properties": { "source": "ANORÍ", "target": "CÁCERES", "distance": 0.5, "betweenness": 0.0008877439864834819, "weight": 0.10088774398648349 }, "geometry": { "type": "LineString", "coordinates": [ [ -75.148355, 7.074703 ], [ -75.35205, 7.578366 ] ] } },
{ "type": "Feature", "properties": { "source": "ANORÍ", "target": "SEGOVIA", "distance": 0.5, "betweenness": 0.0010107426809107477, "weight": 0.10101074268091076 }, "geometry": { "type": "LineString", "coordinates": [ [ -75.148355, 7.074703 ], [ -74.701596, 7.079648 ] ] } },
{ "type": "Feature", "properties": { "source": "ANORÍ", "target": "TOLEDO", "distance": 0.5, "betweenness": 0.00041083099906629312, "weight": 0.10041083099906629 }, "geometry": { "type": "LineString", "coordinates": [ [ -75.148355, 7.074703 ], [ -75.692281, 7.010328 ] ] } },
{ "type": "Feature", "properties": { "source": "ANORÍ", "target": "CONCEPCIÓN", "distance": 0.5, "betweenness": 0.00090682360637714149, "weight": 0.10090682360637715 }, "geometry": { "type": "LineString", "coordinates": [ [ -75.148355, 7.074703 ], [ -75.257587, 6.394348 ] ] } },
{ "type": "Feature", "properties": { "source": "ANORÍ", "target": "SAN PEDRO DE LOS MILAGROS", "distance": 0.5, "betweenness": 0.001263211843183335, "weight": 0.10126321184318333 }, "geometry": { "type": "LineString", "coordinates": [ [ -75.148355, 7.074703 ], [ -75.556743, 6.46012 ] ] } },
{ "type": "Feature", "properties": { "source": "ANORÍ", "target": "SAN VICENTE FERRER", "distance": 0.5, "betweenness": 0.0018880228787086562, "weight": 0.10188802287870866 }, "geometry": { "type": "LineString", "coordinates": [ [ -75.148355, 7.074703 ], [ -75.332616, 6.282164 ] ] } },
{ "type": "Feature", "properties": { "source": "ANORÍ", "target": "ALEJANDRÍA", "distance": 0.5, "betweenness": 0.0016490785503127578, "weight": 0.10164907855031276 }, "geometry": { "type": "LineString", "coordinates": [ [ -75.148355, 7.074703 ], [ -75.141346, 6.376061 ] ] } },
{ "type": "Feature", "properties": { "source": "ANORÍ", "target": "GIRARDOTA", "distance": 1.0, "betweenness": 0.0, "weight": 0.1 }, "geometry": { "type": "LineString", "coordinates": [ [ -75.148355, 7.074703 ], [ -75.444238, 6.379472 ] ] } },
{ "type": "Feature", "properties": { "source": "ANORÍ", "target": "SOPETRÁN", "distance": 0.5, "betweenness": 0.00093340416253531809, "weight": 0.10093340416253532 }, "geometry": { "type": "LineString", "coordinates": [ [ -75.148355, 7.074703 ], [ -75.747378, 6.500745 ] ] } },
{ "type": "Feature", "properties": { "source": "ANORÍ", "target": "SAN RAFAEL", "distance": 0.5, "betweenness": 0.0017723728175145878, "weight": 0.1017723728175146 }, "geometry": { "type": "LineString", "coordinates": [ [ -75.148355, 7.074703 ], [ -75.02849, 6.293759 ] ] } },
{ "type": "Feature", "properties": { "source": "ANORÍ", "target": "ZARAGOZA", "distance": 0.5, "betweenness": 0.0047271241830065336, "weight": 0.10472712418300655 }, "geometry": { "type": "LineString", "coordinates": [ [ -75.148355, 7.074703 ], [ -74.867075, 7.488583 ] ] } },
{ "type": "Feature", "properties": { "source": "ANORÍ", "target": "CAUCASIA", "distance": 1.0, "betweenness": 0.0087445248159915157, "weight": 0.10874452481599152 }, "geometry": { "type": "LineString", "coordinates": [ [ -75.148355, 7.074703 ], [ -75.197996, 7.977278 ] ] } },
{ "type": "Feature", "properties": { "source": "ANORÍ", "target": "EL BAGRE", "distance": 1.0, "betweenness": 0.010349445818957003, "weight": 0.110349445818957 }, "geometry": { "type": "LineString", "coordinates": [ [ -75.148355, 7.074703 ], [ -74.799097, 7.5975 ] ] } },
{ "type": "Feature", "properties": { "source": "ANORÍ", "target": "PEQUE", "distance": 0.33333333333333331, "betweenness": 0.0082041149793250622, "weight": 0.10820411497932507 }, "geometry": { "type": "LineString", "coordinates": [ [ -75.148355, 7.074703 ], [ -75.910357, 7.021029 ] ] } },
{ "type": "Feature", "properties": { "source": "ANORÍ", "target": "OLAYA", "distance": 1.0, "betweenness": 0.0, "weight": 0.1 }, "geometry": { "type": "LineString", "coordinates": [ [ -75.148355, 7.074703 ], [ -75.811773, 6.626492 ] ] } },
{ "type": "Feature", "properties": { "source": "CAMPAMENTO", "target": "GUADALUPE", "distance": 0.5, "betweenness": 0.0002941176470588235, "weight": 0.10029411764705883 }, "geometry": { "type": "LineString", "coordinates": [ [ -75.298091, 6.979771 ], [ -75.239862, 6.815069 ] ] } },
{ "type": "Feature", "properties": { "source": "CAMPAMENTO", "target": "YOLOMBÓ", "distance": 0.5, "betweenness": 0.00020030739568554693, "weight": 0.10020030739568556 }, "geometry": { "type": "LineString", "coordinates": [ [ -75.298091, 6.979771 ], [ -75.013385, 6.594511 ] ] } },
{ "type": "Feature", "properties": { "source": "CAMPAMENTO", "target": "SANTO DOMINGO", "distance": 0.5, "betweenness": 0.00031257452475939867, "weight": 0.1003125745247594 }, "geometry": { "type": "LineString", "coordinates": [ [ -75.298091, 6.979771 ], [ -75.164903, 6.473032 ] ] } },
{ "type": "Feature", "properties": { "source": "CAMPAMENTO", "target": "SAN JOSÉ DE LA MONTAÑA", "distance": 0.5, "betweenness": 0.00015561780267662621, "weight": 0.10015561780267664 }, "geometry": { "type": "LineString", "coordinates": [ [ -75.298091, 6.979771 ], [ -75.683352, 6.85009 ] ] } },
{ "type": "Feature", "properties": { "source": "CAMPAMENTO", "target": "ENTRERRÍOS", "distance": 0.5, "betweenness": 0.00054271708683473381, "weight": 0.10054271708683474 }, "geometry": { "type": "LineString", "coordinates": [ [ -75.298091, 6.979771 ], [ -75.517685, 6.566273 ] ] } },
{ "type": "Feature", "properties": { "source": "CAMPAMENTO", "target": "ANGOSTURA", "distance": 0.5, "betweenness": 0.00023342670401493929, "weight": 0.10023342670401494 }, "geometry": { "type": "LineString", "coordinates": [ [ -75.298091, 6.979771 ], [ -75.335116, 6.885175 ] ] } },
{ "type": "Feature", "properties": { "source": "CAMPAMENTO", "target": "BELMIRA", "distance": 0.5, "betweenness": 0.00030012004801920766, "weight": 0.10030012004801922 }, "geometry": { "type": "LineString", "coordinates": [ [ -75.298091, 6.979771 ], [ -75.667779, 6.606319 ] ] } },
{ "type": "Feature", "properties": { "source": "CAMPAMENTO", "target": "SANTA ROSA DE OSOS", "distance": 0.5, "betweenness": 0.00019836217315208913, "weight": 0.10019836217315209 }, "geometry": { "type": "LineString", "coordinates": [ [ -75.298091, 6.979771 ], [ -75.460723, 6.643366 ] ] } },
{ "type": "Feature", "properties": { "source": "CAMPAMENTO", "target": "VEGACHÍ", "distance": 0.5, "betweenness": 0.00031685401433300596, "weight": 0.10031685401433302 }, "geometry": { "type": "LineString", "coordinates": [ [ -75.298091, 6.979771 ], [ -74.798714, 6.773525 ] ] } },
{ "type": "Feature", "properties": { "source": "CAMPAMENTO", "target": "SAN ANDRÉS DE CUERQUÍA", "distance": 0.5, "betweenness": 0.00042539237917389174, "weight": 0.1004253923791739 }, "geometry": { "type": "LineString", "coordinates": [ [ -75.298091, 6.979771 ], [ -75.674564, 6.916676 ] ] } },
{ "type": "Feature", "properties": { "source": "CAMPAMENTO", "target": "CAROLINA", "distance": 0.5, "betweenness": 0.00043017206882753096, "weight": 0.10043017206882754 }, "geometry": { "type": "LineString", "coordinates": [ [ -75.298091, 6.979771 ], [ -75.283192, 6.725995 ] ] } },
{ "type": "Feature", "properties": { "source": "CAMPAMENTO", "target": "BARBOSA", "distance": 0.5, "betweenness": 0.0003313678412541487, "weight": 0.10033136784125415 }, "geometry": { "type": "LineString", "coordinates": [ [ -75.298091, 6.979771 ], [ -75.331627, 6.439195 ] ] } },
{ "type": "Feature", "properties": { "source": "CAMPAMENTO", "target": "AMALFI", "distance": 0.5, "betweenness": 0.00027950574169061565, "weight": 0.10027950574169062 }, "geometry": { "type": "LineString", "coordinates": [ [ -75.298091, 6.979771 ], [ -75.077501, 6.909655 ] ] } },
{ "type": "Feature", "properties": { "source": "CAMPAMENTO", "target": "BRICEÑO", "distance": 0.5, "betweenness": 0.00020674936641323195, "weight": 0.10020674936641323 }, "geometry": { "type": "LineString", "coordinates": [ [ -75.298091, 6.979771 ], [ -75.55036, 7.112803 ] ] } },
{ "type": "Feature", "properties": { "source": "CAMPAMENTO", "target": "CISNEROS", "distance": 0.33333333333333331, "betweenness": 0.0022772442310257431, "weight": 0.10227724423102574 }, "geometry": { "type": "LineString", "coordinates": [ [ -75.298091, 6.979771 ], [ -75.087047, 6.537829 ] ] } },
{ "type": "Feature", "properties": { "source": "CAMPAMENTO", "target": "CÁCERES", "distance": 0.5, "betweenness": 0.00096160686496820887, "weight": 0.10096160686496822 }, "geometry": { "type": "LineString", "coordinates": [ [ -75.298091, 6.979771 ], [ -75.35205, 7.578366 ] ] } },
{ "type": "Feature", "properties": { "source": "CAMPAMENTO", "target": "YALÍ", "distance": 0.5, "betweenness": 0.00028592497605102647, "weight": 0.10028592497605103 }, "geometry": { "type": "LineString", "coordinates": [ [ -75.298091, 6.979771 ], [ -74.840059, 6.676554 ] ] } },
{ "type": "Feature", "properties": { "source": "CAMPAMENTO", "target": "GÓMEZ PLATA", "distance": 0.5, "betweenness": 0.00019836217315208913, "weight": 0.10019836217315209 }, "geometry": { "type": "LineString", "coordinates": [ [ -75.298091, 6.979771 ], [ -75.220018, 6.683269 ] ] } },
{ "type": "Feature", "properties": { "source": "CAMPAMENTO", "target": "CONCEPCIÓN", "distance": 0.5, "betweenness": 0.00030334006174342307, "weight": 0.10030334006174343 }, "geometry": { "type": "LineString", "coordinates": [ [ -75.298091, 6.979771 ], [ -75.257587, 6.394348 ] ] } },
{ "type": "Feature", "properties": { "source": "CAMPAMENTO", "target": "SABANALARGA", "distance": 0.5, "betweenness": 0.00027116402116402117, "weight": 0.10027116402116402 }, "geometry": { "type": "LineString", "coordinates": [ [ -75.298091, 6.979771 ], [ -75.816645, 6.850028 ] ] } },
{ "type": "Feature", "properties": { "source": "CAMPAMENTO", "target": "PEQUE", "distance": 0.5, "betweenness": 0.00028011204481792715, "weight": 0.10028011204481793 }, "geometry": { "type": "LineString", "coordinates": [ [ -75.298091, 6.979771 ], [ -75.910357, 7.021029 ] ] } },
{ "type": "Feature", "properties": { "source": "CAMPAMENTO", "target": "VALDIVIA", "distance": 0.5, "betweenness": 0.00042725423502734417, "weight": 0.10042725423502735 }, "geometry": { "type": "LineString", "coordinates": [ [ -75.298091, 6.979771 ], [ -75.439274, 7.1652 ] ] } },
{ "type": "Feature", "properties": { "source": "CAMPAMENTO", "target": "SEGOVIA", "distance": 0.5, "betweenness": 0.0012455032518057726, "weight": 0.10124550325180579 }, "geometry": { "type": "LineString", "coordinates": [ [ -75.298091, 6.979771 ], [ -74.701596, 7.079648 ] ] } },
{ "type": "Feature", "properties": { "source": "CAMPAMENTO", "target": "SAN PEDRO DE LOS MILAGROS", "distance": 0.5, "betweenness": 0.00041683340002667734, "weight": 0.10041683340002669 }, "geometry": { "type": "LineString", "coordinates": [ [ -75.298091, 6.979771 ], [ -75.556743, 6.46012 ] ] } },
{ "type": "Feature", "properties": { "source": "CAMPAMENTO", "target": "GIRARDOTA", "distance": 0.5, "betweenness": 0.00026102107509670534, "weight": 0.10026102107509671 }, "geometry": { "type": "LineString", "coordinates": [ [ -75.298091, 6.979771 ], [ -75.444238, 6.379472 ] ] } },
{ "type": "Feature", "properties": { "source": "CAMPAMENTO", "target": "TARAZÁ", "distance": 0.5, "betweenness": 0.00053230583105768454, "weight": 0.10053230583105768 }, "geometry": { "type": "LineString", "coordinates": [ [ -75.298091, 6.979771 ], [ -75.401407, 7.580127 ] ] } },
{ "type": "Feature", "properties": { "source": "CAMPAMENTO", "target": "TOLEDO", "distance": 0.5, "betweenness": 0.0002707749766573296, "weight": 0.10027077497665733 }, "geometry": { "type": "LineString", "coordinates": [ [ -75.298091, 6.979771 ], [ -75.692281, 7.010328 ] ] } },
{ "type": "Feature", "properties": { "source": "CAMPAMENTO", "target": "BURITICÁ", "distance": 0.5, "betweenness": 0.00039015606242496993, "weight": 0.10039015606242498 }, "geometry": { "type": "LineString", "coordinates": [ [ -75.298091, 6.979771 ], [ -75.907, 6.720759 ] ] } },
{ "type": "Feature", "properties": { "source": "CAMPAMENTO", "target": "DONMATÍAS", "distance": 0.5, "betweenness": 0.0014972150476352153, "weight": 0.10149721504763522 }, "geometry": { "type": "LineString", "coordinates": [ [ -75.298091, 6.979771 ], [ -75.39263, 6.485603 ] ] } },
{ "type": "Feature", "properties": { "source": "CAMPAMENTO", "target": "SAN ROQUE", "distance": 0.5, "betweenness": 0.00025788598267589862, "weight": 0.1002578859826759 }, "geometry": { "type": "LineString", "coordinates": [ [ -75.298091, 6.979771 ], [ -75.019109, 6.485939 ] ] } },
{ "type": "Feature", "properties": { "source": "CAMPAMENTO", "target": "SAN VICENTE FERRER", "distance": 0.5, "betweenness": 0.00053654795251433895, "weight": 0.10053654795251435 }, "geometry": { "type": "LineString", "coordinates": [ [ -75.298091, 6.979771 ], [ -75.332616, 6.282164 ] ] } },
{ "type": "Feature", "properties": { "source": "CAMPAMENTO", "target": "SAN JERÓNIMO", "distance": 0.33333333333333331, "betweenness": 0.0045456515939709223, "weight": 0.10454565159397093 }, "geometry": { "type": "LineString", "coordinates": [ [ -75.298091, 6.979771 ], [ -75.726975, 6.44809 ] ] } },
{ "type": "Feature", "properties": { "source": "CAMPAMENTO", "target": "REMEDIOS", "distance": 0.5, "betweenness": 0.00042434650627927933, "weight": 0.10042434650627928 }, "geometry": { "type": "LineString", "coordinates": [ [ -75.298091, 6.979771 ], [ -74.698135, 7.029424 ] ] } },
{ "type": "Feature", "properties": { "source": "CAMPAMENTO", "target": "OLAYA", "distance": 0.5, "betweenness": 0.00027988973367124628, "weight": 0.10027988973367125 }, "geometry": { "type": "LineString", "coordinates": [ [ -75.298091, 6.979771 ], [ -75.811773, 6.626492 ] ] } },
{ "type": "Feature", "properties": { "source": "CAMPAMENTO", "target": "COPACABANA", "distance": 0.5, "betweenness": 0.0004820261437908496, "weight": 0.10048202614379086 }, "geometry": { "type": "LineString", "coordinates": [ [ -75.298091, 6.979771 ], [ -75.509384, 6.348557 ] ] } },
{ "type": "Feature", "properties": { "source": "CAMPAMENTO", "target": "BELLO", "distance": 1.0, "betweenness": 0.0, "weight": 0.1 }, "geometry": { "type": "LineString", "coordinates": [ [ -75.298091, 6.979771 ], [ -75.555245, 6.333587 ] ] } },
{ "type": "Feature", "properties": { "source": "CAMPAMENTO", "target": "SOPETRÁN", "distance": 0.5, "betweenness": 0.00018690809657196213, "weight": 0.10018690809657196 }, "geometry": { "type": "LineString", "coordinates": [ [ -75.298091, 6.979771 ], [ -75.747378, 6.500745 ] ] } },
{ "type": "Feature", "properties": { "source": "CAMPAMENTO", "target": "ZARAGOZA", "distance": 1.0, "betweenness": 4.6685340802987859e-05, "weight": 0.10004668534080299 }, "geometry": { "type": "LineString", "coordinates": [ [ -75.298091, 6.979771 ], [ -74.867075, 7.488583 ] ] } },
{ "type": "Feature", "properties": { "source": "CAMPAMENTO", "target": "ALEJANDRÍA", "distance": 0.5, "betweenness": 0.0005416661614140605, "weight": 0.10054166616141406 }, "geometry": { "type": "LineString", "coordinates": [ [ -75.298091, 6.979771 ], [ -75.141346, 6.376061 ] ] } },
{ "type": "Feature", "properties": { "source": "CAMPAMENTO", "target": "PEÑOL", "distance": 1.0, "betweenness": 0.0, "weight": 0.1 }, "geometry": { "type": "LineString", "coordinates": [ [ -75.298091, 6.979771 ], [ -75.242693, 6.219349 ] ] } },
{ "type": "Feature", "properties": { "source": "CAMPAMENTO", "target": "SANTA FÉ DE ANTIOQUIA", "distance": 1.0, "betweenness": 0.0, "weight": 0.1 }, "geometry": { "type": "LineString", "coordinates": [ [ -75.298091, 6.979771 ], [ -75.826648, 6.556484 ] ] } },
{ "type": "Feature", "properties": { "source": "SANTA ROSA DE OSOS", "target": "SAN RAFAEL", "distance": 0.5, "betweenness": 0.00026246609755013116, "weight": 0.10026246609755014 }, "geometry": { "type": "LineString", "coordinates": [ [ -75.460723, 6.643366 ], [ -75.02849, 6.293759 ] ] } },
{ "type": "Feature", "properties": { "source": "SANTA ROSA DE OSOS", "target": "CAÑASGORDAS", "distance": 0.5, "betweenness": 0.00033828060417024172, "weight": 0.10033828060417024 }, "geometry": { "type": "LineString", "coordinates": [ [ -75.460723, 6.643366 ], [ -76.028228, 6.753859 ] ] } },
{ "type": "Feature", "properties": { "source": "SANTA ROSA DE OSOS", "target": "RETIRO", "distance": 0.33333333333333331, "betweenness": 0.0017802623441721184, "weight": 0.10178026234417212 }, "geometry": { "type": "LineString", "coordinates": [ [ -75.460723, 6.643366 ], [ -75.501301, 6.062454 ] ] } },
{ "type": "Feature", "properties": { "source": "SANTA ROSA DE OSOS", "target": "YOLOMBÓ", "distance": 0.5, "betweenness": 0.00016411384815364052, "weight": 0.10016411384815364 }, "geometry": { "type": "LineString", "coordinates": [ [ -75.460723, 6.643366 ], [ -75.013385, 6.594511 ] ] } },
{ "type": "Feature", "properties": { "source": "SANTA ROSA DE OSOS", "target": "MEDELLÍN", "distance": 0.5, "betweenness": 0.00016339869281045751, "weight": 0.10016339869281046 }, "geometry": { "type": "LineString", "coordinates": [ [ -75.460723, 6.643366 ], [ -75.581775, 6.246631 ] ] } },
{ "type": "Feature", "properties": { "source": "SANTA ROSA DE OSOS", "target": "SAN PEDRO DE LOS MILAGROS", "distance": 0.5, "betweenness": 0.00014005602240896358, "weight": 0.10014005602240897 }, "geometry": { "type": "LineString", "coordinates": [ [ -75.460723, 6.643366 ], [ -75.556743, 6.46012 ] ] } },
{ "type": "Feature", "properties": { "source": "SANTA ROSA DE OSOS", "target": "PEQUE", "distance": 0.5, "betweenness": 0.00028057927051735102, "weight": 0.10028057927051735 }, "geometry": { "type": "LineString", "coordinates": [ [ -75.460723, 6.643366 ], [ -75.910357, 7.021029 ] ] } },
{ "type": "Feature", "properties": { "source": "SANTA ROSA DE OSOS", "target": "AMALFI", "distance": 0.5, "betweenness": 0.00029567382508558979, "weight": 0.1002956738250856 }, "geometry": { "type": "LineString", "coordinates": [ [ -75.460723, 6.643366 ], [ -75.077501, 6.909655 ] ] } },
{ "type": "Feature", "properties": { "source": "SANTA ROSA DE OSOS", "target": "SABANALARGA", "distance": 0.5, "betweenness": 0.00033307340030029099, "weight": 0.1003330734003003 }, "geometry": { "type": "LineString", "coordinates": [ [ -75.460723, 6.643366 ], [ -75.816645, 6.850028 ] ] } },
{ "type": "Feature", "properties": { "source": "SANTA ROSA DE OSOS", "target": "SAN ANDRÉS DE CUERQUÍA", "distance": 0.5, "betweenness": 0.00016339869281045751, "weight": 0.10016339869281046 }, "geometry": { "type": "LineString", "coordinates": [ [ -75.460723, 6.643366 ], [ -75.674564, 6.916676 ] ] } },
{ "type": "Feature", "properties": { "source": "SANTA ROSA DE OSOS", "target": "BRICEÑO", "distance": 0.5, "betweenness": 0.00033007647503445817, "weight": 0.10033007647503446 }, "geometry": { "type": "LineString", "coordinates": [ [ -75.460723, 6.643366 ], [ -75.55036, 7.112803 ] ] } },
{ "type": "Feature", "properties": { "source": "SANTA ROSA DE OSOS", "target": "SAN VICENTE FERRER", "distance": 0.33333333333333331, "betweenness": 0.0013772175536881416, "weight": 0.10137721755368814 }, "geometry": { "type": "LineString", "coordinates": [ [ -75.460723, 6.643366 ], [ -75.332616, 6.282164 ] ] } },
{ "type": "Feature", "properties": { "source": "SANTA ROSA DE OSOS", "target": "GRANADA", "distance": 0.5, "betweenness": 0.00019674536481259172, "weight": 0.1001967453648126 }, "geometry": { "type": "LineString", "coordinates": [ [ -75.460723, 6.643366 ], [ -75.184446, 6.142892 ] ] } },
{ "type": "Feature", "properties": { "source": "SANTA ROSA DE OSOS", "target": "BURITICÁ", "distance": 0.5, "betweenness": 0.0002961168865299396, "weight": 0.10029611688652995 }, "geometry": { "type": "LineString", "coordinates": [ [ -75.460723, 6.643366 ], [ -75.907, 6.720759 ] ] } },
{ "type": "Feature", "properties": { "source": "SANTA ROSA DE OSOS", "target": "GUARNE", "distance": 0.5, "betweenness": 0.00014005602240896358, "weight": 0.10014005602240897 }, "geometry": { "type": "LineString", "coordinates": [ [ -75.460723, 6.643366 ], [ -75.441612, 6.27787 ] ] } },
{ "type": "Feature", "properties": { "source": "SANTA ROSA DE OSOS", "target": "PEÑOL", "distance": 0.5, "betweenness": 0.00016339869281045751, "weight": 0.10016339869281046 }, "geometry": { "type": "LineString", "coordinates": [ [ -75.460723, 6.643366 ], [ -75.242693, 6.219349 ] ] } },
{ "type": "Feature", "properties": { "source": "SANTA ROSA DE OSOS", "target": "ENTRERRÍOS", "distance": 0.5, "betweenness": 0.00014005602240896358, "weight": 0.10014005602240897 }, "geometry": { "type": "LineString", "coordinates": [ [ -75.460723, 6.643366 ], [ -75.517685, 6.566273 ] ] } },
{ "type": "Feature", "properties": { "source": "SANTA ROSA DE OSOS", "target": "VALDIVIA", "distance": 0.5, "betweenness": 0.00043869953680229871, "weight": 0.1004386995368023 }, "geometry": { "type": "LineString", "coordinates": [ [ -75.460723, 6.643366 ], [ -75.439274, 7.1652 ] ] } },
{ "type": "Feature", "properties": { "source": "SANTA ROSA DE OSOS", "target": "ANGOSTURA", "distance": 0.5, "betweenness": 0.00019341069761237827, "weight": 0.10019341069761238 }, "geometry": { "type": "LineString", "coordinates": [ [ -75.460723, 6.643366 ], [ -75.335116, 6.885175 ] ] } },
{ "type": "Feature", "properties": { "source": "SANTA ROSA DE OSOS", "target": "COPACABANA", "distance": 0.5, "betweenness": 0.00015939709217020144, "weight": 0.10015939709217021 }, "geometry": { "type": "LineString", "coordinates": [ [ -75.460723, 6.643366 ], [ -75.509384, 6.348557 ] ] } },
{ "type": "Feature", "properties": { "source": "SANTA ROSA DE OSOS", "target": "SAN JOSÉ DE LA MONTAÑA", "distance": 0.5, "betweenness": 0.00014005602240896358, "weight": 0.10014005602240897 }, "geometry": { "type": "LineString", "coordinates": [ [ -75.460723, 6.643366 ], [ -75.683352, 6.85009 ] ] } },
{ "type": "Feature", "properties": { "source": "SANTA ROSA DE OSOS", "target": "ENVIGADO", "distance": 0.5, "betweenness": 0.00021008403361344536, "weight": 0.10021008403361345 }, "geometry": { "type": "LineString", "coordinates": [ [ -75.460723, 6.643366 ], [ -75.582192, 6.166695 ] ] } },
{ "type": "Feature", "properties": { "source": "SANTA ROSA DE OSOS", "target": "DONMATÍAS", "distance": 0.5, "betweenness": 0.00017507002801120446, "weight": 0.10017507002801121 }, "geometry": { "type": "LineString", "coordinates": [ [ -75.460723, 6.643366 ], [ -75.39263, 6.485603 ] ] } },
{ "type": "Feature", "properties": { "source": "SANTA ROSA DE OSOS", "target": "GUATAPÉ", "distance": 0.5, "betweenness": 0.00014005602240896358, "weight": 0.10014005602240897 }, "geometry": { "type": "LineString", "coordinates": [ [ -75.460723, 6.643366 ], [ -75.160041, 6.232461 ] ] } },
{ "type": "Feature", "properties": { "source": "SANTA ROSA DE OSOS", "target": "SOPETRÁN", "distance": 0.5, "betweenness": 0.00014939309056956115, "weight": 0.10014939309056957 }, "geometry": { "type": "LineString", "coordinates": [ [ -75.460723, 6.643366 ], [ -75.747378, 6.500745 ] ] } },
{ "type": "Feature", "properties": { "source": "SANTA ROSA DE OSOS", "target": "BARBOSA", "distance": 0.5, "betweenness": 0.00015653320151590047, "weight": 0.10015653320151591 }, "geometry": { "type": "LineString", "coordinates": [ [ -75.460723, 6.643366 ], [ -75.331627, 6.439195 ] ] } },
{ "type": "Feature", "properties": { "source": "SANTA ROSA DE OSOS", "target": "ALEJANDRÍA", "distance": 0.5, "betweenness": 0.00018440709617180203, "weight": 0.10018440709617181 }, "geometry": { "type": "LineString", "coordinates": [ [ -75.460723, 6.643366 ], [ -75.141346, 6.376061 ] ] } },
{ "type": "Feature", "properties": { "source": "SANTA ROSA DE OSOS", "target": "ABRIAQUÍ", "distance": 0.5, "betweenness": 0.00060088564618704843, "weight": 0.10060088564618705 }, "geometry": { "type": "LineString", "coordinates": [ [ -75.460723, 6.643366 ], [ -76.064304, 6.632282 ] ] } },
{ "type": "Feature", "properties": { "source": "SANTA ROSA DE OSOS", "target": "YALÍ", "distance": 0.5, "betweenness": 0.00029742452536570181, "weight": 0.10029742452536571 }, "geometry": { "type": "LineString", "coordinates": [ [ -75.460723, 6.643366 ], [ -74.840059, 6.676554 ] ] } },
{ "type": "Feature", "properties": { "source": "SANTA ROSA DE OSOS", "target": "ANZÁ", "distance": 0.5, "betweenness": 0.00047258951114611018, "weight": 0.10047258951114611 }, "geometry": { "type": "LineString", "coordinates": [ [ -75.460723, 6.643366 ], [ -75.854442, 6.302641 ] ] } },
{ "type": "Feature", "properties": { "source": "SANTA ROSA DE OSOS", "target": "MARINILLA", "distance": 0.5, "betweenness": 0.00017728886426365419, "weight": 0.10017728886426366 }, "geometry": { "type": "LineString", "coordinates": [ [ -75.460723, 6.643366 ], [ -75.339345, 6.173995 ] ] } },
{ "type": "Feature", "properties": { "source": "SANTA ROSA DE OSOS", "target": "SANTO DOMINGO", "distance": 0.5, "betweenness": 0.00015006002400960383, "weight": 0.10015006002400961 }, "geometry": { "type": "LineString", "coordinates": [ [ -75.460723, 6.643366 ], [ -75.164903, 6.473032 ] ] } },
{ "type": "Feature", "properties": { "source": "SANTA ROSA DE OSOS", "target": "HELICONIA", "distance": 0.33333333333333331, "betweenness": 0.0015363162808983237, "weight": 0.10153631628089833 }, "geometry": { "type": "LineString", "coordinates": [ [ -75.460723, 6.643366 ], [ -75.734322, 6.206757 ] ] } },
{ "type": "Feature", "properties": { "source": "SANTA ROSA DE OSOS", "target": "GÓMEZ PLATA", "distance": 0.5, "betweenness": 0.00015561780267662621, "weight": 0.10015561780267664 }, "geometry": { "type": "LineString", "coordinates": [ [ -75.460723, 6.643366 ], [ -75.220018, 6.683269 ] ] } },
{ "type": "Feature", "properties": { "source": "SANTA ROSA DE OSOS", "target": "CAROLINA", "distance": 0.25, "betweenness": 0.00049019607843137254, "weight": 0.10049019607843138 }, "geometry": { "type": "LineString", "coordinates": [ [ -75.460723, 6.643366 ], [ -75.283192, 6.725995 ] ] } },
{ "type": "Feature", "properties": { "source": "SANTA ROSA DE OSOS", "target": "BELMIRA", "distance": 0.5, "betweenness": 0.00015442074265603677, "weight": 0.10015442074265604 }, "geometry": { "type": "LineString", "coordinates": [ [ -75.460723, 6.643366 ], [ -75.667779, 6.606319 ] ] } },
{ "type": "Feature", "properties": { "source": "SANTA ROSA DE OSOS", "target": "EL CARMEN DE VIBORAL", "distance": 0.5, "betweenness": 0.00034446866868816643, "weight": 0.10034446866868817 }, "geometry": { "type": "LineString", "coordinates": [ [ -75.460723, 6.643366 ], [ -75.333901, 6.082885 ] ] } },
{ "type": "Feature", "properties": { "source": "SANTA ROSA DE OSOS", "target": "SAN ROQUE", "distance": 0.5, "betweenness": 0.00018907563025210084, "weight": 0.1001890756302521 }, "geometry": { "type": "LineString", "coordinates": [ [ -75.460723, 6.643366 ], [ -75.019109, 6.485939 ] ] } },
{ "type": "Feature", "properties": { "source": "SANTA ROSA DE OSOS", "target": "RIONEGRO", "distance": 0.5, "betweenness": 0.0, "weight": 0.1 }, "geometry": { "type": "LineString", "coordinates": [ [ -75.460723, 6.643366 ], [ -75.377316, 6.147148 ] ] } },
{ "type": "Feature", "properties": { "source": "SANTA ROSA DE OSOS", "target": "CAICEDO", "distance": 0.5, "betweenness": 0.00035578760697136216, "weight": 0.10035578760697136 }, "geometry": { "type": "LineString", "coordinates": [ [ -75.460723, 6.643366 ], [ -75.98293, 6.405607 ] ] } },
{ "type": "Feature", "properties": { "source": "SANTA ROSA DE OSOS", "target": "ANGELÓPOLIS", "distance": 0.5, "betweenness": 0.00031512605042016803, "weight": 0.10031512605042017 }, "geometry": { "type": "LineString", "coordinates": [ [ -75.460723, 6.643366 ], [ -75.711389, 6.109719 ] ] } },
{ "type": "Feature", "properties": { "source": "SANTA ROSA DE OSOS", "target": "BELLO", "distance": 0.5, "betweenness": 0.00014939309056956115, "weight": 0.10014939309056957 }, "geometry": { "type": "LineString", "coordinates": [ [ -75.460723, 6.643366 ], [ -75.555245, 6.333587 ] ] } },
{ "type": "Feature", "properties": { "source": "SANTA ROSA DE OSOS", "target": "CONCEPCIÓN", "distance": 0.5, "betweenness": 0.00015749889699469529, "weight": 0.1001574988969947 }, "geometry": { "type": "LineString", "coordinates": [ [ -75.460723, 6.643366 ], [ -75.257587, 6.394348 ] ] } },
{ "type": "Feature", "properties": { "source": "SANTA ROSA DE OSOS", "target": "ITAGÜÍ", "distance": 0.5, "betweenness": 0.00029725223422702413, "weight": 0.10029725223422703 }, "geometry": { "type": "LineString", "coordinates": [ [ -75.460723, 6.643366 ], [ -75.612056, 6.175079 ] ] } },
{ "type": "Feature", "properties": { "source": "SANTA ROSA DE OSOS", "target": "ARMENIA", "distance": 0.5, "betweenness": 0.00040649593170601571, "weight": 0.10040649593170602 }, "geometry": { "type": "LineString", "coordinates": [ [ -75.460723, 6.643366 ], [ -75.786647, 6.155667 ] ] } },
{ "type": "Feature", "properties": { "source": "SANTA ROSA DE OSOS", "target": "LA CEJA", "distance": 0.5, "betweenness": 0.00029895490468512779, "weight": 0.10029895490468513 }, "geometry": { "type": "LineString", "coordinates": [ [ -75.460723, 6.643366 ], [ -75.429433, 6.028062 ] ] } },
{ "type": "Feature", "properties": { "source": "SANTA ROSA DE OSOS", "target": "SANTA FÉ DE ANTIOQUIA", "distance": 0.5, "betweenness": 0.00028734937896698215, "weight": 0.10028734937896699 }, "geometry": { "type": "LineString", "coordinates": [ [ -75.460723, 6.643366 ], [ -75.826648, 6.556484 ] ] } },
{ "type": "Feature", "properties": { "source": "SANTA ROSA DE OSOS", "target": "EBÉJICO", "distance": 0.5, "betweenness": 0.00019937059791236755, "weight": 0.10019937059791237 }, "geometry": { "type": "LineString", "coordinates": [ [ -75.460723, 6.643366 ], [ -75.766413, 6.325615 ] ] } },
{ "type": "Feature", "properties": { "source": "SANTA ROSA DE OSOS", "target": "SABANETA", "distance": 0.5, "betweenness": 0.00038181939442443635, "weight": 0.10038181939442445 }, "geometry": { "type": "LineString", "coordinates": [ [ -75.460723, 6.643366 ], [ -75.615479, 6.149903 ] ] } },
{ "type": "Feature", "properties": { "source": "SANTA ROSA DE OSOS", "target": "GUADALUPE", "distance": 0.5, "betweenness": 0.00017040149393090568, "weight": 0.10017040149393092 }, "geometry": { "type": "LineString", "coordinates": [ [ -75.460723, 6.643366 ], [ -75.239862, 6.815069 ] ] } },
{ "type": "Feature", "properties": { "source": "SANTA ROSA DE OSOS", "target": "SAN CARLOS", "distance": 0.5, "betweenness": 0.00022492330265439509, "weight": 0.1002249233026544 }, "geometry": { "type": "LineString", "coordinates": [ [ -75.460723, 6.643366 ], [ -74.988097, 6.187746 ] ] } },
{ "type": "Feature", "properties": { "source": "SANTA ROSA DE OSOS", "target": "CISNEROS", "distance": 0.5, "betweenness": 0.0001884531590413943, "weight": 0.1001884531590414 }, "geometry": { "type": "LineString", "coordinates": [ [ -75.460723, 6.643366 ], [ -75.087047, 6.537829 ] ] } },
{ "type": "Feature", "properties": { "source": "SANTA ROSA DE OSOS", "target": "GIRARDOTA", "distance": 0.5, "betweenness": 0.00016398225957049486, "weight": 0.1001639822595705 }, "geometry": { "type": "LineString", "coordinates": [ [ -75.460723, 6.643366 ], [ -75.444238, 6.379472 ] ] } },
{ "type": "Feature", "properties": { "source": "SANTA ROSA DE OSOS", "target": "CALDAS", "distance": 0.5, "betweenness": 0.00024509803921568627, "weight": 0.10024509803921569 }, "geometry": { "type": "LineString", "coordinates": [ [ -75.460723, 6.643366 ], [ -75.633673, 6.091077 ] ] } },
{ "type": "Feature", "properties": { "source": "SANTA ROSA DE OSOS", "target": "SAN JERÓNIMO", "distance": 0.5, "betweenness": 0.00014005602240896358, "weight": 0.10014005602240897 }, "geometry": { "type": "LineString", "coordinates": [ [ -75.460723, 6.643366 ], [ -75.726975, 6.44809 ] ] } },
{ "type": "Feature", "properties": { "source": "SANTA ROSA DE OSOS", "target": "VEGACHÍ", "distance": 0.5, "betweenness": 0.00041259406473913323, "weight": 0.10041259406473914 }, "geometry": { "type": "LineString", "coordinates": [ [ -75.460723, 6.643366 ], [ -74.798714, 6.773525 ] ] } },
{ "type": "Feature", "properties": { "source": "SANTA ROSA DE OSOS", "target": "GIRALDO", "distance": 0.5, "betweenness": 0.00028011204481792715, "weight": 0.10028011204481793 }, "geometry": { "type": "LineString", "coordinates": [ [ -75.460723, 6.643366 ], [ -75.952158, 6.680808 ] ] } },
{ "type": "Feature", "properties": { "source": "SANTA ROSA DE OSOS", "target": "COCORNÁ", "distance": 0.5, "betweenness": 0.00030296768450244844, "weight": 0.10030296768450245 }, "geometry": { "type": "LineString", "coordinates": [ [ -75.460723, 6.643366 ], [ -75.185483, 6.058295 ] ] } },
{ "type": "Feature", "properties": { "source": "SANTA ROSA DE OSOS", "target": "TOLEDO", "distance": 0.5, "betweenness": 0.00030567782668623007, "weight": 0.10030567782668623 }, "geometry": { "type": "LineString", "coordinates": [ [ -75.460723, 6.643366 ], [ -75.692281, 7.010328 ] ] } },
{ "type": "Feature", "properties": { "source": "SANTA ROSA DE OSOS", "target": "EL SANTUARIO", "distance": 0.5, "betweenness": 0.0002084167000133387, "weight": 0.10020841670001335 }, "geometry": { "type": "LineString", "coordinates": [ [ -75.460723, 6.643366 ], [ -75.265465, 6.136871 ] ] } },
{ "type": "Feature", "properties": { "source": "SANTA ROSA DE OSOS", "target": "LA ESTRELLA", "distance": 0.5, "betweenness": 0.0003771704760335506, "weight": 0.10037717047603356 }, "geometry": { "type": "LineString", "coordinates": [ [ -75.460723, 6.643366 ], [ -75.637708, 6.145238 ] ] } },
{ "type": "Feature", "properties": { "source": "SANTA ROSA DE OSOS", "target": "OLAYA", "distance": 0.5, "betweenness": 0.00021295030192706907, "weight": 0.10021295030192708 }, "geometry": { "type": "LineString", "coordinates": [ [ -75.460723, 6.643366 ], [ -75.811773, 6.626492 ] ] } },
{ "type": "Feature", "properties": { "source": "SANTA ROSA DE OSOS", "target": "TITIRIBÍ", "distance": 0.5, "betweenness": 0.00040149393090569557, "weight": 0.10040149393090569 }, "geometry": { "type": "LineString", "coordinates": [ [ -75.460723, 6.643366 ], [ -75.791887, 6.062391 ] ] } },
{ "type": "Feature", "properties": { "source": "SANTA ROSA DE OSOS", "target": "LA UNIÓN", "distance": 0.5, "betweenness": 0.00024509803921568627, "weight": 0.10024509803921569 }, "geometry": { "type": "LineString", "coordinates": [ [ -75.460723, 6.643366 ], [ -75.360874, 5.973845 ] ] } },
{ "type": "Feature", "properties": { "source": "SANTA ROSA DE OSOS", "target": "CONCORDIA", "distance": 0.5, "betweenness": 0.00058407855120657878, "weight": 0.10058407855120659 }, "geometry": { "type": "LineString", "coordinates": [ [ -75.460723, 6.643366 ], [ -75.908448, 6.045738 ] ] } },
{ "type": "Feature", "properties": { "source": "SANTA ROSA DE OSOS", "target": "SANTA BÁRBARA", "distance": 0.5, "betweenness": 0.00030345471521942111, "weight": 0.10030345471521943 }, "geometry": { "type": "LineString", "coordinates": [ [ -75.460723, 6.643366 ], [ -75.567351, 5.875527 ] ] } },
{ "type": "Feature", "properties": { "source": "SANTA ROSA DE OSOS", "target": "BETULIA", "distance": 0.5, "betweenness": 0.00026584014473287829, "weight": 0.10026584014473289 }, "geometry": { "type": "LineString", "coordinates": [ [ -75.460723, 6.643366 ], [ -75.984452, 6.115208 ] ] } },
{ "type": "Feature", "properties": { "source": "SANTA ROSA DE OSOS", "target": "URRAO", "distance": 0.5, "betweenness": 0.00032077360136912128, "weight": 0.10032077360136912 }, "geometry": { "type": "LineString", "coordinates": [ [ -75.460723, 6.643366 ], [ -76.133951, 6.317343 ] ] } },
{ "type": "Feature", "properties": { "source": "SANTA ROSA DE OSOS", "target": "FRONTINO", "distance": 0.5, "betweenness": 0.00046549815785838354, "weight": 0.10046549815785839 }, "geometry": { "type": "LineString", "coordinates": [ [ -75.460723, 6.643366 ], [ -76.130765, 6.776066 ] ] } },
{ "type": "Feature", "properties": { "source": "SANTA ROSA DE OSOS", "target": "TARAZÁ", "distance": 0.5, "betweenness": 0.0021528292647842399, "weight": 0.10215282926478425 }, "geometry": { "type": "LineString", "coordinates": [ [ -75.460723, 6.643366 ], [ -75.401407, 7.580127 ] ] } },
{ "type": "Feature", "properties": { "source": "SANTA ROSA DE OSOS", "target": "URAMITA", "distance": 0.5, "betweenness": 0.00026161474690886453, "weight": 0.10026161474690887 }, "geometry": { "type": "LineString", "coordinates": [ [ -75.460723, 6.643366 ], [ -76.173284, 6.898393 ] ] } },
{ "type": "Feature", "properties": { "source": "SANTA ROSA DE OSOS", "target": "DABEIBA", "distance": 0.5, "betweenness": 0.00074927833659654548, "weight": 0.10074927833659655 }, "geometry": { "type": "LineString", "coordinates": [ [ -75.460723, 6.643366 ], [ -76.261614, 6.998112 ] ] } },
{ "type": "Feature", "properties": { "source": "SANTA ROSA DE OSOS", "target": "AMAGÁ", "distance": 0.5, "betweenness": 0.00025093370681605973, "weight": 0.10025093370681606 }, "geometry": { "type": "LineString", "coordinates": [ [ -75.460723, 6.643366 ], [ -75.702188, 6.038708 ] ] } },
{ "type": "Feature", "properties": { "source": "SANTA ROSA DE OSOS", "target": "SAN LUIS", "distance": 0.5, "betweenness": 0.0005503272854555472, "weight": 0.10055032728545556 }, "geometry": { "type": "LineString", "coordinates": [ [ -75.460723, 6.643366 ], [ -74.993619, 6.043017 ] ] } },
{ "type": "Feature", "properties": { "source": "SANTA ROSA DE OSOS", "target": "REMEDIOS", "distance": 0.5, "betweenness": 0.0012794855034029102, "weight": 0.10127948550340292 }, "geometry": { "type": "LineString", "coordinates": [ [ -75.460723, 6.643366 ], [ -74.698135, 7.029424 ] ] } },
{ "type": "Feature", "properties": { "source": "SANTA ROSA DE OSOS", "target": "MACEO", "distance": 0.5, "betweenness": 0.00025287892934951754, "weight": 0.10025287892934952 }, "geometry": { "type": "LineString", "coordinates": [ [ -75.460723, 6.643366 ], [ -74.78716, 6.552116 ] ] } },
{ "type": "Feature", "properties": { "source": "SANTA ROSA DE OSOS", "target": "CARACOLÍ", "distance": 0.5, "betweenness": 0.0010897347055280815, "weight": 0.10108973470552808 }, "geometry": { "type": "LineString", "coordinates": [ [ -75.460723, 6.643366 ], [ -74.757421, 6.409829 ] ] } },
{ "type": "Feature", "properties": { "source": "SANTA ROSA DE OSOS", "target": "MONTEBELLO", "distance": 0.5, "betweenness": 0.00047939533805203594, "weight": 0.10047939533805204 }, "geometry": { "type": "LineString", "coordinates": [ [ -75.460723, 6.643366 ], [ -75.523455, 5.946313 ] ] } },
{ "type": "Feature", "properties": { "source": "SANTA ROSA DE OSOS", "target": "PUERTO BERRÍO", "distance": 0.5, "betweenness": 0.0033267815173921278, "weight": 0.10332678151739214 }, "geometry": { "type": "LineString", "coordinates": [ [ -75.460723, 6.643366 ], [ -74.410016, 6.487028 ] ] } },
{ "type": "Feature", "properties": { "source": "SANTA ROSA DE OSOS", "target": "FREDONIA", "distance": 0.5, "betweenness": 0.00028011204481792715, "weight": 0.10028011204481793 }, "geometry": { "type": "LineString", "coordinates": [ [ -75.460723, 6.643366 ], [ -75.675072, 5.928039 ] ] } },
{ "type": "Feature", "properties": { "source": "AMALFI", "target": "CONCEPCIÓN", "distance": 0.5, "betweenness": 0.00028905807108558801, "weight": 0.1002890580710856 }, "geometry": { "type": "LineString", "coordinates": [ [ -75.077501, 6.909655 ], [ -75.257587, 6.394348 ] ] } },
{ "type": "Feature", "properties": { "source": "AMALFI", "target": "COPACABANA", "distance": 0.5, "betweenness": 0.00051732684023835776, "weight": 0.10051732684023837 }, "geometry": { "type": "LineString", "coordinates": [ [ -75.077501, 6.909655 ], [ -75.509384, 6.348557 ] ] } },
{ "type": "Feature", "properties": { "source": "AMALFI", "target": "GÓMEZ PLATA", "distance": 0.5, "betweenness": 0.00029567382508558979, "weight": 0.1002956738250856 }, "geometry": { "type": "LineString", "coordinates": [ [ -75.077501, 6.909655 ], [ -75.220018, 6.683269 ] ] } },
{ "type": "Feature", "properties": { "source": "AMALFI", "target": "YOLOMBÓ", "distance": 0.5, "betweenness": 0.00031716205000518728, "weight": 0.1003171620500052 }, "geometry": { "type": "LineString", "coordinates": [ [ -75.077501, 6.909655 ], [ -75.013385, 6.594511 ] ] } },
{ "type": "Feature", "properties": { "source": "AMALFI", "target": "CAROLINA", "distance": 0.5, "betweenness": 0.00042016806722689073, "weight": 0.10042016806722689 }, "geometry": { "type": "LineString", "coordinates": [ [ -75.077501, 6.909655 ], [ -75.283192, 6.725995 ] ] } },
{ "type": "Feature", "properties": { "source": "AMALFI", "target": "GUATAPÉ", "distance": 0.5, "betweenness": 0.00048948012024713293, "weight": 0.10048948012024714 }, "geometry": { "type": "LineString", "coordinates": [ [ -75.077501, 6.909655 ], [ -75.160041, 6.232461 ] ] } },
{ "type": "Feature", "properties": { "source": "AMALFI", "target": "YALÍ", "distance": 0.5, "betweenness": 0.00034021942110177401, "weight": 0.10034021942110177 }, "geometry": { "type": "LineString", "coordinates": [ [ -75.077501, 6.909655 ], [ -74.840059, 6.676554 ] ] } },
{ "type": "Feature", "properties": { "source": "AMALFI", "target": "BRICEÑO", "distance": 0.5, "betweenness": 0.00043278422480103149, "weight": 0.10043278422480104 }, "geometry": { "type": "LineString", "coordinates": [ [ -75.077501, 6.909655 ], [ -75.55036, 7.112803 ] ] } },
{ "type": "Feature", "properties": { "source": "AMALFI", "target": "BARBOSA", "distance": 0.5, "betweenness": 0.00037310825955989905, "weight": 0.1003731082595599 }, "geometry": { "type": "LineString", "coordinates": [ [ -75.077501, 6.909655 ], [ -75.331627, 6.439195 ] ] } },
{ "type": "Feature", "properties": { "source": "AMALFI", "target": "ANGOSTURA", "distance": 0.5, "betweenness": 0.0002978969365523987, "weight": 0.1002978969365524 }, "geometry": { "type": "LineString", "coordinates": [ [ -75.077501, 6.909655 ], [ -75.335116, 6.885175 ] ] } },
{ "type": "Feature", "properties": { "source": "AMALFI", "target": "REMEDIOS", "distance": 0.5, "betweenness": 0.00066038536626771905, "weight": 0.10066038536626773 }, "geometry": { "type": "LineString", "coordinates": [ [ -75.077501, 6.909655 ], [ -74.698135, 7.029424 ] ] } },
{ "type": "Feature", "properties": { "source": "AMALFI", "target": "SAN VICENTE FERRER", "distance": 0.5, "betweenness": 0.00039494230512108255, "weight": 0.10039494230512108 }, "geometry": { "type": "LineString", "coordinates": [ [ -75.077501, 6.909655 ], [ -75.332616, 6.282164 ] ] } },
{ "type": "Feature", "properties": { "source": "AMALFI", "target": "GUADALUPE", "distance": 0.5, "betweenness": 0.0002707749766573296, "weight": 0.10027077497665733 }, "geometry": { "type": "LineString", "coordinates": [ [ -75.077501, 6.909655 ], [ -75.239862, 6.815069 ] ] } },
{ "type": "Feature", "properties": { "source": "AMALFI", "target": "TARAZÁ", "distance": 0.5, "betweenness": 0.00082660944994113531, "weight": 0.10082660944994114 }, "geometry": { "type": "LineString", "coordinates": [ [ -75.077501, 6.909655 ], [ -75.401407, 7.580127 ] ] } },
{ "type": "Feature", "properties": { "source": "AMALFI", "target": "BELMIRA", "distance": 0.5, "betweenness": 0.0010345163706508244, "weight": 0.10103451637065083 }, "geometry": { "type": "LineString", "coordinates": [ [ -75.077501, 6.909655 ], [ -75.667779, 6.606319 ] ] } },
{ "type": "Feature", "properties": { "source": "AMALFI", "target": "SAN JOSÉ DE LA MONTAÑA", "distance": 0.5, "betweenness": 0.00036570183629007155, "weight": 0.10036570183629008 }, "geometry": { "type": "LineString", "coordinates": [ [ -75.077501, 6.909655 ], [ -75.683352, 6.85009 ] ] } },
{ "type": "Feature", "properties": { "source": "AMALFI", "target": "ENTRERRÍOS", "distance": 0.5, "betweenness": 0.00074112978524743228, "weight": 0.10074112978524744 }, "geometry": { "type": "LineString", "coordinates": [ [ -75.077501, 6.909655 ], [ -75.517685, 6.566273 ] ] } },
{ "type": "Feature", "properties": { "source": "AMALFI", "target": "DONMATÍAS", "distance": 0.5, "betweenness": 0.0017369776193305604, "weight": 0.10173697761933057 }, "geometry": { "type": "LineString", "coordinates": [ [ -75.077501, 6.909655 ], [ -75.39263, 6.485603 ] ] } },
{ "type": "Feature", "properties": { "source": "AMALFI", "target": "SAN RAFAEL", "distance": 0.5, "betweenness": 0.00077445522139870466, "weight": 0.1007744552213987 }, "geometry": { "type": "LineString", "coordinates": [ [ -75.077501, 6.909655 ], [ -75.02849, 6.293759 ] ] } },
{ "type": "Feature", "properties": { "source": "AMALFI", "target": "SAN ANDRÉS DE CUERQUÍA", "distance": 0.5, "betweenness": 0.0005957938731047974, "weight": 0.1005957938731048 }, "geometry": { "type": "LineString", "coordinates": [ [ -75.077501, 6.909655 ], [ -75.674564, 6.916676 ] ] } },
{ "type": "Feature", "properties": { "source": "AMALFI", "target": "SAN ROQUE", "distance": 0.5, "betweenness": 0.00037669466144091285, "weight": 0.10037669466144092 }, "geometry": { "type": "LineString", "coordinates": [ [ -75.077501, 6.909655 ], [ -75.019109, 6.485939 ] ] } },
{ "type": "Feature", "properties": { "source": "AMALFI", "target": "CISNEROS", "distance": 0.5, "betweenness": 0.000293495175848117, "weight": 0.10029349517584812 }, "geometry": { "type": "LineString", "coordinates": [ [ -75.077501, 6.909655 ], [ -75.087047, 6.537829 ] ] } },
{ "type": "Feature", "properties": { "source": "AMALFI", "target": "SAN PEDRO DE LOS MILAGROS", "distance": 0.25, "betweenness": 0.019457976991188262, "weight": 0.11945797699118826 }, "geometry": { "type": "LineString", "coordinates": [ [ -75.077501, 6.909655 ], [ -75.556743, 6.46012 ] ] } },
{ "type": "Feature", "properties": { "source": "AMALFI", "target": "SANTO DOMINGO", "distance": 0.5, "betweenness": 0.00036468985952014453, "weight": 0.10036468985952016 }, "geometry": { "type": "LineString", "coordinates": [ [ -75.077501, 6.909655 ], [ -75.164903, 6.473032 ] ] } },
{ "type": "Feature", "properties": { "source": "AMALFI", "target": "SAN CARLOS", "distance": 0.5, "betweenness": 0.00064729324549723296, "weight": 0.10064729324549723 }, "geometry": { "type": "LineString", "coordinates": [ [ -75.077501, 6.909655 ], [ -74.988097, 6.187746 ] ] } },
{ "type": "Feature", "properties": { "source": "AMALFI", "target": "PEÑOL", "distance": 0.5, "betweenness": 0.00069761893132712057, "weight": 0.10069761893132713 }, "geometry": { "type": "LineString", "coordinates": [ [ -75.077501, 6.909655 ], [ -75.242693, 6.219349 ] ] } },
{ "type": "Feature", "properties": { "source": "AMALFI", "target": "GIRARDOTA", "distance": 0.5, "betweenness": 0.00051157453931798967, "weight": 0.100511574539318 }, "geometry": { "type": "LineString", "coordinates": [ [ -75.077501, 6.909655 ], [ -75.444238, 6.379472 ] ] } },
{ "type": "Feature", "properties": { "source": "AMALFI", "target": "MACEO", "distance": 0.5, "betweenness": 0.00042414928934536778, "weight": 0.10042414928934537 }, "geometry": { "type": "LineString", "coordinates": [ [ -75.077501, 6.909655 ], [ -74.78716, 6.552116 ] ] } },
{ "type": "Feature", "properties": { "source": "AMALFI", "target": "VEGACHÍ", "distance": 0.5, "betweenness": 0.00032212885154061615, "weight": 0.10032212885154063 }, "geometry": { "type": "LineString", "coordinates": [ [ -75.077501, 6.909655 ], [ -74.798714, 6.773525 ] ] } },
{ "type": "Feature", "properties": { "source": "AMALFI", "target": "GUARNE", "distance": 0.5, "betweenness": 0.0012948022490986734, "weight": 0.10129480224909868 }, "geometry": { "type": "LineString", "coordinates": [ [ -75.077501, 6.909655 ], [ -75.441612, 6.27787 ] ] } },
{ "type": "Feature", "properties": { "source": "AMALFI", "target": "GRANADA", "distance": 0.5, "betweenness": 0.00082900481901552927, "weight": 0.10082900481901554 }, "geometry": { "type": "LineString", "coordinates": [ [ -75.077501, 6.909655 ], [ -75.184446, 6.142892 ] ] } },
{ "type": "Feature", "properties": { "source": "AMALFI", "target": "PUERTO BERRÍO", "distance": 0.5, "betweenness": 0.0012918529419557072, "weight": 0.10129185294195571 }, "geometry": { "type": "LineString", "coordinates": [ [ -75.077501, 6.909655 ], [ -74.410016, 6.487028 ] ] } },
{ "type": "Feature", "properties": { "source": "AMALFI", "target": "VALDIVIA", "distance": 0.5, "betweenness": 0.00042836198807008185, "weight": 0.10042836198807009 }, "geometry": { "type": "LineString", "coordinates": [ [ -75.077501, 6.909655 ], [ -75.439274, 7.1652 ] ] } },
{ "type": "Feature", "properties": { "source": "AMALFI", "target": "TOLEDO", "distance": 0.5, "betweenness": 0.00048085901027077494, "weight": 0.10048085901027078 }, "geometry": { "type": "LineString", "coordinates": [ [ -75.077501, 6.909655 ], [ -75.692281, 7.010328 ] ] } },
{ "type": "Feature", "properties": { "source": "AMALFI", "target": "CARACOLÍ", "distance": 0.5, "betweenness": 0.00084415477420914868, "weight": 0.10084415477420916 }, "geometry": { "type": "LineString", "coordinates": [ [ -75.077501, 6.909655 ], [ -74.757421, 6.409829 ] ] } },
{ "type": "Feature", "properties": { "source": "AMALFI", "target": "ALEJANDRÍA", "distance": 0.5, "betweenness": 0.0005540615083579328, "weight": 0.10055406150835794 }, "geometry": { "type": "LineString", "coordinates": [ [ -75.077501, 6.909655 ], [ -75.141346, 6.376061 ] ] } },
{ "type": "Feature", "properties": { "source": "AMALFI", "target": "MARINILLA", "distance": 0.5, "betweenness": 0.0010111888037205223, "weight": 0.10101118880372052 }, "geometry": { "type": "LineString", "coordinates": [ [ -75.077501, 6.909655 ], [ -75.339345, 6.173995 ] ] } },
{ "type": "Feature", "properties": { "source": "AMALFI", "target": "ZARAGOZA", "distance": 0.5, "betweenness": 0.011519374416433239, "weight": 0.11151937441643324 }, "geometry": { "type": "LineString", "coordinates": [ [ -75.077501, 6.909655 ], [ -74.867075, 7.488583 ] ] } },
{ "type": "Feature", "properties": { "source": "AMALFI", "target": "CÁCERES", "distance": 0.5, "betweenness": 0.0028344355285974034, "weight": 0.1028344355285974 }, "geometry": { "type": "LineString", "coordinates": [ [ -75.077501, 6.909655 ], [ -75.35205, 7.578366 ] ] } },
{ "type": "Feature", "properties": { "source": "AMALFI", "target": "BELLO", "distance": 0.5, "betweenness": 0.001282299495967316, "weight": 0.10128229949596732 }, "geometry": { "type": "LineString", "coordinates": [ [ -75.077501, 6.909655 ], [ -75.555245, 6.333587 ] ] } },
{ "type": "Feature", "properties": { "source": "AMALFI", "target": "SEGOVIA", "distance": 0.5, "betweenness": 0.0020230137509549273, "weight": 0.10202301375095493 }, "geometry": { "type": "LineString", "coordinates": [ [ -75.077501, 6.909655 ], [ -74.701596, 7.079648 ] ] } },
{ "type": "Feature", "properties": { "source": "AMALFI", "target": "YONDÓ", "distance": 1.0, "betweenness": 0.012895914692339144, "weight": 0.11289591469233914 }, "geometry": { "type": "LineString", "coordinates": [ [ -75.077501, 6.909655 ], [ -73.912445, 7.00396 ] ] } },
{ "type": "Feature", "properties": { "source": "AMALFI", "target": "SOPETRÁN", "distance": 0.5, "betweenness": 0.00039699213018540747, "weight": 0.10039699213018541 }, "geometry": { "type": "LineString", "coordinates": [ [ -75.077501, 6.909655 ], [ -75.747378, 6.500745 ] ] } },
{ "type": "Feature", "properties": { "source": "AMALFI", "target": "OLAYA", "distance": 0.5, "betweenness": 0.00052604880335972769, "weight": 0.10052604880335973 }, "geometry": { "type": "LineString", "coordinates": [ [ -75.077501, 6.909655 ], [ -75.811773, 6.626492 ] ] } },
{ "type": "Feature", "properties": { "source": "AMALFI", "target": "SABANALARGA", "distance": 1.0, "betweenness": 0.0, "weight": 0.1 }, "geometry": { "type": "LineString", "coordinates": [ [ -75.077501, 6.909655 ], [ -75.816645, 6.850028 ] ] } },
{ "type": "Feature", "properties": { "source": "AMALFI", "target": "SAN JERÓNIMO", "distance": 1.0, "betweenness": 0.0, "weight": 0.1 }, "geometry": { "type": "LineString", "coordinates": [ [ -75.077501, 6.909655 ], [ -75.726975, 6.44809 ] ] } },
{ "type": "Feature", "properties": { "source": "ANGOSTURA", "target": "VALDIVIA", "distance": 0.5, "betweenness": 0.00044184340402827793, "weight": 0.10044184340402829 }, "geometry": { "type": "LineString", "coordinates": [ [ -75.335116, 6.885175 ], [ -75.439274, 7.1652 ] ] } },
{ "type": "Feature", "properties": { "source": "ANGOSTURA", "target": "YOLOMBÓ", "distance": 0.5, "betweenness": 0.00024537592814903738, "weight": 0.10024537592814904 }, "geometry": { "type": "LineString", "coordinates": [ [ -75.335116, 6.885175 ], [ -75.013385, 6.594511 ] ] } },
{ "type": "Feature", "properties": { "source": "ANGOSTURA", "target": "CONCEPCIÓN", "distance": 0.5, "betweenness": 0.00022819384163921979, "weight": 0.10022819384163922 }, "geometry": { "type": "LineString", "coordinates": [ [ -75.335116, 6.885175 ], [ -75.257587, 6.394348 ] ] } },
{ "type": "Feature", "properties": { "source": "ANGOSTURA", "target": "BELMIRA", "distance": 0.5, "betweenness": 0.00033513405362144854, "weight": 0.10033513405362146 }, "geometry": { "type": "LineString", "coordinates": [ [ -75.335116, 6.885175 ], [ -75.667779, 6.606319 ] ] } },
{ "type": "Feature", "properties": { "source": "ANGOSTURA", "target": "SAN VICENTE FERRER", "distance": 0.5, "betweenness": 0.00020736072206660439, "weight": 0.10020736072206661 }, "geometry": { "type": "LineString", "coordinates": [ [ -75.335116, 6.885175 ], [ -75.332616, 6.282164 ] ] } },
{ "type": "Feature", "properties": { "source": "ANGOSTURA", "target": "CAÑASGORDAS", "distance": 0.5, "betweenness": 0.00046685340802987853, "weight": 0.10046685340802988 }, "geometry": { "type": "LineString", "coordinates": [ [ -75.335116, 6.885175 ], [ -76.028228, 6.753859 ] ] } },
{ "type": "Feature", "properties": { "source": "ANGOSTURA", "target": "ABRIAQUÍ", "distance": 0.33333333333333331, "betweenness": 0.00307889822595705, "weight": 0.10307889822595706 }, "geometry": { "type": "LineString", "coordinates": [ [ -75.335116, 6.885175 ], [ -76.064304, 6.632282 ] ] } },
{ "type": "Feature", "properties": { "source": "ANGOSTURA", "target": "SAN PEDRO DE LOS MILAGROS", "distance": 0.5, "betweenness": 0.00031512605042016803, "weight": 0.10031512605042017 }, "geometry": { "type": "LineString", "coordinates": [ [ -75.335116, 6.885175 ], [ -75.556743, 6.46012 ] ] } },
{ "type": "Feature", "properties": { "source": "ANGOSTURA", "target": "BARBOSA", "distance": 0.5, "betweenness": 0.000221601712580457, "weight": 0.10022160171258046 }, "geometry": { "type": "LineString", "coordinates": [ [ -75.335116, 6.885175 ], [ -75.331627, 6.439195 ] ] } },
{ "type": "Feature", "properties": { "source": "ANGOSTURA", "target": "ENTRERRÍOS", "distance": 0.5, "betweenness": 0.00023926237161531275, "weight": 0.10023926237161532 }, "geometry": { "type": "LineString", "coordinates": [ [ -75.335116, 6.885175 ], [ -75.517685, 6.566273 ] ] } },
{ "type": "Feature", "properties": { "source": "ANGOSTURA", "target": "BRICEÑO", "distance": 0.5, "betweenness": 0.00028455826775154502, "weight": 0.10028455826775155 }, "geometry": { "type": "LineString", "coordinates": [ [ -75.335116, 6.885175 ], [ -75.55036, 7.112803 ] ] } },
{ "type": "Feature", "properties": { "source": "ANGOSTURA", "target": "PEÑOL", "distance": 0.5, "betweenness": 0.00037998532746431901, "weight": 0.10037998532746432 }, "geometry": { "type": "LineString", "coordinates": [ [ -75.335116, 6.885175 ], [ -75.242693, 6.219349 ] ] } },
{ "type": "Feature", "properties": { "source": "ANGOSTURA", "target": "SANTO DOMINGO", "distance": 0.5, "betweenness": 0.00028644791249833265, "weight": 0.10028644791249834 }, "geometry": { "type": "LineString", "coordinates": [ [ -75.335116, 6.885175 ], [ -75.164903, 6.473032 ] ] } },
{ "type": "Feature", "properties": { "source": "ANGOSTURA", "target": "SABANALARGA", "distance": 0.5, "betweenness": 0.00028322012565710044, "weight": 0.1002832201256571 }, "geometry": { "type": "LineString", "coordinates": [ [ -75.335116, 6.885175 ], [ -75.816645, 6.850028 ] ] } },
{ "type": "Feature", "properties": { "source": "ANGOSTURA", "target": "BELLO", "distance": 0.5, "betweenness": 0.0002404295051353875, "weight": 0.1002404295051354 }, "geometry": { "type": "LineString", "coordinates": [ [ -75.335116, 6.885175 ], [ -75.555245, 6.333587 ] ] } },
{ "type": "Feature", "properties": { "source": "ANGOSTURA", "target": "PEQUE", "distance": 0.5, "betweenness": 0.00017507002801120446, "weight": 0.10017507002801121 }, "geometry": { "type": "LineString", "coordinates": [ [ -75.335116, 6.885175 ], [ -75.910357, 7.021029 ] ] } },
{ "type": "Feature", "properties": { "source": "ANGOSTURA", "target": "EBÉJICO", "distance": 0.5, "betweenness": 0.0003583099906629318, "weight": 0.10035830999066293 }, "geometry": { "type": "LineString", "coordinates": [ [ -75.335116, 6.885175 ], [ -75.766413, 6.325615 ] ] } },
{ "type": "Feature", "properties": { "source": "ANGOSTURA", "target": "SANTA FÉ DE ANTIOQUIA", "distance": 0.5, "betweenness": 0.00032513005202080826, "weight": 0.10032513005202082 }, "geometry": { "type": "LineString", "coordinates": [ [ -75.335116, 6.885175 ], [ -75.826648, 6.556484 ] ] } },
{ "type": "Feature", "properties": { "source": "ANGOSTURA", "target": "BURITICÁ", "distance": 0.5, "betweenness": 0.00030178738161931436, "weight": 0.10030178738161932 }, "geometry": { "type": "LineString", "coordinates": [ [ -75.335116, 6.885175 ], [ -75.907, 6.720759 ] ] } },
{ "type": "Feature", "properties": { "source": "ANGOSTURA", "target": "DONMATÍAS", "distance": 0.5, "betweenness": 0.00081105169340463452, "weight": 0.10081105169340464 }, "geometry": { "type": "LineString", "coordinates": [ [ -75.335116, 6.885175 ], [ -75.39263, 6.485603 ] ] } },
{ "type": "Feature", "properties": { "source": "ANGOSTURA", "target": "MEDELLÍN", "distance": 0.5, "betweenness": 0.00031746031746031741, "weight": 0.10031746031746032 }, "geometry": { "type": "LineString", "coordinates": [ [ -75.335116, 6.885175 ], [ -75.581775, 6.246631 ] ] } },
{ "type": "Feature", "properties": { "source": "ANGOSTURA", "target": "RIONEGRO", "distance": 0.5, "betweenness": 0.00032913165266106433, "weight": 0.10032913165266107 }, "geometry": { "type": "LineString", "coordinates": [ [ -75.335116, 6.885175 ], [ -75.377316, 6.147148 ] ] } },
{ "type": "Feature", "properties": { "source": "ANGOSTURA", "target": "CAICEDO", "distance": 0.33333333333333331, "betweenness": 0.0030012004801920774, "weight": 0.10300120048019208 }, "geometry": { "type": "LineString", "coordinates": [ [ -75.335116, 6.885175 ], [ -75.98293, 6.405607 ] ] } },
{ "type": "Feature", "properties": { "source": "ANGOSTURA", "target": "ALEJANDRÍA", "distance": 0.5, "betweenness": 0.00036981459250366808, "weight": 0.10036981459250367 }, "geometry": { "type": "LineString", "coordinates": [ [ -75.335116, 6.885175 ], [ -75.141346, 6.376061 ] ] } },
{ "type": "Feature", "properties": { "source": "ANGOSTURA", "target": "DABEIBA", "distance": 0.5, "betweenness": 0.00054521808723489388, "weight": 0.10054521808723491 }, "geometry": { "type": "LineString", "coordinates": [ [ -75.335116, 6.885175 ], [ -76.261614, 6.998112 ] ] } },
{ "type": "Feature", "properties": { "source": "ANGOSTURA", "target": "ITAGÜÍ", "distance": 1.0, "betweenness": 0.0, "weight": 0.1 }, "geometry": { "type": "LineString", "coordinates": [ [ -75.335116, 6.885175 ], [ -75.612056, 6.175079 ] ] } },
{ "type": "Feature", "properties": { "source": "ANGOSTURA", "target": "OLAYA", "distance": 0.5, "betweenness": 0.00025654706326975237, "weight": 0.10025654706326975 }, "geometry": { "type": "LineString", "coordinates": [ [ -75.335116, 6.885175 ], [ -75.811773, 6.626492 ] ] } },
{ "type": "Feature", "properties": { "source": "ANGOSTURA", "target": "GIRALDO", "distance": 0.5, "betweenness": 0.00039682539682539677, "weight": 0.1003968253968254 }, "geometry": { "type": "LineString", "coordinates": [ [ -75.335116, 6.885175 ], [ -75.952158, 6.680808 ] ] } },
{ "type": "Feature", "properties": { "source": "ANGOSTURA", "target": "GUATAPÉ", "distance": 0.5, "betweenness": 0.00030023120359254802, "weight": 0.10030023120359255 }, "geometry": { "type": "LineString", "coordinates": [ [ -75.335116, 6.885175 ], [ -75.160041, 6.232461 ] ] } },
{ "type": "Feature", "properties": { "source": "ANGOSTURA", "target": "SAN ROQUE", "distance": 0.5, "betweenness": 0.0002971188475390155, "weight": 0.10029711884753902 }, "geometry": { "type": "LineString", "coordinates": [ [ -75.335116, 6.885175 ], [ -75.019109, 6.485939 ] ] } },
{ "type": "Feature", "properties": { "source": "ANGOSTURA", "target": "SAN ANDRÉS DE CUERQUÍA", "distance": 0.5, "betweenness": 0.00022231114668089456, "weight": 0.1002223111466809 }, "geometry": { "type": "LineString", "coordinates": [ [ -75.335116, 6.885175 ], [ -75.674564, 6.916676 ] ] } },
{ "type": "Feature", "properties": { "source": "ANGOSTURA", "target": "SAN JERÓNIMO", "distance": 0.5, "betweenness": 0.00024509803921568627, "weight": 0.10024509803921569 }, "geometry": { "type": "LineString", "coordinates": [ [ -75.335116, 6.885175 ], [ -75.726975, 6.44809 ] ] } },
{ "type": "Feature", "properties": { "source": "ANGOSTURA", "target": "SOPETRÁN", "distance": 0.5, "betweenness": 0.00025693610777644389, "weight": 0.10025693610777645 }, "geometry": { "type": "LineString", "coordinates": [ [ -75.335116, 6.885175 ], [ -75.747378, 6.500745 ] ] } },
{ "type": "Feature", "properties": { "source": "ANGOSTURA", "target": "GUARNE", "distance": 0.5, "betweenness": 0.00033846872082166193, "weight": 0.10033846872082167 }, "geometry": { "type": "LineString", "coordinates": [ [ -75.335116, 6.885175 ], [ -75.441612, 6.27787 ] ] } },
{ "type": "Feature", "properties": { "source": "ANGOSTURA", "target": "TOLEDO", "distance": 0.5, "betweenness": 0.0002707749766573296, "weight": 0.10027077497665733 }, "geometry": { "type": "LineString", "coordinates": [ [ -75.335116, 6.885175 ], [ -75.692281, 7.010328 ] ] } },
{ "type": "Feature", "properties": { "source": "ANGOSTURA", "target": "TARAZÁ", "distance": 0.5, "betweenness": 0.00062284204554347868, "weight": 0.10062284204554349 }, "geometry": { "type": "LineString", "coordinates": [ [ -75.335116, 6.885175 ], [ -75.401407, 7.580127 ] ] } },
{ "type": "Feature", "properties": { "source": "ANGOSTURA", "target": "CAROLINA", "distance": 0.5, "betweenness": 0.00014783691254279487, "weight": 0.1001478369125428 }, "geometry": { "type": "LineString", "coordinates": [ [ -75.335116, 6.885175 ], [ -75.283192, 6.725995 ] ] } },
{ "type": "Feature", "properties": { "source": "ANGOSTURA", "target": "VEGACHÍ", "distance": 0.5, "betweenness": 0.00047196656440353908, "weight": 0.10047196656440355 }, "geometry": { "type": "LineString", "coordinates": [ [ -75.335116, 6.885175 ], [ -74.798714, 6.773525 ] ] } },
{ "type": "Feature", "properties": { "source": "ANGOSTURA", "target": "GÓMEZ PLATA", "distance": 0.5, "betweenness": 0.00022842470321461915, "weight": 0.10022842470321462 }, "geometry": { "type": "LineString", "coordinates": [ [ -75.335116, 6.885175 ], [ -75.220018, 6.683269 ] ] } },
{ "type": "Feature", "properties": { "source": "ANGOSTURA", "target": "YALÍ", "distance": 0.5, "betweenness": 0.00036967564803699253, "weight": 0.100369675648037 }, "geometry": { "type": "LineString", "coordinates": [ [ -75.335116, 6.885175 ], [ -74.840059, 6.676554 ] ] } },
{ "type": "Feature", "properties": { "source": "ANGOSTURA", "target": "GUADALUPE", "distance": 0.5, "betweenness": 0.00022408963585434174, "weight": 0.10022408963585434 }, "geometry": { "type": "LineString", "coordinates": [ [ -75.335116, 6.885175 ], [ -75.239862, 6.815069 ] ] } },
{ "type": "Feature", "properties": { "source": "ANGOSTURA", "target": "SAN JOSÉ DE LA MONTAÑA", "distance": 0.5, "betweenness": 0.00019063180827886709, "weight": 0.10019063180827888 }, "geometry": { "type": "LineString", "coordinates": [ [ -75.335116, 6.885175 ], [ -75.683352, 6.85009 ] ] } },
{ "type": "Feature", "properties": { "source": "ANGOSTURA", "target": "HELICONIA", "distance": 0.33333333333333331, "betweenness": 0.0040269441109777255, "weight": 0.10402694411097774 }, "geometry": { "type": "LineString", "coordinates": [ [ -75.335116, 6.885175 ], [ -75.734322, 6.206757 ] ] } },
{ "type": "Feature", "properties": { "source": "ANGOSTURA", "target": "URAMITA", "distance": 0.5, "betweenness": 0.00045051353874883286, "weight": 0.10045051353874884 }, "geometry": { "type": "LineString", "coordinates": [ [ -75.335116, 6.885175 ], [ -76.173284, 6.898393 ] ] } },
{ "type": "Feature", "properties": { "source": "ANGOSTURA", "target": "MARINILLA", "distance": 0.5, "betweenness": 0.00033446284496704658, "weight": 0.10033446284496705 }, "geometry": { "type": "LineString", "coordinates": [ [ -75.335116, 6.885175 ], [ -75.339345, 6.173995 ] ] } },
{ "type": "Feature", "properties": { "source": "ANGOSTURA", "target": "COPACABANA", "distance": 0.5, "betweenness": 0.00028244631185807653, "weight": 0.10028244631185808 }, "geometry": { "type": "LineString", "coordinates": [ [ -75.335116, 6.885175 ], [ -75.509384, 6.348557 ] ] } },
{ "type": "Feature", "properties": { "source": "ANGOSTURA", "target": "ANZÁ", "distance": 1.0, "betweenness": 0.0, "weight": 0.1 }, "geometry": { "type": "LineString", "coordinates": [ [ -75.335116, 6.885175 ], [ -75.854442, 6.302641 ] ] } },
{ "type": "Feature", "properties": { "source": "ANGOSTURA", "target": "GIRARDOTA", "distance": 0.5, "betweenness": 0.00019682873149259701, "weight": 0.1001968287314926 }, "geometry": { "type": "LineString", "coordinates": [ [ -75.335116, 6.885175 ], [ -75.444238, 6.379472 ] ] } },
{ "type": "Feature", "properties": { "source": "ANGOSTURA", "target": "SAN RAFAEL", "distance": 0.5, "betweenness": 0.00046349095193632994, "weight": 0.10046349095193634 }, "geometry": { "type": "LineString", "coordinates": [ [ -75.335116, 6.885175 ], [ -75.02849, 6.293759 ] ] } },
{ "type": "Feature", "properties": { "source": "ANGOSTURA", "target": "CISNEROS", "distance": 0.5, "betweenness": 0.00024509803921568627, "weight": 0.10024509803921569 }, "geometry": { "type": "LineString", "coordinates": [ [ -75.335116, 6.885175 ], [ -75.087047, 6.537829 ] ] } },
{ "type": "Feature", "properties": { "source": "ANGOSTURA", "target": "SEGOVIA", "distance": 0.5, "betweenness": 0.0036466303693194432, "weight": 0.10364663036931945 }, "geometry": { "type": "LineString", "coordinates": [ [ -75.335116, 6.885175 ], [ -74.701596, 7.079648 ] ] } },
{ "type": "Feature", "properties": { "source": "ANGOSTURA", "target": "REMEDIOS", "distance": 0.5, "betweenness": 0.00068072178366296017, "weight": 0.10068072178366297 }, "geometry": { "type": "LineString", "coordinates": [ [ -75.335116, 6.885175 ], [ -74.698135, 7.029424 ] ] } },
{ "type": "Feature", "properties": { "source": "ANGOSTURA", "target": "MACEO", "distance": 0.33333333333333331, "betweenness": 0.0043464052287581698, "weight": 0.10434640522875818 }, "geometry": { "type": "LineString", "coordinates": [ [ -75.335116, 6.885175 ], [ -74.78716, 6.552116 ] ] } },
{ "type": "Feature", "properties": { "source": "ANGOSTURA", "target": "SAN CARLOS", "distance": 1.0, "betweenness": 0.0, "weight": 0.1 }, "geometry": { "type": "LineString", "coordinates": [ [ -75.335116, 6.885175 ], [ -74.988097, 6.187746 ] ] } },
{ "type": "Feature", "properties": { "source": "ANGOSTURA", "target": "CÁCERES", "distance": 0.5, "betweenness": 0.0020684384865057126, "weight": 0.10206843848650572 }, "geometry": { "type": "LineString", "coordinates": [ [ -75.335116, 6.885175 ], [ -75.35205, 7.578366 ] ] } },
{ "type": "Feature", "properties": { "source": "ANGOSTURA", "target": "ENVIGADO", "distance": 1.0, "betweenness": 0.0, "weight": 0.1 }, "geometry": { "type": "LineString", "coordinates": [ [ -75.335116, 6.885175 ], [ -75.582192, 6.166695 ] ] } },
{ "type": "Feature", "properties": { "source": "VALDIVIA", "target": "BRICEÑO", "distance": 0.5, "betweenness": 0.00018674136321195143, "weight": 0.10018674136321196 }, "geometry": { "type": "LineString", "coordinates": [ [ -75.439274, 7.1652 ], [ -75.55036, 7.112803 ] ] } },
{ "type": "Feature", "properties": { "source": "VALDIVIA", "target": "PEQUE", "distance": 0.5, "betweenness": 0.00026844070961718017, "weight": 0.10026844070961718 }, "geometry": { "type": "LineString", "coordinates": [ [ -75.439274, 7.1652 ], [ -75.910357, 7.021029 ] ] } },
{ "type": "Feature", "properties": { "source": "VALDIVIA", "target": "SAN ANDRÉS DE CUERQUÍA", "distance": 0.5, "betweenness": 0.00057578586990351683, "weight": 0.10057578586990353 }, "geometry": { "type": "LineString", "coordinates": [ [ -75.439274, 7.1652 ], [ -75.674564, 6.916676 ] ] } },
{ "type": "Feature", "properties": { "source": "VALDIVIA", "target": "DABEIBA", "distance": 0.5, "betweenness": 0.00044017607042817124, "weight": 0.10044017607042818 }, "geometry": { "type": "LineString", "coordinates": [ [ -75.439274, 7.1652 ], [ -76.261614, 6.998112 ] ] } },
{ "type": "Feature", "properties": { "source": "VALDIVIA", "target": "GÓMEZ PLATA", "distance": 0.5, "betweenness": 0.00040057317514652536, "weight": 0.10040057317514653 }, "geometry": { "type": "LineString", "coordinates": [ [ -75.439274, 7.1652 ], [ -75.220018, 6.683269 ] ] } },
{ "type": "Feature", "properties": { "source": "VALDIVIA", "target": "BELMIRA", "distance": 0.5, "betweenness": 0.00081157471026349604, "weight": 0.1008115747102635 }, "geometry": { "type": "LineString", "coordinates": [ [ -75.439274, 7.1652 ], [ -75.667779, 6.606319 ] ] } },
{ "type": "Feature", "properties": { "source": "VALDIVIA", "target": "SAN JOSÉ DE LA MONTAÑA", "distance": 0.5, "betweenness": 0.000225645813881108, "weight": 0.10022564581388112 }, "geometry": { "type": "LineString", "coordinates": [ [ -75.439274, 7.1652 ], [ -75.683352, 6.85009 ] ] } },
{ "type": "Feature", "properties": { "source": "VALDIVIA", "target": "GUADALUPE", "distance": 0.5, "betweenness": 0.00047919167667066819, "weight": 0.10047919167667067 }, "geometry": { "type": "LineString", "coordinates": [ [ -75.439274, 7.1652 ], [ -75.239862, 6.815069 ] ] } },
{ "type": "Feature", "properties": { "source": "VALDIVIA", "target": "SABANALARGA", "distance": 0.5, "betweenness": 0.0002275910364145658, "weight": 0.10022759103641457 }, "geometry": { "type": "LineString", "coordinates": [ [ -75.439274, 7.1652 ], [ -75.816645, 6.850028 ] ] } },
{ "type": "Feature", "properties": { "source": "VALDIVIA", "target": "TARAZÁ", "distance": 0.5, "betweenness": 0.00033414673058765988, "weight": 0.10033414673058766 }, "geometry": { "type": "LineString", "coordinates": [ [ -75.439274, 7.1652 ], [ -75.401407, 7.580127 ] ] } },
{ "type": "Feature", "properties": { "source": "VALDIVIA", "target": "CAROLINA", "distance": 0.5, "betweenness": 0.00081226259225389893, "weight": 0.1008122625922539 }, "geometry": { "type": "LineString", "coordinates": [ [ -75.439274, 7.1652 ], [ -75.283192, 6.725995 ] ] } },
{ "type": "Feature", "properties": { "source": "VALDIVIA", "target": "TOLEDO", "distance": 0.5, "betweenness": 0.00022408963585434174, "weight": 0.10022408963585434 }, "geometry": { "type": "LineString", "coordinates": [ [ -75.439274, 7.1652 ], [ -75.692281, 7.010328 ] ] } },
{ "type": "Feature", "properties": { "source": "VALDIVIA", "target": "BURITICÁ", "distance": 0.5, "betweenness": 0.00039349072962518343, "weight": 0.1003934907296252 }, "geometry": { "type": "LineString", "coordinates": [ [ -75.439274, 7.1652 ], [ -75.907, 6.720759 ] ] } },
{ "type": "Feature", "properties": { "source": "VALDIVIA", "target": "CÁCERES", "distance": 0.5, "betweenness": 0.00059240362811791394, "weight": 0.10059240362811792 }, "geometry": { "type": "LineString", "coordinates": [ [ -75.439274, 7.1652 ], [ -75.35205, 7.578366 ] ] } },
{ "type": "Feature", "properties": { "source": "VALDIVIA", "target": "DONMATÍAS", "distance": 0.5, "betweenness": 0.0026418790542233023, "weight": 0.10264187905422331 }, "geometry": { "type": "LineString", "coordinates": [ [ -75.439274, 7.1652 ], [ -75.39263, 6.485603 ] ] } },
{ "type": "Feature", "properties": { "source": "VALDIVIA", "target": "CAÑASGORDAS", "distance": 0.5, "betweenness": 0.00098039215686274508, "weight": 0.10098039215686275 }, "geometry": { "type": "LineString", "coordinates": [ [ -75.439274, 7.1652 ], [ -76.028228, 6.753859 ] ] } },
{ "type": "Feature", "properties": { "source": "VALDIVIA", "target": "ENTRERRÍOS", "distance": 0.5, "betweenness": 0.00087168208654734289, "weight": 0.10087168208654734 }, "geometry": { "type": "LineString", "coordinates": [ [ -75.439274, 7.1652 ], [ -75.517685, 6.566273 ] ] } },
{ "type": "Feature", "properties": { "source": "VALDIVIA", "target": "URAMITA", "distance": 0.5, "betweenness": 0.0004131652661064425, "weight": 0.10041316526610644 }, "geometry": { "type": "LineString", "coordinates": [ [ -75.439274, 7.1652 ], [ -76.173284, 6.898393 ] ] } },
{ "type": "Feature", "properties": { "source": "VALDIVIA", "target": "YOLOMBÓ", "distance": 0.5, "betweenness": 0.00046087507368371795, "weight": 0.10046087507368372 }, "geometry": { "type": "LineString", "coordinates": [ [ -75.439274, 7.1652 ], [ -75.013385, 6.594511 ] ] } },
{ "type": "Feature", "properties": { "source": "VALDIVIA", "target": "SOPETRÁN", "distance": 0.5, "betweenness": 0.00057698087272848209, "weight": 0.10057698087272848 }, "geometry": { "type": "LineString", "coordinates": [ [ -75.439274, 7.1652 ], [ -75.747378, 6.500745 ] ] } },
{ "type": "Feature", "properties": { "source": "VALDIVIA", "target": "SEGOVIA", "distance": 1.0, "betweenness": 1.7507002801120447e-05, "weight": 0.10001750700280113 }, "geometry": { "type": "LineString", "coordinates": [ [ -75.439274, 7.1652 ], [ -74.701596, 7.079648 ] ] } },
{ "type": "Feature", "properties": { "source": "VALDIVIA", "target": "SAN PEDRO DE LOS MILAGROS", "distance": 0.5, "betweenness": 0.0012731760174530386, "weight": 0.10127317601745305 }, "geometry": { "type": "LineString", "coordinates": [ [ -75.439274, 7.1652 ], [ -75.556743, 6.46012 ] ] } },
{ "type": "Feature", "properties": { "source": "VALDIVIA", "target": "OLAYA", "distance": 0.5, "betweenness": 0.00033124360855453288, "weight": 0.10033124360855454 }, "geometry": { "type": "LineString", "coordinates": [ [ -75.439274, 7.1652 ], [ -75.811773, 6.626492 ] ] } },
{ "type": "Feature", "properties": { "source": "VALDIVIA", "target": "VEGACHÍ", "distance": 0.5, "betweenness": 0.00050089099967472357, "weight": 0.10050089099967473 }, "geometry": { "type": "LineString", "coordinates": [ [ -75.439274, 7.1652 ], [ -74.798714, 6.773525 ] ] } },
{ "type": "Feature", "properties": { "source": "VALDIVIA", "target": "BARBOSA", "distance": 0.5, "betweenness": 0.00071023057783928441, "weight": 0.10071023057783929 }, "geometry": { "type": "LineString", "coordinates": [ [ -75.439274, 7.1652 ], [ -75.331627, 6.439195 ] ] } },
{ "type": "Feature", "properties": { "source": "VALDIVIA", "target": "ZARAGOZA", "distance": 1.0, "betweenness": 4.6685340802987859e-05, "weight": 0.10004668534080299 }, "geometry": { "type": "LineString", "coordinates": [ [ -75.439274, 7.1652 ], [ -74.867075, 7.488583 ] ] } },
{ "type": "Feature", "properties": { "source": "VALDIVIA", "target": "SANTO DOMINGO", "distance": 0.5, "betweenness": 0.00067101468508383357, "weight": 0.10067101468508384 }, "geometry": { "type": "LineString", "coordinates": [ [ -75.439274, 7.1652 ], [ -75.164903, 6.473032 ] ] } },
{ "type": "Feature", "properties": { "source": "VALDIVIA", "target": "SAN JERÓNIMO", "distance": 1.0, "betweenness": 0.0, "weight": 0.1 }, "geometry": { "type": "LineString", "coordinates": [ [ -75.439274, 7.1652 ], [ -75.726975, 6.44809 ] ] } },
{ "type": "Feature", "properties": { "source": "VALDIVIA", "target": "GIRALDO", "distance": 1.0, "betweenness": 0.0, "weight": 0.1 }, "geometry": { "type": "LineString", "coordinates": [ [ -75.439274, 7.1652 ], [ -75.952158, 6.680808 ] ] } },
{ "type": "Feature", "properties": { "source": "VALDIVIA", "target": "SANTA FÉ DE ANTIOQUIA", "distance": 1.0, "betweenness": 0.0, "weight": 0.1 }, "geometry": { "type": "LineString", "coordinates": [ [ -75.439274, 7.1652 ], [ -75.826648, 6.556484 ] ] } },
{ "type": "Feature", "properties": { "source": "VALDIVIA", "target": "CAUCASIA", "distance": 1.0, "betweenness": 0.0070583279040438672, "weight": 0.10705832790404388 }, "geometry": { "type": "LineString", "coordinates": [ [ -75.439274, 7.1652 ], [ -75.197996, 7.977278 ] ] } },
{ "type": "Feature", "properties": { "source": "VALDIVIA", "target": "REMEDIOS", "distance": 1.0, "betweenness": 1.0004001600640255e-05, "weight": 0.10001000400160065 }, "geometry": { "type": "LineString", "coordinates": [ [ -75.439274, 7.1652 ], [ -74.698135, 7.029424 ] ] } },
{ "type": "Feature", "properties": { "source": "SABANALARGA", "target": "BURITICÁ", "distance": 0.5, "betweenness": 0.00015172735760971053, "weight": 0.10015172735760972 }, "geometry": { "type": "LineString", "coordinates": [ [ -75.816645, 6.850028 ], [ -75.907, 6.720759 ] ] } },
{ "type": "Feature", "properties": { "source": "SABANALARGA", "target": "ANZÁ", "distance": 0.5, "betweenness": 0.00055771881402133495, "weight": 0.10055771881402134 }, "geometry": { "type": "LineString", "coordinates": [ [ -75.816645, 6.850028 ], [ -75.854442, 6.302641 ] ] } },
{ "type": "Feature", "properties": { "source": "SABANALARGA", "target": "SAN PEDRO DE LOS MILAGROS", "distance": 0.5, "betweenness": 0.00088190404366874969, "weight": 0.10088190404366876 }, "geometry": { "type": "LineString", "coordinates": [ [ -75.816645, 6.850028 ], [ -75.556743, 6.46012 ] ] } },
{ "type": "Feature", "properties": { "source": "SABANALARGA", "target": "CAICEDO", "distance": 0.5, "betweenness": 0.00021797607932061712, "weight": 0.10021797607932062 }, "geometry": { "type": "LineString", "coordinates": [ [ -75.816645, 6.850028 ], [ -75.98293, 6.405607 ] ] } },
{ "type": "Feature", "properties": { "source": "SABANALARGA", "target": "SAN ANDRÉS DE CUERQUÍA", "distance": 0.5, "betweenness": 0.00014005602240896358, "weight": 0.10014005602240897 }, "geometry": { "type": "LineString", "coordinates": [ [ -75.816645, 6.850028 ], [ -75.674564, 6.916676 ] ] } },
{ "type": "Feature", "properties": { "source": "SABANALARGA", "target": "PEQUE", "distance": 0.5, "betweenness": 0.00015172735760971053, "weight": 0.10015172735760972 }, "geometry": { "type": "LineString", "coordinates": [ [ -75.816645, 6.850028 ], [ -75.910357, 7.021029 ] ] } },
{ "type": "Feature", "properties": { "source": "SABANALARGA", "target": "URRAO", "distance": 0.5, "betweenness": 0.00060368591881196918, "weight": 0.10060368591881197 }, "geometry": { "type": "LineString", "coordinates": [ [ -75.816645, 6.850028 ], [ -76.133951, 6.317343 ] ] } },
{ "type": "Feature", "properties": { "source": "SABANALARGA", "target": "CAROLINA", "distance": 0.5, "betweenness": 0.00070572245992414043, "weight": 0.10070572245992415 }, "geometry": { "type": "LineString", "coordinates": [ [ -75.816645, 6.850028 ], [ -75.283192, 6.725995 ] ] } },
{ "type": "Feature", "properties": { "source": "SABANALARGA", "target": "ABRIAQUÍ", "distance": 0.5, "betweenness": 0.000445845004668534, "weight": 0.10044584500466854 }, "geometry": { "type": "LineString", "coordinates": [ [ -75.816645, 6.850028 ], [ -76.064304, 6.632282 ] ] } },
{ "type": "Feature", "properties": { "source": "SABANALARGA", "target": "DABEIBA", "distance": 0.5, "betweenness": 0.00016573295985060693, "weight": 0.10016573295985061 }, "geometry": { "type": "LineString", "coordinates": [ [ -75.816645, 6.850028 ], [ -76.261614, 6.998112 ] ] } },
{ "type": "Feature", "properties": { "source": "SABANALARGA", "target": "URAMITA", "distance": 0.5, "betweenness": 0.00017040149393090571, "weight": 0.10017040149393092 }, "geometry": { "type": "LineString", "coordinates": [ [ -75.816645, 6.850028 ], [ -76.173284, 6.898393 ] ] } },
{ "type": "Feature", "properties": { "source": "SABANALARGA", "target": "FRONTINO", "distance": 0.5, "betweenness": 0.00051587301587301582, "weight": 0.10051587301587302 }, "geometry": { "type": "LineString", "coordinates": [ [ -75.816645, 6.850028 ], [ -76.130765, 6.776066 ] ] } },
{ "type": "Feature", "properties": { "source": "SABANALARGA", "target": "ENTRERRÍOS", "distance": 0.5, "betweenness": 0.00047507464524271237, "weight": 0.10047507464524272 }, "geometry": { "type": "LineString", "coordinates": [ [ -75.816645, 6.850028 ], [ -75.517685, 6.566273 ] ] } },
{ "type": "Feature", "properties": { "source": "SABANALARGA", "target": "TOLEDO", "distance": 0.5, "betweenness": 0.00014005602240896358, "weight": 0.10014005602240897 }, "geometry": { "type": "LineString", "coordinates": [ [ -75.816645, 6.850028 ], [ -75.692281, 7.010328 ] ] } },
{ "type": "Feature", "properties": { "source": "SABANALARGA", "target": "GÓMEZ PLATA", "distance": 0.5, "betweenness": 0.00035441527038165691, "weight": 0.10035441527038166 }, "geometry": { "type": "LineString", "coordinates": [ [ -75.816645, 6.850028 ], [ -75.220018, 6.683269 ] ] } },
{ "type": "Feature", "properties": { "source": "SABANALARGA", "target": "GUADALUPE", "distance": 0.5, "betweenness": 0.00033574113406046176, "weight": 0.10033574113406046 }, "geometry": { "type": "LineString", "coordinates": [ [ -75.816645, 6.850028 ], [ -75.239862, 6.815069 ] ] } },
{ "type": "Feature", "properties": { "source": "SABANALARGA", "target": "EBÉJICO", "distance": 0.5, "betweenness": 0.00026093343320234073, "weight": 0.10026093343320235 }, "geometry": { "type": "LineString", "coordinates": [ [ -75.816645, 6.850028 ], [ -75.766413, 6.325615 ] ] } },
{ "type": "Feature", "properties": { "source": "SABANALARGA", "target": "CAÑASGORDAS", "distance": 0.5, "betweenness": 0.000445845004668534, "weight": 0.10044584500466854 }, "geometry": { "type": "LineString", "coordinates": [ [ -75.816645, 6.850028 ], [ -76.028228, 6.753859 ] ] } },
{ "type": "Feature", "properties": { "source": "SABANALARGA", "target": "GIRARDOTA", "distance": 0.5, "betweenness": 0.00027374411302982728, "weight": 0.10027374411302983 }, "geometry": { "type": "LineString", "coordinates": [ [ -75.816645, 6.850028 ], [ -75.444238, 6.379472 ] ] } },
{ "type": "Feature", "properties": { "source": "SABANALARGA", "target": "SAN JERÓNIMO", "distance": 0.5, "betweenness": 0.00040337930043812386, "weight": 0.10040337930043813 }, "geometry": { "type": "LineString", "coordinates": [ [ -75.816645, 6.850028 ], [ -75.726975, 6.44809 ] ] } },
{ "type": "Feature", "properties": { "source": "SABANALARGA", "target": "DONMATÍAS", "distance": 0.5, "betweenness": 0.001190916537555193, "weight": 0.1011909165375552 }, "geometry": { "type": "LineString", "coordinates": [ [ -75.816645, 6.850028 ], [ -75.39263, 6.485603 ] ] } },
{ "type": "Feature", "properties": { "source": "SABANALARGA", "target": "BELMIRA", "distance": 0.5, "betweenness": 0.00016578426242291785, "weight": 0.10016578426242292 }, "geometry": { "type": "LineString", "coordinates": [ [ -75.816645, 6.850028 ], [ -75.667779, 6.606319 ] ] } },
{ "type": "Feature", "properties": { "source": "SABANALARGA", "target": "HELICONIA", "distance": 0.5, "betweenness": 0.00040449085617152834, "weight": 0.10040449085617154 }, "geometry": { "type": "LineString", "coordinates": [ [ -75.816645, 6.850028 ], [ -75.734322, 6.206757 ] ] } },
{ "type": "Feature", "properties": { "source": "SABANALARGA", "target": "SAN JOSÉ DE LA MONTAÑA", "distance": 0.5, "betweenness": 0.00021008403361344536, "weight": 0.10021008403361345 }, "geometry": { "type": "LineString", "coordinates": [ [ -75.816645, 6.850028 ], [ -75.683352, 6.85009 ] ] } },
{ "type": "Feature", "properties": { "source": "SABANALARGA", "target": "MEDELLÍN", "distance": 0.5, "betweenness": 0.00047451886737601005, "weight": 0.10047451886737602 }, "geometry": { "type": "LineString", "coordinates": [ [ -75.816645, 6.850028 ], [ -75.581775, 6.246631 ] ] } },
{ "type": "Feature", "properties": { "source": "SABANALARGA", "target": "BARBOSA", "distance": 0.5, "betweenness": 0.00034325721238721721, "weight": 0.10034325721238722 }, "geometry": { "type": "LineString", "coordinates": [ [ -75.816645, 6.850028 ], [ -75.331627, 6.439195 ] ] } },
{ "type": "Feature", "properties": { "source": "SABANALARGA", "target": "SANTA FÉ DE ANTIOQUIA", "distance": 0.5, "betweenness": 0.00019779706754496668, "weight": 0.10019779706754497 }, "geometry": { "type": "LineString", "coordinates": [ [ -75.816645, 6.850028 ], [ -75.826648, 6.556484 ] ] } },
{ "type": "Feature", "properties": { "source": "SABANALARGA", "target": "MUTATÁ", "distance": 0.5, "betweenness": 0.00029178338001867408, "weight": 0.10029178338001868 }, "geometry": { "type": "LineString", "coordinates": [ [ -75.816645, 6.850028 ], [ -76.435875, 7.242875 ] ] } },
{ "type": "Feature", "properties": { "source": "SABANALARGA", "target": "BETULIA", "distance": 0.5, "betweenness": 0.00048769080281685313, "weight": 0.10048769080281686 }, "geometry": { "type": "LineString", "coordinates": [ [ -75.816645, 6.850028 ], [ -75.984452, 6.115208 ] ] } },
{ "type": "Feature", "properties": { "source": "SABANALARGA", "target": "SOPETRÁN", "distance": 0.5, "betweenness": 0.00025331927642852005, "weight": 0.10025331927642853 }, "geometry": { "type": "LineString", "coordinates": [ [ -75.816645, 6.850028 ], [ -75.747378, 6.500745 ] ] } },
{ "type": "Feature", "properties": { "source": "SABANALARGA", "target": "BELLO", "distance": 0.5, "betweenness": 0.00042633292633292624, "weight": 0.10042633292633293 }, "geometry": { "type": "LineString", "coordinates": [ [ -75.816645, 6.850028 ], [ -75.555245, 6.333587 ] ] } },
{ "type": "Feature", "properties": { "source": "SABANALARGA", "target": "BRICEÑO", "distance": 0.5, "betweenness": 0.00015756302521008402, "weight": 0.10015756302521009 }, "geometry": { "type": "LineString", "coordinates": [ [ -75.816645, 6.850028 ], [ -75.55036, 7.112803 ] ] } },
{ "type": "Feature", "properties": { "source": "SABANALARGA", "target": "COPACABANA", "distance": 0.5, "betweenness": 0.0003874284756637697, "weight": 0.10038742847566377 }, "geometry": { "type": "LineString", "coordinates": [ [ -75.816645, 6.850028 ], [ -75.509384, 6.348557 ] ] } },
{ "type": "Feature", "properties": { "source": "SABANALARGA", "target": "TARAZÁ", "distance": 0.5, "betweenness": 0.00031138762694620333, "weight": 0.10031138762694621 }, "geometry": { "type": "LineString", "coordinates": [ [ -75.816645, 6.850028 ], [ -75.401407, 7.580127 ] ] } },
{ "type": "Feature", "properties": { "source": "SABANALARGA", "target": "GIRALDO", "distance": 0.5, "betweenness": 0.00021008403361344536, "weight": 0.10021008403361345 }, "geometry": { "type": "LineString", "coordinates": [ [ -75.816645, 6.850028 ], [ -75.952158, 6.680808 ] ] } },
{ "type": "Feature", "properties": { "source": "SABANALARGA", "target": "SAN VICENTE FERRER", "distance": 0.5, "betweenness": 0.00036836529483588292, "weight": 0.10036836529483589 }, "geometry": { "type": "LineString", "coordinates": [ [ -75.816645, 6.850028 ], [ -75.332616, 6.282164 ] ] } },
{ "type": "Feature", "properties": { "source": "SABANALARGA", "target": "OLAYA", "distance": 0.5, "betweenness": 0.00015322368263544735, "weight": 0.10015322368263545 }, "geometry": { "type": "LineString", "coordinates": [ [ -75.816645, 6.850028 ], [ -75.811773, 6.626492 ] ] } },
{ "type": "Feature", "properties": { "source": "SABANALARGA", "target": "GUARNE", "distance": 0.5, "betweenness": 0.00079297958499639169, "weight": 0.1007929795849964 }, "geometry": { "type": "LineString", "coordinates": [ [ -75.816645, 6.850028 ], [ -75.441612, 6.27787 ] ] } },
{ "type": "Feature", "properties": { "source": "BRICEÑO", "target": "SAN ANDRÉS DE CUERQUÍA", "distance": 0.5, "betweenness": 0.00034235916588857765, "weight": 0.10034235916588859 }, "geometry": { "type": "LineString", "coordinates": [ [ -75.55036, 7.112803 ], [ -75.674564, 6.916676 ] ] } },
{ "type": "Feature", "properties": { "source": "BRICEÑO", "target": "CAÑASGORDAS", "distance": 0.5, "betweenness": 0.00045751633986928098, "weight": 0.10045751633986928 }, "geometry": { "type": "LineString", "coordinates": [ [ -75.55036, 7.112803 ], [ -76.028228, 6.753859 ] ] } },
{ "type": "Feature", "properties": { "source": "BRICEÑO", "target": "PEQUE", "distance": 0.5, "betweenness": 0.00022408963585434174, "weight": 0.10022408963585434 }, "geometry": { "type": "LineString", "coordinates": [ [ -75.55036, 7.112803 ], [ -75.910357, 7.021029 ] ] } },
{ "type": "Feature", "properties": { "source": "BRICEÑO", "target": "GÓMEZ PLATA", "distance": 0.5, "betweenness": 0.00030728958249966659, "weight": 0.10030728958249967 }, "geometry": { "type": "LineString", "coordinates": [ [ -75.55036, 7.112803 ], [ -75.220018, 6.683269 ] ] } },
{ "type": "Feature", "properties": { "source": "BRICEÑO", "target": "BELMIRA", "distance": 0.5, "betweenness": 0.00053899337512782874, "weight": 0.10053899337512784 }, "geometry": { "type": "LineString", "coordinates": [ [ -75.55036, 7.112803 ], [ -75.667779, 6.606319 ] ] } },
{ "type": "Feature", "properties": { "source": "BRICEÑO", "target": "DABEIBA", "distance": 0.5, "betweenness": 0.00020074696545284779, "weight": 0.10020074696545285 }, "geometry": { "type": "LineString", "coordinates": [ [ -75.55036, 7.112803 ], [ -76.261614, 6.998112 ] ] } },
{ "type": "Feature", "properties": { "source": "BRICEÑO", "target": "BURITICÁ", "distance": 0.5, "betweenness": 0.00022075496865412832, "weight": 0.10022075496865414 }, "geometry": { "type": "LineString", "coordinates": [ [ -75.55036, 7.112803 ], [ -75.907, 6.720759 ] ] } },
{ "type": "Feature", "properties": { "source": "BRICEÑO", "target": "SAN PEDRO DE LOS MILAGROS", "distance": 0.5, "betweenness": 0.00072028811524609828, "weight": 0.10072028811524611 }, "geometry": { "type": "LineString", "coordinates": [ [ -75.55036, 7.112803 ], [ -75.556743, 6.46012 ] ] } },
{ "type": "Feature", "properties": { "source": "BRICEÑO", "target": "SOPETRÁN", "distance": 0.5, "betweenness": 0.00028261304521808722, "weight": 0.1002826130452181 }, "geometry": { "type": "LineString", "coordinates": [ [ -75.55036, 7.112803 ], [ -75.747378, 6.500745 ] ] } },
{ "type": "Feature", "properties": { "source": "BRICEÑO", "target": "ENTRERRÍOS", "distance": 0.5, "betweenness": 0.00047519007603041196, "weight": 0.10047519007603042 }, "geometry": { "type": "LineString", "coordinates": [ [ -75.55036, 7.112803 ], [ -75.517685, 6.566273 ] ] } },
{ "type": "Feature", "properties": { "source": "BRICEÑO", "target": "TARAZÁ", "distance": 0.5, "betweenness": 0.00026887062014348224, "weight": 0.10026887062014349 }, "geometry": { "type": "LineString", "coordinates": [ [ -75.55036, 7.112803 ], [ -75.401407, 7.580127 ] ] } },
{ "type": "Feature", "properties": { "source": "BRICEÑO", "target": "GUADALUPE", "distance": 0.5, "betweenness": 0.00033124360855453288, "weight": 0.10033124360855454 }, "geometry": { "type": "LineString", "coordinates": [ [ -75.55036, 7.112803 ], [ -75.239862, 6.815069 ] ] } },
{ "type": "Feature", "properties": { "source": "BRICEÑO", "target": "FRONTINO", "distance": 0.5, "betweenness": 0.00056255835667600373, "weight": 0.100562558356676 }, "geometry": { "type": "LineString", "coordinates": [ [ -75.55036, 7.112803 ], [ -76.130765, 6.776066 ] ] } },
{ "type": "Feature", "properties": { "source": "BRICEÑO", "target": "GIRALDO", "distance": 0.5, "betweenness": 0.00031512605042016803, "weight": 0.10031512605042017 }, "geometry": { "type": "LineString", "coordinates": [ [ -75.55036, 7.112803 ], [ -75.952158, 6.680808 ] ] } },
{ "type": "Feature", "properties": { "source": "BRICEÑO", "target": "CAROLINA", "distance": 0.5, "betweenness": 0.00056039082299586495, "weight": 0.10056039082299587 }, "geometry": { "type": "LineString", "coordinates": [ [ -75.55036, 7.112803 ], [ -75.283192, 6.725995 ] ] } },
{ "type": "Feature", "properties": { "source": "BRICEÑO", "target": "TOLEDO", "distance": 0.5, "betweenness": 0.00015406162464985996, "weight": 0.10015406162464986 }, "geometry": { "type": "LineString", "coordinates": [ [ -75.55036, 7.112803 ], [ -75.692281, 7.010328 ] ] } },
{ "type": "Feature", "properties": { "source": "BRICEÑO", "target": "URAMITA", "distance": 0.5, "betweenness": 0.00019374416433239961, "weight": 0.10019374416433241 }, "geometry": { "type": "LineString", "coordinates": [ [ -75.55036, 7.112803 ], [ -76.173284, 6.898393 ] ] } },
{ "type": "Feature", "properties": { "source": "BRICEÑO", "target": "OLAYA", "distance": 0.5, "betweenness": 0.00016784491574407538, "weight": 0.10016784491574408 }, "geometry": { "type": "LineString", "coordinates": [ [ -75.55036, 7.112803 ], [ -75.811773, 6.626492 ] ] } },
{ "type": "Feature", "properties": { "source": "BRICEÑO", "target": "DONMATÍAS", "distance": 0.5, "betweenness": 0.0014264038948912897, "weight": 0.1014264038948913 }, "geometry": { "type": "LineString", "coordinates": [ [ -75.55036, 7.112803 ], [ -75.39263, 6.485603 ] ] } },
{ "type": "Feature", "properties": { "source": "BRICEÑO", "target": "SAN JERÓNIMO", "distance": 0.5, "betweenness": 0.0005662264905962383, "weight": 0.10056622649059624 }, "geometry": { "type": "LineString", "coordinates": [ [ -75.55036, 7.112803 ], [ -75.726975, 6.44809 ] ] } },
{ "type": "Feature", "properties": { "source": "BRICEÑO", "target": "SAN JOSÉ DE LA MONTAÑA", "distance": 0.5, "betweenness": 0.00015561780267662621, "weight": 0.10015561780267664 }, "geometry": { "type": "LineString", "coordinates": [ [ -75.55036, 7.112803 ], [ -75.683352, 6.85009 ] ] } },
{ "type": "Feature", "properties": { "source": "BRICEÑO", "target": "SANTA FÉ DE ANTIOQUIA", "distance": 0.5, "betweenness": 0.00031579298386021071, "weight": 0.10031579298386022 }, "geometry": { "type": "LineString", "coordinates": [ [ -75.55036, 7.112803 ], [ -75.826648, 6.556484 ] ] } },
{ "type": "Feature", "properties": { "source": "BRICEÑO", "target": "CÁCERES", "distance": 0.5, "betweenness": 0.00059707216219821268, "weight": 0.10059707216219822 }, "geometry": { "type": "LineString", "coordinates": [ [ -75.55036, 7.112803 ], [ -75.35205, 7.578366 ] ] } },
{ "type": "Feature", "properties": { "source": "BRICEÑO", "target": "BARBOSA", "distance": 0.5, "betweenness": 0.00051705322651936572, "weight": 0.10051705322651937 }, "geometry": { "type": "LineString", "coordinates": [ [ -75.55036, 7.112803 ], [ -75.331627, 6.439195 ] ] } },
{ "type": "Feature", "properties": { "source": "BRICEÑO", "target": "ABRIAQUÍ", "distance": 0.5, "betweenness": 0.00066760037348272637, "weight": 0.10066760037348273 }, "geometry": { "type": "LineString", "coordinates": [ [ -75.55036, 7.112803 ], [ -76.064304, 6.632282 ] ] } },
{ "type": "Feature", "properties": { "source": "BRICEÑO", "target": "YOLOMBÓ", "distance": 0.5, "betweenness": 0.00032090614023387137, "weight": 0.10032090614023388 }, "geometry": { "type": "LineString", "coordinates": [ [ -75.55036, 7.112803 ], [ -75.013385, 6.594511 ] ] } },
{ "type": "Feature", "properties": { "source": "BRICEÑO", "target": "SANTO DOMINGO", "distance": 0.5, "betweenness": 0.00046513049664310155, "weight": 0.1004651304966431 }, "geometry": { "type": "LineString", "coordinates": [ [ -75.55036, 7.112803 ], [ -75.164903, 6.473032 ] ] } },
{ "type": "Feature", "properties": { "source": "BRICEÑO", "target": "GIRARDOTA", "distance": 0.5, "betweenness": 0.00034466564403539188, "weight": 0.10034466564403539 }, "geometry": { "type": "LineString", "coordinates": [ [ -75.55036, 7.112803 ], [ -75.444238, 6.379472 ] ] } },
{ "type": "Feature", "properties": { "source": "BRICEÑO", "target": "BELLO", "distance": 0.5, "betweenness": 0.00089302387621715336, "weight": 0.10089302387621715 }, "geometry": { "type": "LineString", "coordinates": [ [ -75.55036, 7.112803 ], [ -75.555245, 6.333587 ] ] } },
{ "type": "Feature", "properties": { "source": "BRICEÑO", "target": "MUTATÁ", "distance": 0.5, "betweenness": 0.0002941176470588235, "weight": 0.10029411764705883 }, "geometry": { "type": "LineString", "coordinates": [ [ -75.55036, 7.112803 ], [ -76.435875, 7.242875 ] ] } },
{ "type": "Feature", "properties": { "source": "BRICEÑO", "target": "COPACABANA", "distance": 1.0, "betweenness": 0.0, "weight": 0.1 }, "geometry": { "type": "LineString", "coordinates": [ [ -75.55036, 7.112803 ], [ -75.509384, 6.348557 ] ] } },
{ "type": "Feature", "properties": { "source": "BRICEÑO", "target": "VEGACHÍ", "distance": 1.0, "betweenness": 0.0, "weight": 0.1 }, "geometry": { "type": "LineString", "coordinates": [ [ -75.55036, 7.112803 ], [ -74.798714, 6.773525 ] ] } },
{ "type": "Feature", "properties": { "source": "PEQUE", "target": "DABEIBA", "distance": 0.5, "betweenness": 0.00032679738562091496, "weight": 0.10032679738562092 }, "geometry": { "type": "LineString", "coordinates": [ [ -75.910357, 7.021029 ], [ -76.261614, 6.998112 ] ] } },
{ "type": "Feature", "properties": { "source": "PEQUE", "target": "BURITICÁ", "distance": 0.5, "betweenness": 0.00042016806722689073, "weight": 0.10042016806722689 }, "geometry": { "type": "LineString", "coordinates": [ [ -75.910357, 7.021029 ], [ -75.907, 6.720759 ] ] } },
{ "type": "Feature", "properties": { "source": "PEQUE", "target": "ABRIAQUÍ", "distance": 0.5, "betweenness": 0.0, "weight": 0.1 }, "geometry": { "type": "LineString", "coordinates": [ [ -75.910357, 7.021029 ], [ -76.064304, 6.632282 ] ] } },
{ "type": "Feature", "properties": { "source": "PEQUE", "target": "URRAO", "distance": 0.5, "betweenness": 0.00028011204481792715, "weight": 0.10028011204481793 }, "geometry": { "type": "LineString", "coordinates": [ [ -75.910357, 7.021029 ], [ -76.133951, 6.317343 ] ] } },
{ "type": "Feature", "properties": { "source": "PEQUE", "target": "SAN ANDRÉS DE CUERQUÍA", "distance": 0.5, "betweenness": 0.00021008403361344536, "weight": 0.10021008403361345 }, "geometry": { "type": "LineString", "coordinates": [ [ -75.910357, 7.021029 ], [ -75.674564, 6.916676 ] ] } },
{ "type": "Feature", "properties": { "source": "PEQUE", "target": "CAICEDO", "distance": 0.5, "betweenness": 0.00032679738562091501, "weight": 0.10032679738562092 }, "geometry": { "type": "LineString", "coordinates": [ [ -75.910357, 7.021029 ], [ -75.98293, 6.405607 ] ] } },
{ "type": "Feature", "properties": { "source": "PEQUE", "target": "MUTATÁ", "distance": 0.33333333333333331, "betweenness": 0.0015406162464985994, "weight": 0.1015406162464986 }, "geometry": { "type": "LineString", "coordinates": [ [ -75.910357, 7.021029 ], [ -76.435875, 7.242875 ] ] } },
{ "type": "Feature", "properties": { "source": "PEQUE", "target": "FRONTINO", "distance": 0.33333333333333331, "betweenness": 0.0014273487172646836, "weight": 0.10142734871726469 }, "geometry": { "type": "LineString", "coordinates": [ [ -75.910357, 7.021029 ], [ -76.130765, 6.776066 ] ] } },
{ "type": "Feature", "properties": { "source": "PEQUE", "target": "ENTRERRÍOS", "distance": 0.5, "betweenness": 0.00024898848428260188, "weight": 0.10024898848428261 }, "geometry": { "type": "LineString", "coordinates": [ [ -75.910357, 7.021029 ], [ -75.517685, 6.566273 ] ] } },
{ "type": "Feature", "properties": { "source": "PEQUE", "target": "SANTA FÉ DE ANTIOQUIA", "distance": 0.5, "betweenness": 0.00064025610244097635, "weight": 0.10064025610244098 }, "geometry": { "type": "LineString", "coordinates": [ [ -75.910357, 7.021029 ], [ -75.826648, 6.556484 ] ] } },
{ "type": "Feature", "properties": { "source": "PEQUE", "target": "SAN JOSÉ DE LA MONTAÑA", "distance": 0.5, "betweenness": 0.00017613105848399965, "weight": 0.10017613105848401 }, "geometry": { "type": "LineString", "coordinates": [ [ -75.910357, 7.021029 ], [ -75.683352, 6.85009 ] ] } },
{ "type": "Feature", "properties": { "source": "PEQUE", "target": "CAÑASGORDAS", "distance": 0.5, "betweenness": 0.00039098972922502331, "weight": 0.10039098972922503 }, "geometry": { "type": "LineString", "coordinates": [ [ -75.910357, 7.021029 ], [ -76.028228, 6.753859 ] ] } },
{ "type": "Feature", "properties": { "source": "PEQUE", "target": "SOPETRÁN", "distance": 0.33333333333333331, "betweenness": 0.00098506069094304372, "weight": 0.10098506069094305 }, "geometry": { "type": "LineString", "coordinates": [ [ -75.910357, 7.021029 ], [ -75.747378, 6.500745 ] ] } },
{ "type": "Feature", "properties": { "source": "PEQUE", "target": "URAMITA", "distance": 0.5, "betweenness": 0.00014472455648926235, "weight": 0.10014472455648926 }, "geometry": { "type": "LineString", "coordinates": [ [ -75.910357, 7.021029 ], [ -76.173284, 6.898393 ] ] } },
{ "type": "Feature", "properties": { "source": "PEQUE", "target": "GIRALDO", "distance": 0.5, "betweenness": 0.0002801120448179271, "weight": 0.10028011204481793 }, "geometry": { "type": "LineString", "coordinates": [ [ -75.910357, 7.021029 ], [ -75.952158, 6.680808 ] ] } },
{ "type": "Feature", "properties": { "source": "PEQUE", "target": "SAN JERÓNIMO", "distance": 0.5, "betweenness": 0.00023576097105508869, "weight": 0.10023576097105509 }, "geometry": { "type": "LineString", "coordinates": [ [ -75.910357, 7.021029 ], [ -75.726975, 6.44809 ] ] } },
{ "type": "Feature", "properties": { "source": "PEQUE", "target": "BELMIRA", "distance": 0.33333333333333331, "betweenness": 0.00059290382819794597, "weight": 0.10059290382819795 }, "geometry": { "type": "LineString", "coordinates": [ [ -75.910357, 7.021029 ], [ -75.667779, 6.606319 ] ] } },
{ "type": "Feature", "properties": { "source": "PEQUE", "target": "TARAZÁ", "distance": 0.5, "betweenness": 0.0011890033791294296, "weight": 0.10118900337912944 }, "geometry": { "type": "LineString", "coordinates": [ [ -75.910357, 7.021029 ], [ -75.401407, 7.580127 ] ] } },
{ "type": "Feature", "properties": { "source": "PEQUE", "target": "OLAYA", "distance": 0.5, "betweenness": 0.00044068132303426416, "weight": 0.10044068132303427 }, "geometry": { "type": "LineString", "coordinates": [ [ -75.910357, 7.021029 ], [ -75.811773, 6.626492 ] ] } },
{ "type": "Feature", "properties": { "source": "PEQUE", "target": "TOLEDO", "distance": 0.5, "betweenness": 0.00014005602240896358, "weight": 0.10014005602240897 }, "geometry": { "type": "LineString", "coordinates": [ [ -75.910357, 7.021029 ], [ -75.692281, 7.010328 ] ] } },
{ "type": "Feature", "properties": { "source": "PEQUE", "target": "SAN PEDRO DE LOS MILAGROS", "distance": 0.5, "betweenness": 0.00055244319950202298, "weight": 0.10055244319950203 }, "geometry": { "type": "LineString", "coordinates": [ [ -75.910357, 7.021029 ], [ -75.556743, 6.46012 ] ] } },
{ "type": "Feature", "properties": { "source": "PEQUE", "target": "CAROLINA", "distance": 0.5, "betweenness": 0.00042016806722689073, "weight": 0.10042016806722689 }, "geometry": { "type": "LineString", "coordinates": [ [ -75.910357, 7.021029 ], [ -75.283192, 6.725995 ] ] } },
{ "type": "Feature", "properties": { "source": "PEQUE", "target": "GUADALUPE", "distance": 0.33333333333333331, "betweenness": 0.0024867724867724864, "weight": 0.10248677248677249 }, "geometry": { "type": "LineString", "coordinates": [ [ -75.910357, 7.021029 ], [ -75.239862, 6.815069 ] ] } },
{ "type": "Feature", "properties": { "source": "PEQUE", "target": "EBÉJICO", "distance": 0.5, "betweenness": 0.00050420168067226889, "weight": 0.10050420168067227 }, "geometry": { "type": "LineString", "coordinates": [ [ -75.910357, 7.021029 ], [ -75.766413, 6.325615 ] ] } },
{ "type": "Feature", "properties": { "source": "PEQUE", "target": "ANZÁ", "distance": 0.25, "betweenness": 0.0095238095238095229, "weight": 0.10952380952380952 }, "geometry": { "type": "LineString", "coordinates": [ [ -75.910357, 7.021029 ], [ -75.854442, 6.302641 ] ] } },
{ "type": "Feature", "properties": { "source": "PEQUE", "target": "MEDELLÍN", "distance": 0.5, "betweenness": 0.0005174291938997821, "weight": 0.10051742919389979 }, "geometry": { "type": "LineString", "coordinates": [ [ -75.910357, 7.021029 ], [ -75.581775, 6.246631 ] ] } },
{ "type": "Feature", "properties": { "source": "PEQUE", "target": "MURINDÓ", "distance": 0.5, "betweenness": 0.0017468045165966437, "weight": 0.10174680451659665 }, "geometry": { "type": "LineString", "coordinates": [ [ -75.910357, 7.021029 ], [ -76.817485, 6.97771 ] ] } },
{ "type": "Feature", "properties": { "source": "PEQUE", "target": "BELLO", "distance": 0.5, "betweenness": 0.0003135698723934018, "weight": 0.10031356987239341 }, "geometry": { "type": "LineString", "coordinates": [ [ -75.910357, 7.021029 ], [ -75.555245, 6.333587 ] ] } },
{ "type": "Feature", "properties": { "source": "PEQUE", "target": "DONMATÍAS", "distance": 0.5, "betweenness": 0.00068549642079053833, "weight": 0.10068549642079054 }, "geometry": { "type": "LineString", "coordinates": [ [ -75.910357, 7.021029 ], [ -75.39263, 6.485603 ] ] } },
{ "type": "Feature", "properties": { "source": "PEQUE", "target": "GÓMEZ PLATA", "distance": 0.5, "betweenness": 0.00037288892165053149, "weight": 0.10037288892165054 }, "geometry": { "type": "LineString", "coordinates": [ [ -75.910357, 7.021029 ], [ -75.220018, 6.683269 ] ] } },
{ "type": "Feature", "properties": { "source": "PEQUE", "target": "GIRARDOTA", "distance": 0.5, "betweenness": 0.00038279200569116522, "weight": 0.10038279200569117 }, "geometry": { "type": "LineString", "coordinates": [ [ -75.910357, 7.021029 ], [ -75.444238, 6.379472 ] ] } },
{ "type": "Feature", "properties": { "source": "PEQUE", "target": "COPACABANA", "distance": 0.5, "betweenness": 0.00038337557245120258, "weight": 0.10038337557245121 }, "geometry": { "type": "LineString", "coordinates": [ [ -75.910357, 7.021029 ], [ -75.509384, 6.348557 ] ] } },
{ "type": "Feature", "properties": { "source": "CAÑASGORDAS", "target": "BURITICÁ", "distance": 0.5, "betweenness": 0.00014005602240896358, "weight": 0.10014005602240897 }, "geometry": { "type": "LineString", "coordinates": [ [ -76.028228, 6.753859 ], [ -75.907, 6.720759 ] ] } },
{ "type": "Feature", "properties": { "source": "CAÑASGORDAS", "target": "URRAO", "distance": 0.5, "betweenness": 0.00028011204481792715, "weight": 0.10028011204481793 }, "geometry": { "type": "LineString", "coordinates": [ [ -76.028228, 6.753859 ], [ -76.133951, 6.317343 ] ] } },
{ "type": "Feature", "properties": { "source": "CAÑASGORDAS", "target": "SAN ANDRÉS DE CUERQUÍA", "distance": 0.5, "betweenness": 0.00021008403361344536, "weight": 0.10021008403361345 }, "geometry": { "type": "LineString", "coordinates": [ [ -76.028228, 6.753859 ], [ -75.674564, 6.916676 ] ] } },
{ "type": "Feature", "properties": { "source": "CAÑASGORDAS", "target": "FRONTINO", "distance": 0.5, "betweenness": 0.00014005602240896358, "weight": 0.10014005602240897 }, "geometry": { "type": "LineString", "coordinates": [ [ -76.028228, 6.753859 ], [ -76.130765, 6.776066 ] ] } },
{ "type": "Feature", "properties": { "source": "CAÑASGORDAS", "target": "DABEIBA", "distance": 0.33333333333333331, "betweenness": 0.0012279911964785915, "weight": 0.1012279911964786 }, "geometry": { "type": "LineString", "coordinates": [ [ -76.028228, 6.753859 ], [ -76.261614, 6.998112 ] ] } },
{ "type": "Feature", "properties": { "source": "CAÑASGORDAS", "target": "SOPETRÁN", "distance": 0.5, "betweenness": 0.00015172735760971053, "weight": 0.10015172735760972 }, "geometry": { "type": "LineString", "coordinates": [ [ -76.028228, 6.753859 ], [ -75.747378, 6.500745 ] ] } },
{ "type": "Feature", "properties": { "source": "CAÑASGORDAS", "target": "ABRIAQUÍ", "distance": 0.33333333333333331, "betweenness": 0.00084033613445378145, "weight": 0.10084033613445378 }, "geometry": { "type": "LineString", "coordinates": [ [ -76.028228, 6.753859 ], [ -76.064304, 6.632282 ] ] } },
{ "type": "Feature", "properties": { "source": "CAÑASGORDAS", "target": "URAMITA", "distance": 0.5, "betweenness": 0.00014005602240896358, "weight": 0.10014005602240897 }, "geometry": { "type": "LineString", "coordinates": [ [ -76.028228, 6.753859 ], [ -76.173284, 6.898393 ] ] } },
{ "type": "Feature", "properties": { "source": "CAÑASGORDAS", "target": "SAN PEDRO DE LOS MILAGROS", "distance": 0.5, "betweenness": 0.00054271708683473381, "weight": 0.10054271708683474 }, "geometry": { "type": "LineString", "coordinates": [ [ -76.028228, 6.753859 ], [ -75.556743, 6.46012 ] ] } },
{ "type": "Feature", "properties": { "source": "CAÑASGORDAS", "target": "MUTATÁ", "distance": 0.5, "betweenness": 0.0, "weight": 0.1 }, "geometry": { "type": "LineString", "coordinates": [ [ -76.028228, 6.753859 ], [ -76.435875, 7.242875 ] ] } },
{ "type": "Feature", "properties": { "source": "CAÑASGORDAS", "target": "SANTA FÉ DE ANTIOQUIA", "distance": 0.5, "betweenness": 0.00014005602240896358, "weight": 0.10014005602240897 }, "geometry": { "type": "LineString", "coordinates": [ [ -76.028228, 6.753859 ], [ -75.826648, 6.556484 ] ] } },
{ "type": "Feature", "properties": { "source": "CAÑASGORDAS", "target": "ANZÁ", "distance": 0.33333333333333331, "betweenness": 0.0005602240896358543, "weight": 0.10056022408963586 }, "geometry": { "type": "LineString", "coordinates": [ [ -76.028228, 6.753859 ], [ -75.854442, 6.302641 ] ] } },
{ "type": "Feature", "properties": { "source": "CAÑASGORDAS", "target": "VIGÍA DEL FUERTE", "distance": 0.5, "betweenness": 0.0013085501580311263, "weight": 0.10130855015803113 }, "geometry": { "type": "LineString", "coordinates": [ [ -76.028228, 6.753859 ], [ -76.896004, 6.588164 ] ] } },
{ "type": "Feature", "properties": { "source": "CAÑASGORDAS", "target": "BELMIRA", "distance": 0.5, "betweenness": 0.00014005602240896358, "weight": 0.10014005602240897 }, "geometry": { "type": "LineString", "coordinates": [ [ -76.028228, 6.753859 ], [ -75.667779, 6.606319 ] ] } },
{ "type": "Feature", "properties": { "source": "CAÑASGORDAS", "target": "CAICEDO", "distance": 0.5, "betweenness": 0.00014005602240896358, "weight": 0.10014005602240897 }, "geometry": { "type": "LineString", "coordinates": [ [ -76.028228, 6.753859 ], [ -75.98293, 6.405607 ] ] } },
{ "type": "Feature", "properties": { "source": "CAÑASGORDAS", "target": "EBÉJICO", "distance": 0.5, "betweenness": 0.00018674136321195143, "weight": 0.10018674136321196 }, "geometry": { "type": "LineString", "coordinates": [ [ -76.028228, 6.753859 ], [ -75.766413, 6.325615 ] ] } },
{ "type": "Feature", "properties": { "source": "CAÑASGORDAS", "target": "BETULIA", "distance": 0.33333333333333331, "betweenness": 0.00088702147525676926, "weight": 0.10088702147525677 }, "geometry": { "type": "LineString", "coordinates": [ [ -76.028228, 6.753859 ], [ -75.984452, 6.115208 ] ] } },
{ "type": "Feature", "properties": { "source": "CAÑASGORDAS", "target": "ENTRERRÍOS", "distance": 0.5, "betweenness": 0.00026260504201680671, "weight": 0.10026260504201681 }, "geometry": { "type": "LineString", "coordinates": [ [ -76.028228, 6.753859 ], [ -75.517685, 6.566273 ] ] } },
{ "type": "Feature", "properties": { "source": "CAÑASGORDAS", "target": "BELLO", "distance": 0.5, "betweenness": 0.00027922785275726449, "weight": 0.10027922785275727 }, "geometry": { "type": "LineString", "coordinates": [ [ -76.028228, 6.753859 ], [ -75.555245, 6.333587 ] ] } },
{ "type": "Feature", "properties": { "source": "CAÑASGORDAS", "target": "SAN JOSÉ DE LA MONTAÑA", "distance": 0.5, "betweenness": 0.00015278838808250569, "weight": 0.10015278838808252 }, "geometry": { "type": "LineString", "coordinates": [ [ -76.028228, 6.753859 ], [ -75.683352, 6.85009 ] ] } },
{ "type": "Feature", "properties": { "source": "CAÑASGORDAS", "target": "MEDELLÍN", "distance": 0.5, "betweenness": 0.00020424836601307187, "weight": 0.10020424836601308 }, "geometry": { "type": "LineString", "coordinates": [ [ -76.028228, 6.753859 ], [ -75.581775, 6.246631 ] ] } },
{ "type": "Feature", "properties": { "source": "CAÑASGORDAS", "target": "DONMATÍAS", "distance": 0.5, "betweenness": 0.00050770308123249293, "weight": 0.1005077030812325 }, "geometry": { "type": "LineString", "coordinates": [ [ -76.028228, 6.753859 ], [ -75.39263, 6.485603 ] ] } },
{ "type": "Feature", "properties": { "source": "CAÑASGORDAS", "target": "SAN JERÓNIMO", "distance": 0.5, "betweenness": 0.00021241830065359479, "weight": 0.1002124183006536 }, "geometry": { "type": "LineString", "coordinates": [ [ -76.028228, 6.753859 ], [ -75.726975, 6.44809 ] ] } },
{ "type": "Feature", "properties": { "source": "CAÑASGORDAS", "target": "OLAYA", "distance": 0.5, "betweenness": 0.00016552075375604784, "weight": 0.10016552075375605 }, "geometry": { "type": "LineString", "coordinates": [ [ -76.028228, 6.753859 ], [ -75.811773, 6.626492 ] ] } },
{ "type": "Feature", "properties": { "source": "CAÑASGORDAS", "target": "MURINDÓ", "distance": 0.5, "betweenness": 0.00131611469680908, "weight": 0.10131611469680908 }, "geometry": { "type": "LineString", "coordinates": [ [ -76.028228, 6.753859 ], [ -76.817485, 6.97771 ] ] } },
{ "type": "Feature", "properties": { "source": "CAÑASGORDAS", "target": "GIRALDO", "distance": 0.5, "betweenness": 0.00014005602240896358, "weight": 0.10014005602240897 }, "geometry": { "type": "LineString", "coordinates": [ [ -76.028228, 6.753859 ], [ -75.952158, 6.680808 ] ] } },
{ "type": "Feature", "properties": { "source": "CAÑASGORDAS", "target": "TOLEDO", "distance": 0.5, "betweenness": 0.00014005602240896358, "weight": 0.10014005602240897 }, "geometry": { "type": "LineString", "coordinates": [ [ -76.028228, 6.753859 ], [ -75.692281, 7.010328 ] ] } },
{ "type": "Feature", "properties": { "source": "CAÑASGORDAS", "target": "CONCORDIA", "distance": 0.5, "betweenness": 0.00021008403361344536, "weight": 0.10021008403361345 }, "geometry": { "type": "LineString", "coordinates": [ [ -76.028228, 6.753859 ], [ -75.908448, 6.045738 ] ] } },
{ "type": "Feature", "properties": { "source": "CAÑASGORDAS", "target": "ANGELÓPOLIS", "distance": 0.25, "betweenness": 0.0083333333333333332, "weight": 0.10833333333333334 }, "geometry": { "type": "LineString", "coordinates": [ [ -76.028228, 6.753859 ], [ -75.711389, 6.109719 ] ] } },
{ "type": "Feature", "properties": { "source": "CAÑASGORDAS", "target": "ARMENIA", "distance": 0.5, "betweenness": 0.00020674936641323195, "weight": 0.10020674936641323 }, "geometry": { "type": "LineString", "coordinates": [ [ -76.028228, 6.753859 ], [ -75.786647, 6.155667 ] ] } },
{ "type": "Feature", "properties": { "source": "CAÑASGORDAS", "target": "COPACABANA", "distance": 0.5, "betweenness": 0.00026316081988350893, "weight": 0.10026316081988351 }, "geometry": { "type": "LineString", "coordinates": [ [ -76.028228, 6.753859 ], [ -75.509384, 6.348557 ] ] } },
{ "type": "Feature", "properties": { "source": "CAÑASGORDAS", "target": "HELICONIA", "distance": 0.5, "betweenness": 0.00017406962785114044, "weight": 0.10017406962785115 }, "geometry": { "type": "LineString", "coordinates": [ [ -76.028228, 6.753859 ], [ -75.734322, 6.206757 ] ] } },
{ "type": "Feature", "properties": { "source": "CAÑASGORDAS", "target": "TITIRIBÍ", "distance": 1.0, "betweenness": 0.0, "weight": 0.1 }, "geometry": { "type": "LineString", "coordinates": [ [ -76.028228, 6.753859 ], [ -75.791887, 6.062391 ] ] } },
{ "type": "Feature", "properties": { "source": "CAÑASGORDAS", "target": "GIRARDOTA", "distance": 0.5, "betweenness": 0.00030984616068649673, "weight": 0.1003098461606865 }, "geometry": { "type": "LineString", "coordinates": [ [ -76.028228, 6.753859 ], [ -75.444238, 6.379472 ] ] } },
{ "type": "Feature", "properties": { "source": "CAÑASGORDAS", "target": "SALGAR", "distance": 0.5, "betweenness": 0.00016339869281045751, "weight": 0.10016339869281046 }, "geometry": { "type": "LineString", "coordinates": [ [ -76.028228, 6.753859 ], [ -75.976807, 5.964198 ] ] } },
{ "type": "Feature", "properties": { "source": "CAÑASGORDAS", "target": "CAROLINA", "distance": 0.33333333333333331, "betweenness": 0.0022083833533413362, "weight": 0.10220838335334134 }, "geometry": { "type": "LineString", "coordinates": [ [ -76.028228, 6.753859 ], [ -75.283192, 6.725995 ] ] } },
{ "type": "Feature", "properties": { "source": "TOLEDO", "target": "FRONTINO", "distance": 0.5, "betweenness": 0.00020308123249299721, "weight": 0.100203081232493 }, "geometry": { "type": "LineString", "coordinates": [ [ -75.692281, 7.010328 ], [ -76.130765, 6.776066 ] ] } },
{ "type": "Feature", "properties": { "source": "TOLEDO", "target": "CAROLINA", "distance": 0.5, "betweenness": 0.00067916055311013272, "weight": 0.10067916055311014 }, "geometry": { "type": "LineString", "coordinates": [ [ -75.692281, 7.010328 ], [ -75.283192, 6.725995 ] ] } },
{ "type": "Feature", "properties": { "source": "TOLEDO", "target": "SANTA FÉ DE ANTIOQUIA", "distance": 0.5, "betweenness": 0.00015006002400960383, "weight": 0.10015006002400961 }, "geometry": { "type": "LineString", "coordinates": [ [ -75.692281, 7.010328 ], [ -75.826648, 6.556484 ] ] } },
{ "type": "Feature", "properties": { "source": "TOLEDO", "target": "ABRIAQUÍ", "distance": 0.33333333333333331, "betweenness": 0.0015686274509803919, "weight": 0.1015686274509804 }, "geometry": { "type": "LineString", "coordinates": [ [ -75.692281, 7.010328 ], [ -76.064304, 6.632282 ] ] } },
{ "type": "Feature", "properties": { "source": "TOLEDO", "target": "DONMATÍAS", "distance": 0.5, "betweenness": 0.00097483437819572251, "weight": 0.10097483437819572 }, "geometry": { "type": "LineString", "coordinates": [ [ -75.692281, 7.010328 ], [ -75.39263, 6.485603 ] ] } },
{ "type": "Feature", "properties": { "source": "TOLEDO", "target": "DABEIBA", "distance": 0.5, "betweenness": 0.00014005602240896358, "weight": 0.10014005602240897 }, "geometry": { "type": "LineString", "coordinates": [ [ -75.692281, 7.010328 ], [ -76.261614, 6.998112 ] ] } },
{ "type": "Feature", "properties": { "source": "TOLEDO", "target": "URRAO", "distance": 0.33333333333333331, "betweenness": 0.0035449735449735449, "weight": 0.10354497354497355 }, "geometry": { "type": "LineString", "coordinates": [ [ -75.692281, 7.010328 ], [ -76.133951, 6.317343 ] ] } },
{ "type": "Feature", "properties": { "source": "TOLEDO", "target": "URAMITA", "distance": 0.5, "betweenness": 0.00014472455648926235, "weight": 0.10014472455648926 }, "geometry": { "type": "LineString", "coordinates": [ [ -75.692281, 7.010328 ], [ -76.173284, 6.898393 ] ] } },
{ "type": "Feature", "properties": { "source": "TOLEDO", "target": "GUADALUPE", "distance": 0.5, "betweenness": 0.00032679738562091501, "weight": 0.10032679738562092 }, "geometry": { "type": "LineString", "coordinates": [ [ -75.692281, 7.010328 ], [ -75.239862, 6.815069 ] ] } },
{ "type": "Feature", "properties": { "source": "TOLEDO", "target": "ENTRERRÍOS", "distance": 0.5, "betweenness": 0.00044729002712195977, "weight": 0.10044729002712197 }, "geometry": { "type": "LineString", "coordinates": [ [ -75.692281, 7.010328 ], [ -75.517685, 6.566273 ] ] } },
{ "type": "Feature", "properties": { "source": "TOLEDO", "target": "SAN ANDRÉS DE CUERQUÍA", "distance": 0.5, "betweenness": 0.00028011204481792715, "weight": 0.10028011204481793 }, "geometry": { "type": "LineString", "coordinates": [ [ -75.692281, 7.010328 ], [ -75.674564, 6.916676 ] ] } },
{ "type": "Feature", "properties": { "source": "TOLEDO", "target": "GÓMEZ PLATA", "distance": 0.5, "betweenness": 0.00028233515628473617, "weight": 0.10028233515628474 }, "geometry": { "type": "LineString", "coordinates": [ [ -75.692281, 7.010328 ], [ -75.220018, 6.683269 ] ] } },
{ "type": "Feature", "properties": { "source": "TOLEDO", "target": "SAN PEDRO DE LOS MILAGROS", "distance": 0.5, "betweenness": 0.00054532924280823434, "weight": 0.10054532924280823 }, "geometry": { "type": "LineString", "coordinates": [ [ -75.692281, 7.010328 ], [ -75.556743, 6.46012 ] ] } },
{ "type": "Feature", "properties": { "source": "TOLEDO", "target": "CAICEDO", "distance": 0.5, "betweenness": 0.00014005602240896358, "weight": 0.10014005602240897 }, "geometry": { "type": "LineString", "coordinates": [ [ -75.692281, 7.010328 ], [ -75.98293, 6.405607 ] ] } },
{ "type": "Feature", "properties": { "source": "TOLEDO", "target": "GIRALDO", "distance": 0.5, "betweenness": 0.00014005602240896358, "weight": 0.10014005602240897 }, "geometry": { "type": "LineString", "coordinates": [ [ -75.692281, 7.010328 ], [ -75.952158, 6.680808 ] ] } },
{ "type": "Feature", "properties": { "source": "TOLEDO", "target": "OLAYA", "distance": 0.5, "betweenness": 0.00014783691254279489, "weight": 0.1001478369125428 }, "geometry": { "type": "LineString", "coordinates": [ [ -75.692281, 7.010328 ], [ -75.811773, 6.626492 ] ] } },
{ "type": "Feature", "properties": { "source": "TOLEDO", "target": "BURITICÁ", "distance": 0.5, "betweenness": 0.00014005602240896358, "weight": 0.10014005602240897 }, "geometry": { "type": "LineString", "coordinates": [ [ -75.692281, 7.010328 ], [ -75.907, 6.720759 ] ] } },
{ "type": "Feature", "properties": { "source": "TOLEDO", "target": "MUTATÁ", "distance": 0.5, "betweenness": 0.0, "weight": 0.1 }, "geometry": { "type": "LineString", "coordinates": [ [ -75.692281, 7.010328 ], [ -76.435875, 7.242875 ] ] } },
{ "type": "Feature", "properties": { "source": "TOLEDO", "target": "TARAZÁ", "distance": 0.5, "betweenness": 0.00032889462974732372, "weight": 0.10032889462974733 }, "geometry": { "type": "LineString", "coordinates": [ [ -75.692281, 7.010328 ], [ -75.401407, 7.580127 ] ] } },
{ "type": "Feature", "properties": { "source": "TOLEDO", "target": "BELMIRA", "distance": 0.5, "betweenness": 0.00015006002400960383, "weight": 0.10015006002400961 }, "geometry": { "type": "LineString", "coordinates": [ [ -75.692281, 7.010328 ], [ -75.667779, 6.606319 ] ] } },
{ "type": "Feature", "properties": { "source": "TOLEDO", "target": "GIRARDOTA", "distance": 0.5, "betweenness": 0.00028875439064514693, "weight": 0.10028875439064515 }, "geometry": { "type": "LineString", "coordinates": [ [ -75.692281, 7.010328 ], [ -75.444238, 6.379472 ] ] } },
{ "type": "Feature", "properties": { "source": "TOLEDO", "target": "SAN JOSÉ DE LA MONTAÑA", "distance": 0.5, "betweenness": 0.00018674136321195143, "weight": 0.10018674136321196 }, "geometry": { "type": "LineString", "coordinates": [ [ -75.692281, 7.010328 ], [ -75.683352, 6.85009 ] ] } },
{ "type": "Feature", "properties": { "source": "TOLEDO", "target": "BELLO", "distance": 0.5, "betweenness": 0.00036559068071673103, "weight": 0.10036559068071674 }, "geometry": { "type": "LineString", "coordinates": [ [ -75.692281, 7.010328 ], [ -75.555245, 6.333587 ] ] } },
{ "type": "Feature", "properties": { "source": "TOLEDO", "target": "SAN JERÓNIMO", "distance": 0.5, "betweenness": 0.00030567782668623007, "weight": 0.10030567782668623 }, "geometry": { "type": "LineString", "coordinates": [ [ -75.692281, 7.010328 ], [ -75.726975, 6.44809 ] ] } },
{ "type": "Feature", "properties": { "source": "TOLEDO", "target": "SOPETRÁN", "distance": 0.5, "betweenness": 0.00023564981548174828, "weight": 0.10023564981548175 }, "geometry": { "type": "LineString", "coordinates": [ [ -75.692281, 7.010328 ], [ -75.747378, 6.500745 ] ] } },
{ "type": "Feature", "properties": { "source": "TOLEDO", "target": "EBÉJICO", "distance": 1.0, "betweenness": 0.0, "weight": 0.1 }, "geometry": { "type": "LineString", "coordinates": [ [ -75.692281, 7.010328 ], [ -75.766413, 6.325615 ] ] } },
{ "type": "Feature", "properties": { "source": "TOLEDO", "target": "BARBOSA", "distance": 0.5, "betweenness": 0.0004166241660062717, "weight": 0.10041662416600627 }, "geometry": { "type": "LineString", "coordinates": [ [ -75.692281, 7.010328 ], [ -75.331627, 6.439195 ] ] } },
{ "type": "Feature", "properties": { "source": "TOLEDO", "target": "COPACABANA", "distance": 0.5, "betweenness": 0.00036559068071673103, "weight": 0.10036559068071674 }, "geometry": { "type": "LineString", "coordinates": [ [ -75.692281, 7.010328 ], [ -75.509384, 6.348557 ] ] } },
{ "type": "Feature", "properties": { "source": "TOLEDO", "target": "ANZÁ", "distance": 0.5, "betweenness": 0.00043017206882753096, "weight": 0.10043017206882754 }, "geometry": { "type": "LineString", "coordinates": [ [ -75.692281, 7.010328 ], [ -75.854442, 6.302641 ] ] } },
{ "type": "Feature", "properties": { "source": "TOLEDO", "target": "MEDELLÍN", "distance": 1.0, "betweenness": 0.0, "weight": 0.1 }, "geometry": { "type": "LineString", "coordinates": [ [ -75.692281, 7.010328 ], [ -75.581775, 6.246631 ] ] } },
{ "type": "Feature", "properties": { "source": "SAN JOSÉ DE LA MONTAÑA", "target": "ABRIAQUÍ", "distance": 0.5, "betweenness": 0.00043290043290043285, "weight": 0.10043290043290044 }, "geometry": { "type": "LineString", "coordinates": [ [ -75.683352, 6.85009 ], [ -76.064304, 6.632282 ] ] } },
{ "type": "Feature", "properties": { "source": "SAN JOSÉ DE LA MONTAÑA", "target": "SAN ANDRÉS DE CUERQUÍA", "distance": 0.5, "betweenness": 0.00014005602240896358, "weight": 0.10014005602240897 }, "geometry": { "type": "LineString", "coordinates": [ [ -75.683352, 6.85009 ], [ -75.674564, 6.916676 ] ] } },
{ "type": "Feature", "properties": { "source": "SAN JOSÉ DE LA MONTAÑA", "target": "DABEIBA", "distance": 0.5, "betweenness": 0.00022281639928698748, "weight": 0.100222816399287 }, "geometry": { "type": "LineString", "coordinates": [ [ -75.683352, 6.85009 ], [ -76.261614, 6.998112 ] ] } },
{ "type": "Feature", "properties": { "source": "SAN JOSÉ DE LA MONTAÑA", "target": "FRONTINO", "distance": 0.5, "betweenness": 0.00033619508409424368, "weight": 0.10033619508409425 }, "geometry": { "type": "LineString", "coordinates": [ [ -75.683352, 6.85009 ], [ -76.130765, 6.776066 ] ] } },
{ "type": "Feature", "properties": { "source": "SAN JOSÉ DE LA MONTAÑA", "target": "ENTRERRÍOS", "distance": 0.5, "betweenness": 0.00019140989729225024, "weight": 0.10019140989729225 }, "geometry": { "type": "LineString", "coordinates": [ [ -75.683352, 6.85009 ], [ -75.517685, 6.566273 ] ] } },
{ "type": "Feature", "properties": { "source": "SAN JOSÉ DE LA MONTAÑA", "target": "BELLO", "distance": 0.5, "betweenness": 0.00016940109377084164, "weight": 0.10016940109377084 }, "geometry": { "type": "LineString", "coordinates": [ [ -75.683352, 6.85009 ], [ -75.555245, 6.333587 ] ] } },
{ "type": "Feature", "properties": { "source": "SAN JOSÉ DE LA MONTAÑA", "target": "CAICEDO", "distance": 0.5, "betweenness": 0.00022281639928698748, "weight": 0.100222816399287 }, "geometry": { "type": "LineString", "coordinates": [ [ -75.683352, 6.85009 ], [ -75.98293, 6.405607 ] ] } },
{ "type": "Feature", "properties": { "source": "SAN JOSÉ DE LA MONTAÑA", "target": "GIRARDOTA", "distance": 0.5, "betweenness": 0.0001838235294117647, "weight": 0.10018382352941177 }, "geometry": { "type": "LineString", "coordinates": [ [ -75.683352, 6.85009 ], [ -75.444238, 6.379472 ] ] } },
{ "type": "Feature", "properties": { "source": "SAN JOSÉ DE LA MONTAÑA", "target": "BARBOSA", "distance": 0.5, "betweenness": 0.00017163728236392593, "weight": 0.10017163728236393 }, "geometry": { "type": "LineString", "coordinates": [ [ -75.683352, 6.85009 ], [ -75.331627, 6.439195 ] ] } },
{ "type": "Feature", "properties": { "source": "SAN JOSÉ DE LA MONTAÑA", "target": "DONMATÍAS", "distance": 0.5, "betweenness": 0.00044017607042817129, "weight": 0.10044017607042818 }, "geometry": { "type": "LineString", "coordinates": [ [ -75.683352, 6.85009 ], [ -75.39263, 6.485603 ] ] } },
{ "type": "Feature", "properties": { "source": "SAN JOSÉ DE LA MONTAÑA", "target": "CONCEPCIÓN", "distance": 0.5, "betweenness": 0.00017083756579554897, "weight": 0.10017083756579555 }, "geometry": { "type": "LineString", "coordinates": [ [ -75.683352, 6.85009 ], [ -75.257587, 6.394348 ] ] } },
{ "type": "Feature", "properties": { "source": "SAN JOSÉ DE LA MONTAÑA", "target": "CAROLINA", "distance": 0.33333333333333331, "betweenness": 0.0010844337735094033, "weight": 0.10108443377350941 }, "geometry": { "type": "LineString", "coordinates": [ [ -75.683352, 6.85009 ], [ -75.283192, 6.725995 ] ] } },
{ "type": "Feature", "properties": { "source": "SAN JOSÉ DE LA MONTAÑA", "target": "GÓMEZ PLATA", "distance": 0.5, "betweenness": 0.00014005602240896358, "weight": 0.10014005602240897 }, "geometry": { "type": "LineString", "coordinates": [ [ -75.683352, 6.85009 ], [ -75.220018, 6.683269 ] ] } },
{ "type": "Feature", "properties": { "source": "SAN JOSÉ DE LA MONTAÑA", "target": "GUARNE", "distance": 0.5, "betweenness": 0.00028511404561824724, "weight": 0.10028511404561825 }, "geometry": { "type": "LineString", "coordinates": [ [ -75.683352, 6.85009 ], [ -75.441612, 6.27787 ] ] } },
{ "type": "Feature", "properties": { "source": "SAN JOSÉ DE LA MONTAÑA", "target": "SAN PEDRO DE LOS MILAGROS", "distance": 0.5, "betweenness": 0.00020808323329331733, "weight": 0.10020808323329332 }, "geometry": { "type": "LineString", "coordinates": [ [ -75.683352, 6.85009 ], [ -75.556743, 6.46012 ] ] } },
{ "type": "Feature", "properties": { "source": "SAN JOSÉ DE LA MONTAÑA", "target": "ANZÁ", "distance": 0.5, "betweenness": 0.00018674136321195143, "weight": 0.10018674136321196 }, "geometry": { "type": "LineString", "coordinates": [ [ -75.683352, 6.85009 ], [ -75.854442, 6.302641 ] ] } },
{ "type": "Feature", "properties": { "source": "SAN JOSÉ DE LA MONTAÑA", "target": "BELMIRA", "distance": 0.33333333333333331, "betweenness": 0.00090869681205815603, "weight": 0.10090869681205816 }, "geometry": { "type": "LineString", "coordinates": [ [ -75.683352, 6.85009 ], [ -75.667779, 6.606319 ] ] } },
{ "type": "Feature", "properties": { "source": "SAN JOSÉ DE LA MONTAÑA", "target": "SANTA FÉ DE ANTIOQUIA", "distance": 0.5, "betweenness": 0.00023282040088762774, "weight": 0.10023282040088763 }, "geometry": { "type": "LineString", "coordinates": [ [ -75.683352, 6.85009 ], [ -75.826648, 6.556484 ] ] } },
{ "type": "Feature", "properties": { "source": "SAN JOSÉ DE LA MONTAÑA", "target": "GIRALDO", "distance": 0.5, "betweenness": 0.00016006402561024409, "weight": 0.10016006402561024 }, "geometry": { "type": "LineString", "coordinates": [ [ -75.683352, 6.85009 ], [ -75.952158, 6.680808 ] ] } },
{ "type": "Feature", "properties": { "source": "SAN JOSÉ DE LA MONTAÑA", "target": "SANTO DOMINGO", "distance": 0.5, "betweenness": 0.00017340269441109773, "weight": 0.10017340269441111 }, "geometry": { "type": "LineString", "coordinates": [ [ -75.683352, 6.85009 ], [ -75.164903, 6.473032 ] ] } },
{ "type": "Feature", "properties": { "source": "SAN JOSÉ DE LA MONTAÑA", "target": "YOLOMBÓ", "distance": 0.33333333333333331, "betweenness": 0.002340436174469788, "weight": 0.10234043617446979 }, "geometry": { "type": "LineString", "coordinates": [ [ -75.683352, 6.85009 ], [ -75.013385, 6.594511 ] ] } },
{ "type": "Feature", "properties": { "source": "SAN JOSÉ DE LA MONTAÑA", "target": "OLAYA", "distance": 0.5, "betweenness": 0.00021786492374727668, "weight": 0.10021786492374728 }, "geometry": { "type": "LineString", "coordinates": [ [ -75.683352, 6.85009 ], [ -75.811773, 6.626492 ] ] } },
{ "type": "Feature", "properties": { "source": "SAN JOSÉ DE LA MONTAÑA", "target": "SAN VICENTE FERRER", "distance": 0.5, "betweenness": 0.00016006402561024409, "weight": 0.10016006402561024 }, "geometry": { "type": "LineString", "coordinates": [ [ -75.683352, 6.85009 ], [ -75.332616, 6.282164 ] ] } },
{ "type": "Feature", "properties": { "source": "SAN JOSÉ DE LA MONTAÑA", "target": "BURITICÁ", "distance": 0.5, "betweenness": 0.00022281639928698748, "weight": 0.100222816399287 }, "geometry": { "type": "LineString", "coordinates": [ [ -75.683352, 6.85009 ], [ -75.907, 6.720759 ] ] } },
{ "type": "Feature", "properties": { "source": "SAN JOSÉ DE LA MONTAÑA", "target": "URRAO", "distance": 0.5, "betweenness": 0.00033286041689403029, "weight": 0.10033286041689403 }, "geometry": { "type": "LineString", "coordinates": [ [ -75.683352, 6.85009 ], [ -76.133951, 6.317343 ] ] } },
{ "type": "Feature", "properties": { "source": "SAN JOSÉ DE LA MONTAÑA", "target": "GUADALUPE", "distance": 0.5, "betweenness": 0.00028711484593837533, "weight": 0.10028711484593839 }, "geometry": { "type": "LineString", "coordinates": [ [ -75.683352, 6.85009 ], [ -75.239862, 6.815069 ] ] } },
{ "type": "Feature", "properties": { "source": "SAN JOSÉ DE LA MONTAÑA", "target": "MEDELLÍN", "distance": 0.5, "betweenness": 0.00017173536081099104, "weight": 0.10017173536081099 }, "geometry": { "type": "LineString", "coordinates": [ [ -75.683352, 6.85009 ], [ -75.581775, 6.246631 ] ] } },
{ "type": "Feature", "properties": { "source": "SAN JOSÉ DE LA MONTAÑA", "target": "EBÉJICO", "distance": 0.5, "betweenness": 0.00022408963585434174, "weight": 0.10022408963585434 }, "geometry": { "type": "LineString", "coordinates": [ [ -75.683352, 6.85009 ], [ -75.766413, 6.325615 ] ] } },
{ "type": "Feature", "properties": { "source": "SAN JOSÉ DE LA MONTAÑA", "target": "URAMITA", "distance": 0.5, "betweenness": 0.00015745692216280447, "weight": 0.10015745692216281 }, "geometry": { "type": "LineString", "coordinates": [ [ -75.683352, 6.85009 ], [ -76.173284, 6.898393 ] ] } },
{ "type": "Feature", "properties": { "source": "SAN JOSÉ DE LA MONTAÑA", "target": "SAN JERÓNIMO", "distance": 0.5, "betweenness": 0.00019140989729225024, "weight": 0.10019140989729225 }, "geometry": { "type": "LineString", "coordinates": [ [ -75.683352, 6.85009 ], [ -75.726975, 6.44809 ] ] } },
{ "type": "Feature", "properties": { "source": "SAN JOSÉ DE LA MONTAÑA", "target": "COPACABANA", "distance": 0.5, "betweenness": 0.00017740429505135386, "weight": 0.10017740429505136 }, "geometry": { "type": "LineString", "coordinates": [ [ -75.683352, 6.85009 ], [ -75.509384, 6.348557 ] ] } },
{ "type": "Feature", "properties": { "source": "SAN JOSÉ DE LA MONTAÑA", "target": "TARAZÁ", "distance": 0.5, "betweenness": 0.00069063077719775669, "weight": 0.10069063077719777 }, "geometry": { "type": "LineString", "coordinates": [ [ -75.683352, 6.85009 ], [ -75.401407, 7.580127 ] ] } },
{ "type": "Feature", "properties": { "source": "SAN JOSÉ DE LA MONTAÑA", "target": "SOPETRÁN", "distance": 0.5, "betweenness": 0.00016339869281045751, "weight": 0.10016339869281046 }, "geometry": { "type": "LineString", "coordinates": [ [ -75.683352, 6.85009 ], [ -75.747378, 6.500745 ] ] } },
{ "type": "Feature", "properties": { "source": "SAN JOSÉ DE LA MONTAÑA", "target": "CISNEROS", "distance": 0.5, "betweenness": 0.00021008403361344536, "weight": 0.10021008403361345 }, "geometry": { "type": "LineString", "coordinates": [ [ -75.683352, 6.85009 ], [ -75.087047, 6.537829 ] ] } },
{ "type": "Feature", "properties": { "source": "SAN JOSÉ DE LA MONTAÑA", "target": "MUTATÁ", "distance": 1.0, "betweenness": 0.0, "weight": 0.1 }, "geometry": { "type": "LineString", "coordinates": [ [ -75.683352, 6.85009 ], [ -76.435875, 7.242875 ] ] } },
{ "type": "Feature", "properties": { "source": "SAN JOSÉ DE LA MONTAÑA", "target": "HELICONIA", "distance": 0.33333333333333331, "betweenness": 0.0016463251967453647, "weight": 0.10164632519674537 }, "geometry": { "type": "LineString", "coordinates": [ [ -75.683352, 6.85009 ], [ -75.734322, 6.206757 ] ] } },
{ "type": "Feature", "properties": { "source": "SAN JOSÉ DE LA MONTAÑA", "target": "RIONEGRO", "distance": 0.5, "betweenness": 0.00018340669601173799, "weight": 0.10018340669601174 }, "geometry": { "type": "LineString", "coordinates": [ [ -75.683352, 6.85009 ], [ -75.377316, 6.147148 ] ] } },
{ "type": "Feature", "properties": { "source": "SAN JOSÉ DE LA MONTAÑA", "target": "BETULIA", "distance": 0.33333333333333331, "betweenness": 0.001907596371882086, "weight": 0.1019075963718821 }, "geometry": { "type": "LineString", "coordinates": [ [ -75.683352, 6.85009 ], [ -75.984452, 6.115208 ] ] } },
{ "type": "Feature", "properties": { "source": "SAN JOSÉ DE LA MONTAÑA", "target": "ENVIGADO", "distance": 0.5, "betweenness": 0.00034347072162198213, "weight": 0.10034347072162199 }, "geometry": { "type": "LineString", "coordinates": [ [ -75.683352, 6.85009 ], [ -75.582192, 6.166695 ] ] } },
{ "type": "Feature", "properties": { "source": "SAN JOSÉ DE LA MONTAÑA", "target": "ITAGÜÍ", "distance": 0.5, "betweenness": 0.00027330932372949179, "weight": 0.10027330932372949 }, "geometry": { "type": "LineString", "coordinates": [ [ -75.683352, 6.85009 ], [ -75.612056, 6.175079 ] ] } },
{ "type": "Feature", "properties": { "source": "SAN JOSÉ DE LA MONTAÑA", "target": "ANGELÓPOLIS", "distance": 0.5, "betweenness": 0.00044184340402827799, "weight": 0.10044184340402829 }, "geometry": { "type": "LineString", "coordinates": [ [ -75.683352, 6.85009 ], [ -75.711389, 6.109719 ] ] } },
{ "type": "Feature", "properties": { "source": "SAN JOSÉ DE LA MONTAÑA", "target": "SAN ROQUE", "distance": 1.0, "betweenness": 0.0, "weight": 0.1 }, "geometry": { "type": "LineString", "coordinates": [ [ -75.683352, 6.85009 ], [ -75.019109, 6.485939 ] ] } },
{ "type": "Feature", "properties": { "source": "SAN JOSÉ DE LA MONTAÑA", "target": "LA ESTRELLA", "distance": 1.0, "betweenness": 0.0, "weight": 0.1 }, "geometry": { "type": "LineString", "coordinates": [ [ -75.683352, 6.85009 ], [ -75.637708, 6.145238 ] ] } },
{ "type": "Feature", "properties": { "source": "GUADALUPE", "target": "BELMIRA", "distance": 0.5, "betweenness": 0.00037792894935752074, "weight": 0.10037792894935753 }, "geometry": { "type": "LineString", "coordinates": [ [ -75.239862, 6.815069 ], [ -75.667779, 6.606319 ] ] } },
{ "type": "Feature", "properties": { "source": "GUADALUPE", "target": "YOLOMBÓ", "distance": 0.5, "betweenness": 0.00016339869281045751, "weight": 0.10016339869281046 }, "geometry": { "type": "LineString", "coordinates": [ [ -75.239862, 6.815069 ], [ -75.013385, 6.594511 ] ] } },
{ "type": "Feature", "properties": { "source": "GUADALUPE", "target": "YALÍ", "distance": 0.5, "betweenness": 0.00024218020541549954, "weight": 0.1002421802054155 }, "geometry": { "type": "LineString", "coordinates": [ [ -75.239862, 6.815069 ], [ -74.840059, 6.676554 ] ] } },
{ "type": "Feature", "properties": { "source": "GUADALUPE", "target": "BARBOSA", "distance": 0.5, "betweenness": 0.00018058530601783193, "weight": 0.10018058530601784 }, "geometry": { "type": "LineString", "coordinates": [ [ -75.239862, 6.815069 ], [ -75.331627, 6.439195 ] ] } },
{ "type": "Feature", "properties": { "source": "GUADALUPE", "target": "VEGACHÍ", "distance": 0.5, "betweenness": 0.0002707749766573296, "weight": 0.10027077497665733 }, "geometry": { "type": "LineString", "coordinates": [ [ -75.239862, 6.815069 ], [ -74.798714, 6.773525 ] ] } },
{ "type": "Feature", "properties": { "source": "GUADALUPE", "target": "ENTRERRÍOS", "distance": 0.5, "betweenness": 0.0003824307500778089, "weight": 0.10038243075007781 }, "geometry": { "type": "LineString", "coordinates": [ [ -75.239862, 6.815069 ], [ -75.517685, 6.566273 ] ] } },
{ "type": "Feature", "properties": { "source": "GUADALUPE", "target": "SANTO DOMINGO", "distance": 0.5, "betweenness": 0.00020063580987950735, "weight": 0.10020063580987951 }, "geometry": { "type": "LineString", "coordinates": [ [ -75.239862, 6.815069 ], [ -75.164903, 6.473032 ] ] } },
{ "type": "Feature", "properties": { "source": "GUADALUPE", "target": "BELLO", "distance": 0.5, "betweenness": 0.00030306567071272948, "weight": 0.10030306567071273 }, "geometry": { "type": "LineString", "coordinates": [ [ -75.239862, 6.815069 ], [ -75.555245, 6.333587 ] ] } },
{ "type": "Feature", "properties": { "source": "GUADALUPE", "target": "DONMATÍAS", "distance": 0.5, "betweenness": 0.00053327391562685679, "weight": 0.10053327391562686 }, "geometry": { "type": "LineString", "coordinates": [ [ -75.239862, 6.815069 ], [ -75.39263, 6.485603 ] ] } },
{ "type": "Feature", "properties": { "source": "GUADALUPE", "target": "CONCEPCIÓN", "distance": 0.5, "betweenness": 0.00018006347838280608, "weight": 0.10018006347838281 }, "geometry": { "type": "LineString", "coordinates": [ [ -75.239862, 6.815069 ], [ -75.257587, 6.394348 ] ] } },
{ "type": "Feature", "properties": { "source": "GUADALUPE", "target": "GIRARDOTA", "distance": 0.5, "betweenness": 0.00017659841714463563, "weight": 0.10017659841714464 }, "geometry": { "type": "LineString", "coordinates": [ [ -75.239862, 6.815069 ], [ -75.444238, 6.379472 ] ] } },
{ "type": "Feature", "properties": { "source": "GUADALUPE", "target": "SAN PEDRO DE LOS MILAGROS", "distance": 0.5, "betweenness": 0.00017234671646436348, "weight": 0.10017234671646437 }, "geometry": { "type": "LineString", "coordinates": [ [ -75.239862, 6.815069 ], [ -75.556743, 6.46012 ] ] } },
{ "type": "Feature", "properties": { "source": "GUADALUPE", "target": "GÓMEZ PLATA", "distance": 0.5, "betweenness": 0.00014705882352941172, "weight": 0.10014705882352942 }, "geometry": { "type": "LineString", "coordinates": [ [ -75.239862, 6.815069 ], [ -75.220018, 6.683269 ] ] } },
{ "type": "Feature", "properties": { "source": "GUADALUPE", "target": "SAN ANDRÉS DE CUERQUÍA", "distance": 0.5, "betweenness": 0.00034680538882219558, "weight": 0.10034680538882221 }, "geometry": { "type": "LineString", "coordinates": [ [ -75.239862, 6.815069 ], [ -75.674564, 6.916676 ] ] } },
{ "type": "Feature", "properties": { "source": "GUADALUPE", "target": "SAN VICENTE FERRER", "distance": 0.5, "betweenness": 0.00032990974167444747, "weight": 0.10032990974167445 }, "geometry": { "type": "LineString", "coordinates": [ [ -75.239862, 6.815069 ], [ -75.332616, 6.282164 ] ] } },
{ "type": "Feature", "properties": { "source": "GUADALUPE", "target": "SAN ROQUE", "distance": 0.5, "betweenness": 0.00019296607531901652, "weight": 0.10019296607531902 }, "geometry": { "type": "LineString", "coordinates": [ [ -75.239862, 6.815069 ], [ -75.019109, 6.485939 ] ] } },
{ "type": "Feature", "properties": { "source": "GUADALUPE", "target": "TARAZÁ", "distance": 0.5, "betweenness": 0.00059941600846197967, "weight": 0.10059941600846199 }, "geometry": { "type": "LineString", "coordinates": [ [ -75.239862, 6.815069 ], [ -75.401407, 7.580127 ] ] } },
{ "type": "Feature", "properties": { "source": "GUADALUPE", "target": "REMEDIOS", "distance": 0.5, "betweenness": 0.00055450463013488214, "weight": 0.10055450463013489 }, "geometry": { "type": "LineString", "coordinates": [ [ -75.239862, 6.815069 ], [ -74.698135, 7.029424 ] ] } },
{ "type": "Feature", "properties": { "source": "GUADALUPE", "target": "GUATAPÉ", "distance": 0.25, "betweenness": 0.0076302238066943955, "weight": 0.1076302238066944 }, "geometry": { "type": "LineString", "coordinates": [ [ -75.239862, 6.815069 ], [ -75.160041, 6.232461 ] ] } },
{ "type": "Feature", "properties": { "source": "GUADALUPE", "target": "ALEJANDRÍA", "distance": 0.5, "betweenness": 0.000261437908496732, "weight": 0.10026143790849673 }, "geometry": { "type": "LineString", "coordinates": [ [ -75.239862, 6.815069 ], [ -75.141346, 6.376061 ] ] } },
{ "type": "Feature", "properties": { "source": "GUADALUPE", "target": "PEÑOL", "distance": 0.5, "betweenness": 0.00028127917833800187, "weight": 0.10028127917833801 }, "geometry": { "type": "LineString", "coordinates": [ [ -75.239862, 6.815069 ], [ -75.242693, 6.219349 ] ] } },
{ "type": "Feature", "properties": { "source": "GUADALUPE", "target": "SAN RAFAEL", "distance": 0.5, "betweenness": 0.00024029056066871189, "weight": 0.10024029056066872 }, "geometry": { "type": "LineString", "coordinates": [ [ -75.239862, 6.815069 ], [ -75.02849, 6.293759 ] ] } },
{ "type": "Feature", "properties": { "source": "GUADALUPE", "target": "CISNEROS", "distance": 0.5, "betweenness": 0.00016339869281045751, "weight": 0.10016339869281046 }, "geometry": { "type": "LineString", "coordinates": [ [ -75.239862, 6.815069 ], [ -75.087047, 6.537829 ] ] } },
{ "type": "Feature", "properties": { "source": "GUADALUPE", "target": "GUARNE", "distance": 0.5, "betweenness": 0.00026571739807033917, "weight": 0.10026571739807034 }, "geometry": { "type": "LineString", "coordinates": [ [ -75.239862, 6.815069 ], [ -75.441612, 6.27787 ] ] } },
{ "type": "Feature", "properties": { "source": "GUADALUPE", "target": "MACEO", "distance": 0.5, "betweenness": 0.00017507002801120446, "weight": 0.10017507002801121 }, "geometry": { "type": "LineString", "coordinates": [ [ -75.239862, 6.815069 ], [ -74.78716, 6.552116 ] ] } },
{ "type": "Feature", "properties": { "source": "GUADALUPE", "target": "CAROLINA", "distance": 0.5, "betweenness": 0.00038048552754435104, "weight": 0.10038048552754436 }, "geometry": { "type": "LineString", "coordinates": [ [ -75.239862, 6.815069 ], [ -75.283192, 6.725995 ] ] } },
{ "type": "Feature", "properties": { "source": "GUADALUPE", "target": "COPACABANA", "distance": 0.5, "betweenness": 0.00022136632430750072, "weight": 0.1002213663243075 }, "geometry": { "type": "LineString", "coordinates": [ [ -75.239862, 6.815069 ], [ -75.509384, 6.348557 ] ] } },
{ "type": "Feature", "properties": { "source": "GUADALUPE", "target": "SOPETRÁN", "distance": 0.5, "betweenness": 0.00017718198390467296, "weight": 0.10017718198390468 }, "geometry": { "type": "LineString", "coordinates": [ [ -75.239862, 6.815069 ], [ -75.747378, 6.500745 ] ] } },
{ "type": "Feature", "properties": { "source": "GUADALUPE", "target": "SAN JERÓNIMO", "distance": 0.5, "betweenness": 0.00017234671646436348, "weight": 0.10017234671646437 }, "geometry": { "type": "LineString", "coordinates": [ [ -75.239862, 6.815069 ], [ -75.726975, 6.44809 ] ] } },
{ "type": "Feature", "properties": { "source": "GUADALUPE", "target": "CÁCERES", "distance": 1.0, "betweenness": 1.4005602240896359e-05, "weight": 0.1000140056022409 }, "geometry": { "type": "LineString", "coordinates": [ [ -75.239862, 6.815069 ], [ -75.35205, 7.578366 ] ] } },
{ "type": "Feature", "properties": { "source": "GUADALUPE", "target": "OLAYA", "distance": 0.5, "betweenness": 0.00032990974167444753, "weight": 0.10032990974167445 }, "geometry": { "type": "LineString", "coordinates": [ [ -75.239862, 6.815069 ], [ -75.811773, 6.626492 ] ] } },
{ "type": "Feature", "properties": { "source": "GUADALUPE", "target": "SEGOVIA", "distance": 0.5, "betweenness": 0.0019754391655652155, "weight": 0.10197543916556522 }, "geometry": { "type": "LineString", "coordinates": [ [ -75.239862, 6.815069 ], [ -74.701596, 7.079648 ] ] } },
{ "type": "Feature", "properties": { "source": "GUADALUPE", "target": "BURITICÁ", "distance": 1.0, "betweenness": 0.0, "weight": 0.1 }, "geometry": { "type": "LineString", "coordinates": [ [ -75.239862, 6.815069 ], [ -75.907, 6.720759 ] ] } },
{ "type": "Feature", "properties": { "source": "GUADALUPE", "target": "MEDELLÍN", "distance": 0.5, "betweenness": 0.00074424214130096474, "weight": 0.10074424214130097 }, "geometry": { "type": "LineString", "coordinates": [ [ -75.239862, 6.815069 ], [ -75.581775, 6.246631 ] ] } },
{ "type": "Feature", "properties": { "source": "GUADALUPE", "target": "MARINILLA", "distance": 0.5, "betweenness": 0.00031662237544590474, "weight": 0.1003166223754459 }, "geometry": { "type": "LineString", "coordinates": [ [ -75.239862, 6.815069 ], [ -75.339345, 6.173995 ] ] } },
{ "type": "Feature", "properties": { "source": "GUADALUPE", "target": "ZARAGOZA", "distance": 1.0, "betweenness": 4.6685340802987859e-05, "weight": 0.10004668534080299 }, "geometry": { "type": "LineString", "coordinates": [ [ -75.239862, 6.815069 ], [ -74.867075, 7.488583 ] ] } },
{ "type": "Feature", "properties": { "source": "GUADALUPE", "target": "SAN CARLOS", "distance": 0.5, "betweenness": 0.00036789715886354537, "weight": 0.10036789715886354 }, "geometry": { "type": "LineString", "coordinates": [ [ -75.239862, 6.815069 ], [ -74.988097, 6.187746 ] ] } },
{ "type": "Feature", "properties": { "source": "GUADALUPE", "target": "RIONEGRO", "distance": 1.0, "betweenness": 0.0, "weight": 0.1 }, "geometry": { "type": "LineString", "coordinates": [ [ -75.239862, 6.815069 ], [ -75.377316, 6.147148 ] ] } },
{ "type": "Feature", "properties": { "source": "GUADALUPE", "target": "GRANADA", "distance": 0.5, "betweenness": 0.00025393490729625184, "weight": 0.10025393490729625 }, "geometry": { "type": "LineString", "coordinates": [ [ -75.239862, 6.815069 ], [ -75.184446, 6.142892 ] ] } },
{ "type": "Feature", "properties": { "source": "SAN ANDRÉS DE CUERQUÍA", "target": "GÓMEZ PLATA", "distance": 0.5, "betweenness": 0.00032346271842070162, "weight": 0.10032346271842071 }, "geometry": { "type": "LineString", "coordinates": [ [ -75.674564, 6.916676 ], [ -75.220018, 6.683269 ] ] } },
{ "type": "Feature", "properties": { "source": "SAN ANDRÉS DE CUERQUÍA", "target": "ABRIAQUÍ", "distance": 0.33333333333333331, "betweenness": 0.0014705882352941176, "weight": 0.10147058823529412 }, "geometry": { "type": "LineString", "coordinates": [ [ -75.674564, 6.916676 ], [ -76.064304, 6.632282 ] ] } },
{ "type": "Feature", "properties": { "source": "SAN ANDRÉS DE CUERQUÍA", "target": "ENTRERRÍOS", "distance": 0.5, "betweenness": 0.00017507002801120446, "weight": 0.10017507002801121 }, "geometry": { "type": "LineString", "coordinates": [ [ -75.674564, 6.916676 ], [ -75.517685, 6.566273 ] ] } },
{ "type": "Feature", "properties": { "source": "SAN ANDRÉS DE CUERQUÍA", "target": "DONMATÍAS", "distance": 0.5, "betweenness": 0.00042016806722689073, "weight": 0.10042016806722689 }, "geometry": { "type": "LineString", "coordinates": [ [ -75.674564, 6.916676 ], [ -75.39263, 6.485603 ] ] } },
{ "type": "Feature", "properties": { "source": "SAN ANDRÉS DE CUERQUÍA", "target": "SAN PEDRO DE LOS MILAGROS", "distance": 0.5, "betweenness": 0.00017507002801120446, "weight": 0.10017507002801121 }, "geometry": { "type": "LineString", "coordinates": [ [ -75.674564, 6.916676 ], [ -75.556743, 6.46012 ] ] } },
{ "type": "Feature", "properties": { "source": "SAN ANDRÉS DE CUERQUÍA", "target": "BURITICÁ", "distance": 0.5, "betweenness": 0.00014005602240896358, "weight": 0.10014005602240897 }, "geometry": { "type": "LineString", "coordinates": [ [ -75.674564, 6.916676 ], [ -75.907, 6.720759 ] ] } },
{ "type": "Feature", "properties": { "source": "SAN ANDRÉS DE CUERQUÍA", "target": "DABEIBA", "distance": 0.5, "betweenness": 0.00032679738562091496, "weight": 0.10032679738562092 }, "geometry": { "type": "LineString", "coordinates": [ [ -75.674564, 6.916676 ], [ -76.261614, 6.998112 ] ] } },
{ "type": "Feature", "properties": { "source": "SAN ANDRÉS DE CUERQUÍA", "target": "TARAZÁ", "distance": 0.5, "betweenness": 0.0008671013654330509, "weight": 0.10086710136543306 }, "geometry": { "type": "LineString", "coordinates": [ [ -75.674564, 6.916676 ], [ -75.401407, 7.580127 ] ] } },
{ "type": "Feature", "properties": { "source": "SAN ANDRÉS DE CUERQUÍA", "target": "FRONTINO", "distance": 0.5, "betweenness": 0.00014005602240896358, "weight": 0.10014005602240897 }, "geometry": { "type": "LineString", "coordinates": [ [ -75.674564, 6.916676 ], [ -76.130765, 6.776066 ] ] } },
{ "type": "Feature", "properties": { "source": "SAN ANDRÉS DE CUERQUÍA", "target": "MUTATÁ", "distance": 0.5, "betweenness": 0.0, "weight": 0.1 }, "geometry": { "type": "LineString", "coordinates": [ [ -75.674564, 6.916676 ], [ -76.435875, 7.242875 ] ] } },
{ "type": "Feature", "properties": { "source": "SAN ANDRÉS DE CUERQUÍA", "target": "GIRARDOTA", "distance": 0.5, "betweenness": 0.00019549486461251165, "weight": 0.10019549486461252 }, "geometry": { "type": "LineString", "coordinates": [ [ -75.674564, 6.916676 ], [ -75.444238, 6.379472 ] ] } },
{ "type": "Feature", "properties": { "source": "SAN ANDRÉS DE CUERQUÍA", "target": "CAROLINA", "distance": 0.33333333333333331, "betweenness": 0.0010971055088702148, "weight": 0.10109710550887022 }, "geometry": { "type": "LineString", "coordinates": [ [ -75.674564, 6.916676 ], [ -75.283192, 6.725995 ] ] } },
{ "type": "Feature", "properties": { "source": "SAN ANDRÉS DE CUERQUÍA", "target": "URRAO", "distance": 0.5, "betweenness": 0.00028011204481792715, "weight": 0.10028011204481793 }, "geometry": { "type": "LineString", "coordinates": [ [ -75.674564, 6.916676 ], [ -76.133951, 6.317343 ] ] } },
{ "type": "Feature", "properties": { "source": "SAN ANDRÉS DE CUERQUÍA", "target": "CAICEDO", "distance": 0.5, "betweenness": 0.00014005602240896358, "weight": 0.10014005602240897 }, "geometry": { "type": "LineString", "coordinates": [ [ -75.674564, 6.916676 ], [ -75.98293, 6.405607 ] ] } },
{ "type": "Feature", "properties": { "source": "SAN ANDRÉS DE CUERQUÍA", "target": "BARBOSA", "distance": 0.5, "betweenness": 0.00014829461196243202, "weight": 0.10014829461196244 }, "geometry": { "type": "LineString", "coordinates": [ [ -75.674564, 6.916676 ], [ -75.331627, 6.439195 ] ] } },
{ "type": "Feature", "properties": { "source": "SAN ANDRÉS DE CUERQUÍA", "target": "URAMITA", "distance": 0.5, "betweenness": 0.00014472455648926235, "weight": 0.10014472455648926 }, "geometry": { "type": "LineString", "coordinates": [ [ -75.674564, 6.916676 ], [ -76.173284, 6.898393 ] ] } },
{ "type": "Feature", "properties": { "source": "SAN ANDRÉS DE CUERQUÍA", "target": "MEDELLÍN", "distance": 0.5, "betweenness": 0.00015172735760971053, "weight": 0.10015172735760972 }, "geometry": { "type": "LineString", "coordinates": [ [ -75.674564, 6.916676 ], [ -75.581775, 6.246631 ] ] } },
{ "type": "Feature", "properties": { "source": "SAN ANDRÉS DE CUERQUÍA", "target": "BELMIRA", "distance": 0.5, "betweenness": 0.00014005602240896358, "weight": 0.10014005602240897 }, "geometry": { "type": "LineString", "coordinates": [ [ -75.674564, 6.916676 ], [ -75.667779, 6.606319 ] ] } },
{ "type": "Feature", "properties": { "source": "SAN ANDRÉS DE CUERQUÍA", "target": "SAN VICENTE FERRER", "distance": 0.5, "betweenness": 0.00014005602240896358, "weight": 0.10014005602240897 }, "geometry": { "type": "LineString", "coordinates": [ [ -75.674564, 6.916676 ], [ -75.332616, 6.282164 ] ] } },
{ "type": "Feature", "properties": { "source": "SAN ANDRÉS DE CUERQUÍA", "target": "BETULIA", "distance": 0.5, "betweenness": 0.00014005602240896358, "weight": 0.10014005602240897 }, "geometry": { "type": "LineString", "coordinates": [ [ -75.674564, 6.916676 ], [ -75.984452, 6.115208 ] ] } },
{ "type": "Feature", "properties": { "source": "SAN ANDRÉS DE CUERQUÍA", "target": "BELLO", "distance": 0.5, "betweenness": 0.00018440709617180203, "weight": 0.10018440709617181 }, "geometry": { "type": "LineString", "coordinates": [ [ -75.674564, 6.916676 ], [ -75.555245, 6.333587 ] ] } },
{ "type": "Feature", "properties": { "source": "SAN ANDRÉS DE CUERQUÍA", "target": "SAN JERÓNIMO", "distance": 0.5, "betweenness": 0.00014005602240896358, "weight": 0.10014005602240897 }, "geometry": { "type": "LineString", "coordinates": [ [ -75.674564, 6.916676 ], [ -75.726975, 6.44809 ] ] } },
{ "type": "Feature", "properties": { "source": "SAN ANDRÉS DE CUERQUÍA", "target": "SANTA FÉ DE ANTIOQUIA", "distance": 0.5, "betweenness": 0.00015006002400960383, "weight": 0.10015006002400961 }, "geometry": { "type": "LineString", "coordinates": [ [ -75.674564, 6.916676 ], [ -75.826648, 6.556484 ] ] } },
{ "type": "Feature", "properties": { "source": "SAN ANDRÉS DE CUERQUÍA", "target": "ANZÁ", "distance": 0.5, "betweenness": 0.00028011204481792715, "weight": 0.10028011204481793 }, "geometry": { "type": "LineString", "coordinates": [ [ -75.674564, 6.916676 ], [ -75.854442, 6.302641 ] ] } },
{ "type": "Feature", "properties": { "source": "SAN ANDRÉS DE CUERQUÍA", "target": "GIRALDO", "distance": 0.33333333333333331, "betweenness": 0.00073529411764705881, "weight": 0.10073529411764706 }, "geometry": { "type": "LineString", "coordinates": [ [ -75.674564, 6.916676 ], [ -75.952158, 6.680808 ] ] } },
{ "type": "Feature", "properties": { "source": "SAN ANDRÉS DE CUERQUÍA", "target": "EBÉJICO", "distance": 0.5, "betweenness": 0.00015406162464985996, "weight": 0.10015406162464986 }, "geometry": { "type": "LineString", "coordinates": [ [ -75.674564, 6.916676 ], [ -75.766413, 6.325615 ] ] } },
{ "type": "Feature", "properties": { "source": "SAN ANDRÉS DE CUERQUÍA", "target": "HELICONIA", "distance": 0.25, "betweenness": 0.0061157796451914099, "weight": 0.10611577964519142 }, "geometry": { "type": "LineString", "coordinates": [ [ -75.674564, 6.916676 ], [ -75.734322, 6.206757 ] ] } },
{ "type": "Feature", "properties": { "source": "SAN ANDRÉS DE CUERQUÍA", "target": "SOPETRÁN", "distance": 0.5, "betweenness": 0.00014005602240896358, "weight": 0.10014005602240897 }, "geometry": { "type": "LineString", "coordinates": [ [ -75.674564, 6.916676 ], [ -75.747378, 6.500745 ] ] } },
{ "type": "Feature", "properties": { "source": "SAN ANDRÉS DE CUERQUÍA", "target": "GUARNE", "distance": 0.33333333333333331, "betweenness": 0.0021288515406162464, "weight": 0.10212885154061625 }, "geometry": { "type": "LineString", "coordinates": [ [ -75.674564, 6.916676 ], [ -75.441612, 6.27787 ] ] } },
{ "type": "Feature", "properties": { "source": "SAN ANDRÉS DE CUERQUÍA", "target": "COPACABANA", "distance": 0.5, "betweenness": 0.00014939309056956115, "weight": 0.10014939309056957 }, "geometry": { "type": "LineString", "coordinates": [ [ -75.674564, 6.916676 ], [ -75.509384, 6.348557 ] ] } },
{ "type": "Feature", "properties": { "source": "SAN ANDRÉS DE CUERQUÍA", "target": "OLAYA", "distance": 0.5, "betweenness": 0.00014783691254279489, "weight": 0.1001478369125428 }, "geometry": { "type": "LineString", "coordinates": [ [ -75.674564, 6.916676 ], [ -75.811773, 6.626492 ] ] } },
{ "type": "Feature", "properties": { "source": "SAN ANDRÉS DE CUERQUÍA", "target": "YOLOMBÓ", "distance": 0.5, "betweenness": 0.00018340669601173799, "weight": 0.10018340669601174 }, "geometry": { "type": "LineString", "coordinates": [ [ -75.674564, 6.916676 ], [ -75.013385, 6.594511 ] ] } },
{ "type": "Feature", "properties": { "source": "SAN ANDRÉS DE CUERQUÍA", "target": "SANTO DOMINGO", "distance": 0.5, "betweenness": 0.00020841670001333864, "weight": 0.10020841670001335 }, "geometry": { "type": "LineString", "coordinates": [ [ -75.674564, 6.916676 ], [ -75.164903, 6.473032 ] ] } },
{ "type": "Feature", "properties": { "source": "SAN ANDRÉS DE CUERQUÍA", "target": "CONCEPCIÓN", "distance": 0.5, "betweenness": 0.00017417223299576236, "weight": 0.10017417223299577 }, "geometry": { "type": "LineString", "coordinates": [ [ -75.674564, 6.916676 ], [ -75.257587, 6.394348 ] ] } },
{ "type": "Feature", "properties": { "source": "DABEIBA", "target": "FRONTINO", "distance": 0.5, "betweenness": 0.00051353874883286639, "weight": 0.10051353874883287 }, "geometry": { "type": "LineString", "coordinates": [ [ -76.261614, 6.998112 ], [ -76.130765, 6.776066 ] ] } },
{ "type": "Feature", "properties": { "source": "DABEIBA", "target": "BURITICÁ", "distance": 0.5, "betweenness": 0.00014005602240896358, "weight": 0.10014005602240897 }, "geometry": { "type": "LineString", "coordinates": [ [ -76.261614, 6.998112 ], [ -75.907, 6.720759 ] ] } },
{ "type": "Feature", "properties": { "source": "DABEIBA", "target": "URAMITA", "distance": 0.5, "betweenness": 0.00014472455648926235, "weight": 0.10014472455648926 }, "geometry": { "type": "LineString", "coordinates": [ [ -76.261614, 6.998112 ], [ -76.173284, 6.898393 ] ] } },
{ "type": "Feature", "properties": { "source": "DABEIBA", "target": "ABRIAQUÍ", "distance": 0.5, "betweenness": 0.00079365079365079354, "weight": 0.1007936507936508 }, "geometry": { "type": "LineString", "coordinates": [ [ -76.261614, 6.998112 ], [ -76.064304, 6.632282 ] ] } },
{ "type": "Feature", "properties": { "source": "DABEIBA", "target": "GIRALDO", "distance": 0.5, "betweenness": 0.00018674136321195143, "weight": 0.10018674136321196 }, "geometry": { "type": "LineString", "coordinates": [ [ -76.261614, 6.998112 ], [ -75.952158, 6.680808 ] ] } },
{ "type": "Feature", "properties": { "source": "DABEIBA", "target": "URRAO", "distance": 0.5, "betweenness": 0.00095704948646125134, "weight": 0.10095704948646125 }, "geometry": { "type": "LineString", "coordinates": [ [ -76.261614, 6.998112 ], [ -76.133951, 6.317343 ] ] } },
{ "type": "Feature", "properties": { "source": "DABEIBA", "target": "MURINDÓ", "distance": 0.5, "betweenness": 0.00036517876688155313, "weight": 0.10036517876688156 }, "geometry": { "type": "LineString", "coordinates": [ [ -76.261614, 6.998112 ], [ -76.817485, 6.97771 ] ] } },
{ "type": "Feature", "properties": { "source": "DABEIBA", "target": "MUTATÁ", "distance": 0.5, "betweenness": 0.0002567693744164332, "weight": 0.10025676937441644 }, "geometry": { "type": "LineString", "coordinates": [ [ -76.261614, 6.998112 ], [ -76.435875, 7.242875 ] ] } },
{ "type": "Feature", "properties": { "source": "DABEIBA", "target": "CHIGORODÓ", "distance": 0.5, "betweenness": 0.0011671335200746963, "weight": 0.1011671335200747 }, "geometry": { "type": "LineString", "coordinates": [ [ -76.261614, 6.998112 ], [ -76.681531, 7.666147 ] ] } },
{ "type": "Feature", "properties": { "source": "DABEIBA", "target": "SANTA FÉ DE ANTIOQUIA", "distance": 0.5, "betweenness": 0.00017340269441109773, "weight": 0.10017340269441111 }, "geometry": { "type": "LineString", "coordinates": [ [ -76.261614, 6.998112 ], [ -75.826648, 6.556484 ] ] } },
{ "type": "Feature", "properties": { "source": "DABEIBA", "target": "BELMIRA", "distance": 0.33333333333333331, "betweenness": 0.0051367213552087516, "weight": 0.10513672135520875 }, "geometry": { "type": "LineString", "coordinates": [ [ -76.261614, 6.998112 ], [ -75.667779, 6.606319 ] ] } },
{ "type": "Feature", "properties": { "source": "DABEIBA", "target": "ENTRERRÍOS", "distance": 0.5, "betweenness": 0.00081754924191898971, "weight": 0.10081754924191899 }, "geometry": { "type": "LineString", "coordinates": [ [ -76.261614, 6.998112 ], [ -75.517685, 6.566273 ] ] } },
{ "type": "Feature", "properties": { "source": "DABEIBA", "target": "CAICEDO", "distance": 0.5, "betweenness": 0.00037348272642390287, "weight": 0.10037348272642391 }, "geometry": { "type": "LineString", "coordinates": [ [ -76.261614, 6.998112 ], [ -75.98293, 6.405607 ] ] } },
{ "type": "Feature", "properties": { "source": "DABEIBA", "target": "SOPETRÁN", "distance": 0.5, "betweenness": 0.00021397447868036102, "weight": 0.10021397447868037 }, "geometry": { "type": "LineString", "coordinates": [ [ -76.261614, 6.998112 ], [ -75.747378, 6.500745 ] ] } },
{ "type": "Feature", "properties": { "source": "DABEIBA", "target": "OLAYA", "distance": 0.5, "betweenness": 0.00017330164388987919, "weight": 0.10017330164388988 }, "geometry": { "type": "LineString", "coordinates": [ [ -76.261614, 6.998112 ], [ -75.811773, 6.626492 ] ] } },
{ "type": "Feature", "properties": { "source": "DABEIBA", "target": "TARAZÁ", "distance": 0.5, "betweenness": 0.0007332377395402606, "weight": 0.10073323773954027 }, "geometry": { "type": "LineString", "coordinates": [ [ -76.261614, 6.998112 ], [ -75.401407, 7.580127 ] ] } },
{ "type": "Feature", "properties": { "source": "DABEIBA", "target": "SAN JERÓNIMO", "distance": 0.5, "betweenness": 0.00053143479614067846, "weight": 0.10053143479614068 }, "geometry": { "type": "LineString", "coordinates": [ [ -76.261614, 6.998112 ], [ -75.726975, 6.44809 ] ] } },
{ "type": "Feature", "properties": { "source": "DABEIBA", "target": "VIGÍA DEL FUERTE", "distance": 0.5, "betweenness": 0.00076049255114999054, "weight": 0.10076049255114999 }, "geometry": { "type": "LineString", "coordinates": [ [ -76.261614, 6.998112 ], [ -76.896004, 6.588164 ] ] } },
{ "type": "Feature", "properties": { "source": "DABEIBA", "target": "BETULIA", "distance": 0.5, "betweenness": 0.00086367880485527541, "weight": 0.10086367880485528 }, "geometry": { "type": "LineString", "coordinates": [ [ -76.261614, 6.998112 ], [ -75.984452, 6.115208 ] ] } },
{ "type": "Feature", "properties": { "source": "DABEIBA", "target": "ANZÁ", "distance": 0.5, "betweenness": 0.00051353874883286639, "weight": 0.10051353874883287 }, "geometry": { "type": "LineString", "coordinates": [ [ -76.261614, 6.998112 ], [ -75.854442, 6.302641 ] ] } },
{ "type": "Feature", "properties": { "source": "CÁCERES", "target": "TARAZÁ", "distance": 0.5, "betweenness": 0.00040983059890622916, "weight": 0.10040983059890624 }, "geometry": { "type": "LineString", "coordinates": [ [ -75.35205, 7.578366 ], [ -75.401407, 7.580127 ] ] } },
{ "type": "Feature", "properties": { "source": "CÁCERES", "target": "CAUCASIA", "distance": 1.0, "betweenness": 0.00086381394663128394, "weight": 0.10086381394663128 }, "geometry": { "type": "LineString", "coordinates": [ [ -75.35205, 7.578366 ], [ -75.197996, 7.977278 ] ] } },
{ "type": "Feature", "properties": { "source": "CÁCERES", "target": "ZARAGOZA", "distance": 1.0, "betweenness": 4.6685340802987859e-05, "weight": 0.10004668534080299 }, "geometry": { "type": "LineString", "coordinates": [ [ -75.35205, 7.578366 ], [ -74.867075, 7.488583 ] ] } },
{ "type": "Feature", "properties": { "source": "CÁCERES", "target": "SEGOVIA", "distance": 1.0, "betweenness": 2.8011204481792718e-05, "weight": 0.10002801120448179 }, "geometry": { "type": "LineString", "coordinates": [ [ -75.35205, 7.578366 ], [ -74.701596, 7.079648 ] ] } },
{ "type": "Feature", "properties": { "source": "TARAZÁ", "target": "BURITICÁ", "distance": 0.5, "betweenness": 0.00069237335457058614, "weight": 0.1006923733545706 }, "geometry": { "type": "LineString", "coordinates": [ [ -75.401407, 7.580127 ], [ -75.907, 6.720759 ] ] } },
{ "type": "Feature", "properties": { "source": "TARAZÁ", "target": "ZARAGOZA", "distance": 1.0, "betweenness": 4.6685340802987859e-05, "weight": 0.10004668534080299 }, "geometry": { "type": "LineString", "coordinates": [ [ -75.401407, 7.580127 ], [ -74.867075, 7.488583 ] ] } },
{ "type": "Feature", "properties": { "source": "TARAZÁ", "target": "CAROLINA", "distance": 0.5, "betweenness": 0.0021516295409337921, "weight": 0.10215162954093379 }, "geometry": { "type": "LineString", "coordinates": [ [ -75.401407, 7.580127 ], [ -75.283192, 6.725995 ] ] } },
{ "type": "Feature", "properties": { "source": "TARAZÁ", "target": "YOLOMBÓ", "distance": 0.5, "betweenness": 0.00092191322041045845, "weight": 0.10092191322041047 }, "geometry": { "type": "LineString", "coordinates": [ [ -75.401407, 7.580127 ], [ -75.013385, 6.594511 ] ] } },
{ "type": "Feature", "properties": { "source": "TARAZÁ", "target": "GÓMEZ PLATA", "distance": 0.5, "betweenness": 0.00085629758021498641, "weight": 0.100856297580215 }, "geometry": { "type": "LineString", "coordinates": [ [ -75.401407, 7.580127 ], [ -75.220018, 6.683269 ] ] } },
{ "type": "Feature", "properties": { "source": "TARAZÁ", "target": "EL BAGRE", "distance": 1.0, "betweenness": 0.0025918905487082654, "weight": 0.10259189054870826 }, "geometry": { "type": "LineString", "coordinates": [ [ -75.401407, 7.580127 ], [ -74.799097, 7.5975 ] ] } },
{ "type": "Feature", "properties": { "source": "TARAZÁ", "target": "VEGACHÍ", "distance": 1.0, "betweenness": 0.0, "weight": 0.1 }, "geometry": { "type": "LineString", "coordinates": [ [ -75.401407, 7.580127 ], [ -74.798714, 6.773525 ] ] } },
{ "type": "Feature", "properties": { "source": "TARAZÁ", "target": "URAMITA", "distance": 1.0, "betweenness": 4.668534080298786e-06, "weight": 0.1000046685340803 }, "geometry": { "type": "LineString", "coordinates": [ [ -75.401407, 7.580127 ], [ -76.173284, 6.898393 ] ] } },
{ "type": "Feature", "properties": { "source": "TARAZÁ", "target": "BELMIRA", "distance": 1.0, "betweenness": 0.0, "weight": 0.1 }, "geometry": { "type": "LineString", "coordinates": [ [ -75.401407, 7.580127 ], [ -75.667779, 6.606319 ] ] } },
{ "type": "Feature", "properties": { "source": "TARAZÁ", "target": "REMEDIOS", "distance": 1.0, "betweenness": 1.2732365673542144e-05, "weight": 0.10001273236567355 }, "geometry": { "type": "LineString", "coordinates": [ [ -75.401407, 7.580127 ], [ -74.698135, 7.029424 ] ] } },
{ "type": "Feature", "properties": { "source": "FRONTINO", "target": "VIGÍA DEL FUERTE", "distance": 0.5, "betweenness": 0.001071690708368909, "weight": 0.10107169070836891 }, "geometry": { "type": "LineString", "coordinates": [ [ -76.130765, 6.776066 ], [ -76.896004, 6.588164 ] ] } },
{ "type": "Feature", "properties": { "source": "FRONTINO", "target": "CAICEDO", "distance": 0.5, "betweenness": 0.00014005602240896358, "weight": 0.10014005602240897 }, "geometry": { "type": "LineString", "coordinates": [ [ -76.130765, 6.776066 ], [ -75.98293, 6.405607 ] ] } },
{ "type": "Feature", "properties": { "source": "FRONTINO", "target": "MUTATÁ", "distance": 0.5, "betweenness": 0.00028011204481792715, "weight": 0.10028011204481793 }, "geometry": { "type": "LineString", "coordinates": [ [ -76.130765, 6.776066 ], [ -76.435875, 7.242875 ] ] } },
{ "type": "Feature", "properties": { "source": "FRONTINO", "target": "URRAO", "distance": 0.5, "betweenness": 0.00028011204481792715, "weight": 0.10028011204481793 }, "geometry": { "type": "LineString", "coordinates": [ [ -76.130765, 6.776066 ], [ -76.133951, 6.317343 ] ] } },
{ "type": "Feature", "properties": { "source": "FRONTINO", "target": "URAMITA", "distance": 0.5, "betweenness": 0.00014005602240896358, "weight": 0.10014005602240897 }, "geometry": { "type": "LineString", "coordinates": [ [ -76.130765, 6.776066 ], [ -76.173284, 6.898393 ] ] } },
{ "type": "Feature", "properties": { "source": "FRONTINO", "target": "MURINDÓ", "distance": 0.5, "betweenness": 0.0011737595091199694, "weight": 0.10117375950911997 }, "geometry": { "type": "LineString", "coordinates": [ [ -76.130765, 6.776066 ], [ -76.817485, 6.97771 ] ] } },
{ "type": "Feature", "properties": { "source": "FRONTINO", "target": "SANTA FÉ DE ANTIOQUIA", "distance": 0.5, "betweenness": 0.00014005602240896358, "weight": 0.10014005602240897 }, "geometry": { "type": "LineString", "coordinates": [ [ -76.130765, 6.776066 ], [ -75.826648, 6.556484 ] ] } },
{ "type": "Feature", "properties": { "source": "FRONTINO", "target": "BURITICÁ", "distance": 0.5, "betweenness": 0.00028011204481792715, "weight": 0.10028011204481793 }, "geometry": { "type": "LineString", "coordinates": [ [ -76.130765, 6.776066 ], [ -75.907, 6.720759 ] ] } },
{ "type": "Feature", "properties": { "source": "FRONTINO", "target": "ABRIAQUÍ", "distance": 0.5, "betweenness": 0.00028011204481792715, "weight": 0.10028011204481793 }, "geometry": { "type": "LineString", "coordinates": [ [ -76.130765, 6.776066 ], [ -76.064304, 6.632282 ] ] } },
{ "type": "Feature", "properties": { "source": "FRONTINO", "target": "ANZÁ", "distance": 0.5, "betweenness": 0.00028011204481792715, "weight": 0.10028011204481793 }, "geometry": { "type": "LineString", "coordinates": [ [ -76.130765, 6.776066 ], [ -75.854442, 6.302641 ] ] } },
{ "type": "Feature", "properties": { "source": "FRONTINO", "target": "SOPETRÁN", "distance": 0.5, "betweenness": 0.00015172735760971053, "weight": 0.10015172735760972 }, "geometry": { "type": "LineString", "coordinates": [ [ -76.130765, 6.776066 ], [ -75.747378, 6.500745 ] ] } },
{ "type": "Feature", "properties": { "source": "FRONTINO", "target": "BELMIRA", "distance": 0.5, "betweenness": 0.00014005602240896358, "weight": 0.10014005602240897 }, "geometry": { "type": "LineString", "coordinates": [ [ -76.130765, 6.776066 ], [ -75.667779, 6.606319 ] ] } },
{ "type": "Feature", "properties": { "source": "FRONTINO", "target": "BETULIA", "distance": 0.5, "betweenness": 0.00014005602240896358, "weight": 0.10014005602240897 }, "geometry": { "type": "LineString", "coordinates": [ [ -76.130765, 6.776066 ], [ -75.984452, 6.115208 ] ] } },
{ "type": "Feature", "properties": { "source": "FRONTINO", "target": "GIRALDO", "distance": 0.5, "betweenness": 0.00014005602240896358, "weight": 0.10014005602240897 }, "geometry": { "type": "LineString", "coordinates": [ [ -76.130765, 6.776066 ], [ -75.952158, 6.680808 ] ] } },
{ "type": "Feature", "properties": { "source": "FRONTINO", "target": "OLAYA", "distance": 0.5, "betweenness": 0.00019353195823784057, "weight": 0.10019353195823785 }, "geometry": { "type": "LineString", "coordinates": [ [ -76.130765, 6.776066 ], [ -75.811773, 6.626492 ] ] } },
{ "type": "Feature", "properties": { "source": "FRONTINO", "target": "SAN JERÓNIMO", "distance": 0.5, "betweenness": 0.00016573295985060691, "weight": 0.10016573295985061 }, "geometry": { "type": "LineString", "coordinates": [ [ -76.130765, 6.776066 ], [ -75.726975, 6.44809 ] ] } },
{ "type": "Feature", "properties": { "source": "FRONTINO", "target": "MEDELLÍN", "distance": 0.5, "betweenness": 0.0002567693744164332, "weight": 0.10025676937441644 }, "geometry": { "type": "LineString", "coordinates": [ [ -76.130765, 6.776066 ], [ -75.581775, 6.246631 ] ] } },
{ "type": "Feature", "properties": { "source": "FRONTINO", "target": "SAN PEDRO DE LOS MILAGROS", "distance": 0.25, "betweenness": 0.007606646373719766, "weight": 0.10760664637371978 }, "geometry": { "type": "LineString", "coordinates": [ [ -76.130765, 6.776066 ], [ -75.556743, 6.46012 ] ] } },
{ "type": "Feature", "properties": { "source": "FRONTINO", "target": "ENTRERRÍOS", "distance": 0.5, "betweenness": 0.0002847805788982259, "weight": 0.10028478057889822 }, "geometry": { "type": "LineString", "coordinates": [ [ -76.130765, 6.776066 ], [ -75.517685, 6.566273 ] ] } },
{ "type": "Feature", "properties": { "source": "FRONTINO", "target": "EBÉJICO", "distance": 0.5, "betweenness": 0.00014005602240896358, "weight": 0.10014005602240897 }, "geometry": { "type": "LineString", "coordinates": [ [ -76.130765, 6.776066 ], [ -75.766413, 6.325615 ] ] } },
{ "type": "Feature", "properties": { "source": "FRONTINO", "target": "CONCORDIA", "distance": 0.33333333333333331, "betweenness": 0.0012055933484504911, "weight": 0.1012055933484505 }, "geometry": { "type": "LineString", "coordinates": [ [ -76.130765, 6.776066 ], [ -75.908448, 6.045738 ] ] } },
{ "type": "Feature", "properties": { "source": "FRONTINO", "target": "HELICONIA", "distance": 0.5, "betweenness": 0.00017406962785114044, "weight": 0.10017406962785115 }, "geometry": { "type": "LineString", "coordinates": [ [ -76.130765, 6.776066 ], [ -75.734322, 6.206757 ] ] } },
{ "type": "Feature", "properties": { "source": "FRONTINO", "target": "SALGAR", "distance": 0.25, "betweenness": 0.004952536570183629, "weight": 0.10495253657018364 }, "geometry": { "type": "LineString", "coordinates": [ [ -76.130765, 6.776066 ], [ -75.976807, 5.964198 ] ] } },
{ "type": "Feature", "properties": { "source": "FRONTINO", "target": "BELLO", "distance": 0.5, "betweenness": 0.00016835016835016833, "weight": 0.10016835016835017 }, "geometry": { "type": "LineString", "coordinates": [ [ -76.130765, 6.776066 ], [ -75.555245, 6.333587 ] ] } },
{ "type": "Feature", "properties": { "source": "FRONTINO", "target": "ARMENIA", "distance": 0.33333333333333331, "betweenness": 0.0010997732426303853, "weight": 0.10109977324263039 }, "geometry": { "type": "LineString", "coordinates": [ [ -76.130765, 6.776066 ], [ -75.786647, 6.155667 ] ] } },
{ "type": "Feature", "properties": { "source": "MUTATÁ", "target": "URAMITA", "distance": 0.5, "betweenness": 0.0, "weight": 0.1 }, "geometry": { "type": "LineString", "coordinates": [ [ -76.435875, 7.242875 ], [ -76.173284, 6.898393 ] ] } },
{ "type": "Feature", "properties": { "source": "MUTATÁ", "target": "MURINDÓ", "distance": 0.5, "betweenness": 0.00038748832866479922, "weight": 0.1003874883286648 }, "geometry": { "type": "LineString", "coordinates": [ [ -76.435875, 7.242875 ], [ -76.817485, 6.97771 ] ] } },
{ "type": "Feature", "properties": { "source": "MUTATÁ", "target": "BURITICÁ", "distance": 0.5, "betweenness": 0.00028011204481792715, "weight": 0.10028011204481793 }, "geometry": { "type": "LineString", "coordinates": [ [ -76.435875, 7.242875 ], [ -75.907, 6.720759 ] ] } },
{ "type": "Feature", "properties": { "source": "MUTATÁ", "target": "ABRIAQUÍ", "distance": 0.125, "betweenness": 0.027731092436974789, "weight": 0.12773109243697478 }, "geometry": { "type": "LineString", "coordinates": [ [ -76.435875, 7.242875 ], [ -76.064304, 6.632282 ] ] } },
{ "type": "Feature", "properties": { "source": "MUTATÁ", "target": "URRAO", "distance": 0.5, "betweenness": 0.00028011204481792715, "weight": 0.10028011204481793 }, "geometry": { "type": "LineString", "coordinates": [ [ -76.435875, 7.242875 ], [ -76.133951, 6.317343 ] ] } },
{ "type": "Feature", "properties": { "source": "MUTATÁ", "target": "CAREPA", "distance": 1.0, "betweenness": 0.0078431372549019607, "weight": 0.10784313725490197 }, "geometry": { "type": "LineString", "coordinates": [ [ -76.435875, 7.242875 ], [ -76.652652, 7.755148 ] ] } },
{ "type": "Feature", "properties": { "source": "MUTATÁ", "target": "GIRALDO", "distance": 0.33333333333333331, "betweenness": 0.0010504201680672268, "weight": 0.10105042016806723 }, "geometry": { "type": "LineString", "coordinates": [ [ -76.435875, 7.242875 ], [ -75.952158, 6.680808 ] ] } },
{ "type": "Feature", "properties": { "source": "MUTATÁ", "target": "CHIGORODÓ", "distance": 0.5, "betweenness": 0.0005602240896358543, "weight": 0.10056022408963586 }, "geometry": { "type": "LineString", "coordinates": [ [ -76.435875, 7.242875 ], [ -76.681531, 7.666147 ] ] } },
{ "type": "Feature", "properties": { "source": "MUTATÁ", "target": "APARTADÓ", "distance": 1.0, "betweenness": 0.0078197945845004668, "weight": 0.10781979458450047 }, "geometry": { "type": "LineString", "coordinates": [ [ -76.435875, 7.242875 ], [ -76.625279, 7.882968 ] ] } },
{ "type": "Feature", "properties": { "source": "MUTATÁ", "target": "SANTA FÉ DE ANTIOQUIA", "distance": 1.0, "betweenness": 0.0, "weight": 0.1 }, "geometry": { "type": "LineString", "coordinates": [ [ -76.435875, 7.242875 ], [ -75.826648, 6.556484 ] ] } },
{ "type": "Feature", "properties": { "source": "URAMITA", "target": "URRAO", "distance": 0.5, "betweenness": 0.00028011204481792715, "weight": 0.10028011204481793 }, "geometry": { "type": "LineString", "coordinates": [ [ -76.173284, 6.898393 ], [ -76.133951, 6.317343 ] ] } },
{ "type": "Feature", "properties": { "source": "URAMITA", "target": "BELMIRA", "distance": 0.5, "betweenness": 0.00014005602240896358, "weight": 0.10014005602240897 }, "geometry": { "type": "LineString", "coordinates": [ [ -76.173284, 6.898393 ], [ -75.667779, 6.606319 ] ] } },
{ "type": "Feature", "properties": { "source": "URAMITA", "target": "ABRIAQUÍ", "distance": 0.33333333333333331, "betweenness": 0.0015406162464985994, "weight": 0.1015406162464986 }, "geometry": { "type": "LineString", "coordinates": [ [ -76.173284, 6.898393 ], [ -76.064304, 6.632282 ] ] } },
{ "type": "Feature", "properties": { "source": "URAMITA", "target": "SANTA FÉ DE ANTIOQUIA", "distance": 0.5, "betweenness": 0.00014005602240896358, "weight": 0.10014005602240897 }, "geometry": { "type": "LineString", "coordinates": [ [ -76.173284, 6.898393 ], [ -75.826648, 6.556484 ] ] } },
{ "type": "Feature", "properties": { "source": "URAMITA", "target": "BURITICÁ", "distance": 0.5, "betweenness": 0.00014472455648926235, "weight": 0.10014472455648926 }, "geometry": { "type": "LineString", "coordinates": [ [ -76.173284, 6.898393 ], [ -75.907, 6.720759 ] ] } },
{ "type": "Feature", "properties": { "source": "URAMITA", "target": "ANZÁ", "distance": 0.5, "betweenness": 0.00014005602240896358, "weight": 0.10014005602240897 }, "geometry": { "type": "LineString", "coordinates": [ [ -76.173284, 6.898393 ], [ -75.854442, 6.302641 ] ] } },
{ "type": "Feature", "properties": { "source": "URAMITA", "target": "CAICEDO", "distance": 0.5, "betweenness": 0.00014005602240896358, "weight": 0.10014005602240897 }, "geometry": { "type": "LineString", "coordinates": [ [ -76.173284, 6.898393 ], [ -75.98293, 6.405607 ] ] } },
{ "type": "Feature", "properties": { "source": "URAMITA", "target": "ENTRERRÍOS", "distance": 0.16666666666666666, "betweenness": 0.013008010112135043, "weight": 0.11300801011213504 }, "geometry": { "type": "LineString", "coordinates": [ [ -76.173284, 6.898393 ], [ -75.517685, 6.566273 ] ] } },
{ "type": "Feature", "properties": { "source": "URAMITA", "target": "SAN JERÓNIMO", "distance": 0.5, "betweenness": 0.00016573295985060691, "weight": 0.10016573295985061 }, "geometry": { "type": "LineString", "coordinates": [ [ -76.173284, 6.898393 ], [ -75.726975, 6.44809 ] ] } },
{ "type": "Feature", "properties": { "source": "URAMITA", "target": "MURINDÓ", "distance": 0.5, "betweenness": 0.001633074814189365, "weight": 0.10163307481418937 }, "geometry": { "type": "LineString", "coordinates": [ [ -76.173284, 6.898393 ], [ -76.817485, 6.97771 ] ] } },
{ "type": "Feature", "properties": { "source": "URAMITA", "target": "EBÉJICO", "distance": 0.5, "betweenness": 0.00014005602240896358, "weight": 0.10014005602240897 }, "geometry": { "type": "LineString", "coordinates": [ [ -76.173284, 6.898393 ], [ -75.766413, 6.325615 ] ] } },
{ "type": "Feature", "properties": { "source": "URAMITA", "target": "SOPETRÁN", "distance": 0.5, "betweenness": 0.00015172735760971053, "weight": 0.10015172735760972 }, "geometry": { "type": "LineString", "coordinates": [ [ -76.173284, 6.898393 ], [ -75.747378, 6.500745 ] ] } },
{ "type": "Feature", "properties": { "source": "URAMITA", "target": "GIRALDO", "distance": 0.5, "betweenness": 0.00014005602240896358, "weight": 0.10014005602240897 }, "geometry": { "type": "LineString", "coordinates": [ [ -76.173284, 6.898393 ], [ -75.952158, 6.680808 ] ] } },
{ "type": "Feature", "properties": { "source": "URAMITA", "target": "VIGÍA DEL FUERTE", "distance": 0.5, "betweenness": 0.001559094820340495, "weight": 0.10155909482034051 }, "geometry": { "type": "LineString", "coordinates": [ [ -76.173284, 6.898393 ], [ -76.896004, 6.588164 ] ] } },
{ "type": "Feature", "properties": { "source": "URAMITA", "target": "SAN PEDRO DE LOS MILAGROS", "distance": 0.5, "betweenness": 7.0028011204481788e-05, "weight": 0.10007002801120449 }, "geometry": { "type": "LineString", "coordinates": [ [ -76.173284, 6.898393 ], [ -75.556743, 6.46012 ] ] } },
{ "type": "Feature", "properties": { "source": "URAMITA", "target": "OLAYA", "distance": 0.5, "betweenness": 0.00016552075375604784, "weight": 0.10016552075375605 }, "geometry": { "type": "LineString", "coordinates": [ [ -76.173284, 6.898393 ], [ -75.811773, 6.626492 ] ] } },
{ "type": "Feature", "properties": { "source": "URAMITA", "target": "BETULIA", "distance": 1.0, "betweenness": 0.0, "weight": 0.1 }, "geometry": { "type": "LineString", "coordinates": [ [ -76.173284, 6.898393 ], [ -75.984452, 6.115208 ] ] } },
{ "type": "Feature", "properties": { "source": "CHIGORODÓ", "target": "TURBO", "distance": 1.0, "betweenness": 0.016666666666666666, "weight": 0.11666666666666667 }, "geometry": { "type": "LineString", "coordinates": [ [ -76.681531, 7.666147 ], [ -76.728858, 8.089929 ] ] } },
{ "type": "Feature", "properties": { "source": "CHIGORODÓ", "target": "APARTADÓ", "distance": 1.0, "betweenness": 0.00032679738562091496, "weight": 0.10032679738562092 }, "geometry": { "type": "LineString", "coordinates": [ [ -76.681531, 7.666147 ], [ -76.625279, 7.882968 ] ] } },
{ "type": "Feature", "properties": { "source": "GIRALDO", "target": "SAN PEDRO DE LOS MILAGROS", "distance": 0.5, "betweenness": 0.00066293183940242752, "weight": 0.10066293183940243 }, "geometry": { "type": "LineString", "coordinates": [ [ -75.952158, 6.680808 ], [ -75.556743, 6.46012 ] ] } },
{ "type": "Feature", "properties": { "source": "GIRALDO", "target": "URRAO", "distance": 0.5, "betweenness": 0.00016339869281045751, "weight": 0.10016339869281046 }, "geometry": { "type": "LineString", "coordinates": [ [ -75.952158, 6.680808 ], [ -76.133951, 6.317343 ] ] } },
{ "type": "Feature", "properties": { "source": "GIRALDO", "target": "SANTA FÉ DE ANTIOQUIA", "distance": 0.33333333333333331, "betweenness": 0.00049486461251167129, "weight": 0.10049486461251168 }, "geometry": { "type": "LineString", "coordinates": [ [ -75.952158, 6.680808 ], [ -75.826648, 6.556484 ] ] } },
{ "type": "Feature", "properties": { "source": "GIRALDO", "target": "BURITICÁ", "distance": 0.5, "betweenness": 0.00017507002801120446, "weight": 0.10017507002801121 }, "geometry": { "type": "LineString", "coordinates": [ [ -75.952158, 6.680808 ], [ -75.907, 6.720759 ] ] } },
{ "type": "Feature", "properties": { "source": "GIRALDO", "target": "BETULIA", "distance": 0.5, "betweenness": 0.00017507002801120446, "weight": 0.10017507002801121 }, "geometry": { "type": "LineString", "coordinates": [ [ -75.952158, 6.680808 ], [ -75.984452, 6.115208 ] ] } },
{ "type": "Feature", "properties": { "source": "GIRALDO", "target": "ABRIAQUÍ", "distance": 0.5, "betweenness": 0.0, "weight": 0.1 }, "geometry": { "type": "LineString", "coordinates": [ [ -75.952158, 6.680808 ], [ -76.064304, 6.632282 ] ] } },
{ "type": "Feature", "properties": { "source": "GIRALDO", "target": "ANZÁ", "distance": 0.5, "betweenness": 0.00028011204481792715, "weight": 0.10028011204481793 }, "geometry": { "type": "LineString", "coordinates": [ [ -75.952158, 6.680808 ], [ -75.854442, 6.302641 ] ] } },
{ "type": "Feature", "properties": { "source": "GIRALDO", "target": "EBÉJICO", "distance": 0.5, "betweenness": 0.00014005602240896358, "weight": 0.10014005602240897 }, "geometry": { "type": "LineString", "coordinates": [ [ -75.952158, 6.680808 ], [ -75.766413, 6.325615 ] ] } },
{ "type": "Feature", "properties": { "source": "GIRALDO", "target": "BELLO", "distance": 0.5, "betweenness": 0.0002380952380952381, "weight": 0.10023809523809524 }, "geometry": { "type": "LineString", "coordinates": [ [ -75.952158, 6.680808 ], [ -75.555245, 6.333587 ] ] } },
{ "type": "Feature", "properties": { "source": "GIRALDO", "target": "BELMIRA", "distance": 0.5, "betweenness": 0.00014005602240896358, "weight": 0.10014005602240897 }, "geometry": { "type": "LineString", "coordinates": [ [ -75.952158, 6.680808 ], [ -75.667779, 6.606319 ] ] } },
{ "type": "Feature", "properties": { "source": "GIRALDO", "target": "DONMATÍAS", "distance": 0.5, "betweenness": 0.00051120448179271707, "weight": 0.10051120448179272 }, "geometry": { "type": "LineString", "coordinates": [ [ -75.952158, 6.680808 ], [ -75.39263, 6.485603 ] ] } },
{ "type": "Feature", "properties": { "source": "GIRALDO", "target": "BARBOSA", "distance": 0.5, "betweenness": 0.00020230314347961407, "weight": 0.10020230314347962 }, "geometry": { "type": "LineString", "coordinates": [ [ -75.952158, 6.680808 ], [ -75.331627, 6.439195 ] ] } },
{ "type": "Feature", "properties": { "source": "GIRALDO", "target": "GIRARDOTA", "distance": 0.5, "betweenness": 0.00018674136321195143, "weight": 0.10018674136321196 }, "geometry": { "type": "LineString", "coordinates": [ [ -75.952158, 6.680808 ], [ -75.444238, 6.379472 ] ] } },
{ "type": "Feature", "properties": { "source": "GIRALDO", "target": "MEDELLÍN", "distance": 0.5, "betweenness": 0.00016806722689075631, "weight": 0.10016806722689076 }, "geometry": { "type": "LineString", "coordinates": [ [ -75.952158, 6.680808 ], [ -75.581775, 6.246631 ] ] } },
{ "type": "Feature", "properties": { "source": "GIRALDO", "target": "ANGELÓPOLIS", "distance": 0.5, "betweenness": 0.00033613445378151261, "weight": 0.10033613445378152 }, "geometry": { "type": "LineString", "coordinates": [ [ -75.952158, 6.680808 ], [ -75.711389, 6.109719 ] ] } },
{ "type": "Feature", "properties": { "source": "GIRALDO", "target": "SOPETRÁN", "distance": 0.5, "betweenness": 0.00016806722689075631, "weight": 0.10016806722689076 }, "geometry": { "type": "LineString", "coordinates": [ [ -75.952158, 6.680808 ], [ -75.747378, 6.500745 ] ] } },
{ "type": "Feature", "properties": { "source": "GIRALDO", "target": "CAICEDO", "distance": 0.5, "betweenness": 0.00014005602240896358, "weight": 0.10014005602240897 }, "geometry": { "type": "LineString", "coordinates": [ [ -75.952158, 6.680808 ], [ -75.98293, 6.405607 ] ] } },
{ "type": "Feature", "properties": { "source": "GIRALDO", "target": "ENTRERRÍOS", "distance": 0.5, "betweenness": 0.00035480859010270777, "weight": 0.10035480859010271 }, "geometry": { "type": "LineString", "coordinates": [ [ -75.952158, 6.680808 ], [ -75.517685, 6.566273 ] ] } },
{ "type": "Feature", "properties": { "source": "GIRALDO", "target": "SAN JERÓNIMO", "distance": 0.5, "betweenness": 0.00024976657329598507, "weight": 0.10024976657329598 }, "geometry": { "type": "LineString", "coordinates": [ [ -75.952158, 6.680808 ], [ -75.726975, 6.44809 ] ] } },
{ "type": "Feature", "properties": { "source": "GIRALDO", "target": "LA ESTRELLA", "distance": 0.33333333333333331, "betweenness": 0.0025894867751021975, "weight": 0.1025894867751022 }, "geometry": { "type": "LineString", "coordinates": [ [ -75.952158, 6.680808 ], [ -75.637708, 6.145238 ] ] } },
{ "type": "Feature", "properties": { "source": "GIRALDO", "target": "OLAYA", "distance": 0.5, "betweenness": 0.00014005602240896358, "weight": 0.10014005602240897 }, "geometry": { "type": "LineString", "coordinates": [ [ -75.952158, 6.680808 ], [ -75.811773, 6.626492 ] ] } },
{ "type": "Feature", "properties": { "source": "GIRALDO", "target": "CAROLINA", "distance": 0.33333333333333331, "betweenness": 0.0028122425440764548, "weight": 0.10281224254407646 }, "geometry": { "type": "LineString", "coordinates": [ [ -75.952158, 6.680808 ], [ -75.283192, 6.725995 ] ] } },
{ "type": "Feature", "properties": { "source": "GIRALDO", "target": "HELICONIA", "distance": 0.5, "betweenness": 0.00014005602240896358, "weight": 0.10014005602240897 }, "geometry": { "type": "LineString", "coordinates": [ [ -75.952158, 6.680808 ], [ -75.734322, 6.206757 ] ] } },
{ "type": "Feature", "properties": { "source": "GIRALDO", "target": "ARMENIA", "distance": 0.5, "betweenness": 0.00018674136321195143, "weight": 0.10018674136321196 }, "geometry": { "type": "LineString", "coordinates": [ [ -75.952158, 6.680808 ], [ -75.786647, 6.155667 ] ] } },
{ "type": "Feature", "properties": { "source": "GIRALDO", "target": "CONCORDIA", "distance": 0.5, "betweenness": 0.00028011204481792715, "weight": 0.10028011204481793 }, "geometry": { "type": "LineString", "coordinates": [ [ -75.952158, 6.680808 ], [ -75.908448, 6.045738 ] ] } },
{ "type": "Feature", "properties": { "source": "GIRALDO", "target": "COPACABANA", "distance": 0.5, "betweenness": 0.00018674136321195143, "weight": 0.10018674136321196 }, "geometry": { "type": "LineString", "coordinates": [ [ -75.952158, 6.680808 ], [ -75.509384, 6.348557 ] ] } },
{ "type": "Feature", "properties": { "source": "GIRALDO", "target": "TITIRIBÍ", "distance": 0.5, "betweenness": 0.00014005602240896358, "weight": 0.10014005602240897 }, "geometry": { "type": "LineString", "coordinates": [ [ -75.952158, 6.680808 ], [ -75.791887, 6.062391 ] ] } },
{ "type": "Feature", "properties": { "source": "GIRALDO", "target": "SALGAR", "distance": 0.33333333333333331, "betweenness": 0.0015071584189231243, "weight": 0.10150715841892313 }, "geometry": { "type": "LineString", "coordinates": [ [ -75.952158, 6.680808 ], [ -75.976807, 5.964198 ] ] } },
{ "type": "Feature", "properties": { "source": "GIRALDO", "target": "MURINDÓ", "distance": 1.0, "betweenness": 0.0, "weight": 0.1 }, "geometry": { "type": "LineString", "coordinates": [ [ -75.952158, 6.680808 ], [ -76.817485, 6.97771 ] ] } },
{ "type": "Feature", "properties": { "source": "GIRALDO", "target": "GUARNE", "distance": 0.5, "betweenness": 0.00032679738562091496, "weight": 0.10032679738562092 }, "geometry": { "type": "LineString", "coordinates": [ [ -75.952158, 6.680808 ], [ -75.441612, 6.27787 ] ] } },
{ "type": "Feature", "properties": { "source": "GIRALDO", "target": "ENVIGADO", "distance": 0.5, "betweenness": 0.0002941176470588235, "weight": 0.10029411764705883 }, "geometry": { "type": "LineString", "coordinates": [ [ -75.952158, 6.680808 ], [ -75.582192, 6.166695 ] ] } },
{ "type": "Feature", "properties": { "source": "GIRALDO", "target": "CALDAS", "distance": 0.5, "betweenness": 0.00025910364145658268, "weight": 0.10025910364145658 }, "geometry": { "type": "LineString", "coordinates": [ [ -75.952158, 6.680808 ], [ -75.633673, 6.091077 ] ] } },
{ "type": "Feature", "properties": { "source": "GIRALDO", "target": "SAN VICENTE FERRER", "distance": 0.5, "betweenness": 0.00018674136321195143, "weight": 0.10018674136321196 }, "geometry": { "type": "LineString", "coordinates": [ [ -75.952158, 6.680808 ], [ -75.332616, 6.282164 ] ] } },
{ "type": "Feature", "properties": { "source": "GIRALDO", "target": "VIGÍA DEL FUERTE", "distance": 1.0, "betweenness": 0.0, "weight": 0.1 }, "geometry": { "type": "LineString", "coordinates": [ [ -75.952158, 6.680808 ], [ -76.896004, 6.588164 ] ] } },
{ "type": "Feature", "properties": { "source": "GIRALDO", "target": "RIONEGRO", "distance": 1.0, "betweenness": 0.0, "weight": 0.1 }, "geometry": { "type": "LineString", "coordinates": [ [ -75.952158, 6.680808 ], [ -75.377316, 6.147148 ] ] } },
{ "type": "Feature", "properties": { "source": "GIRALDO", "target": "ITAGÜÍ", "distance": 1.0, "betweenness": 0.0, "weight": 0.1 }, "geometry": { "type": "LineString", "coordinates": [ [ -75.952158, 6.680808 ], [ -75.612056, 6.175079 ] ] } },
{ "type": "Feature", "properties": { "source": "BURITICÁ", "target": "SANTA FÉ DE ANTIOQUIA", "distance": 0.5, "betweenness": 0.00015506202480992397, "weight": 0.10015506202480993 }, "geometry": { "type": "LineString", "coordinates": [ [ -75.907, 6.720759 ], [ -75.826648, 6.556484 ] ] } },
{ "type": "Feature", "properties": { "source": "BURITICÁ", "target": "URRAO", "distance": 0.5, "betweenness": 0.00041972344493352892, "weight": 0.10041972344493354 }, "geometry": { "type": "LineString", "coordinates": [ [ -75.907, 6.720759 ], [ -76.133951, 6.317343 ] ] } },
{ "type": "Feature", "properties": { "source": "BURITICÁ", "target": "ANZÁ", "distance": 0.5, "betweenness": 0.00036745616120844465, "weight": 0.10036745616120846 }, "geometry": { "type": "LineString", "coordinates": [ [ -75.907, 6.720759 ], [ -75.854442, 6.302641 ] ] } },
{ "type": "Feature", "properties": { "source": "BURITICÁ", "target": "ABRIAQUÍ", "distance": 0.5, "betweenness": 0.00021008403361344536, "weight": 0.10021008403361345 }, "geometry": { "type": "LineString", "coordinates": [ [ -75.907, 6.720759 ], [ -76.064304, 6.632282 ] ] } },
{ "type": "Feature", "properties": { "source": "BURITICÁ", "target": "CAICEDO", "distance": 0.33333333333333331, "betweenness": 0.0016806722689075629, "weight": 0.10168067226890756 }, "geometry": { "type": "LineString", "coordinates": [ [ -75.907, 6.720759 ], [ -75.98293, 6.405607 ] ] } },
{ "type": "Feature", "properties": { "source": "BURITICÁ", "target": "SAN PEDRO DE LOS MILAGROS", "distance": 0.5, "betweenness": 0.00095880381137962423, "weight": 0.10095880381137963 }, "geometry": { "type": "LineString", "coordinates": [ [ -75.907, 6.720759 ], [ -75.556743, 6.46012 ] ] } },
{ "type": "Feature", "properties": { "source": "BURITICÁ", "target": "SOPETRÁN", "distance": 0.5, "betweenness": 0.00023518102893331242, "weight": 0.10023518102893332 }, "geometry": { "type": "LineString", "coordinates": [ [ -75.907, 6.720759 ], [ -75.747378, 6.500745 ] ] } },
{ "type": "Feature", "properties": { "source": "BURITICÁ", "target": "MEDELLÍN", "distance": 0.5, "betweenness": 0.00040853319808380092, "weight": 0.10040853319808381 }, "geometry": { "type": "LineString", "coordinates": [ [ -75.907, 6.720759 ], [ -75.581775, 6.246631 ] ] } },
{ "type": "Feature", "properties": { "source": "BURITICÁ", "target": "OLAYA", "distance": 0.5, "betweenness": 0.00016557127901665715, "weight": 0.10016557127901667 }, "geometry": { "type": "LineString", "coordinates": [ [ -75.907, 6.720759 ], [ -75.811773, 6.626492 ] ] } },
{ "type": "Feature", "properties": { "source": "BURITICÁ", "target": "BELMIRA", "distance": 0.5, "betweenness": 0.00015114741548793431, "weight": 0.10015114741548795 }, "geometry": { "type": "LineString", "coordinates": [ [ -75.907, 6.720759 ], [ -75.667779, 6.606319 ] ] } },
{ "type": "Feature", "properties": { "source": "BURITICÁ", "target": "ENTRERRÍOS", "distance": 0.5, "betweenness": 0.00045693639774750476, "weight": 0.10045693639774751 }, "geometry": { "type": "LineString", "coordinates": [ [ -75.907, 6.720759 ], [ -75.517685, 6.566273 ] ] } },
{ "type": "Feature", "properties": { "source": "BURITICÁ", "target": "BELLO", "distance": 0.5, "betweenness": 0.00034673069930651212, "weight": 0.10034673069930652 }, "geometry": { "type": "LineString", "coordinates": [ [ -75.907, 6.720759 ], [ -75.555245, 6.333587 ] ] } },
{ "type": "Feature", "properties": { "source": "BURITICÁ", "target": "SAN JERÓNIMO", "distance": 0.5, "betweenness": 0.00031921464237869056, "weight": 0.1003192146423787 }, "geometry": { "type": "LineString", "coordinates": [ [ -75.907, 6.720759 ], [ -75.726975, 6.44809 ] ] } },
{ "type": "Feature", "properties": { "source": "BURITICÁ", "target": "EBÉJICO", "distance": 0.5, "betweenness": 0.00017915861996972701, "weight": 0.10017915861996973 }, "geometry": { "type": "LineString", "coordinates": [ [ -75.907, 6.720759 ], [ -75.766413, 6.325615 ] ] } },
{ "type": "Feature", "properties": { "source": "BURITICÁ", "target": "CAROLINA", "distance": 0.5, "betweenness": 0.00062867175855849588, "weight": 0.1006286717585585 }, "geometry": { "type": "LineString", "coordinates": [ [ -75.907, 6.720759 ], [ -75.283192, 6.725995 ] ] } },
{ "type": "Feature", "properties": { "source": "BURITICÁ", "target": "DONMATÍAS", "distance": 0.5, "betweenness": 0.0010955251665883744, "weight": 0.10109552516658837 }, "geometry": { "type": "LineString", "coordinates": [ [ -75.907, 6.720759 ], [ -75.39263, 6.485603 ] ] } },
{ "type": "Feature", "properties": { "source": "BURITICÁ", "target": "HELICONIA", "distance": 0.5, "betweenness": 0.00028848517887611786, "weight": 0.10028848517887612 }, "geometry": { "type": "LineString", "coordinates": [ [ -75.907, 6.720759 ], [ -75.734322, 6.206757 ] ] } },
{ "type": "Feature", "properties": { "source": "BURITICÁ", "target": "BETULIA", "distance": 0.5, "betweenness": 0.00036078682680801792, "weight": 0.10036078682680802 }, "geometry": { "type": "LineString", "coordinates": [ [ -75.907, 6.720759 ], [ -75.984452, 6.115208 ] ] } },
{ "type": "Feature", "properties": { "source": "BURITICÁ", "target": "MURINDÓ", "distance": 0.5, "betweenness": 0.00053431952259904499, "weight": 0.10053431952259904 }, "geometry": { "type": "LineString", "coordinates": [ [ -75.907, 6.720759 ], [ -76.817485, 6.97771 ] ] } },
{ "type": "Feature", "properties": { "source": "BURITICÁ", "target": "SAN VICENTE FERRER", "distance": 0.5, "betweenness": 0.00037396381477492179, "weight": 0.10037396381477492 }, "geometry": { "type": "LineString", "coordinates": [ [ -75.907, 6.720759 ], [ -75.332616, 6.282164 ] ] } },
{ "type": "Feature", "properties": { "source": "BURITICÁ", "target": "BARBOSA", "distance": 0.5, "betweenness": 0.00032851426240495418, "weight": 0.10032851426240497 }, "geometry": { "type": "LineString", "coordinates": [ [ -75.907, 6.720759 ], [ -75.331627, 6.439195 ] ] } },
{ "type": "Feature", "properties": { "source": "BURITICÁ", "target": "COPACABANA", "distance": 0.5, "betweenness": 0.00035895781237396142, "weight": 0.10035895781237397 }, "geometry": { "type": "LineString", "coordinates": [ [ -75.907, 6.720759 ], [ -75.509384, 6.348557 ] ] } },
{ "type": "Feature", "properties": { "source": "BURITICÁ", "target": "CONCORDIA", "distance": 0.5, "betweenness": 0.00049523454528934969, "weight": 0.10049523454528936 }, "geometry": { "type": "LineString", "coordinates": [ [ -75.907, 6.720759 ], [ -75.908448, 6.045738 ] ] } },
{ "type": "Feature", "properties": { "source": "BURITICÁ", "target": "GIRARDOTA", "distance": 0.5, "betweenness": 0.00027434063216854595, "weight": 0.10027434063216856 }, "geometry": { "type": "LineString", "coordinates": [ [ -75.907, 6.720759 ], [ -75.444238, 6.379472 ] ] } },
{ "type": "Feature", "properties": { "source": "BURITICÁ", "target": "ARMENIA", "distance": 0.5, "betweenness": 0.0004435472036860418, "weight": 0.10044354720368605 }, "geometry": { "type": "LineString", "coordinates": [ [ -75.907, 6.720759 ], [ -75.786647, 6.155667 ] ] } },
{ "type": "Feature", "properties": { "source": "BURITICÁ", "target": "GUARNE", "distance": 0.5, "betweenness": 0.00067975279703449238, "weight": 0.10067975279703449 }, "geometry": { "type": "LineString", "coordinates": [ [ -75.907, 6.720759 ], [ -75.441612, 6.27787 ] ] } },
{ "type": "Feature", "properties": { "source": "BURITICÁ", "target": "ANGELÓPOLIS", "distance": 0.5, "betweenness": 0.00076334178818650853, "weight": 0.10076334178818651 }, "geometry": { "type": "LineString", "coordinates": [ [ -75.907, 6.720759 ], [ -75.711389, 6.109719 ] ] } },
{ "type": "Feature", "properties": { "source": "BURITICÁ", "target": "CALDAS", "distance": 1.0, "betweenness": 0.0, "weight": 0.1 }, "geometry": { "type": "LineString", "coordinates": [ [ -75.907, 6.720759 ], [ -75.633673, 6.091077 ] ] } },
{ "type": "Feature", "properties": { "source": "BURITICÁ", "target": "GÓMEZ PLATA", "distance": 0.5, "betweenness": 0.0004000978728638671, "weight": 0.10040009787286387 }, "geometry": { "type": "LineString", "coordinates": [ [ -75.907, 6.720759 ], [ -75.220018, 6.683269 ] ] } },
{ "type": "Feature", "properties": { "source": "BURITICÁ", "target": "ENVIGADO", "distance": 1.0, "betweenness": 0.0, "weight": 0.1 }, "geometry": { "type": "LineString", "coordinates": [ [ -75.907, 6.720759 ], [ -75.582192, 6.166695 ] ] } },
{ "type": "Feature", "properties": { "source": "BURITICÁ", "target": "LA ESTRELLA", "distance": 1.0, "betweenness": 0.0, "weight": 0.1 }, "geometry": { "type": "LineString", "coordinates": [ [ -75.907, 6.720759 ], [ -75.637708, 6.145238 ] ] } },
{ "type": "Feature", "properties": { "source": "ABRIAQUÍ", "target": "SALGAR", "distance": 0.33333333333333331, "betweenness": 0.0030967942732648612, "weight": 0.10309679427326486 }, "geometry": { "type": "LineString", "coordinates": [ [ -76.064304, 6.632282 ], [ -75.976807, 5.964198 ] ] } },
{ "type": "Feature", "properties": { "source": "ABRIAQUÍ", "target": "URRAO", "distance": 0.5, "betweenness": 0.0, "weight": 0.1 }, "geometry": { "type": "LineString", "coordinates": [ [ -76.064304, 6.632282 ], [ -76.133951, 6.317343 ] ] } },
{ "type": "Feature", "properties": { "source": "ABRIAQUÍ", "target": "OLAYA", "distance": 0.5, "betweenness": 0.0003756047873694932, "weight": 0.1003756047873695 }, "geometry": { "type": "LineString", "coordinates": [ [ -76.064304, 6.632282 ], [ -75.811773, 6.626492 ] ] } },
{ "type": "Feature", "properties": { "source": "ABRIAQUÍ", "target": "SANTA FÉ DE ANTIOQUIA", "distance": 0.5, "betweenness": 0.00028011204481792715, "weight": 0.10028011204481793 }, "geometry": { "type": "LineString", "coordinates": [ [ -76.064304, 6.632282 ], [ -75.826648, 6.556484 ] ] } },
{ "type": "Feature", "properties": { "source": "ABRIAQUÍ", "target": "CAICEDO", "distance": 0.5, "betweenness": 0.0005602240896358543, "weight": 0.10056022408963586 }, "geometry": { "type": "LineString", "coordinates": [ [ -76.064304, 6.632282 ], [ -75.98293, 6.405607 ] ] } },
{ "type": "Feature", "properties": { "source": "ABRIAQUÍ", "target": "BETULIA", "distance": 0.5, "betweenness": 0.0, "weight": 0.1 }, "geometry": { "type": "LineString", "coordinates": [ [ -76.064304, 6.632282 ], [ -75.984452, 6.115208 ] ] } },
{ "type": "Feature", "properties": { "source": "ABRIAQUÍ", "target": "SAN PEDRO DE LOS MILAGROS", "distance": 0.5, "betweenness": 0.00028011204481792715, "weight": 0.10028011204481793 }, "geometry": { "type": "LineString", "coordinates": [ [ -76.064304, 6.632282 ], [ -75.556743, 6.46012 ] ] } },
{ "type": "Feature", "properties": { "source": "ABRIAQUÍ", "target": "ENTRERRÍOS", "distance": 0.5, "betweenness": 0.00014005602240896358, "weight": 0.10014005602240897 }, "geometry": { "type": "LineString", "coordinates": [ [ -76.064304, 6.632282 ], [ -75.517685, 6.566273 ] ] } },
{ "type": "Feature", "properties": { "source": "ABRIAQUÍ", "target": "CONCORDIA", "distance": 0.5, "betweenness": 0.00064192343604108299, "weight": 0.10064192343604109 }, "geometry": { "type": "LineString", "coordinates": [ [ -76.064304, 6.632282 ], [ -75.908448, 6.045738 ] ] } },
{ "type": "Feature", "properties": { "source": "ABRIAQUÍ", "target": "BELMIRA", "distance": 0.5, "betweenness": 0.00028011204481792715, "weight": 0.10028011204481793 }, "geometry": { "type": "LineString", "coordinates": [ [ -76.064304, 6.632282 ], [ -75.667779, 6.606319 ] ] } },
{ "type": "Feature", "properties": { "source": "ABRIAQUÍ", "target": "HELICONIA", "distance": 0.5, "betweenness": 0.00059423769507803122, "weight": 0.10059423769507804 }, "geometry": { "type": "LineString", "coordinates": [ [ -76.064304, 6.632282 ], [ -75.734322, 6.206757 ] ] } },
{ "type": "Feature", "properties": { "source": "ABRIAQUÍ", "target": "SOPETRÁN", "distance": 0.5, "betweenness": 0.00036181139122315594, "weight": 0.10036181139122316 }, "geometry": { "type": "LineString", "coordinates": [ [ -76.064304, 6.632282 ], [ -75.747378, 6.500745 ] ] } },
{ "type": "Feature", "properties": { "source": "ABRIAQUÍ", "target": "ANGELÓPOLIS", "distance": 0.5, "betweenness": 0.00057295645530939642, "weight": 0.10057295645530941 }, "geometry": { "type": "LineString", "coordinates": [ [ -76.064304, 6.632282 ], [ -75.711389, 6.109719 ] ] } },
{ "type": "Feature", "properties": { "source": "ABRIAQUÍ", "target": "MEDELLÍN", "distance": 0.33333333333333331, "betweenness": 0.0018674136321195143, "weight": 0.10186741363211951 }, "geometry": { "type": "LineString", "coordinates": [ [ -76.064304, 6.632282 ], [ -75.581775, 6.246631 ] ] } },
{ "type": "Feature", "properties": { "source": "ABRIAQUÍ", "target": "SAN JERÓNIMO", "distance": 0.5, "betweenness": 0.00058590102707749769, "weight": 0.1005859010270775 }, "geometry": { "type": "LineString", "coordinates": [ [ -76.064304, 6.632282 ], [ -75.726975, 6.44809 ] ] } },
{ "type": "Feature", "properties": { "source": "ABRIAQUÍ", "target": "VIGÍA DEL FUERTE", "distance": 0.5, "betweenness": 0.002749960055323377, "weight": 0.10274996005532339 }, "geometry": { "type": "LineString", "coordinates": [ [ -76.064304, 6.632282 ], [ -76.896004, 6.588164 ] ] } },
{ "type": "Feature", "properties": { "source": "ABRIAQUÍ", "target": "TITIRIBÍ", "distance": 0.5, "betweenness": 0.00067577030812324926, "weight": 0.10067577030812326 }, "geometry": { "type": "LineString", "coordinates": [ [ -76.064304, 6.632282 ], [ -75.791887, 6.062391 ] ] } },
{ "type": "Feature", "properties": { "source": "ABRIAQUÍ", "target": "BELLO", "distance": 0.5, "betweenness": 0.00058851823557705917, "weight": 0.10058851823557706 }, "geometry": { "type": "LineString", "coordinates": [ [ -76.064304, 6.632282 ], [ -75.555245, 6.333587 ] ] } },
{ "type": "Feature", "properties": { "source": "ABRIAQUÍ", "target": "COPACABANA", "distance": 0.5, "betweenness": 0.00062380507758658999, "weight": 0.1006238050775866 }, "geometry": { "type": "LineString", "coordinates": [ [ -76.064304, 6.632282 ], [ -75.509384, 6.348557 ] ] } },
{ "type": "Feature", "properties": { "source": "ABRIAQUÍ", "target": "EBÉJICO", "distance": 0.33333333333333331, "betweenness": 0.0016573295985060691, "weight": 0.10165732959850607 }, "geometry": { "type": "LineString", "coordinates": [ [ -76.064304, 6.632282 ], [ -75.766413, 6.325615 ] ] } },
{ "type": "Feature", "properties": { "source": "ABRIAQUÍ", "target": "ANZÁ", "distance": 0.33333333333333331, "betweenness": 0.0018207282913165264, "weight": 0.10182072829131653 }, "geometry": { "type": "LineString", "coordinates": [ [ -76.064304, 6.632282 ], [ -75.854442, 6.302641 ] ] } },
{ "type": "Feature", "properties": { "source": "ABRIAQUÍ", "target": "MURINDÓ", "distance": 0.5, "betweenness": 0.002487916750964075, "weight": 0.10248791675096408 }, "geometry": { "type": "LineString", "coordinates": [ [ -76.064304, 6.632282 ], [ -76.817485, 6.97771 ] ] } },
{ "type": "Feature", "properties": { "source": "ABRIAQUÍ", "target": "CALDAS", "distance": 0.25, "betweenness": 0.0081465919701213807, "weight": 0.10814659197012139 }, "geometry": { "type": "LineString", "coordinates": [ [ -76.064304, 6.632282 ], [ -75.633673, 6.091077 ] ] } },
{ "type": "Feature", "properties": { "source": "ABRIAQUÍ", "target": "ITAGÜÍ", "distance": 0.33333333333333331, "betweenness": 0.0033717426364485189, "weight": 0.10337174263644852 }, "geometry": { "type": "LineString", "coordinates": [ [ -76.064304, 6.632282 ], [ -75.612056, 6.175079 ] ] } },
{ "type": "Feature", "properties": { "source": "ABRIAQUÍ", "target": "DONMATÍAS", "distance": 0.2, "betweenness": 0.020588235294117647, "weight": 0.12058823529411765 }, "geometry": { "type": "LineString", "coordinates": [ [ -76.064304, 6.632282 ], [ -75.39263, 6.485603 ] ] } },
{ "type": "Feature", "properties": { "source": "ABRIAQUÍ", "target": "ARMENIA", "distance": 0.5, "betweenness": 0.00062324929971988789, "weight": 0.1006232492997199 }, "geometry": { "type": "LineString", "coordinates": [ [ -76.064304, 6.632282 ], [ -75.786647, 6.155667 ] ] } },
{ "type": "Feature", "properties": { "source": "ABRIAQUÍ", "target": "GIRARDOTA", "distance": 0.5, "betweenness": 0.0006424792139077852, "weight": 0.10064247921390779 }, "geometry": { "type": "LineString", "coordinates": [ [ -76.064304, 6.632282 ], [ -75.444238, 6.379472 ] ] } },
{ "type": "Feature", "properties": { "source": "ABRIAQUÍ", "target": "BARBOSA", "distance": 0.5, "betweenness": 0.0008839091192032368, "weight": 0.10088390911920324 }, "geometry": { "type": "LineString", "coordinates": [ [ -76.064304, 6.632282 ], [ -75.331627, 6.439195 ] ] } },
{ "type": "Feature", "properties": { "source": "ABRIAQUÍ", "target": "AMAGÁ", "distance": 0.5, "betweenness": 0.00030812324929971991, "weight": 0.10030812324929972 }, "geometry": { "type": "LineString", "coordinates": [ [ -76.064304, 6.632282 ], [ -75.702188, 6.038708 ] ] } },
{ "type": "Feature", "properties": { "source": "ABRIAQUÍ", "target": "LA ESTRELLA", "distance": 0.5, "betweenness": 0.00034313725490196079, "weight": 0.10034313725490196 }, "geometry": { "type": "LineString", "coordinates": [ [ -76.064304, 6.632282 ], [ -75.637708, 6.145238 ] ] } },
{ "type": "Feature", "properties": { "source": "ABRIAQUÍ", "target": "CIUDAD BOLÍVAR", "distance": 1.0, "betweenness": 0.0, "weight": 0.1 }, "geometry": { "type": "LineString", "coordinates": [ [ -76.064304, 6.632282 ], [ -76.021509, 5.850273 ] ] } },
{ "type": "Feature", "properties": { "source": "ABRIAQUÍ", "target": "SABANETA", "distance": 1.0, "betweenness": 0.0, "weight": 0.1 }, "geometry": { "type": "LineString", "coordinates": [ [ -76.064304, 6.632282 ], [ -75.615479, 6.149903 ] ] } },
{ "type": "Feature", "properties": { "source": "ABRIAQUÍ", "target": "GUARNE", "distance": 1.0, "betweenness": 0.0, "weight": 0.1 }, "geometry": { "type": "LineString", "coordinates": [ [ -76.064304, 6.632282 ], [ -75.441612, 6.27787 ] ] } },
{ "type": "Feature", "properties": { "source": "URRAO", "target": "CAICEDO", "distance": 0.5, "betweenness": 0.00042016806722689073, "weight": 0.10042016806722689 }, "geometry": { "type": "LineString", "coordinates": [ [ -76.133951, 6.317343 ], [ -75.98293, 6.405607 ] ] } },
{ "type": "Feature", "properties": { "source": "URRAO", "target": "BETULIA", "distance": 0.5, "betweenness": 0.00049019607843137254, "weight": 0.10049019607843138 }, "geometry": { "type": "LineString", "coordinates": [ [ -76.133951, 6.317343 ], [ -75.984452, 6.115208 ] ] } },
{ "type": "Feature", "properties": { "source": "URRAO", "target": "CONCORDIA", "distance": 0.5, "betweenness": 0.00073529411764705881, "weight": 0.10073529411764706 }, "geometry": { "type": "LineString", "coordinates": [ [ -76.133951, 6.317343 ], [ -75.908448, 6.045738 ] ] } },
{ "type": "Feature", "properties": { "source": "URRAO", "target": "SALGAR", "distance": 0.5, "betweenness": 0.00014005602240896358, "weight": 0.10014005602240897 }, "geometry": { "type": "LineString", "coordinates": [ [ -76.133951, 6.317343 ], [ -75.976807, 5.964198 ] ] } },
{ "type": "Feature", "properties": { "source": "URRAO", "target": "EBÉJICO", "distance": 0.5, "betweenness": 0.00014895070931598444, "weight": 0.100148950709316 }, "geometry": { "type": "LineString", "coordinates": [ [ -76.133951, 6.317343 ], [ -75.766413, 6.325615 ] ] } },
{ "type": "Feature", "properties": { "source": "URRAO", "target": "SANTA FÉ DE ANTIOQUIA", "distance": 0.5, "betweenness": 0.00029775488002256974, "weight": 0.10029775488002257 }, "geometry": { "type": "LineString", "coordinates": [ [ -76.133951, 6.317343 ], [ -75.826648, 6.556484 ] ] } },
{ "type": "Feature", "properties": { "source": "URRAO", "target": "SAN JERÓNIMO", "distance": 0.5, "betweenness": 0.000445845004668534, "weight": 0.10044584500466854 }, "geometry": { "type": "LineString", "coordinates": [ [ -76.133951, 6.317343 ], [ -75.726975, 6.44809 ] ] } },
{ "type": "Feature", "properties": { "source": "URRAO", "target": "CIUDAD BOLÍVAR", "distance": 0.5, "betweenness": 0.0010971055088702145, "weight": 0.10109710550887022 }, "geometry": { "type": "LineString", "coordinates": [ [ -76.133951, 6.317343 ], [ -76.021509, 5.850273 ] ] } },
{ "type": "Feature", "properties": { "source": "URRAO", "target": "VIGÍA DEL FUERTE", "distance": 0.5, "betweenness": 0.0022187475703293789, "weight": 0.10221874757032938 }, "geometry": { "type": "LineString", "coordinates": [ [ -76.133951, 6.317343 ], [ -76.896004, 6.588164 ] ] } },
{ "type": "Feature", "properties": { "source": "URRAO", "target": "TITIRIBÍ", "distance": 0.5, "betweenness": 0.00078781512605042008, "weight": 0.10078781512605042 }, "geometry": { "type": "LineString", "coordinates": [ [ -76.133951, 6.317343 ], [ -75.791887, 6.062391 ] ] } },
{ "type": "Feature", "properties": { "source": "URRAO", "target": "ANZÁ", "distance": 0.5, "betweenness": 0.00014005602240896358, "weight": 0.10014005602240897 }, "geometry": { "type": "LineString", "coordinates": [ [ -76.133951, 6.317343 ], [ -75.854442, 6.302641 ] ] } },
{ "type": "Feature", "properties": { "source": "URRAO", "target": "SOPETRÁN", "distance": 0.5, "betweenness": 0.00032017471020028568, "weight": 0.10032017471020029 }, "geometry": { "type": "LineString", "coordinates": [ [ -76.133951, 6.317343 ], [ -75.747378, 6.500745 ] ] } },
{ "type": "Feature", "properties": { "source": "URRAO", "target": "HELICONIA", "distance": 0.5, "betweenness": 0.00059423769507803122, "weight": 0.10059423769507804 }, "geometry": { "type": "LineString", "coordinates": [ [ -76.133951, 6.317343 ], [ -75.734322, 6.206757 ] ] } },
{ "type": "Feature", "properties": { "source": "URRAO", "target": "MEDELLÍN", "distance": 0.5, "betweenness": 0.00014005602240896358, "weight": 0.10014005602240897 }, "geometry": { "type": "LineString", "coordinates": [ [ -76.133951, 6.317343 ], [ -75.581775, 6.246631 ] ] } },
{ "type": "Feature", "properties": { "source": "URRAO", "target": "ARMENIA", "distance": 0.5, "betweenness": 0.0006057422969187675, "weight": 0.10060574229691878 }, "geometry": { "type": "LineString", "coordinates": [ [ -76.133951, 6.317343 ], [ -75.786647, 6.155667 ] ] } },
{ "type": "Feature", "properties": { "source": "URRAO", "target": "ANDES", "distance": 0.5, "betweenness": 0.0017754479505723102, "weight": 0.10177544795057232 }, "geometry": { "type": "LineString", "coordinates": [ [ -76.133951, 6.317343 ], [ -75.878828, 5.657194 ] ] } },
{ "type": "Feature", "properties": { "source": "URRAO", "target": "AMAGÁ", "distance": 0.33333333333333331, "betweenness": 0.0018232292917166864, "weight": 0.10182322929171669 }, "geometry": { "type": "LineString", "coordinates": [ [ -76.133951, 6.317343 ], [ -75.702188, 6.038708 ] ] } },
{ "type": "Feature", "properties": { "source": "URRAO", "target": "TARSO", "distance": 0.5, "betweenness": 0.0013745144522455447, "weight": 0.10137451445224555 }, "geometry": { "type": "LineString", "coordinates": [ [ -76.133951, 6.317343 ], [ -75.822956, 5.864542 ] ] } },
{ "type": "Feature", "properties": { "source": "URRAO", "target": "MURINDÓ", "distance": 0.5, "betweenness": 0.0034192892999836831, "weight": 0.10341928929998369 }, "geometry": { "type": "LineString", "coordinates": [ [ -76.133951, 6.317343 ], [ -76.817485, 6.97771 ] ] } },
{ "type": "Feature", "properties": { "source": "URRAO", "target": "BETANIA", "distance": 0.5, "betweenness": 0.0015718787515005999, "weight": 0.1015718787515006 }, "geometry": { "type": "LineString", "coordinates": [ [ -76.133951, 6.317343 ], [ -75.97679, 5.74615 ] ] } },
{ "type": "Feature", "properties": { "source": "URRAO", "target": "CALDAS", "distance": 0.5, "betweenness": 0.00014005602240896358, "weight": 0.10014005602240897 }, "geometry": { "type": "LineString", "coordinates": [ [ -76.133951, 6.317343 ], [ -75.633673, 6.091077 ] ] } },
{ "type": "Feature", "properties": { "source": "URRAO", "target": "PUEBLORRICO", "distance": 0.5, "betweenness": 0.0013811079987550575, "weight": 0.10138110799875506 }, "geometry": { "type": "LineString", "coordinates": [ [ -76.133951, 6.317343 ], [ -75.839903, 5.79158 ] ] } },
{ "type": "Feature", "properties": { "source": "URRAO", "target": "ANGELÓPOLIS", "distance": 0.33333333333333331, "betweenness": 0.0018334606569900683, "weight": 0.10183346065699007 }, "geometry": { "type": "LineString", "coordinates": [ [ -76.133951, 6.317343 ], [ -75.711389, 6.109719 ] ] } },
{ "type": "Feature", "properties": { "source": "URRAO", "target": "OLAYA", "distance": 0.5, "betweenness": 0.00037182348601033709, "weight": 0.10037182348601034 }, "geometry": { "type": "LineString", "coordinates": [ [ -76.133951, 6.317343 ], [ -75.811773, 6.626492 ] ] } },
{ "type": "Feature", "properties": { "source": "URRAO", "target": "BELMIRA", "distance": 0.5, "betweenness": 0.00028011204481792715, "weight": 0.10028011204481793 }, "geometry": { "type": "LineString", "coordinates": [ [ -76.133951, 6.317343 ], [ -75.667779, 6.606319 ] ] } },
{ "type": "Feature", "properties": { "source": "URRAO", "target": "BELLO", "distance": 0.5, "betweenness": 0.00059703777242405584, "weight": 0.10059703777242406 }, "geometry": { "type": "LineString", "coordinates": [ [ -76.133951, 6.317343 ], [ -75.555245, 6.333587 ] ] } },
{ "type": "Feature", "properties": { "source": "URRAO", "target": "HISPANIA", "distance": 0.5, "betweenness": 0.0017233933353094999, "weight": 0.10172339333530951 }, "geometry": { "type": "LineString", "coordinates": [ [ -76.133951, 6.317343 ], [ -75.906587, 5.799461 ] ] } },
{ "type": "Feature", "properties": { "source": "URRAO", "target": "FREDONIA", "distance": 0.5, "betweenness": 0.00063025210084033606, "weight": 0.10063025210084034 }, "geometry": { "type": "LineString", "coordinates": [ [ -76.133951, 6.317343 ], [ -75.675072, 5.928039 ] ] } },
{ "type": "Feature", "properties": { "source": "URRAO", "target": "VENECIA", "distance": 0.5, "betweenness": 0.0005602240896358543, "weight": 0.10056022408963586 }, "geometry": { "type": "LineString", "coordinates": [ [ -76.133951, 6.317343 ], [ -75.735544, 5.964693 ] ] } },
{ "type": "Feature", "properties": { "source": "URRAO", "target": "SABANETA", "distance": 0.5, "betweenness": 0.00090702947845804982, "weight": 0.10090702947845806 }, "geometry": { "type": "LineString", "coordinates": [ [ -76.133951, 6.317343 ], [ -75.615479, 6.149903 ] ] } },
{ "type": "Feature", "properties": { "source": "URRAO", "target": "JERICÓ", "distance": 0.2, "betweenness": 0.0095238095238095229, "weight": 0.10952380952380952 }, "geometry": { "type": "LineString", "coordinates": [ [ -76.133951, 6.317343 ], [ -75.785499, 5.789748 ] ] } },
{ "type": "Feature", "properties": { "source": "URRAO", "target": "SAN PEDRO DE LOS MILAGROS", "distance": 0.5, "betweenness": 0.00021008403361344536, "weight": 0.10021008403361345 }, "geometry": { "type": "LineString", "coordinates": [ [ -76.133951, 6.317343 ], [ -75.556743, 6.46012 ] ] } },
{ "type": "Feature", "properties": { "source": "URRAO", "target": "ENTRERRÍOS", "distance": 0.5, "betweenness": 0.00028011204481792715, "weight": 0.10028011204481793 }, "geometry": { "type": "LineString", "coordinates": [ [ -76.133951, 6.317343 ], [ -75.517685, 6.566273 ] ] } },
{ "type": "Feature", "properties": { "source": "URRAO", "target": "ITAGÜÍ", "distance": 0.5, "betweenness": 0.00018079959256429845, "weight": 0.1001807995925643 }, "geometry": { "type": "LineString", "coordinates": [ [ -76.133951, 6.317343 ], [ -75.612056, 6.175079 ] ] } },
{ "type": "Feature", "properties": { "source": "URRAO", "target": "LA ESTRELLA", "distance": 0.33333333333333331, "betweenness": 0.001729358410030679, "weight": 0.10172935841003068 }, "geometry": { "type": "LineString", "coordinates": [ [ -76.133951, 6.317343 ], [ -75.637708, 6.145238 ] ] } },
{ "type": "Feature", "properties": { "source": "URRAO", "target": "SANTA BÁRBARA", "distance": 0.5, "betweenness": 0.00083700146725356806, "weight": 0.10083700146725358 }, "geometry": { "type": "LineString", "coordinates": [ [ -76.133951, 6.317343 ], [ -75.567351, 5.875527 ] ] } },
{ "type": "Feature", "properties": { "source": "URRAO", "target": "RETIRO", "distance": 0.5, "betweenness": 0.00093370681605975706, "weight": 0.10093370681605976 }, "geometry": { "type": "LineString", "coordinates": [ [ -76.133951, 6.317343 ], [ -75.501301, 6.062454 ] ] } },
{ "type": "Feature", "properties": { "source": "URRAO", "target": "COPACABANA", "distance": 0.5, "betweenness": 0.00060535788389429841, "weight": 0.1006053578838943 }, "geometry": { "type": "LineString", "coordinates": [ [ -76.133951, 6.317343 ], [ -75.509384, 6.348557 ] ] } },
{ "type": "Feature", "properties": { "source": "URRAO", "target": "JARDÍN", "distance": 0.5, "betweenness": 0.0013538748832866477, "weight": 0.10135387488328665 }, "geometry": { "type": "LineString", "coordinates": [ [ -76.133951, 6.317343 ], [ -75.818982, 5.597542 ] ] } },
{ "type": "Feature", "properties": { "source": "URRAO", "target": "MONTEBELLO", "distance": 0.5, "betweenness": 0.0012020494472298722, "weight": 0.10120204944722988 }, "geometry": { "type": "LineString", "coordinates": [ [ -76.133951, 6.317343 ], [ -75.523455, 5.946313 ] ] } },
{ "type": "Feature", "properties": { "source": "URRAO", "target": "LA CEJA", "distance": 0.5, "betweenness": 0.0010237428304655195, "weight": 0.10102374283046553 }, "geometry": { "type": "LineString", "coordinates": [ [ -76.133951, 6.317343 ], [ -75.429433, 6.028062 ] ] } },
{ "type": "Feature", "properties": { "source": "URRAO", "target": "TÁMESIS", "distance": 0.5, "betweenness": 0.0015258325552443197, "weight": 0.10152583255524432 }, "geometry": { "type": "LineString", "coordinates": [ [ -76.133951, 6.317343 ], [ -75.714429, 5.664645 ] ] } },
{ "type": "Feature", "properties": { "source": "URRAO", "target": "RIONEGRO", "distance": 0.5, "betweenness": 0.00020674936641323192, "weight": 0.10020674936641323 }, "geometry": { "type": "LineString", "coordinates": [ [ -76.133951, 6.317343 ], [ -75.377316, 6.147148 ] ] } },
{ "type": "Feature", "properties": { "source": "URRAO", "target": "ENVIGADO", "distance": 0.25, "betweenness": 0.0056022408963585426, "weight": 0.10560224089635854 }, "geometry": { "type": "LineString", "coordinates": [ [ -76.133951, 6.317343 ], [ -75.582192, 6.166695 ] ] } },
{ "type": "Feature", "properties": { "source": "URRAO", "target": "GUARNE", "distance": 0.33333333333333331, "betweenness": 0.0036366213151927439, "weight": 0.10363662131519275 }, "geometry": { "type": "LineString", "coordinates": [ [ -76.133951, 6.317343 ], [ -75.441612, 6.27787 ] ] } },
{ "type": "Feature", "properties": { "source": "URRAO", "target": "ABEJORRAL", "distance": 0.5, "betweenness": 0.00084033613445378145, "weight": 0.10084033613445378 }, "geometry": { "type": "LineString", "coordinates": [ [ -76.133951, 6.317343 ], [ -75.428739, 5.789315 ] ] } },
{ "type": "Feature", "properties": { "source": "URRAO", "target": "LA PINTADA", "distance": 0.5, "betweenness": 0.0011904761904761904, "weight": 0.10119047619047619 }, "geometry": { "type": "LineString", "coordinates": [ [ -76.133951, 6.317343 ], [ -75.60781, 5.743808 ] ] } },
{ "type": "Feature", "properties": { "source": "URRAO", "target": "GIRARDOTA", "distance": 0.5, "betweenness": 0.00068531538757560196, "weight": 0.10068531538757561 }, "geometry": { "type": "LineString", "coordinates": [ [ -76.133951, 6.317343 ], [ -75.444238, 6.379472 ] ] } },
{ "type": "Feature", "properties": { "source": "URRAO", "target": "DONMATÍAS", "distance": 0.33333333333333331, "betweenness": 0.0011204481792717086, "weight": 0.10112044817927171 }, "geometry": { "type": "LineString", "coordinates": [ [ -76.133951, 6.317343 ], [ -75.39263, 6.485603 ] ] } },
{ "type": "Feature", "properties": { "source": "URRAO", "target": "BARBOSA", "distance": 0.5, "betweenness": 0.00072829131652661064, "weight": 0.10072829131652662 }, "geometry": { "type": "LineString", "coordinates": [ [ -76.133951, 6.317343 ], [ -75.331627, 6.439195 ] ] } },
{ "type": "Feature", "properties": { "source": "URRAO", "target": "SAN VICENTE FERRER", "distance": 1.0, "betweenness": 0.0, "weight": 0.1 }, "geometry": { "type": "LineString", "coordinates": [ [ -76.133951, 6.317343 ], [ -75.332616, 6.282164 ] ] } },
{ "type": "Feature", "properties": { "source": "URRAO", "target": "LA UNIÓN", "distance": 0.5, "betweenness": 0.0011126672891378774, "weight": 0.10111266728913788 }, "geometry": { "type": "LineString", "coordinates": [ [ -76.133951, 6.317343 ], [ -75.360874, 5.973845 ] ] } },
{ "type": "Feature", "properties": { "source": "URRAO", "target": "VALPARAÍSO", "distance": 0.5, "betweenness": 0.0024617052722847258, "weight": 0.10246170527228474 }, "geometry": { "type": "LineString", "coordinates": [ [ -76.133951, 6.317343 ], [ -75.624452, 5.614555 ] ] } },
{ "type": "Feature", "properties": { "source": "URRAO", "target": "CARAMANTA", "distance": 0.5, "betweenness": 0.001745887875774613, "weight": 0.10174588787577461 }, "geometry": { "type": "LineString", "coordinates": [ [ -76.133951, 6.317343 ], [ -75.643868, 5.54853 ] ] } },
{ "type": "Feature", "properties": { "source": "BELMIRA", "target": "MEDELLÍN", "distance": 0.5, "betweenness": 0.00019033254327371972, "weight": 0.10019033254327372 }, "geometry": { "type": "LineString", "coordinates": [ [ -75.667779, 6.606319 ], [ -75.581775, 6.246631 ] ] } },
{ "type": "Feature", "properties": { "source": "BELMIRA", "target": "SAN VICENTE FERRER", "distance": 0.5, "betweenness": 0.00022034454807564046, "weight": 0.10022034454807564 }, "geometry": { "type": "LineString", "coordinates": [ [ -75.667779, 6.606319 ], [ -75.332616, 6.282164 ] ] } },
{ "type": "Feature", "properties": { "source": "BELMIRA", "target": "BETULIA", "distance": 0.5, "betweenness": 0.00014005602240896358, "weight": 0.10014005602240897 }, "geometry": { "type": "LineString", "coordinates": [ [ -75.667779, 6.606319 ], [ -75.984452, 6.115208 ] ] } },
{ "type": "Feature", "properties": { "source": "BELMIRA", "target": "SANTO DOMINGO", "distance": 0.5, "betweenness": 0.00060926934876514704, "weight": 0.10060926934876516 }, "geometry": { "type": "LineString", "coordinates": [ [ -75.667779, 6.606319 ], [ -75.164903, 6.473032 ] ] } },
{ "type": "Feature", "properties": { "source": "BELMIRA", "target": "DONMATÍAS", "distance": 0.5, "betweenness": 0.00021367521367521365, "weight": 0.10021367521367522 }, "geometry": { "type": "LineString", "coordinates": [ [ -75.667779, 6.606319 ], [ -75.39263, 6.485603 ] ] } },
{ "type": "Feature", "properties": { "source": "BELMIRA", "target": "CONCORDIA", "distance": 0.5, "betweenness": 0.00026021519718998711, "weight": 0.10026021519718999 }, "geometry": { "type": "LineString", "coordinates": [ [ -75.667779, 6.606319 ], [ -75.908448, 6.045738 ] ] } },
{ "type": "Feature", "properties": { "source": "BELMIRA", "target": "GÓMEZ PLATA", "distance": 0.5, "betweenness": 0.00052456880187972624, "weight": 0.10052456880187974 }, "geometry": { "type": "LineString", "coordinates": [ [ -75.667779, 6.606319 ], [ -75.220018, 6.683269 ] ] } },
{ "type": "Feature", "properties": { "source": "BELMIRA", "target": "SAN JERÓNIMO", "distance": 0.5, "betweenness": 0.00014005602240896358, "weight": 0.10014005602240897 }, "geometry": { "type": "LineString", "coordinates": [ [ -75.667779, 6.606319 ], [ -75.726975, 6.44809 ] ] } },
{ "type": "Feature", "properties": { "source": "BELMIRA", "target": "SANTA FÉ DE ANTIOQUIA", "distance": 0.5, "betweenness": 0.00014331313920917202, "weight": 0.10014331313920918 }, "geometry": { "type": "LineString", "coordinates": [ [ -75.667779, 6.606319 ], [ -75.826648, 6.556484 ] ] } },
{ "type": "Feature", "properties": { "source": "BELMIRA", "target": "CONCEPCIÓN", "distance": 0.5, "betweenness": 0.00030114609946542713, "weight": 0.10030114609946543 }, "geometry": { "type": "LineString", "coordinates": [ [ -75.667779, 6.606319 ], [ -75.257587, 6.394348 ] ] } },
{ "type": "Feature", "properties": { "source": "BELMIRA", "target": "EBÉJICO", "distance": 0.5, "betweenness": 0.00018674136321195143, "weight": 0.10018674136321196 }, "geometry": { "type": "LineString", "coordinates": [ [ -75.667779, 6.606319 ], [ -75.766413, 6.325615 ] ] } },
{ "type": "Feature", "properties": { "source": "BELMIRA", "target": "RIONEGRO", "distance": 0.5, "betweenness": 0.00029037255928012227, "weight": 0.10029037255928012 }, "geometry": { "type": "LineString", "coordinates": [ [ -75.667779, 6.606319 ], [ -75.377316, 6.147148 ] ] } },
{ "type": "Feature", "properties": { "source": "BELMIRA", "target": "SOPETRÁN", "distance": 0.5, "betweenness": 0.00014005602240896358, "weight": 0.10014005602240897 }, "geometry": { "type": "LineString", "coordinates": [ [ -75.667779, 6.606319 ], [ -75.747378, 6.500745 ] ] } },
{ "type": "Feature", "properties": { "source": "BELMIRA", "target": "RETIRO", "distance": 0.5, "betweenness": 0.00019700187767414656, "weight": 0.10019700187767415 }, "geometry": { "type": "LineString", "coordinates": [ [ -75.667779, 6.606319 ], [ -75.501301, 6.062454 ] ] } },
{ "type": "Feature", "properties": { "source": "BELMIRA", "target": "BARBOSA", "distance": 0.5, "betweenness": 0.00022034454807564046, "weight": 0.10022034454807564 }, "geometry": { "type": "LineString", "coordinates": [ [ -75.667779, 6.606319 ], [ -75.331627, 6.439195 ] ] } },
{ "type": "Feature", "properties": { "source": "BELMIRA", "target": "CALDAS", "distance": 0.5, "betweenness": 0.00014364720247073186, "weight": 0.10014364720247074 }, "geometry": { "type": "LineString", "coordinates": [ [ -75.667779, 6.606319 ], [ -75.633673, 6.091077 ] ] } },
{ "type": "Feature", "properties": { "source": "BELMIRA", "target": "BELLO", "distance": 0.5, "betweenness": 0.00019033254327371972, "weight": 0.10019033254327372 }, "geometry": { "type": "LineString", "coordinates": [ [ -75.667779, 6.606319 ], [ -75.555245, 6.333587 ] ] } },
{ "type": "Feature", "properties": { "source": "BELMIRA", "target": "SAN PEDRO DE LOS MILAGROS", "distance": 0.5, "betweenness": 0.00014364720247073186, "weight": 0.10014364720247074 }, "geometry": { "type": "LineString", "coordinates": [ [ -75.667779, 6.606319 ], [ -75.556743, 6.46012 ] ] } },
{ "type": "Feature", "properties": { "source": "BELMIRA", "target": "LA ESTRELLA", "distance": 0.5, "betweenness": 0.00025947784845461558, "weight": 0.10025947784845463 }, "geometry": { "type": "LineString", "coordinates": [ [ -75.667779, 6.606319 ], [ -75.637708, 6.145238 ] ] } },
{ "type": "Feature", "properties": { "source": "BELMIRA", "target": "MARINILLA", "distance": 0.5, "betweenness": 0.00035911800617682962, "weight": 0.10035911800617683 }, "geometry": { "type": "LineString", "coordinates": [ [ -75.667779, 6.606319 ], [ -75.339345, 6.173995 ] ] } },
{ "type": "Feature", "properties": { "source": "BELMIRA", "target": "ANZÁ", "distance": 0.25, "betweenness": 0.002696078431372549, "weight": 0.10269607843137256 }, "geometry": { "type": "LineString", "coordinates": [ [ -75.667779, 6.606319 ], [ -75.854442, 6.302641 ] ] } },
{ "type": "Feature", "properties": { "source": "BELMIRA", "target": "CAICEDO", "distance": 0.5, "betweenness": 0.00014005602240896358, "weight": 0.10014005602240897 }, "geometry": { "type": "LineString", "coordinates": [ [ -75.667779, 6.606319 ], [ -75.98293, 6.405607 ] ] } },
{ "type": "Feature", "properties": { "source": "BELMIRA", "target": "PEÑOL", "distance": 0.5, "betweenness": 0.0003750645557368246, "weight": 0.10037506455573683 }, "geometry": { "type": "LineString", "coordinates": [ [ -75.667779, 6.606319 ], [ -75.242693, 6.219349 ] ] } },
{ "type": "Feature", "properties": { "source": "BELMIRA", "target": "YOLOMBÓ", "distance": 0.5, "betweenness": 0.00056307685215866137, "weight": 0.10056307685215866 }, "geometry": { "type": "LineString", "coordinates": [ [ -75.667779, 6.606319 ], [ -75.013385, 6.594511 ] ] } },
{ "type": "Feature", "properties": { "source": "BELMIRA", "target": "ENTRERRÍOS", "distance": 0.5, "betweenness": 0.00014364720247073186, "weight": 0.10014364720247074 }, "geometry": { "type": "LineString", "coordinates": [ [ -75.667779, 6.606319 ], [ -75.517685, 6.566273 ] ] } },
{ "type": "Feature", "properties": { "source": "BELMIRA", "target": "GIRARDOTA", "distance": 0.5, "betweenness": 0.00024868921927745456, "weight": 0.10024868921927746 }, "geometry": { "type": "LineString", "coordinates": [ [ -75.667779, 6.606319 ], [ -75.444238, 6.379472 ] ] } },
{ "type": "Feature", "properties": { "source": "BELMIRA", "target": "SAN ROQUE", "distance": 0.5, "betweenness": 0.00056258400796215912, "weight": 0.10056258400796217 }, "geometry": { "type": "LineString", "coordinates": [ [ -75.667779, 6.606319 ], [ -75.019109, 6.485939 ] ] } },
{ "type": "Feature", "properties": { "source": "BELMIRA", "target": "GUARNE", "distance": 0.5, "betweenness": 0.00024368721847713436, "weight": 0.10024368721847714 }, "geometry": { "type": "LineString", "coordinates": [ [ -75.667779, 6.606319 ], [ -75.441612, 6.27787 ] ] } },
{ "type": "Feature", "properties": { "source": "BELMIRA", "target": "ARMENIA", "distance": 0.5, "betweenness": 0.00022675736961451246, "weight": 0.10022675736961452 }, "geometry": { "type": "LineString", "coordinates": [ [ -75.667779, 6.606319 ], [ -75.786647, 6.155667 ] ] } },
{ "type": "Feature", "properties": { "source": "BELMIRA", "target": "ENVIGADO", "distance": 0.5, "betweenness": 0.00021367521367521365, "weight": 0.10021367521367522 }, "geometry": { "type": "LineString", "coordinates": [ [ -75.667779, 6.606319 ], [ -75.582192, 6.166695 ] ] } },
{ "type": "Feature", "properties": { "source": "BELMIRA", "target": "GUATAPÉ", "distance": 0.5, "betweenness": 0.00058125814428335422, "weight": 0.10058125814428336 }, "geometry": { "type": "LineString", "coordinates": [ [ -75.667779, 6.606319 ], [ -75.160041, 6.232461 ] ] } },
{ "type": "Feature", "properties": { "source": "BELMIRA", "target": "HELICONIA", "distance": 0.5, "betweenness": 0.00014005602240896358, "weight": 0.10014005602240897 }, "geometry": { "type": "LineString", "coordinates": [ [ -75.667779, 6.606319 ], [ -75.734322, 6.206757 ] ] } },
{ "type": "Feature", "properties": { "source": "BELMIRA", "target": "ANGELÓPOLIS", "distance": 0.5, "betweenness": 0.00028011204481792715, "weight": 0.10028011204481793 }, "geometry": { "type": "LineString", "coordinates": [ [ -75.667779, 6.606319 ], [ -75.711389, 6.109719 ] ] } },
{ "type": "Feature", "properties": { "source": "BELMIRA", "target": "CAROLINA", "distance": 0.33333333333333331, "betweenness": 0.0012501667333600108, "weight": 0.10125016673336001 }, "geometry": { "type": "LineString", "coordinates": [ [ -75.667779, 6.606319 ], [ -75.283192, 6.725995 ] ] } },
{ "type": "Feature", "properties": { "source": "BELMIRA", "target": "LA CEJA", "distance": 0.5, "betweenness": 0.00028004857999787002, "weight": 0.10028004857999788 }, "geometry": { "type": "LineString", "coordinates": [ [ -75.667779, 6.606319 ], [ -75.429433, 6.028062 ] ] } },
{ "type": "Feature", "properties": { "source": "BELMIRA", "target": "COPACABANA", "distance": 0.5, "betweenness": 0.00021367521367521365, "weight": 0.10021367521367522 }, "geometry": { "type": "LineString", "coordinates": [ [ -75.667779, 6.606319 ], [ -75.509384, 6.348557 ] ] } },
{ "type": "Feature", "properties": { "source": "BELMIRA", "target": "CISNEROS", "distance": 0.5, "betweenness": 0.00058715794009911654, "weight": 0.10058715794009912 }, "geometry": { "type": "LineString", "coordinates": [ [ -75.667779, 6.606319 ], [ -75.087047, 6.537829 ] ] } },
{ "type": "Feature", "properties": { "source": "BELMIRA", "target": "EL CARMEN DE VIBORAL", "distance": 0.5, "betweenness": 0.00046825536285301179, "weight": 0.10046825536285302 }, "geometry": { "type": "LineString", "coordinates": [ [ -75.667779, 6.606319 ], [ -75.333901, 6.082885 ] ] } },
{ "type": "Feature", "properties": { "source": "BELMIRA", "target": "TITIRIBÍ", "distance": 0.5, "betweenness": 0.00032679738562091496, "weight": 0.10032679738562092 }, "geometry": { "type": "LineString", "coordinates": [ [ -75.667779, 6.606319 ], [ -75.791887, 6.062391 ] ] } },
{ "type": "Feature", "properties": { "source": "BELMIRA", "target": "OLAYA", "distance": 0.5, "betweenness": 0.00014841943907687848, "weight": 0.10014841943907689 }, "geometry": { "type": "LineString", "coordinates": [ [ -75.667779, 6.606319 ], [ -75.811773, 6.626492 ] ] } },
{ "type": "Feature", "properties": { "source": "BELMIRA", "target": "SAN RAFAEL", "distance": 0.5, "betweenness": 0.00041772050700622119, "weight": 0.10041772050700623 }, "geometry": { "type": "LineString", "coordinates": [ [ -75.667779, 6.606319 ], [ -75.02849, 6.293759 ] ] } },
{ "type": "Feature", "properties": { "source": "BELMIRA", "target": "AMAGÁ", "distance": 0.5, "betweenness": 0.0002534347072162198, "weight": 0.10025343470721622 }, "geometry": { "type": "LineString", "coordinates": [ [ -75.667779, 6.606319 ], [ -75.702188, 6.038708 ] ] } },
{ "type": "Feature", "properties": { "source": "BELMIRA", "target": "SABANETA", "distance": 0.5, "betweenness": 0.00023368321687649416, "weight": 0.10023368321687649 }, "geometry": { "type": "LineString", "coordinates": [ [ -75.667779, 6.606319 ], [ -75.615479, 6.149903 ] ] } },
{ "type": "Feature", "properties": { "source": "BELMIRA", "target": "EL SANTUARIO", "distance": 0.5, "betweenness": 0.00038374324088609799, "weight": 0.1003837432408861 }, "geometry": { "type": "LineString", "coordinates": [ [ -75.667779, 6.606319 ], [ -75.265465, 6.136871 ] ] } },
{ "type": "Feature", "properties": { "source": "BELMIRA", "target": "ALEJANDRÍA", "distance": 0.5, "betweenness": 0.00066351326855528534, "weight": 0.10066351326855529 }, "geometry": { "type": "LineString", "coordinates": [ [ -75.667779, 6.606319 ], [ -75.141346, 6.376061 ] ] } },
{ "type": "Feature", "properties": { "source": "BELMIRA", "target": "ITAGÜÍ", "distance": 1.0, "betweenness": 0.0, "weight": 0.1 }, "geometry": { "type": "LineString", "coordinates": [ [ -75.667779, 6.606319 ], [ -75.612056, 6.175079 ] ] } },
{ "type": "Feature", "properties": { "source": "BELMIRA", "target": "FREDONIA", "distance": 0.5, "betweenness": 0.00021367521367521365, "weight": 0.10021367521367522 }, "geometry": { "type": "LineString", "coordinates": [ [ -75.667779, 6.606319 ], [ -75.675072, 5.928039 ] ] } },
{ "type": "Feature", "properties": { "source": "BELMIRA", "target": "GRANADA", "distance": 0.5, "betweenness": 0.0002700225389301019, "weight": 0.10027002253893011 }, "geometry": { "type": "LineString", "coordinates": [ [ -75.667779, 6.606319 ], [ -75.184446, 6.142892 ] ] } },
{ "type": "Feature", "properties": { "source": "BELMIRA", "target": "SAN CARLOS", "distance": 0.5, "betweenness": 0.00059317957952411727, "weight": 0.10059317957952413 }, "geometry": { "type": "LineString", "coordinates": [ [ -75.667779, 6.606319 ], [ -74.988097, 6.187746 ] ] } },
{ "type": "Feature", "properties": { "source": "BELMIRA", "target": "LA UNIÓN", "distance": 0.5, "betweenness": 0.00028259166914629095, "weight": 0.1002825916691463 }, "geometry": { "type": "LineString", "coordinates": [ [ -75.667779, 6.606319 ], [ -75.360874, 5.973845 ] ] } },
{ "type": "Feature", "properties": { "source": "BELMIRA", "target": "ABEJORRAL", "distance": 0.5, "betweenness": 0.00015031653687115867, "weight": 0.10015031653687116 }, "geometry": { "type": "LineString", "coordinates": [ [ -75.667779, 6.606319 ], [ -75.428739, 5.789315 ] ] } },
{ "type": "Feature", "properties": { "source": "BELMIRA", "target": "SANTA BÁRBARA", "distance": 0.5, "betweenness": 0.00033038856568268324, "weight": 0.10033038856568269 }, "geometry": { "type": "LineString", "coordinates": [ [ -75.667779, 6.606319 ], [ -75.567351, 5.875527 ] ] } },
{ "type": "Feature", "properties": { "source": "BELMIRA", "target": "MONTEBELLO", "distance": 0.5, "betweenness": 0.00044366181615934446, "weight": 0.10044366181615935 }, "geometry": { "type": "LineString", "coordinates": [ [ -75.667779, 6.606319 ], [ -75.523455, 5.946313 ] ] } },
{ "type": "Feature", "properties": { "source": "BELMIRA", "target": "COCORNÁ", "distance": 0.5, "betweenness": 0.00047628034792880441, "weight": 0.10047628034792881 }, "geometry": { "type": "LineString", "coordinates": [ [ -75.667779, 6.606319 ], [ -75.185483, 6.058295 ] ] } },
{ "type": "Feature", "properties": { "source": "BELMIRA", "target": "VENECIA", "distance": 0.25, "betweenness": 0.0053104575163398686, "weight": 0.10531045751633987 }, "geometry": { "type": "LineString", "coordinates": [ [ -75.667779, 6.606319 ], [ -75.735544, 5.964693 ] ] } },
{ "type": "Feature", "properties": { "source": "BELMIRA", "target": "SALGAR", "distance": 0.5, "betweenness": 0.00016339869281045751, "weight": 0.10016339869281046 }, "geometry": { "type": "LineString", "coordinates": [ [ -75.667779, 6.606319 ], [ -75.976807, 5.964198 ] ] } },
{ "type": "Feature", "properties": { "source": "MURINDÓ", "target": "SANTA FÉ DE ANTIOQUIA", "distance": 0.5, "betweenness": 0.0011250733679968533, "weight": 0.10112507336799686 }, "geometry": { "type": "LineString", "coordinates": [ [ -76.817485, 6.97771 ], [ -75.826648, 6.556484 ] ] } },
{ "type": "Feature", "properties": { "source": "MURINDÓ", "target": "VIGÍA DEL FUERTE", "distance": 0.5, "betweenness": 0.00014005602240896358, "weight": 0.10014005602240897 }, "geometry": { "type": "LineString", "coordinates": [ [ -76.817485, 6.97771 ], [ -76.896004, 6.588164 ] ] } },
{ "type": "Feature", "properties": { "source": "MURINDÓ", "target": "CAICEDO", "distance": 0.5, "betweenness": 0.001096693595035037, "weight": 0.10109669359503504 }, "geometry": { "type": "LineString", "coordinates": [ [ -76.817485, 6.97771 ], [ -75.98293, 6.405607 ] ] } },
{ "type": "Feature", "properties": { "source": "OLAYA", "target": "SOPETRÁN", "distance": 0.5, "betweenness": 0.00019510477987986637, "weight": 0.10019510477987988 }, "geometry": { "type": "LineString", "coordinates": [ [ -75.811773, 6.626492 ], [ -75.747378, 6.500745 ] ] } },
{ "type": "Feature", "properties": { "source": "OLAYA", "target": "EBÉJICO", "distance": 0.5, "betweenness": 0.00017876491059882059, "weight": 0.10017876491059882 }, "geometry": { "type": "LineString", "coordinates": [ [ -75.811773, 6.626492 ], [ -75.766413, 6.325615 ] ] } },
{ "type": "Feature", "properties": { "source": "OLAYA", "target": "SAN VICENTE FERRER", "distance": 0.5, "betweenness": 0.00021939382727815743, "weight": 0.10021939382727817 }, "geometry": { "type": "LineString", "coordinates": [ [ -75.811773, 6.626492 ], [ -75.332616, 6.282164 ] ] } },
{ "type": "Feature", "properties": { "source": "OLAYA", "target": "CAICEDO", "distance": 0.5, "betweenness": 0.00018422921753371576, "weight": 0.10018422921753373 }, "geometry": { "type": "LineString", "coordinates": [ [ -75.811773, 6.626492 ], [ -75.98293, 6.405607 ] ] } },
{ "type": "Feature", "properties": { "source": "OLAYA", "target": "ENTRERRÍOS", "distance": 0.5, "betweenness": 0.00040018681269299165, "weight": 0.100400186812693 }, "geometry": { "type": "LineString", "coordinates": [ [ -75.811773, 6.626492 ], [ -75.517685, 6.566273 ] ] } },
{ "type": "Feature", "properties": { "source": "OLAYA", "target": "BARBOSA", "distance": 0.5, "betweenness": 0.00019005225381893691, "weight": 0.10019005225381894 }, "geometry": { "type": "LineString", "coordinates": [ [ -75.811773, 6.626492 ], [ -75.331627, 6.439195 ] ] } },
{ "type": "Feature", "properties": { "source": "OLAYA", "target": "HELICONIA", "distance": 0.5, "betweenness": 0.00025223019414813777, "weight": 0.10025223019414814 }, "geometry": { "type": "LineString", "coordinates": [ [ -75.811773, 6.626492 ], [ -75.734322, 6.206757 ] ] } },
{ "type": "Feature", "properties": { "source": "OLAYA", "target": "SAN PEDRO DE LOS MILAGROS", "distance": 0.5, "betweenness": 0.00032899166796843517, "weight": 0.10032899166796844 }, "geometry": { "type": "LineString", "coordinates": [ [ -75.811773, 6.626492 ], [ -75.556743, 6.46012 ] ] } },
{ "type": "Feature", "properties": { "source": "OLAYA", "target": "CAROLINA", "distance": 0.5, "betweenness": 0.00038890303596185943, "weight": 0.10038890303596186 }, "geometry": { "type": "LineString", "coordinates": [ [ -75.811773, 6.626492 ], [ -75.283192, 6.725995 ] ] } },
{ "type": "Feature", "properties": { "source": "OLAYA", "target": "GUARNE", "distance": 0.5, "betweenness": 0.00050252980894355075, "weight": 0.10050252980894356 }, "geometry": { "type": "LineString", "coordinates": [ [ -75.811773, 6.626492 ], [ -75.441612, 6.27787 ] ] } },
{ "type": "Feature", "properties": { "source": "OLAYA", "target": "CONCORDIA", "distance": 1.0, "betweenness": 0.0, "weight": 0.1 }, "geometry": { "type": "LineString", "coordinates": [ [ -75.811773, 6.626492 ], [ -75.908448, 6.045738 ] ] } },
{ "type": "Feature", "properties": { "source": "OLAYA", "target": "RIONEGRO", "distance": 0.5, "betweenness": 0.00033298122027731504, "weight": 0.10033298122027733 }, "geometry": { "type": "LineString", "coordinates": [ [ -75.811773, 6.626492 ], [ -75.377316, 6.147148 ] ] } },
{ "type": "Feature", "properties": { "source": "OLAYA", "target": "DONMATÍAS", "distance": 0.5, "betweenness": 0.00053196679741415276, "weight": 0.10053196679741416 }, "geometry": { "type": "LineString", "coordinates": [ [ -75.811773, 6.626492 ], [ -75.39263, 6.485603 ] ] } },
{ "type": "Feature", "properties": { "source": "OLAYA", "target": "ENVIGADO", "distance": 0.5, "betweenness": 0.00047381533169966181, "weight": 0.10047381533169966 }, "geometry": { "type": "LineString", "coordinates": [ [ -75.811773, 6.626492 ], [ -75.582192, 6.166695 ] ] } },
{ "type": "Feature", "properties": { "source": "OLAYA", "target": "MEDELLÍN", "distance": 0.5, "betweenness": 0.00024739142880517075, "weight": 0.10024739142880518 }, "geometry": { "type": "LineString", "coordinates": [ [ -75.811773, 6.626492 ], [ -75.581775, 6.246631 ] ] } },
{ "type": "Feature", "properties": { "source": "OLAYA", "target": "SAN JERÓNIMO", "distance": 0.5, "betweenness": 0.00034099646988920349, "weight": 0.10034099646988921 }, "geometry": { "type": "LineString", "coordinates": [ [ -75.811773, 6.626492 ], [ -75.726975, 6.44809 ] ] } },
{ "type": "Feature", "properties": { "source": "OLAYA", "target": "BELLO", "distance": 0.5, "betweenness": 0.00028897566156587409, "weight": 0.10028897566156587 }, "geometry": { "type": "LineString", "coordinates": [ [ -75.811773, 6.626492 ], [ -75.555245, 6.333587 ] ] } },
{ "type": "Feature", "properties": { "source": "OLAYA", "target": "SANTA FÉ DE ANTIOQUIA", "distance": 0.5, "betweenness": 0.00017547571613315554, "weight": 0.10017547571613317 }, "geometry": { "type": "LineString", "coordinates": [ [ -75.811773, 6.626492 ], [ -75.826648, 6.556484 ] ] } },
{ "type": "Feature", "properties": { "source": "OLAYA", "target": "ANGELÓPOLIS", "distance": 0.5, "betweenness": 0.00044974509754539406, "weight": 0.1004497450975454 }, "geometry": { "type": "LineString", "coordinates": [ [ -75.811773, 6.626492 ], [ -75.711389, 6.109719 ] ] } },
{ "type": "Feature", "properties": { "source": "OLAYA", "target": "SANTO DOMINGO", "distance": 0.5, "betweenness": 0.0002624145320635681, "weight": 0.10026241453206357 }, "geometry": { "type": "LineString", "coordinates": [ [ -75.811773, 6.626492 ], [ -75.164903, 6.473032 ] ] } },
{ "type": "Feature", "properties": { "source": "OLAYA", "target": "BETULIA", "distance": 0.5, "betweenness": 0.00029330723102349393, "weight": 0.1002933072310235 }, "geometry": { "type": "LineString", "coordinates": [ [ -75.811773, 6.626492 ], [ -75.984452, 6.115208 ] ] } },
{ "type": "Feature", "properties": { "source": "OLAYA", "target": "CALDAS", "distance": 0.5, "betweenness": 0.00054384334290414347, "weight": 0.10054384334290414 }, "geometry": { "type": "LineString", "coordinates": [ [ -75.811773, 6.626492 ], [ -75.633673, 6.091077 ] ] } },
{ "type": "Feature", "properties": { "source": "OLAYA", "target": "GIRARDOTA", "distance": 0.5, "betweenness": 0.00020844344868072004, "weight": 0.10020844344868073 }, "geometry": { "type": "LineString", "coordinates": [ [ -75.811773, 6.626492 ], [ -75.444238, 6.379472 ] ] } },
{ "type": "Feature", "properties": { "source": "OLAYA", "target": "ANZÁ", "distance": 0.5, "betweenness": 0.00041091837804640573, "weight": 0.10041091837804642 }, "geometry": { "type": "LineString", "coordinates": [ [ -75.811773, 6.626492 ], [ -75.854442, 6.302641 ] ] } },
{ "type": "Feature", "properties": { "source": "OLAYA", "target": "GÓMEZ PLATA", "distance": 0.5, "betweenness": 0.00023684221163212759, "weight": 0.10023684221163214 }, "geometry": { "type": "LineString", "coordinates": [ [ -75.811773, 6.626492 ], [ -75.220018, 6.683269 ] ] } },
{ "type": "Feature", "properties": { "source": "OLAYA", "target": "CONCEPCIÓN", "distance": 0.5, "betweenness": 0.00022416846440573572, "weight": 0.10022416846440574 }, "geometry": { "type": "LineString", "coordinates": [ [ -75.811773, 6.626492 ], [ -75.257587, 6.394348 ] ] } },
{ "type": "Feature", "properties": { "source": "OLAYA", "target": "TITIRIBÍ", "distance": 0.5, "betweenness": 0.00021721618854589686, "weight": 0.1002172161885459 }, "geometry": { "type": "LineString", "coordinates": [ [ -75.811773, 6.626492 ], [ -75.791887, 6.062391 ] ] } },
{ "type": "Feature", "properties": { "source": "OLAYA", "target": "MARINILLA", "distance": 0.5, "betweenness": 0.00029514207529531293, "weight": 0.10029514207529532 }, "geometry": { "type": "LineString", "coordinates": [ [ -75.811773, 6.626492 ], [ -75.339345, 6.173995 ] ] } },
{ "type": "Feature", "properties": { "source": "OLAYA", "target": "COPACABANA", "distance": 0.5, "betweenness": 0.00031465259900751737, "weight": 0.10031465259900753 }, "geometry": { "type": "LineString", "coordinates": [ [ -75.811773, 6.626492 ], [ -75.509384, 6.348557 ] ] } },
{ "type": "Feature", "properties": { "source": "OLAYA", "target": "RETIRO", "distance": 0.5, "betweenness": 0.00050805124828851944, "weight": 0.10050805124828853 }, "geometry": { "type": "LineString", "coordinates": [ [ -75.811773, 6.626492 ], [ -75.501301, 6.062454 ] ] } },
{ "type": "Feature", "properties": { "source": "OLAYA", "target": "PEÑOL", "distance": 0.5, "betweenness": 0.00038395965360868954, "weight": 0.10038395965360869 }, "geometry": { "type": "LineString", "coordinates": [ [ -75.811773, 6.626492 ], [ -75.242693, 6.219349 ] ] } },
{ "type": "Feature", "properties": { "source": "OLAYA", "target": "ITAGÜÍ", "distance": 1.0, "betweenness": 0.0, "weight": 0.1 }, "geometry": { "type": "LineString", "coordinates": [ [ -75.811773, 6.626492 ], [ -75.612056, 6.175079 ] ] } },
{ "type": "Feature", "properties": { "source": "OLAYA", "target": "AMAGÁ", "distance": 0.5, "betweenness": 0.00022905075920399694, "weight": 0.10022905075920401 }, "geometry": { "type": "LineString", "coordinates": [ [ -75.811773, 6.626492 ], [ -75.702188, 6.038708 ] ] } },
{ "type": "Feature", "properties": { "source": "OLAYA", "target": "SANTA BÁRBARA", "distance": 1.0, "betweenness": 0.0, "weight": 0.1 }, "geometry": { "type": "LineString", "coordinates": [ [ -75.811773, 6.626492 ], [ -75.567351, 5.875527 ] ] } },
{ "type": "Feature", "properties": { "source": "OLAYA", "target": "SALGAR", "distance": 0.5, "betweenness": 0.00039801578111019518, "weight": 0.1003980157811102 }, "geometry": { "type": "LineString", "coordinates": [ [ -75.811773, 6.626492 ], [ -75.976807, 5.964198 ] ] } },
{ "type": "Feature", "properties": { "source": "OLAYA", "target": "LA ESTRELLA", "distance": 0.5, "betweenness": 0.0003174194400096524, "weight": 0.10031741944000966 }, "geometry": { "type": "LineString", "coordinates": [ [ -75.811773, 6.626492 ], [ -75.637708, 6.145238 ] ] } },
{ "type": "Feature", "properties": { "source": "OLAYA", "target": "YOLOMBÓ", "distance": 1.0, "betweenness": 0.0, "weight": 0.1 }, "geometry": { "type": "LineString", "coordinates": [ [ -75.811773, 6.626492 ], [ -75.013385, 6.594511 ] ] } },
{ "type": "Feature", "properties": { "source": "OLAYA", "target": "ARMENIA", "distance": 1.0, "betweenness": 0.0, "weight": 0.1 }, "geometry": { "type": "LineString", "coordinates": [ [ -75.811773, 6.626492 ], [ -75.786647, 6.155667 ] ] } },
{ "type": "Feature", "properties": { "source": "OLAYA", "target": "VENECIA", "distance": 1.0, "betweenness": 0.0, "weight": 0.1 }, "geometry": { "type": "LineString", "coordinates": [ [ -75.811773, 6.626492 ], [ -75.735544, 5.964693 ] ] } },
{ "type": "Feature", "properties": { "source": "SANTA FÉ DE ANTIOQUIA", "target": "ENTRERRÍOS", "distance": 0.5, "betweenness": 0.00033297233622131019, "weight": 0.10033297233622132 }, "geometry": { "type": "LineString", "coordinates": [ [ -75.826648, 6.556484 ], [ -75.517685, 6.566273 ] ] } },
{ "type": "Feature", "properties": { "source": "SANTA FÉ DE ANTIOQUIA", "target": "ENVIGADO", "distance": 0.5, "betweenness": 0.00037781474857481999, "weight": 0.10037781474857482 }, "geometry": { "type": "LineString", "coordinates": [ [ -75.826648, 6.556484 ], [ -75.582192, 6.166695 ] ] } },
{ "type": "Feature", "properties": { "source": "SANTA FÉ DE ANTIOQUIA", "target": "EBÉJICO", "distance": 0.5, "betweenness": 0.00014850039929839294, "weight": 0.1001485003992984 }, "geometry": { "type": "LineString", "coordinates": [ [ -75.826648, 6.556484 ], [ -75.766413, 6.325615 ] ] } },
{ "type": "Feature", "properties": { "source": "SANTA FÉ DE ANTIOQUIA", "target": "TITIRIBÍ", "distance": 0.5, "betweenness": 0.00021830650083127809, "weight": 0.10021830650083129 }, "geometry": { "type": "LineString", "coordinates": [ [ -75.826648, 6.556484 ], [ -75.791887, 6.062391 ] ] } },
{ "type": "Feature", "properties": { "source": "SANTA FÉ DE ANTIOQUIA", "target": "SAN JERÓNIMO", "distance": 0.5, "betweenness": 0.00036448494126332693, "weight": 0.10036448494126333 }, "geometry": { "type": "LineString", "coordinates": [ [ -75.826648, 6.556484 ], [ -75.726975, 6.44809 ] ] } },
{ "type": "Feature", "properties": { "source": "SANTA FÉ DE ANTIOQUIA", "target": "HELICONIA", "distance": 0.5, "betweenness": 0.00019979909787009366, "weight": 0.10019979909787009 }, "geometry": { "type": "LineString", "coordinates": [ [ -75.826648, 6.556484 ], [ -75.734322, 6.206757 ] ] } },
{ "type": "Feature", "properties": { "source": "SANTA FÉ DE ANTIOQUIA", "target": "BETULIA", "distance": 0.5, "betweenness": 0.00023098398561829638, "weight": 0.1002309839856183 }, "geometry": { "type": "LineString", "coordinates": [ [ -75.826648, 6.556484 ], [ -75.984452, 6.115208 ] ] } },
{ "type": "Feature", "properties": { "source": "SANTA FÉ DE ANTIOQUIA", "target": "ANZÁ", "distance": 0.5, "betweenness": 0.00015458979157704353, "weight": 0.10015458979157704 }, "geometry": { "type": "LineString", "coordinates": [ [ -75.826648, 6.556484 ], [ -75.854442, 6.302641 ] ] } },
{ "type": "Feature", "properties": { "source": "SANTA FÉ DE ANTIOQUIA", "target": "CAICEDO", "distance": 0.5, "betweenness": 0.00014005602240896358, "weight": 0.10014005602240897 }, "geometry": { "type": "LineString", "coordinates": [ [ -75.826648, 6.556484 ], [ -75.98293, 6.405607 ] ] } },
{ "type": "Feature", "properties": { "source": "SANTA FÉ DE ANTIOQUIA", "target": "CALDAS", "distance": 0.5, "betweenness": 0.00039532175137594049, "weight": 0.10039532175137594 }, "geometry": { "type": "LineString", "coordinates": [ [ -75.826648, 6.556484 ], [ -75.633673, 6.091077 ] ] } },
{ "type": "Feature", "properties": { "source": "SANTA FÉ DE ANTIOQUIA", "target": "DONMATÍAS", "distance": 0.5, "betweenness": 0.00042050735022691244, "weight": 0.10042050735022692 }, "geometry": { "type": "LineString", "coordinates": [ [ -75.826648, 6.556484 ], [ -75.39263, 6.485603 ] ] } },
{ "type": "Feature", "properties": { "source": "SANTA FÉ DE ANTIOQUIA", "target": "BELLO", "distance": 0.5, "betweenness": 0.00036518259133481963, "weight": 0.10036518259133483 }, "geometry": { "type": "LineString", "coordinates": [ [ -75.826648, 6.556484 ], [ -75.555245, 6.333587 ] ] } },
{ "type": "Feature", "properties": { "source": "SANTA FÉ DE ANTIOQUIA", "target": "GIRARDOTA", "distance": 0.5, "betweenness": 0.00024012389416249431, "weight": 0.10024012389416249 }, "geometry": { "type": "LineString", "coordinates": [ [ -75.826648, 6.556484 ], [ -75.444238, 6.379472 ] ] } },
{ "type": "Feature", "properties": { "source": "SANTA FÉ DE ANTIOQUIA", "target": "MEDELLÍN", "distance": 0.5, "betweenness": 0.00021441605576436244, "weight": 0.10021441605576437 }, "geometry": { "type": "LineString", "coordinates": [ [ -75.826648, 6.556484 ], [ -75.581775, 6.246631 ] ] } },
{ "type": "Feature", "properties": { "source": "SANTA FÉ DE ANTIOQUIA", "target": "CONCORDIA", "distance": 0.5, "betweenness": 0.00016578549242791675, "weight": 0.10016578549242793 }, "geometry": { "type": "LineString", "coordinates": [ [ -75.826648, 6.556484 ], [ -75.908448, 6.045738 ] ] } },
{ "type": "Feature", "properties": { "source": "SANTA FÉ DE ANTIOQUIA", "target": "SAN PEDRO DE LOS MILAGROS", "distance": 0.5, "betweenness": 0.00071112359672551191, "weight": 0.10071112359672552 }, "geometry": { "type": "LineString", "coordinates": [ [ -75.826648, 6.556484 ], [ -75.556743, 6.46012 ] ] } },
{ "type": "Feature", "properties": { "source": "SANTA FÉ DE ANTIOQUIA", "target": "ANGELÓPOLIS", "distance": 0.5, "betweenness": 0.00047585396426109446, "weight": 0.10047585396426111 }, "geometry": { "type": "LineString", "coordinates": [ [ -75.826648, 6.556484 ], [ -75.711389, 6.109719 ] ] } },
{ "type": "Feature", "properties": { "source": "SANTA FÉ DE ANTIOQUIA", "target": "SOPETRÁN", "distance": 0.5, "betweenness": 0.0002146674385046478, "weight": 0.10021466743850466 }, "geometry": { "type": "LineString", "coordinates": [ [ -75.826648, 6.556484 ], [ -75.747378, 6.500745 ] ] } },
{ "type": "Feature", "properties": { "source": "SANTA FÉ DE ANTIOQUIA", "target": "SALGAR", "distance": 0.5, "betweenness": 0.00021247083323090463, "weight": 0.10021247083323091 }, "geometry": { "type": "LineString", "coordinates": [ [ -75.826648, 6.556484 ], [ -75.976807, 5.964198 ] ] } },
{ "type": "Feature", "properties": { "source": "SANTA FÉ DE ANTIOQUIA", "target": "GUARNE", "distance": 0.5, "betweenness": 0.00032701050065694405, "weight": 0.10032701050065695 }, "geometry": { "type": "LineString", "coordinates": [ [ -75.826648, 6.556484 ], [ -75.441612, 6.27787 ] ] } },
{ "type": "Feature", "properties": { "source": "SANTA FÉ DE ANTIOQUIA", "target": "COPACABANA", "distance": 0.5, "betweenness": 0.00033835763210211464, "weight": 0.10033835763210212 }, "geometry": { "type": "LineString", "coordinates": [ [ -75.826648, 6.556484 ], [ -75.509384, 6.348557 ] ] } },
{ "type": "Feature", "properties": { "source": "SANTA FÉ DE ANTIOQUIA", "target": "SAN VICENTE FERRER", "distance": 0.5, "betweenness": 0.0002459595617628678, "weight": 0.10024595956176287 }, "geometry": { "type": "LineString", "coordinates": [ [ -75.826648, 6.556484 ], [ -75.332616, 6.282164 ] ] } },
{ "type": "Feature", "properties": { "source": "SANTA FÉ DE ANTIOQUIA", "target": "BARBOSA", "distance": 0.5, "betweenness": 0.00021950453530784135, "weight": 0.10021950453530784 }, "geometry": { "type": "LineString", "coordinates": [ [ -75.826648, 6.556484 ], [ -75.331627, 6.439195 ] ] } },
{ "type": "Feature", "properties": { "source": "SANTA FÉ DE ANTIOQUIA", "target": "LA ESTRELLA", "distance": 0.5, "betweenness": 0.00021972120812833835, "weight": 0.10021972120812835 }, "geometry": { "type": "LineString", "coordinates": [ [ -75.826648, 6.556484 ], [ -75.637708, 6.145238 ] ] } },
{ "type": "Feature", "properties": { "source": "SANTA FÉ DE ANTIOQUIA", "target": "AMAGÁ", "distance": 0.5, "betweenness": 0.00019054287012647094, "weight": 0.10019054287012648 }, "geometry": { "type": "LineString", "coordinates": [ [ -75.826648, 6.556484 ], [ -75.702188, 6.038708 ] ] } },
{ "type": "Feature", "properties": { "source": "SANTA FÉ DE ANTIOQUIA", "target": "RIONEGRO", "distance": 0.5, "betweenness": 0.00033613140857215233, "weight": 0.10033613140857216 }, "geometry": { "type": "LineString", "coordinates": [ [ -75.826648, 6.556484 ], [ -75.377316, 6.147148 ] ] } },
{ "type": "Feature", "properties": { "source": "SANTA FÉ DE ANTIOQUIA", "target": "ARMENIA", "distance": 0.5, "betweenness": 0.00030584151483688038, "weight": 0.10030584151483689 }, "geometry": { "type": "LineString", "coordinates": [ [ -75.826648, 6.556484 ], [ -75.786647, 6.155667 ] ] } },
{ "type": "Feature", "properties": { "source": "SANTA FÉ DE ANTIOQUIA", "target": "ITAGÜÍ", "distance": 0.5, "betweenness": 0.00015969610014926618, "weight": 0.10015969610014927 }, "geometry": { "type": "LineString", "coordinates": [ [ -75.826648, 6.556484 ], [ -75.612056, 6.175079 ] ] } },
{ "type": "Feature", "properties": { "source": "SANTA FÉ DE ANTIOQUIA", "target": "CAROLINA", "distance": 0.5, "betweenness": 0.0004830323602309141, "weight": 0.10048303236023091 }, "geometry": { "type": "LineString", "coordinates": [ [ -75.826648, 6.556484 ], [ -75.283192, 6.725995 ] ] } },
{ "type": "Feature", "properties": { "source": "SANTA FÉ DE ANTIOQUIA", "target": "VENECIA", "distance": 0.5, "betweenness": 0.00031628651409262132, "weight": 0.10031628651409262 }, "geometry": { "type": "LineString", "coordinates": [ [ -75.826648, 6.556484 ], [ -75.735544, 5.964693 ] ] } },
{ "type": "Feature", "properties": { "source": "SANTA FÉ DE ANTIOQUIA", "target": "FREDONIA", "distance": 0.5, "betweenness": 0.00021616675604447445, "weight": 0.10021616675604449 }, "geometry": { "type": "LineString", "coordinates": [ [ -75.826648, 6.556484 ], [ -75.675072, 5.928039 ] ] } },
{ "type": "Feature", "properties": { "source": "SANTA FÉ DE ANTIOQUIA", "target": "MARINILLA", "distance": 0.5, "betweenness": 0.00046579574798560869, "weight": 0.10046579574798561 }, "geometry": { "type": "LineString", "coordinates": [ [ -75.826648, 6.556484 ], [ -75.339345, 6.173995 ] ] } },
{ "type": "Feature", "properties": { "source": "SANTA FÉ DE ANTIOQUIA", "target": "LA CEJA", "distance": 0.5, "betweenness": 0.00045617942777983534, "weight": 0.10045617942777985 }, "geometry": { "type": "LineString", "coordinates": [ [ -75.826648, 6.556484 ], [ -75.429433, 6.028062 ] ] } },
{ "type": "Feature", "properties": { "source": "SANTA FÉ DE ANTIOQUIA", "target": "SANTA BÁRBARA", "distance": 0.5, "betweenness": 0.00032079193945117051, "weight": 0.10032079193945118 }, "geometry": { "type": "LineString", "coordinates": [ [ -75.826648, 6.556484 ], [ -75.567351, 5.875527 ] ] } },
{ "type": "Feature", "properties": { "source": "SANTA FÉ DE ANTIOQUIA", "target": "CIUDAD BOLÍVAR", "distance": 0.5, "betweenness": 0.00032435466722427209, "weight": 0.10032435466722428 }, "geometry": { "type": "LineString", "coordinates": [ [ -75.826648, 6.556484 ], [ -76.021509, 5.850273 ] ] } },
{ "type": "Feature", "properties": { "source": "SANTA FÉ DE ANTIOQUIA", "target": "SABANETA", "distance": 0.5, "betweenness": 0.00051984125614754604, "weight": 0.10051984125614755 }, "geometry": { "type": "LineString", "coordinates": [ [ -75.826648, 6.556484 ], [ -75.615479, 6.149903 ] ] } },
{ "type": "Feature", "properties": { "source": "SANTA FÉ DE ANTIOQUIA", "target": "RETIRO", "distance": 0.5, "betweenness": 0.00037331294785453194, "weight": 0.10037331294785454 }, "geometry": { "type": "LineString", "coordinates": [ [ -75.826648, 6.556484 ], [ -75.501301, 6.062454 ] ] } },
{ "type": "Feature", "properties": { "source": "SANTA FÉ DE ANTIOQUIA", "target": "VIGÍA DEL FUERTE", "distance": 0.5, "betweenness": 0.0007314990761604699, "weight": 0.10073149907616047 }, "geometry": { "type": "LineString", "coordinates": [ [ -75.826648, 6.556484 ], [ -76.896004, 6.588164 ] ] } },
{ "type": "Feature", "properties": { "source": "SANTA FÉ DE ANTIOQUIA", "target": "CONCEPCIÓN", "distance": 0.5, "betweenness": 0.00036619840377370038, "weight": 0.10036619840377371 }, "geometry": { "type": "LineString", "coordinates": [ [ -75.826648, 6.556484 ], [ -75.257587, 6.394348 ] ] } },
{ "type": "Feature", "properties": { "source": "SANTA FÉ DE ANTIOQUIA", "target": "TARSO", "distance": 0.5, "betweenness": 0.00036149508939801794, "weight": 0.10036149508939803 }, "geometry": { "type": "LineString", "coordinates": [ [ -75.826648, 6.556484 ], [ -75.822956, 5.864542 ] ] } },
{ "type": "Feature", "properties": { "source": "SANTA FÉ DE ANTIOQUIA", "target": "MONTEBELLO", "distance": 0.5, "betweenness": 0.00030915130706863524, "weight": 0.10030915130706865 }, "geometry": { "type": "LineString", "coordinates": [ [ -75.826648, 6.556484 ], [ -75.523455, 5.946313 ] ] } },
{ "type": "Feature", "properties": { "source": "SANTA FÉ DE ANTIOQUIA", "target": "GÓMEZ PLATA", "distance": 0.5, "betweenness": 0.00050698268683558407, "weight": 0.10050698268683558 }, "geometry": { "type": "LineString", "coordinates": [ [ -75.826648, 6.556484 ], [ -75.220018, 6.683269 ] ] } },
{ "type": "Feature", "properties": { "source": "SANTA FÉ DE ANTIOQUIA", "target": "SANTO DOMINGO", "distance": 1.0, "betweenness": 0.0, "weight": 0.1 }, "geometry": { "type": "LineString", "coordinates": [ [ -75.826648, 6.556484 ], [ -75.164903, 6.473032 ] ] } },
{ "type": "Feature", "properties": { "source": "SANTA FÉ DE ANTIOQUIA", "target": "EL CARMEN DE VIBORAL", "distance": 1.0, "betweenness": 3.2571168002084553e-06, "weight": 0.10000325711680022 }, "geometry": { "type": "LineString", "coordinates": [ [ -75.826648, 6.556484 ], [ -75.333901, 6.082885 ] ] } },
{ "type": "Feature", "properties": { "source": "SANTA FÉ DE ANTIOQUIA", "target": "PUEBLORRICO", "distance": 1.0, "betweenness": 0.0, "weight": 0.1 }, "geometry": { "type": "LineString", "coordinates": [ [ -75.826648, 6.556484 ], [ -75.839903, 5.79158 ] ] } },
{ "type": "Feature", "properties": { "source": "SOPETRÁN", "target": "SAN VICENTE FERRER", "distance": 0.5, "betweenness": 0.00014430014430014427, "weight": 0.10014430014430015 }, "geometry": { "type": "LineString", "coordinates": [ [ -75.747378, 6.500745 ], [ -75.332616, 6.282164 ] ] } },
{ "type": "Feature", "properties": { "source": "SOPETRÁN", "target": "GUARNE", "distance": 0.5, "betweenness": 0.00028995840760546641, "weight": 0.10028995840760548 }, "geometry": { "type": "LineString", "coordinates": [ [ -75.747378, 6.500745 ], [ -75.441612, 6.27787 ] ] } },
{ "type": "Feature", "properties": { "source": "SOPETRÁN", "target": "BETULIA", "distance": 0.5, "betweenness": 0.00025014669899580387, "weight": 0.1002501466989958 }, "geometry": { "type": "LineString", "coordinates": [ [ -75.747378, 6.500745 ], [ -75.984452, 6.115208 ] ] } },
{ "type": "Feature", "properties": { "source": "SOPETRÁN", "target": "ALEJANDRÍA", "distance": 0.5, "betweenness": 0.00016339869281045751, "weight": 0.10016339869281046 }, "geometry": { "type": "LineString", "coordinates": [ [ -75.747378, 6.500745 ], [ -75.141346, 6.376061 ] ] } },
{ "type": "Feature", "properties": { "source": "SOPETRÁN", "target": "GIRARDOTA", "distance": 0.5, "betweenness": 0.00017507002801120446, "weight": 0.10017507002801121 }, "geometry": { "type": "LineString", "coordinates": [ [ -75.747378, 6.500745 ], [ -75.444238, 6.379472 ] ] } },
{ "type": "Feature", "properties": { "source": "SOPETRÁN", "target": "CALDAS", "distance": 0.5, "betweenness": 0.00030850337499953865, "weight": 0.10030850337499954 }, "geometry": { "type": "LineString", "coordinates": [ [ -75.747378, 6.500745 ], [ -75.633673, 6.091077 ] ] } },
{ "type": "Feature", "properties": { "source": "SOPETRÁN", "target": "AMAGÁ", "distance": 0.5, "betweenness": 0.00016235796031192448, "weight": 0.10016235796031193 }, "geometry": { "type": "LineString", "coordinates": [ [ -75.747378, 6.500745 ], [ -75.702188, 6.038708 ] ] } },
{ "type": "Feature", "properties": { "source": "SOPETRÁN", "target": "BARBOSA", "distance": 0.5, "betweenness": 0.00014005602240896358, "weight": 0.10014005602240897 }, "geometry": { "type": "LineString", "coordinates": [ [ -75.747378, 6.500745 ], [ -75.331627, 6.439195 ] ] } },
{ "type": "Feature", "properties": { "source": "SOPETRÁN", "target": "DONMATÍAS", "distance": 0.5, "betweenness": 0.00019607843137254901, "weight": 0.10019607843137256 }, "geometry": { "type": "LineString", "coordinates": [ [ -75.747378, 6.500745 ], [ -75.39263, 6.485603 ] ] } },
{ "type": "Feature", "properties": { "source": "SOPETRÁN", "target": "BELLO", "distance": 0.5, "betweenness": 0.00015066632713691536, "weight": 0.10015066632713691 }, "geometry": { "type": "LineString", "coordinates": [ [ -75.747378, 6.500745 ], [ -75.555245, 6.333587 ] ] } },
{ "type": "Feature", "properties": { "source": "SOPETRÁN", "target": "EL CARMEN DE VIBORAL", "distance": 0.5, "betweenness": 0.00024440049541027452, "weight": 0.10024440049541028 }, "geometry": { "type": "LineString", "coordinates": [ [ -75.747378, 6.500745 ], [ -75.333901, 6.082885 ] ] } },
{ "type": "Feature", "properties": { "source": "SOPETRÁN", "target": "CAROLINA", "distance": 0.5, "betweenness": 0.0002894491129785247, "weight": 0.10028944911297853 }, "geometry": { "type": "LineString", "coordinates": [ [ -75.747378, 6.500745 ], [ -75.283192, 6.725995 ] ] } },
{ "type": "Feature", "properties": { "source": "SOPETRÁN", "target": "EL SANTUARIO", "distance": 0.5, "betweenness": 0.00019707487738178272, "weight": 0.10019707487738179 }, "geometry": { "type": "LineString", "coordinates": [ [ -75.747378, 6.500745 ], [ -75.265465, 6.136871 ] ] } },
{ "type": "Feature", "properties": { "source": "SOPETRÁN", "target": "ENTRERRÍOS", "distance": 0.5, "betweenness": 0.00028011204481792715, "weight": 0.10028011204481793 }, "geometry": { "type": "LineString", "coordinates": [ [ -75.747378, 6.500745 ], [ -75.517685, 6.566273 ] ] } },
{ "type": "Feature", "properties": { "source": "SOPETRÁN", "target": "VENECIA", "distance": 0.5, "betweenness": 0.00023953639426785208, "weight": 0.10023953639426786 }, "geometry": { "type": "LineString", "coordinates": [ [ -75.747378, 6.500745 ], [ -75.735544, 5.964693 ] ] } },
{ "type": "Feature", "properties": { "source": "SOPETRÁN", "target": "SAN PEDRO DE LOS MILAGROS", "distance": 0.5, "betweenness": 0.00017231134878193703, "weight": 0.10017231134878195 }, "geometry": { "type": "LineString", "coordinates": [ [ -75.747378, 6.500745 ], [ -75.556743, 6.46012 ] ] } },
{ "type": "Feature", "properties": { "source": "SOPETRÁN", "target": "PEÑOL", "distance": 0.5, "betweenness": 0.00017507002801120446, "weight": 0.10017507002801121 }, "geometry": { "type": "LineString", "coordinates": [ [ -75.747378, 6.500745 ], [ -75.242693, 6.219349 ] ] } },
{ "type": "Feature", "properties": { "source": "SOPETRÁN", "target": "SAN JERÓNIMO", "distance": 0.5, "betweenness": 0.00014430014430014427, "weight": 0.10014430014430015 }, "geometry": { "type": "LineString", "coordinates": [ [ -75.747378, 6.500745 ], [ -75.726975, 6.44809 ] ] } },
{ "type": "Feature", "properties": { "source": "SOPETRÁN", "target": "GÓMEZ PLATA", "distance": 0.5, "betweenness": 0.00016940109377084169, "weight": 0.10016940109377084 }, "geometry": { "type": "LineString", "coordinates": [ [ -75.747378, 6.500745 ], [ -75.220018, 6.683269 ] ] } },
{ "type": "Feature", "properties": { "source": "SOPETRÁN", "target": "CONCEPCIÓN", "distance": 0.5, "betweenness": 0.00014005602240896358, "weight": 0.10014005602240897 }, "geometry": { "type": "LineString", "coordinates": [ [ -75.747378, 6.500745 ], [ -75.257587, 6.394348 ] ] } },
{ "type": "Feature", "properties": { "source": "SOPETRÁN", "target": "CONCORDIA", "distance": 0.5, "betweenness": 0.00024192118656861077, "weight": 0.10024192118656862 }, "geometry": { "type": "LineString", "coordinates": [ [ -75.747378, 6.500745 ], [ -75.908448, 6.045738 ] ] } },
{ "type": "Feature", "properties": { "source": "SOPETRÁN", "target": "MEDELLÍN", "distance": 0.5, "betweenness": 0.0001684473525905751, "weight": 0.10016844735259058 }, "geometry": { "type": "LineString", "coordinates": [ [ -75.747378, 6.500745 ], [ -75.581775, 6.246631 ] ] } },
{ "type": "Feature", "properties": { "source": "SOPETRÁN", "target": "RETIRO", "distance": 0.5, "betweenness": 0.0001684473525905751, "weight": 0.10016844735259058 }, "geometry": { "type": "LineString", "coordinates": [ [ -75.747378, 6.500745 ], [ -75.501301, 6.062454 ] ] } },
{ "type": "Feature", "properties": { "source": "SOPETRÁN", "target": "CAICEDO", "distance": 0.5, "betweenness": 0.00015597147950089125, "weight": 0.10015597147950089 }, "geometry": { "type": "LineString", "coordinates": [ [ -75.747378, 6.500745 ], [ -75.98293, 6.405607 ] ] } },
{ "type": "Feature", "properties": { "source": "SOPETRÁN", "target": "SALGAR", "distance": 0.5, "betweenness": 0.0002851607045980448, "weight": 0.10028516070459804 }, "geometry": { "type": "LineString", "coordinates": [ [ -75.747378, 6.500745 ], [ -75.976807, 5.964198 ] ] } },
{ "type": "Feature", "properties": { "source": "SOPETRÁN", "target": "RIONEGRO", "distance": 0.5, "betweenness": 0.0001684473525905751, "weight": 0.10016844735259058 }, "geometry": { "type": "LineString", "coordinates": [ [ -75.747378, 6.500745 ], [ -75.377316, 6.147148 ] ] } },
{ "type": "Feature", "properties": { "source": "SOPETRÁN", "target": "SANTO DOMINGO", "distance": 0.5, "betweenness": 0.00017740429505135388, "weight": 0.10017740429505136 }, "geometry": { "type": "LineString", "coordinates": [ [ -75.747378, 6.500745 ], [ -75.164903, 6.473032 ] ] } },
{ "type": "Feature", "properties": { "source": "SOPETRÁN", "target": "HELICONIA", "distance": 0.5, "betweenness": 0.00019645855707236783, "weight": 0.10019645855707238 }, "geometry": { "type": "LineString", "coordinates": [ [ -75.747378, 6.500745 ], [ -75.734322, 6.206757 ] ] } },
{ "type": "Feature", "properties": { "source": "SOPETRÁN", "target": "TITIRIBÍ", "distance": 0.5, "betweenness": 0.0001684473525905751, "weight": 0.10016844735259058 }, "geometry": { "type": "LineString", "coordinates": [ [ -75.747378, 6.500745 ], [ -75.791887, 6.062391 ] ] } },
{ "type": "Feature", "properties": { "source": "SOPETRÁN", "target": "ANZÁ", "distance": 0.5, "betweenness": 0.00020295390883626178, "weight": 0.10020295390883627 }, "geometry": { "type": "LineString", "coordinates": [ [ -75.747378, 6.500745 ], [ -75.854442, 6.302641 ] ] } },
{ "type": "Feature", "properties": { "source": "SOPETRÁN", "target": "EBÉJICO", "distance": 0.5, "betweenness": 0.00014990238519650283, "weight": 0.10014990238519651 }, "geometry": { "type": "LineString", "coordinates": [ [ -75.747378, 6.500745 ], [ -75.766413, 6.325615 ] ] } },
{ "type": "Feature", "properties": { "source": "SOPETRÁN", "target": "GUATAPÉ", "distance": 0.5, "betweenness": 0.00014005602240896358, "weight": 0.10014005602240897 }, "geometry": { "type": "LineString", "coordinates": [ [ -75.747378, 6.500745 ], [ -75.160041, 6.232461 ] ] } },
{ "type": "Feature", "properties": { "source": "SOPETRÁN", "target": "SAN RAFAEL", "distance": 0.5, "betweenness": 0.00025429616290960832, "weight": 0.10025429616290961 }, "geometry": { "type": "LineString", "coordinates": [ [ -75.747378, 6.500745 ], [ -75.02849, 6.293759 ] ] } },
{ "type": "Feature", "properties": { "source": "SOPETRÁN", "target": "MARINILLA", "distance": 0.5, "betweenness": 0.00019579231307400834, "weight": 0.10019579231307402 }, "geometry": { "type": "LineString", "coordinates": [ [ -75.747378, 6.500745 ], [ -75.339345, 6.173995 ] ] } },
{ "type": "Feature", "properties": { "source": "SOPETRÁN", "target": "FREDONIA", "distance": 0.5, "betweenness": 0.0001684473525905751, "weight": 0.10016844735259058 }, "geometry": { "type": "LineString", "coordinates": [ [ -75.747378, 6.500745 ], [ -75.675072, 5.928039 ] ] } },
{ "type": "Feature", "properties": { "source": "SOPETRÁN", "target": "LA ESTRELLA", "distance": 0.5, "betweenness": 0.00025818060309452771, "weight": 0.10025818060309453 }, "geometry": { "type": "LineString", "coordinates": [ [ -75.747378, 6.500745 ], [ -75.637708, 6.145238 ] ] } },
{ "type": "Feature", "properties": { "source": "SOPETRÁN", "target": "ENVIGADO", "distance": 0.5, "betweenness": 0.00026181803419655084, "weight": 0.10026181803419655 }, "geometry": { "type": "LineString", "coordinates": [ [ -75.747378, 6.500745 ], [ -75.582192, 6.166695 ] ] } },
{ "type": "Feature", "properties": { "source": "SOPETRÁN", "target": "MONTEBELLO", "distance": 0.5, "betweenness": 0.00024034041462822438, "weight": 0.10024034041462823 }, "geometry": { "type": "LineString", "coordinates": [ [ -75.747378, 6.500745 ], [ -75.523455, 5.946313 ] ] } },
{ "type": "Feature", "properties": { "source": "SOPETRÁN", "target": "LA CEJA", "distance": 0.5, "betweenness": 0.00034686553684040234, "weight": 0.10034686553684041 }, "geometry": { "type": "LineString", "coordinates": [ [ -75.747378, 6.500745 ], [ -75.429433, 6.028062 ] ] } },
{ "type": "Feature", "properties": { "source": "SOPETRÁN", "target": "YOLOMBÓ", "distance": 0.5, "betweenness": 0.0002012398096493499, "weight": 0.10020123980964936 }, "geometry": { "type": "LineString", "coordinates": [ [ -75.747378, 6.500745 ], [ -75.013385, 6.594511 ] ] } },
{ "type": "Feature", "properties": { "source": "SOPETRÁN", "target": "COPACABANA", "distance": 0.5, "betweenness": 0.00014430014430014427, "weight": 0.10014430014430015 }, "geometry": { "type": "LineString", "coordinates": [ [ -75.747378, 6.500745 ], [ -75.509384, 6.348557 ] ] } },
{ "type": "Feature", "properties": { "source": "SOPETRÁN", "target": "SAN ROQUE", "distance": 0.5, "betweenness": 0.00017273576097105511, "weight": 0.10017273576097106 }, "geometry": { "type": "LineString", "coordinates": [ [ -75.747378, 6.500745 ], [ -75.019109, 6.485939 ] ] } },
{ "type": "Feature", "properties": { "source": "SOPETRÁN", "target": "ANGELÓPOLIS", "distance": 0.5, "betweenness": 0.00030850337499953865, "weight": 0.10030850337499954 }, "geometry": { "type": "LineString", "coordinates": [ [ -75.747378, 6.500745 ], [ -75.711389, 6.109719 ] ] } },
{ "type": "Feature", "properties": { "source": "SOPETRÁN", "target": "SANTA BÁRBARA", "distance": 0.5, "betweenness": 0.00016844735259057507, "weight": 0.10016844735259058 }, "geometry": { "type": "LineString", "coordinates": [ [ -75.747378, 6.500745 ], [ -75.567351, 5.875527 ] ] } },
{ "type": "Feature", "properties": { "source": "SOPETRÁN", "target": "CISNEROS", "distance": 0.5, "betweenness": 0.00017273576097105511, "weight": 0.10017273576097106 }, "geometry": { "type": "LineString", "coordinates": [ [ -75.747378, 6.500745 ], [ -75.087047, 6.537829 ] ] } },
{ "type": "Feature", "properties": { "source": "SOPETRÁN", "target": "LA UNIÓN", "distance": 0.5, "betweenness": 0.00016844735259057507, "weight": 0.10016844735259058 }, "geometry": { "type": "LineString", "coordinates": [ [ -75.747378, 6.500745 ], [ -75.360874, 5.973845 ] ] } },
{ "type": "Feature", "properties": { "source": "SOPETRÁN", "target": "GRANADA", "distance": 0.33333333333333331, "betweenness": 0.0030468020541549955, "weight": 0.10304680205415501 }, "geometry": { "type": "LineString", "coordinates": [ [ -75.747378, 6.500745 ], [ -75.184446, 6.142892 ] ] } },
{ "type": "Feature", "properties": { "source": "SOPETRÁN", "target": "ARMENIA", "distance": 0.5, "betweenness": 0.00030425925310835798, "weight": 0.10030425925310836 }, "geometry": { "type": "LineString", "coordinates": [ [ -75.747378, 6.500745 ], [ -75.786647, 6.155667 ] ] } },
{ "type": "Feature", "properties": { "source": "SOPETRÁN", "target": "COCORNÁ", "distance": 0.5, "betweenness": 0.00024321573598220497, "weight": 0.10024321573598222 }, "geometry": { "type": "LineString", "coordinates": [ [ -75.747378, 6.500745 ], [ -75.185483, 6.058295 ] ] } },
{ "type": "Feature", "properties": { "source": "SOPETRÁN", "target": "CIUDAD BOLÍVAR", "distance": 1.0, "betweenness": 0.0, "weight": 0.1 }, "geometry": { "type": "LineString", "coordinates": [ [ -75.747378, 6.500745 ], [ -76.021509, 5.850273 ] ] } },
{ "type": "Feature", "properties": { "source": "SOPETRÁN", "target": "JERICÓ", "distance": 1.0, "betweenness": 0.0, "weight": 0.1 }, "geometry": { "type": "LineString", "coordinates": [ [ -75.747378, 6.500745 ], [ -75.785499, 5.789748 ] ] } },
{ "type": "Feature", "properties": { "source": "SOPETRÁN", "target": "SABANETA", "distance": 1.0, "betweenness": 0.0, "weight": 0.1 }, "geometry": { "type": "LineString", "coordinates": [ [ -75.747378, 6.500745 ], [ -75.615479, 6.149903 ] ] } },
{ "type": "Feature", "properties": { "source": "SOPETRÁN", "target": "TARSO", "distance": 1.0, "betweenness": 4.244121891180715e-06, "weight": 0.10000424412189118 }, "geometry": { "type": "LineString", "coordinates": [ [ -75.747378, 6.500745 ], [ -75.822956, 5.864542 ] ] } },
{ "type": "Feature", "properties": { "source": "ENTRERRÍOS", "target": "SAN PEDRO DE LOS MILAGROS", "distance": 0.33333333333333331, "betweenness": 0.00021008403361344536, "weight": 0.10021008403361345 }, "geometry": { "type": "LineString", "coordinates": [ [ -75.517685, 6.566273 ], [ -75.556743, 6.46012 ] ] } },
{ "type": "Feature", "properties": { "source": "ENTRERRÍOS", "target": "HELICONIA", "distance": 0.5, "betweenness": 0.00031512605042016803, "weight": 0.10031512605042017 }, "geometry": { "type": "LineString", "coordinates": [ [ -75.517685, 6.566273 ], [ -75.734322, 6.206757 ] ] } },
{ "type": "Feature", "properties": { "source": "ENTRERRÍOS", "target": "CAROLINA", "distance": 0.5, "betweenness": 0.00028011204481792715, "weight": 0.10028011204481793 }, "geometry": { "type": "LineString", "coordinates": [ [ -75.517685, 6.566273 ], [ -75.283192, 6.725995 ] ] } },
{ "type": "Feature", "properties": { "source": "ENTRERRÍOS", "target": "GÓMEZ PLATA", "distance": 0.5, "betweenness": 0.00043767507002801117, "weight": 0.10043767507002802 }, "geometry": { "type": "LineString", "coordinates": [ [ -75.517685, 6.566273 ], [ -75.220018, 6.683269 ] ] } },
{ "type": "Feature", "properties": { "source": "ENTRERRÍOS", "target": "BELLO", "distance": 0.33333333333333331, "betweenness": 0.00060485810485810484, "weight": 0.10060485810485811 }, "geometry": { "type": "LineString", "coordinates": [ [ -75.517685, 6.566273 ], [ -75.555245, 6.333587 ] ] } },
{ "type": "Feature", "properties": { "source": "ENTRERRÍOS", "target": "DONMATÍAS", "distance": 0.5, "betweenness": 0.00014005602240896358, "weight": 0.10014005602240897 }, "geometry": { "type": "LineString", "coordinates": [ [ -75.517685, 6.566273 ], [ -75.39263, 6.485603 ] ] } },
{ "type": "Feature", "properties": { "source": "ENTRERRÍOS", "target": "EL CARMEN DE VIBORAL", "distance": 0.5, "betweenness": 0.000531135215648831, "weight": 0.10053113521564884 }, "geometry": { "type": "LineString", "coordinates": [ [ -75.517685, 6.566273 ], [ -75.333901, 6.082885 ] ] } },
{ "type": "Feature", "properties": { "source": "ENTRERRÍOS", "target": "GUARNE", "distance": 0.5, "betweenness": 0.00028011204481792715, "weight": 0.10028011204481793 }, "geometry": { "type": "LineString", "coordinates": [ [ -75.517685, 6.566273 ], [ -75.441612, 6.27787 ] ] } },
{ "type": "Feature", "properties": { "source": "ENTRERRÍOS", "target": "SANTO DOMINGO", "distance": 0.5, "betweenness": 0.00028011204481792715, "weight": 0.10028011204481793 }, "geometry": { "type": "LineString", "coordinates": [ [ -75.517685, 6.566273 ], [ -75.164903, 6.473032 ] ] } },
{ "type": "Feature", "properties": { "source": "ENTRERRÍOS", "target": "PEÑOL", "distance": 0.5, "betweenness": 0.00028011204481792715, "weight": 0.10028011204481793 }, "geometry": { "type": "LineString", "coordinates": [ [ -75.517685, 6.566273 ], [ -75.242693, 6.219349 ] ] } },
{ "type": "Feature", "properties": { "source": "ENTRERRÍOS", "target": "MARINILLA", "distance": 0.5, "betweenness": 0.0003255148213131406, "weight": 0.10032551482131315 }, "geometry": { "type": "LineString", "coordinates": [ [ -75.517685, 6.566273 ], [ -75.339345, 6.173995 ] ] } },
{ "type": "Feature", "properties": { "source": "ENTRERRÍOS", "target": "CALDAS", "distance": 0.5, "betweenness": 0.00016806722689075628, "weight": 0.10016806722689076 }, "geometry": { "type": "LineString", "coordinates": [ [ -75.517685, 6.566273 ], [ -75.633673, 6.091077 ] ] } },
{ "type": "Feature", "properties": { "source": "ENTRERRÍOS", "target": "RETIRO", "distance": 0.5, "betweenness": 0.00028011204481792715, "weight": 0.10028011204481793 }, "geometry": { "type": "LineString", "coordinates": [ [ -75.517685, 6.566273 ], [ -75.501301, 6.062454 ] ] } },
{ "type": "Feature", "properties": { "source": "ENTRERRÍOS", "target": "LA ESTRELLA", "distance": 0.5, "betweenness": 0.00041094869320277124, "weight": 0.10041094869320277 }, "geometry": { "type": "LineString", "coordinates": [ [ -75.517685, 6.566273 ], [ -75.637708, 6.145238 ] ] } },
{ "type": "Feature", "properties": { "source": "ENTRERRÍOS", "target": "SAN VICENTE FERRER", "distance": 0.5, "betweenness": 0.00028011204481792715, "weight": 0.10028011204481793 }, "geometry": { "type": "LineString", "coordinates": [ [ -75.517685, 6.566273 ], [ -75.332616, 6.282164 ] ] } },
{ "type": "Feature", "properties": { "source": "ENTRERRÍOS", "target": "YOLOMBÓ", "distance": 0.5, "betweenness": 0.00053954179711100116, "weight": 0.10053954179711101 }, "geometry": { "type": "LineString", "coordinates": [ [ -75.517685, 6.566273 ], [ -75.013385, 6.594511 ] ] } },
{ "type": "Feature", "properties": { "source": "ENTRERRÍOS", "target": "CONCEPCIÓN", "distance": 0.5, "betweenness": 0.00028011204481792715, "weight": 0.10028011204481793 }, "geometry": { "type": "LineString", "coordinates": [ [ -75.517685, 6.566273 ], [ -75.257587, 6.394348 ] ] } },
{ "type": "Feature", "properties": { "source": "ENTRERRÍOS", "target": "SAN RAFAEL", "distance": 0.5, "betweenness": 0.00033832977635498643, "weight": 0.100338329776355 }, "geometry": { "type": "LineString", "coordinates": [ [ -75.517685, 6.566273 ], [ -75.02849, 6.293759 ] ] } },
{ "type": "Feature", "properties": { "source": "ENTRERRÍOS", "target": "ENVIGADO", "distance": 0.5, "betweenness": 0.00028011204481792715, "weight": 0.10028011204481793 }, "geometry": { "type": "LineString", "coordinates": [ [ -75.517685, 6.566273 ], [ -75.582192, 6.166695 ] ] } },
{ "type": "Feature", "properties": { "source": "ENTRERRÍOS", "target": "MEDELLÍN", "distance": 0.5, "betweenness": 0.00021008403361344536, "weight": 0.10021008403361345 }, "geometry": { "type": "LineString", "coordinates": [ [ -75.517685, 6.566273 ], [ -75.581775, 6.246631 ] ] } },
{ "type": "Feature", "properties": { "source": "ENTRERRÍOS", "target": "BARBOSA", "distance": 0.5, "betweenness": 0.00028011204481792715, "weight": 0.10028011204481793 }, "geometry": { "type": "LineString", "coordinates": [ [ -75.517685, 6.566273 ], [ -75.331627, 6.439195 ] ] } },
{ "type": "Feature", "properties": { "source": "ENTRERRÍOS", "target": "RIONEGRO", "distance": 0.5, "betweenness": 0.00028011204481792715, "weight": 0.10028011204481793 }, "geometry": { "type": "LineString", "coordinates": [ [ -75.517685, 6.566273 ], [ -75.377316, 6.147148 ] ] } },
{ "type": "Feature", "properties": { "source": "ENTRERRÍOS", "target": "ANZÁ", "distance": 0.5, "betweenness": 0.00014005602240896358, "weight": 0.10014005602240897 }, "geometry": { "type": "LineString", "coordinates": [ [ -75.517685, 6.566273 ], [ -75.854442, 6.302641 ] ] } },
{ "type": "Feature", "properties": { "source": "ENTRERRÍOS", "target": "SAN ROQUE", "distance": 0.33333333333333331, "betweenness": 0.0030322369745972005, "weight": 0.10303223697459721 }, "geometry": { "type": "LineString", "coordinates": [ [ -75.517685, 6.566273 ], [ -75.019109, 6.485939 ] ] } },
{ "type": "Feature", "properties": { "source": "ENTRERRÍOS", "target": "EBÉJICO", "distance": 0.5, "betweenness": 0.00021408563425370146, "weight": 0.10021408563425371 }, "geometry": { "type": "LineString", "coordinates": [ [ -75.517685, 6.566273 ], [ -75.766413, 6.325615 ] ] } },
{ "type": "Feature", "properties": { "source": "ENTRERRÍOS", "target": "CAICEDO", "distance": 0.5, "betweenness": 0.0002567693744164332, "weight": 0.10025676937441644 }, "geometry": { "type": "LineString", "coordinates": [ [ -75.517685, 6.566273 ], [ -75.98293, 6.405607 ] ] } },
{ "type": "Feature", "properties": { "source": "ENTRERRÍOS", "target": "GUATAPÉ", "distance": 0.5, "betweenness": 0.00028011204481792715, "weight": 0.10028011204481793 }, "geometry": { "type": "LineString", "coordinates": [ [ -75.517685, 6.566273 ], [ -75.160041, 6.232461 ] ] } },
{ "type": "Feature", "properties": { "source": "ENTRERRÍOS", "target": "ALEJANDRÍA", "distance": 0.5, "betweenness": 0.00028011204481792715, "weight": 0.10028011204481793 }, "geometry": { "type": "LineString", "coordinates": [ [ -75.517685, 6.566273 ], [ -75.141346, 6.376061 ] ] } },
{ "type": "Feature", "properties": { "source": "ENTRERRÍOS", "target": "ARMENIA", "distance": 0.5, "betweenness": 0.00032012805122048817, "weight": 0.10032012805122049 }, "geometry": { "type": "LineString", "coordinates": [ [ -75.517685, 6.566273 ], [ -75.786647, 6.155667 ] ] } },
{ "type": "Feature", "properties": { "source": "ENTRERRÍOS", "target": "ANGELÓPOLIS", "distance": 0.5, "betweenness": 0.0005777310924369748, "weight": 0.10057773109243698 }, "geometry": { "type": "LineString", "coordinates": [ [ -75.517685, 6.566273 ], [ -75.711389, 6.109719 ] ] } },
{ "type": "Feature", "properties": { "source": "ENTRERRÍOS", "target": "GIRARDOTA", "distance": 0.5, "betweenness": 0.00031512605042016803, "weight": 0.10031512605042017 }, "geometry": { "type": "LineString", "coordinates": [ [ -75.517685, 6.566273 ], [ -75.444238, 6.379472 ] ] } },
{ "type": "Feature", "properties": { "source": "ENTRERRÍOS", "target": "EL SANTUARIO", "distance": 0.5, "betweenness": 0.00030345471521942111, "weight": 0.10030345471521943 }, "geometry": { "type": "LineString", "coordinates": [ [ -75.517685, 6.566273 ], [ -75.265465, 6.136871 ] ] } },
{ "type": "Feature", "properties": { "source": "ENTRERRÍOS", "target": "GRANADA", "distance": 0.5, "betweenness": 0.00028011204481792715, "weight": 0.10028011204481793 }, "geometry": { "type": "LineString", "coordinates": [ [ -75.517685, 6.566273 ], [ -75.184446, 6.142892 ] ] } },
{ "type": "Feature", "properties": { "source": "ENTRERRÍOS", "target": "SAN JERÓNIMO", "distance": 0.5, "betweenness": 0.00014005602240896358, "weight": 0.10014005602240897 }, "geometry": { "type": "LineString", "coordinates": [ [ -75.517685, 6.566273 ], [ -75.726975, 6.44809 ] ] } },
{ "type": "Feature", "properties": { "source": "ENTRERRÍOS", "target": "COPACABANA", "distance": 0.5, "betweenness": 0.00028011204481792715, "weight": 0.10028011204481793 }, "geometry": { "type": "LineString", "coordinates": [ [ -75.517685, 6.566273 ], [ -75.509384, 6.348557 ] ] } },
{ "type": "Feature", "properties": { "source": "ENTRERRÍOS", "target": "LA CEJA", "distance": 0.5, "betweenness": 0.00031847420665879079, "weight": 0.10031847420665879 }, "geometry": { "type": "LineString", "coordinates": [ [ -75.517685, 6.566273 ], [ -75.429433, 6.028062 ] ] } },
{ "type": "Feature", "properties": { "source": "ENTRERRÍOS", "target": "TITIRIBÍ", "distance": 0.5, "betweenness": 0.00033846872082166204, "weight": 0.10033846872082167 }, "geometry": { "type": "LineString", "coordinates": [ [ -75.517685, 6.566273 ], [ -75.791887, 6.062391 ] ] } },
{ "type": "Feature", "properties": { "source": "ENTRERRÍOS", "target": "SABANETA", "distance": 0.5, "betweenness": 0.00016006402561024409, "weight": 0.10016006402561024 }, "geometry": { "type": "LineString", "coordinates": [ [ -75.517685, 6.566273 ], [ -75.615479, 6.149903 ] ] } },
{ "type": "Feature", "properties": { "source": "ENTRERRÍOS", "target": "BETULIA", "distance": 0.5, "betweenness": 0.00028011204481792715, "weight": 0.10028011204481793 }, "geometry": { "type": "LineString", "coordinates": [ [ -75.517685, 6.566273 ], [ -75.984452, 6.115208 ] ] } },
{ "type": "Feature", "properties": { "source": "ENTRERRÍOS", "target": "AMAGÁ", "distance": 0.5, "betweenness": 0.00033846872082166204, "weight": 0.10033846872082167 }, "geometry": { "type": "LineString", "coordinates": [ [ -75.517685, 6.566273 ], [ -75.702188, 6.038708 ] ] } },
{ "type": "Feature", "properties": { "source": "ENTRERRÍOS", "target": "ITAGÜÍ", "distance": 0.5, "betweenness": 0.00033773509403761502, "weight": 0.10033773509403762 }, "geometry": { "type": "LineString", "coordinates": [ [ -75.517685, 6.566273 ], [ -75.612056, 6.175079 ] ] } },
{ "type": "Feature", "properties": { "source": "ENTRERRÍOS", "target": "CONCORDIA", "distance": 0.5, "betweenness": 0.00035825441287626157, "weight": 0.10035825441287627 }, "geometry": { "type": "LineString", "coordinates": [ [ -75.517685, 6.566273 ], [ -75.908448, 6.045738 ] ] } },
{ "type": "Feature", "properties": { "source": "ENTRERRÍOS", "target": "CISNEROS", "distance": 0.5, "betweenness": 0.00070028011204481782, "weight": 0.10070028011204482 }, "geometry": { "type": "LineString", "coordinates": [ [ -75.517685, 6.566273 ], [ -75.087047, 6.537829 ] ] } },
{ "type": "Feature", "properties": { "source": "ENTRERRÍOS", "target": "COCORNÁ", "distance": 0.5, "betweenness": 0.00063253088233059939, "weight": 0.10063253088233061 }, "geometry": { "type": "LineString", "coordinates": [ [ -75.517685, 6.566273 ], [ -75.185483, 6.058295 ] ] } },
{ "type": "Feature", "properties": { "source": "ENTRERRÍOS", "target": "SAN CARLOS", "distance": 0.5, "betweenness": 0.0004671035080698946, "weight": 0.10046710350806989 }, "geometry": { "type": "LineString", "coordinates": [ [ -75.517685, 6.566273 ], [ -74.988097, 6.187746 ] ] } },
{ "type": "Feature", "properties": { "source": "ENTRERRÍOS", "target": "MONTEBELLO", "distance": 0.5, "betweenness": 0.00047614567217261225, "weight": 0.10047614567217261 }, "geometry": { "type": "LineString", "coordinates": [ [ -75.517685, 6.566273 ], [ -75.523455, 5.946313 ] ] } },
{ "type": "Feature", "properties": { "source": "ENTRERRÍOS", "target": "LA UNIÓN", "distance": 0.33333333333333331, "betweenness": 0.0019637021475256769, "weight": 0.10196370214752568 }, "geometry": { "type": "LineString", "coordinates": [ [ -75.517685, 6.566273 ], [ -75.360874, 5.973845 ] ] } },
{ "type": "Feature", "properties": { "source": "ENTRERRÍOS", "target": "SANTA BÁRBARA", "distance": 0.5, "betweenness": 0.00032679738562091496, "weight": 0.10032679738562092 }, "geometry": { "type": "LineString", "coordinates": [ [ -75.517685, 6.566273 ], [ -75.567351, 5.875527 ] ] } },
{ "type": "Feature", "properties": { "source": "ENTRERRÍOS", "target": "VENECIA", "distance": 0.5, "betweenness": 0.00028011204481792715, "weight": 0.10028011204481793 }, "geometry": { "type": "LineString", "coordinates": [ [ -75.517685, 6.566273 ], [ -75.735544, 5.964693 ] ] } },
{ "type": "Feature", "properties": { "source": "ENTRERRÍOS", "target": "FREDONIA", "distance": 0.33333333333333331, "betweenness": 0.00070028011204481782, "weight": 0.10070028011204482 }, "geometry": { "type": "LineString", "coordinates": [ [ -75.517685, 6.566273 ], [ -75.675072, 5.928039 ] ] } },
{ "type": "Feature", "properties": { "source": "ENTRERRÍOS", "target": "ABEJORRAL", "distance": 0.25, "betweenness": 0.0086918100573562737, "weight": 0.10869181005735629 }, "geometry": { "type": "LineString", "coordinates": [ [ -75.517685, 6.566273 ], [ -75.428739, 5.789315 ] ] } },
{ "type": "Feature", "properties": { "source": "ENTRERRÍOS", "target": "YALÍ", "distance": 0.5, "betweenness": 0.00071253501400560227, "weight": 0.10071253501400561 }, "geometry": { "type": "LineString", "coordinates": [ [ -75.517685, 6.566273 ], [ -74.840059, 6.676554 ] ] } },
{ "type": "Feature", "properties": { "source": "ENTRERRÍOS", "target": "SAN LUIS", "distance": 0.5, "betweenness": 0.0008559040616205588, "weight": 0.10085590406162057 }, "geometry": { "type": "LineString", "coordinates": [ [ -75.517685, 6.566273 ], [ -74.993619, 6.043017 ] ] } },
{ "type": "Feature", "properties": { "source": "ENTRERRÍOS", "target": "VEGACHÍ", "distance": 0.5, "betweenness": 0.00095647828509394192, "weight": 0.10095647828509395 }, "geometry": { "type": "LineString", "coordinates": [ [ -75.517685, 6.566273 ], [ -74.798714, 6.773525 ] ] } },
{ "type": "Feature", "properties": { "source": "CAROLINA", "target": "BELLO", "distance": 0.5, "betweenness": 0.00018440709617180203, "weight": 0.10018440709617181 }, "geometry": { "type": "LineString", "coordinates": [ [ -75.283192, 6.725995 ], [ -75.555245, 6.333587 ] ] } },
{ "type": "Feature", "properties": { "source": "CAROLINA", "target": "BARBOSA", "distance": 0.5, "betweenness": 0.00014829461196243202, "weight": 0.10014829461196244 }, "geometry": { "type": "LineString", "coordinates": [ [ -75.283192, 6.725995 ], [ -75.331627, 6.439195 ] ] } },
{ "type": "Feature", "properties": { "source": "CAROLINA", "target": "RIONEGRO", "distance": 0.2, "betweenness": 0.011694677871148458, "weight": 0.11169467787114847 }, "geometry": { "type": "LineString", "coordinates": [ [ -75.283192, 6.725995 ], [ -75.377316, 6.147148 ] ] } },
{ "type": "Feature", "properties": { "source": "CAROLINA", "target": "DONMATÍAS", "distance": 0.5, "betweenness": 0.00014005602240896358, "weight": 0.10014005602240897 }, "geometry": { "type": "LineString", "coordinates": [ [ -75.283192, 6.725995 ], [ -75.39263, 6.485603 ] ] } },
{ "type": "Feature", "properties": { "source": "CAROLINA", "target": "ALEJANDRÍA", "distance": 0.5, "betweenness": 0.00034913965586234484, "weight": 0.10034913965586235 }, "geometry": { "type": "LineString", "coordinates": [ [ -75.283192, 6.725995 ], [ -75.141346, 6.376061 ] ] } },
{ "type": "Feature", "properties": { "source": "CAROLINA", "target": "SANTO DOMINGO", "distance": 0.5, "betweenness": 0.00018507402961184471, "weight": 0.10018507402961185 }, "geometry": { "type": "LineString", "coordinates": [ [ -75.283192, 6.725995 ], [ -75.164903, 6.473032 ] ] } },
{ "type": "Feature", "properties": { "source": "CAROLINA", "target": "SAN PEDRO DE LOS MILAGROS", "distance": 0.5, "betweenness": 0.00021008403361344536, "weight": 0.10021008403361345 }, "geometry": { "type": "LineString", "coordinates": [ [ -75.283192, 6.725995 ], [ -75.556743, 6.46012 ] ] } },
{ "type": "Feature", "properties": { "source": "CAROLINA", "target": "SAN VICENTE FERRER", "distance": 0.5, "betweenness": 0.00024509803921568627, "weight": 0.10024509803921569 }, "geometry": { "type": "LineString", "coordinates": [ [ -75.283192, 6.725995 ], [ -75.332616, 6.282164 ] ] } },
{ "type": "Feature", "properties": { "source": "CAROLINA", "target": "MACEO", "distance": 0.5, "betweenness": 0.00070028011204481782, "weight": 0.10070028011204482 }, "geometry": { "type": "LineString", "coordinates": [ [ -75.283192, 6.725995 ], [ -74.78716, 6.552116 ] ] } },
{ "type": "Feature", "properties": { "source": "CAROLINA", "target": "SAN JERÓNIMO", "distance": 0.5, "betweenness": 0.00018674136321195143, "weight": 0.10018674136321196 }, "geometry": { "type": "LineString", "coordinates": [ [ -75.283192, 6.725995 ], [ -75.726975, 6.44809 ] ] } },
{ "type": "Feature", "properties": { "source": "CAROLINA", "target": "YOLOMBÓ", "distance": 0.33333333333333331, "betweenness": 0.0018248475860932606, "weight": 0.10182484758609327 }, "geometry": { "type": "LineString", "coordinates": [ [ -75.283192, 6.725995 ], [ -75.013385, 6.594511 ] ] } },
{ "type": "Feature", "properties": { "source": "CAROLINA", "target": "SAN RAFAEL", "distance": 0.5, "betweenness": 0.00023212062602818905, "weight": 0.1002321206260282 }, "geometry": { "type": "LineString", "coordinates": [ [ -75.283192, 6.725995 ], [ -75.02849, 6.293759 ] ] } },
{ "type": "Feature", "properties": { "source": "CAROLINA", "target": "YALÍ", "distance": 0.5, "betweenness": 0.00061566293183940252, "weight": 0.10061566293183941 }, "geometry": { "type": "LineString", "coordinates": [ [ -75.283192, 6.725995 ], [ -74.840059, 6.676554 ] ] } },
{ "type": "Feature", "properties": { "source": "CAROLINA", "target": "MARINILLA", "distance": 0.5, "betweenness": 0.00071650455053816396, "weight": 0.10071650455053817 }, "geometry": { "type": "LineString", "coordinates": [ [ -75.283192, 6.725995 ], [ -75.339345, 6.173995 ] ] } },
{ "type": "Feature", "properties": { "source": "CAROLINA", "target": "GIRARDOTA", "distance": 0.5, "betweenness": 0.00022467320261437905, "weight": 0.10022467320261438 }, "geometry": { "type": "LineString", "coordinates": [ [ -75.283192, 6.725995 ], [ -75.444238, 6.379472 ] ] } },
{ "type": "Feature", "properties": { "source": "CAROLINA", "target": "GUARNE", "distance": 0.5, "betweenness": 0.00017507002801120446, "weight": 0.10017507002801121 }, "geometry": { "type": "LineString", "coordinates": [ [ -75.283192, 6.725995 ], [ -75.441612, 6.27787 ] ] } },
{ "type": "Feature", "properties": { "source": "CAROLINA", "target": "GUATAPÉ", "distance": 0.5, "betweenness": 0.00016806722689075628, "weight": 0.10016806722689076 }, "geometry": { "type": "LineString", "coordinates": [ [ -75.283192, 6.725995 ], [ -75.160041, 6.232461 ] ] } },
{ "type": "Feature", "properties": { "source": "CAROLINA", "target": "GÓMEZ PLATA", "distance": 0.33333333333333331, "betweenness": 0.00049019607843137254, "weight": 0.10049019607843138 }, "geometry": { "type": "LineString", "coordinates": [ [ -75.283192, 6.725995 ], [ -75.220018, 6.683269 ] ] } },
{ "type": "Feature", "properties": { "source": "CAROLINA", "target": "CISNEROS", "distance": 0.5, "betweenness": 0.00050746965452847794, "weight": 0.10050746965452849 }, "geometry": { "type": "LineString", "coordinates": [ [ -75.283192, 6.725995 ], [ -75.087047, 6.537829 ] ] } },
{ "type": "Feature", "properties": { "source": "CAROLINA", "target": "PEÑOL", "distance": 0.33333333333333331, "betweenness": 0.0040092981637099281, "weight": 0.10400929816370993 }, "geometry": { "type": "LineString", "coordinates": [ [ -75.283192, 6.725995 ], [ -75.242693, 6.219349 ] ] } },
{ "type": "Feature", "properties": { "source": "CAROLINA", "target": "COPACABANA", "distance": 0.5, "betweenness": 0.00021942110177404294, "weight": 0.10021942110177405 }, "geometry": { "type": "LineString", "coordinates": [ [ -75.283192, 6.725995 ], [ -75.509384, 6.348557 ] ] } },
{ "type": "Feature", "properties": { "source": "CAROLINA", "target": "CONCEPCIÓN", "distance": 0.5, "betweenness": 0.00015749889699469529, "weight": 0.1001574988969947 }, "geometry": { "type": "LineString", "coordinates": [ [ -75.283192, 6.725995 ], [ -75.257587, 6.394348 ] ] } },
{ "type": "Feature", "properties": { "source": "CAROLINA", "target": "VEGACHÍ", "distance": 0.33333333333333331, "betweenness": 0.0071058423369347729, "weight": 0.10710584233693478 }, "geometry": { "type": "LineString", "coordinates": [ [ -75.283192, 6.725995 ], [ -74.798714, 6.773525 ] ] } },
{ "type": "Feature", "properties": { "source": "CAROLINA", "target": "MEDELLÍN", "distance": 0.5, "betweenness": 0.00023342670401493929, "weight": 0.10023342670401494 }, "geometry": { "type": "LineString", "coordinates": [ [ -75.283192, 6.725995 ], [ -75.581775, 6.246631 ] ] } },
{ "type": "Feature", "properties": { "source": "CAROLINA", "target": "SAN ROQUE", "distance": 0.5, "betweenness": 0.00043884220354808588, "weight": 0.1004388422035481 }, "geometry": { "type": "LineString", "coordinates": [ [ -75.283192, 6.725995 ], [ -75.019109, 6.485939 ] ] } },
{ "type": "Feature", "properties": { "source": "CAROLINA", "target": "SAN CARLOS", "distance": 0.5, "betweenness": 0.00048869547819127643, "weight": 0.10048869547819128 }, "geometry": { "type": "LineString", "coordinates": [ [ -75.283192, 6.725995 ], [ -74.988097, 6.187746 ] ] } },
{ "type": "Feature", "properties": { "source": "CAROLINA", "target": "EL CARMEN DE VIBORAL", "distance": 0.5, "betweenness": 0.0009102590874197616, "weight": 0.10091025908741977 }, "geometry": { "type": "LineString", "coordinates": [ [ -75.283192, 6.725995 ], [ -75.333901, 6.082885 ] ] } },
{ "type": "Feature", "properties": { "source": "CAROLINA", "target": "REMEDIOS", "distance": 0.5, "betweenness": 0.0023972838838446841, "weight": 0.10239728388384468 }, "geometry": { "type": "LineString", "coordinates": [ [ -75.283192, 6.725995 ], [ -74.698135, 7.029424 ] ] } },
{ "type": "Feature", "properties": { "source": "CAROLINA", "target": "GRANADA", "distance": 0.5, "betweenness": 0.00050486861411231157, "weight": 0.10050486861411231 }, "geometry": { "type": "LineString", "coordinates": [ [ -75.283192, 6.725995 ], [ -75.184446, 6.142892 ] ] } },
{ "type": "Feature", "properties": { "source": "CAROLINA", "target": "EBÉJICO", "distance": 0.5, "betweenness": 0.00038989125061789418, "weight": 0.1003898912506179 }, "geometry": { "type": "LineString", "coordinates": [ [ -75.283192, 6.725995 ], [ -75.766413, 6.325615 ] ] } },
{ "type": "Feature", "properties": { "source": "CAROLINA", "target": "EL SANTUARIO", "distance": 0.5, "betweenness": 0.00031512605042016803, "weight": 0.10031512605042017 }, "geometry": { "type": "LineString", "coordinates": [ [ -75.283192, 6.725995 ], [ -75.265465, 6.136871 ] ] } },
{ "type": "Feature", "properties": { "source": "CAROLINA", "target": "ENVIGADO", "distance": 0.5, "betweenness": 0.00014005602240896358, "weight": 0.10014005602240897 }, "geometry": { "type": "LineString", "coordinates": [ [ -75.283192, 6.725995 ], [ -75.582192, 6.166695 ] ] } },
{ "type": "Feature", "properties": { "source": "CAROLINA", "target": "CARACOLÍ", "distance": 0.5, "betweenness": 0.0016323700603235946, "weight": 0.10163237006032361 }, "geometry": { "type": "LineString", "coordinates": [ [ -75.283192, 6.725995 ], [ -74.757421, 6.409829 ] ] } },
{ "type": "Feature", "properties": { "source": "CAROLINA", "target": "RETIRO", "distance": 0.5, "betweenness": 0.00016806722689075628, "weight": 0.10016806722689076 }, "geometry": { "type": "LineString", "coordinates": [ [ -75.283192, 6.725995 ], [ -75.501301, 6.062454 ] ] } },
{ "type": "Feature", "properties": { "source": "CAROLINA", "target": "ITAGÜÍ", "distance": 0.5, "betweenness": 0.00045231425903694803, "weight": 0.10045231425903696 }, "geometry": { "type": "LineString", "coordinates": [ [ -75.283192, 6.725995 ], [ -75.612056, 6.175079 ] ] } },
{ "type": "Feature", "properties": { "source": "CAROLINA", "target": "COCORNÁ", "distance": 0.5, "betweenness": 0.00087653044293915631, "weight": 0.10087653044293916 }, "geometry": { "type": "LineString", "coordinates": [ [ -75.283192, 6.725995 ], [ -75.185483, 6.058295 ] ] } },
{ "type": "Feature", "properties": { "source": "CAROLINA", "target": "HELICONIA", "distance": 0.5, "betweenness": 0.00018674136321195143, "weight": 0.10018674136321196 }, "geometry": { "type": "LineString", "coordinates": [ [ -75.283192, 6.725995 ], [ -75.734322, 6.206757 ] ] } },
{ "type": "Feature", "properties": { "source": "GÓMEZ PLATA", "target": "MARINILLA", "distance": 0.5, "betweenness": 0.00020530006874544692, "weight": 0.10020530006874545 }, "geometry": { "type": "LineString", "coordinates": [ [ -75.220018, 6.683269 ], [ -75.339345, 6.173995 ] ] } },
{ "type": "Feature", "properties": { "source": "GÓMEZ PLATA", "target": "SAN VICENTE FERRER", "distance": 0.5, "betweenness": 0.00020424836601307187, "weight": 0.10020424836601308 }, "geometry": { "type": "LineString", "coordinates": [ [ -75.220018, 6.683269 ], [ -75.332616, 6.282164 ] ] } },
{ "type": "Feature", "properties": { "source": "GÓMEZ PLATA", "target": "COCORNÁ", "distance": 0.5, "betweenness": 0.000359607987682544, "weight": 0.10035960798768255 }, "geometry": { "type": "LineString", "coordinates": [ [ -75.220018, 6.683269 ], [ -75.185483, 6.058295 ] ] } },
{ "type": "Feature", "properties": { "source": "GÓMEZ PLATA", "target": "DONMATÍAS", "distance": 0.5, "betweenness": 0.00079860226919050434, "weight": 0.1007986022691905 }, "geometry": { "type": "LineString", "coordinates": [ [ -75.220018, 6.683269 ], [ -75.39263, 6.485603 ] ] } },
{ "type": "Feature", "properties": { "source": "GÓMEZ PLATA", "target": "YOLOMBÓ", "distance": 0.5, "betweenness": 0.00014005602240896358, "weight": 0.10014005602240897 }, "geometry": { "type": "LineString", "coordinates": [ [ -75.220018, 6.683269 ], [ -75.013385, 6.594511 ] ] } },
{ "type": "Feature", "properties": { "source": "GÓMEZ PLATA", "target": "GIRARDOTA", "distance": 0.5, "betweenness": 0.00018399026277177537, "weight": 0.10018399026277178 }, "geometry": { "type": "LineString", "coordinates": [ [ -75.220018, 6.683269 ], [ -75.444238, 6.379472 ] ] } },
{ "type": "Feature", "properties": { "source": "GÓMEZ PLATA", "target": "GRANADA", "distance": 0.5, "betweenness": 0.00026327197545684939, "weight": 0.10026327197545686 }, "geometry": { "type": "LineString", "coordinates": [ [ -75.220018, 6.683269 ], [ -75.184446, 6.142892 ] ] } },
{ "type": "Feature", "properties": { "source": "GÓMEZ PLATA", "target": "ALEJANDRÍA", "distance": 0.5, "betweenness": 0.00021241830065359474, "weight": 0.1002124183006536 }, "geometry": { "type": "LineString", "coordinates": [ [ -75.220018, 6.683269 ], [ -75.141346, 6.376061 ] ] } },
{ "type": "Feature", "properties": { "source": "GÓMEZ PLATA", "target": "GUATAPÉ", "distance": 0.5, "betweenness": 0.00014005602240896358, "weight": 0.10014005602240897 }, "geometry": { "type": "LineString", "coordinates": [ [ -75.220018, 6.683269 ], [ -75.160041, 6.232461 ] ] } },
{ "type": "Feature", "properties": { "source": "GÓMEZ PLATA", "target": "ENVIGADO", "distance": 0.5, "betweenness": 0.00034680538882219552, "weight": 0.10034680538882221 }, "geometry": { "type": "LineString", "coordinates": [ [ -75.220018, 6.683269 ], [ -75.582192, 6.166695 ] ] } },
{ "type": "Feature", "properties": { "source": "GÓMEZ PLATA", "target": "SAN ROQUE", "distance": 0.5, "betweenness": 0.00016962340491752254, "weight": 0.10016962340491753 }, "geometry": { "type": "LineString", "coordinates": [ [ -75.220018, 6.683269 ], [ -75.019109, 6.485939 ] ] } },
{ "type": "Feature", "properties": { "source": "GÓMEZ PLATA", "target": "SAN RAFAEL", "distance": 0.5, "betweenness": 0.00027297029923080342, "weight": 0.10027297029923081 }, "geometry": { "type": "LineString", "coordinates": [ [ -75.220018, 6.683269 ], [ -75.02849, 6.293759 ] ] } },
{ "type": "Feature", "properties": { "source": "GÓMEZ PLATA", "target": "RIONEGRO", "distance": 0.33333333333333331, "betweenness": 0.002471356963838166, "weight": 0.10247135696383818 }, "geometry": { "type": "LineString", "coordinates": [ [ -75.220018, 6.683269 ], [ -75.377316, 6.147148 ] ] } },
{ "type": "Feature", "properties": { "source": "GÓMEZ PLATA", "target": "BELLO", "distance": 0.5, "betweenness": 0.00017740429505135386, "weight": 0.10017740429505136 }, "geometry": { "type": "LineString", "coordinates": [ [ -75.220018, 6.683269 ], [ -75.555245, 6.333587 ] ] } },
{ "type": "Feature", "properties": { "source": "GÓMEZ PLATA", "target": "BARBOSA", "distance": 0.5, "betweenness": 0.00020905420991926182, "weight": 0.10020905420991927 }, "geometry": { "type": "LineString", "coordinates": [ [ -75.220018, 6.683269 ], [ -75.331627, 6.439195 ] ] } },
{ "type": "Feature", "properties": { "source": "GÓMEZ PLATA", "target": "SANTO DOMINGO", "distance": 0.5, "betweenness": 0.00016562180427726644, "weight": 0.10016562180427727 }, "geometry": { "type": "LineString", "coordinates": [ [ -75.220018, 6.683269 ], [ -75.164903, 6.473032 ] ] } },
{ "type": "Feature", "properties": { "source": "GÓMEZ PLATA", "target": "EL SANTUARIO", "distance": 0.5, "betweenness": 0.0002551020408163265, "weight": 0.10025510204081634 }, "geometry": { "type": "LineString", "coordinates": [ [ -75.220018, 6.683269 ], [ -75.265465, 6.136871 ] ] } },
{ "type": "Feature", "properties": { "source": "GÓMEZ PLATA", "target": "SAN PEDRO DE LOS MILAGROS", "distance": 0.5, "betweenness": 0.00031512605042016803, "weight": 0.10031512605042017 }, "geometry": { "type": "LineString", "coordinates": [ [ -75.220018, 6.683269 ], [ -75.556743, 6.46012 ] ] } },
{ "type": "Feature", "properties": { "source": "GÓMEZ PLATA", "target": "PEÑOL", "distance": 0.5, "betweenness": 0.00019724556489262373, "weight": 0.10019724556489262 }, "geometry": { "type": "LineString", "coordinates": [ [ -75.220018, 6.683269 ], [ -75.242693, 6.219349 ] ] } },
{ "type": "Feature", "properties": { "source": "GÓMEZ PLATA", "target": "SAN CARLOS", "distance": 0.5, "betweenness": 0.00036789715886354537, "weight": 0.10036789715886354 }, "geometry": { "type": "LineString", "coordinates": [ [ -75.220018, 6.683269 ], [ -74.988097, 6.187746 ] ] } },
{ "type": "Feature", "properties": { "source": "GÓMEZ PLATA", "target": "CONCEPCIÓN", "distance": 0.5, "betweenness": 0.0001730606772623579, "weight": 0.10017306067726237 }, "geometry": { "type": "LineString", "coordinates": [ [ -75.220018, 6.683269 ], [ -75.257587, 6.394348 ] ] } },
{ "type": "Feature", "properties": { "source": "GÓMEZ PLATA", "target": "GUARNE", "distance": 0.5, "betweenness": 0.00021008403361344536, "weight": 0.10021008403361345 }, "geometry": { "type": "LineString", "coordinates": [ [ -75.220018, 6.683269 ], [ -75.441612, 6.27787 ] ] } },
{ "type": "Feature", "properties": { "source": "GÓMEZ PLATA", "target": "YALÍ", "distance": 0.5, "betweenness": 0.00020016339869281046, "weight": 0.10020016339869281 }, "geometry": { "type": "LineString", "coordinates": [ [ -75.220018, 6.683269 ], [ -74.840059, 6.676554 ] ] } },
{ "type": "Feature", "properties": { "source": "GÓMEZ PLATA", "target": "COPACABANA", "distance": 0.5, "betweenness": 0.00018273976257169534, "weight": 0.10018273976257171 }, "geometry": { "type": "LineString", "coordinates": [ [ -75.220018, 6.683269 ], [ -75.509384, 6.348557 ] ] } },
{ "type": "Feature", "properties": { "source": "GÓMEZ PLATA", "target": "VEGACHÍ", "distance": 0.5, "betweenness": 0.00025947220993660625, "weight": 0.10025947220993661 }, "geometry": { "type": "LineString", "coordinates": [ [ -75.220018, 6.683269 ], [ -74.798714, 6.773525 ] ] } },
{ "type": "Feature", "properties": { "source": "GÓMEZ PLATA", "target": "MEDELLÍN", "distance": 0.5, "betweenness": 0.00019841269841269841, "weight": 0.1001984126984127 }, "geometry": { "type": "LineString", "coordinates": [ [ -75.220018, 6.683269 ], [ -75.581775, 6.246631 ] ] } },
{ "type": "Feature", "properties": { "source": "GÓMEZ PLATA", "target": "CARACOLÍ", "distance": 0.5, "betweenness": 0.00052416207124561054, "weight": 0.10052416207124562 }, "geometry": { "type": "LineString", "coordinates": [ [ -75.220018, 6.683269 ], [ -74.757421, 6.409829 ] ] } },
{ "type": "Feature", "properties": { "source": "GÓMEZ PLATA", "target": "EL CARMEN DE VIBORAL", "distance": 0.5, "betweenness": 0.00039436362667135967, "weight": 0.10039436362667137 }, "geometry": { "type": "LineString", "coordinates": [ [ -75.220018, 6.683269 ], [ -75.333901, 6.082885 ] ] } },
{ "type": "Feature", "properties": { "source": "GÓMEZ PLATA", "target": "LA CEJA", "distance": 0.5, "betweenness": 0.00039715510430520575, "weight": 0.10039715510430521 }, "geometry": { "type": "LineString", "coordinates": [ [ -75.220018, 6.683269 ], [ -75.429433, 6.028062 ] ] } },
{ "type": "Feature", "properties": { "source": "GÓMEZ PLATA", "target": "SAN JERÓNIMO", "distance": 0.5, "betweenness": 0.00014005602240896358, "weight": 0.10014005602240897 }, "geometry": { "type": "LineString", "coordinates": [ [ -75.220018, 6.683269 ], [ -75.726975, 6.44809 ] ] } },
{ "type": "Feature", "properties": { "source": "GÓMEZ PLATA", "target": "EBÉJICO", "distance": 0.5, "betweenness": 0.00026939860911684936, "weight": 0.10026939860911685 }, "geometry": { "type": "LineString", "coordinates": [ [ -75.220018, 6.683269 ], [ -75.766413, 6.325615 ] ] } },
{ "type": "Feature", "properties": { "source": "GÓMEZ PLATA", "target": "RETIRO", "distance": 0.33333333333333331, "betweenness": 0.0035333575216370434, "weight": 0.10353335752163705 }, "geometry": { "type": "LineString", "coordinates": [ [ -75.220018, 6.683269 ], [ -75.501301, 6.062454 ] ] } },
{ "type": "Feature", "properties": { "source": "GÓMEZ PLATA", "target": "MACEO", "distance": 0.5, "betweenness": 0.00017117958294428882, "weight": 0.10017117958294429 }, "geometry": { "type": "LineString", "coordinates": [ [ -75.220018, 6.683269 ], [ -74.78716, 6.552116 ] ] } },
{ "type": "Feature", "properties": { "source": "GÓMEZ PLATA", "target": "CISNEROS", "distance": 0.5, "betweenness": 0.0001534391534391534, "weight": 0.10015343915343916 }, "geometry": { "type": "LineString", "coordinates": [ [ -75.220018, 6.683269 ], [ -75.087047, 6.537829 ] ] } },
{ "type": "Feature", "properties": { "source": "GÓMEZ PLATA", "target": "SAN LUIS", "distance": 0.5, "betweenness": 0.00039700838213664385, "weight": 0.10039700838213665 }, "geometry": { "type": "LineString", "coordinates": [ [ -75.220018, 6.683269 ], [ -74.993619, 6.043017 ] ] } },
{ "type": "Feature", "properties": { "source": "GÓMEZ PLATA", "target": "SEGOVIA", "distance": 0.5, "betweenness": 0.0034912081306593969, "weight": 0.1034912081306594 }, "geometry": { "type": "LineString", "coordinates": [ [ -75.220018, 6.683269 ], [ -74.701596, 7.079648 ] ] } },
{ "type": "Feature", "properties": { "source": "GÓMEZ PLATA", "target": "REMEDIOS", "distance": 0.5, "betweenness": 0.00055273728777679022, "weight": 0.10055273728777679 }, "geometry": { "type": "LineString", "coordinates": [ [ -75.220018, 6.683269 ], [ -74.698135, 7.029424 ] ] } },
{ "type": "Feature", "properties": { "source": "GÓMEZ PLATA", "target": "ITAGÜÍ", "distance": 0.5, "betweenness": 0.00043590769641189812, "weight": 0.10043590769641191 }, "geometry": { "type": "LineString", "coordinates": [ [ -75.220018, 6.683269 ], [ -75.612056, 6.175079 ] ] } },
{ "type": "Feature", "properties": { "source": "GÓMEZ PLATA", "target": "HELICONIA", "distance": 1.0, "betweenness": 0.0, "weight": 0.1 }, "geometry": { "type": "LineString", "coordinates": [ [ -75.220018, 6.683269 ], [ -75.734322, 6.206757 ] ] } },
{ "type": "Feature", "properties": { "source": "GÓMEZ PLATA", "target": "PUERTO BERRÍO", "distance": 0.5, "betweenness": 0.0013099217979281453, "weight": 0.10130992179792815 }, "geometry": { "type": "LineString", "coordinates": [ [ -75.220018, 6.683269 ], [ -74.410016, 6.487028 ] ] } },
{ "type": "Feature", "properties": { "source": "GÓMEZ PLATA", "target": "LA UNIÓN", "distance": 1.0, "betweenness": 0.0, "weight": 0.1 }, "geometry": { "type": "LineString", "coordinates": [ [ -75.220018, 6.683269 ], [ -75.360874, 5.973845 ] ] } },
{ "type": "Feature", "properties": { "source": "DONMATÍAS", "target": "SAN RAFAEL", "distance": 0.5, "betweenness": 0.00030331577075274555, "weight": 0.10030331577075276 }, "geometry": { "type": "LineString", "coordinates": [ [ -75.39263, 6.485603 ], [ -75.02849, 6.293759 ] ] } },
{ "type": "Feature", "properties": { "source": "DONMATÍAS", "target": "COPACABANA", "distance": 0.33333333333333331, "betweenness": 0.0010597572362278241, "weight": 0.10105975723622783 }, "geometry": { "type": "LineString", "coordinates": [ [ -75.39263, 6.485603 ], [ -75.509384, 6.348557 ] ] } },
{ "type": "Feature", "properties": { "source": "DONMATÍAS", "target": "LA UNIÓN", "distance": 0.33333333333333331, "betweenness": 0.0027814737005913471, "weight": 0.10278147370059135 }, "geometry": { "type": "LineString", "coordinates": [ [ -75.39263, 6.485603 ], [ -75.360874, 5.973845 ] ] } },
{ "type": "Feature", "properties": { "source": "DONMATÍAS", "target": "SAN PEDRO DE LOS MILAGROS", "distance": 0.5, "betweenness": 0.00014005602240896358, "weight": 0.10014005602240897 }, "geometry": { "type": "LineString", "coordinates": [ [ -75.39263, 6.485603 ], [ -75.556743, 6.46012 ] ] } },
{ "type": "Feature", "properties": { "source": "DONMATÍAS", "target": "SAN ROQUE", "distance": 0.5, "betweenness": 0.00089869281045751618, "weight": 0.10089869281045752 }, "geometry": { "type": "LineString", "coordinates": [ [ -75.39263, 6.485603 ], [ -75.019109, 6.485939 ] ] } },
{ "type": "Feature", "properties": { "source": "DONMATÍAS", "target": "ARMENIA", "distance": 0.5, "betweenness": 0.00028261304521808728, "weight": 0.1002826130452181 }, "geometry": { "type": "LineString", "coordinates": [ [ -75.39263, 6.485603 ], [ -75.786647, 6.155667 ] ] } },
{ "type": "Feature", "properties": { "source": "DONMATÍAS", "target": "ALEJANDRÍA", "distance": 0.5, "betweenness": 0.0008673469387755102, "weight": 0.10086734693877551 }, "geometry": { "type": "LineString", "coordinates": [ [ -75.39263, 6.485603 ], [ -75.141346, 6.376061 ] ] } },
{ "type": "Feature", "properties": { "source": "DONMATÍAS", "target": "BARBOSA", "distance": 0.33333333333333331, "betweenness": 0.00030812324929971991, "weight": 0.10030812324929972 }, "geometry": { "type": "LineString", "coordinates": [ [ -75.39263, 6.485603 ], [ -75.331627, 6.439195 ] ] } },
{ "type": "Feature", "properties": { "source": "DONMATÍAS", "target": "CALDAS", "distance": 0.5, "betweenness": 0.0, "weight": 0.1 }, "geometry": { "type": "LineString", "coordinates": [ [ -75.39263, 6.485603 ], [ -75.633673, 6.091077 ] ] } },
{ "type": "Feature", "properties": { "source": "DONMATÍAS", "target": "LA CEJA", "distance": 0.5, "betweenness": 0.00048086674988297704, "weight": 0.10048086674988298 }, "geometry": { "type": "LineString", "coordinates": [ [ -75.39263, 6.485603 ], [ -75.429433, 6.028062 ] ] } },
{ "type": "Feature", "properties": { "source": "DONMATÍAS", "target": "ENVIGADO", "distance": 0.2, "betweenness": 0.0072128851540616242, "weight": 0.10721288515406163 }, "geometry": { "type": "LineString", "coordinates": [ [ -75.39263, 6.485603 ], [ -75.582192, 6.166695 ] ] } },
{ "type": "Feature", "properties": { "source": "DONMATÍAS", "target": "MEDELLÍN", "distance": 0.5, "betweenness": 0.00015172735760971053, "weight": 0.10015172735760972 }, "geometry": { "type": "LineString", "coordinates": [ [ -75.39263, 6.485603 ], [ -75.581775, 6.246631 ] ] } },
{ "type": "Feature", "properties": { "source": "DONMATÍAS", "target": "SAN VICENTE FERRER", "distance": 0.5, "betweenness": 0.00014005602240896358, "weight": 0.10014005602240897 }, "geometry": { "type": "LineString", "coordinates": [ [ -75.39263, 6.485603 ], [ -75.332616, 6.282164 ] ] } },
{ "type": "Feature", "properties": { "source": "DONMATÍAS", "target": "CONCEPCIÓN", "distance": 0.5, "betweenness": 0.00042683740162731756, "weight": 0.10042683740162732 }, "geometry": { "type": "LineString", "coordinates": [ [ -75.39263, 6.485603 ], [ -75.257587, 6.394348 ] ] } },
{ "type": "Feature", "properties": { "source": "DONMATÍAS", "target": "HELICONIA", "distance": 0.5, "betweenness": 0.00018674136321195143, "weight": 0.10018674136321196 }, "geometry": { "type": "LineString", "coordinates": [ [ -75.39263, 6.485603 ], [ -75.734322, 6.206757 ] ] } },
{ "type": "Feature", "properties": { "source": "DONMATÍAS", "target": "SAN CARLOS", "distance": 0.5, "betweenness": 0.00080090369481125774, "weight": 0.10080090369481126 }, "geometry": { "type": "LineString", "coordinates": [ [ -75.39263, 6.485603 ], [ -74.988097, 6.187746 ] ] } },
{ "type": "Feature", "properties": { "source": "DONMATÍAS", "target": "YALÍ", "distance": 0.5, "betweenness": 0.0016103436324024555, "weight": 0.10161034363240246 }, "geometry": { "type": "LineString", "coordinates": [ [ -75.39263, 6.485603 ], [ -74.840059, 6.676554 ] ] } },
{ "type": "Feature", "properties": { "source": "DONMATÍAS", "target": "RETIRO", "distance": 0.5, "betweenness": 0.00042016806722689073, "weight": 0.10042016806722689 }, "geometry": { "type": "LineString", "coordinates": [ [ -75.39263, 6.485603 ], [ -75.501301, 6.062454 ] ] } },
{ "type": "Feature", "properties": { "source": "DONMATÍAS", "target": "SANTO DOMINGO", "distance": 0.33333333333333331, "betweenness": 0.0025280112044817932, "weight": 0.10252801120448179 }, "geometry": { "type": "LineString", "coordinates": [ [ -75.39263, 6.485603 ], [ -75.164903, 6.473032 ] ] } },
{ "type": "Feature", "properties": { "source": "DONMATÍAS", "target": "RIONEGRO", "distance": 0.5, "betweenness": 0.00042016806722689073, "weight": 0.10042016806722689 }, "geometry": { "type": "LineString", "coordinates": [ [ -75.39263, 6.485603 ], [ -75.377316, 6.147148 ] ] } },
{ "type": "Feature", "properties": { "source": "DONMATÍAS", "target": "YOLOMBÓ", "distance": 0.5, "betweenness": 0.00077208430906527774, "weight": 0.10077208430906529 }, "geometry": { "type": "LineString", "coordinates": [ [ -75.39263, 6.485603 ], [ -75.013385, 6.594511 ] ] } },
{ "type": "Feature", "properties": { "source": "DONMATÍAS", "target": "EBÉJICO", "distance": 0.5, "betweenness": 0.00023983122660829035, "weight": 0.10023983122660829 }, "geometry": { "type": "LineString", "coordinates": [ [ -75.39263, 6.485603 ], [ -75.766413, 6.325615 ] ] } },
{ "type": "Feature", "properties": { "source": "DONMATÍAS", "target": "EL CARMEN DE VIBORAL", "distance": 0.5, "betweenness": 0.0007961717858324599, "weight": 0.10079617178583247 }, "geometry": { "type": "LineString", "coordinates": [ [ -75.39263, 6.485603 ], [ -75.333901, 6.082885 ] ] } },
{ "type": "Feature", "properties": { "source": "DONMATÍAS", "target": "MACEO", "distance": 0.5, "betweenness": 0.0010667600373482726, "weight": 0.10106676003734828 }, "geometry": { "type": "LineString", "coordinates": [ [ -75.39263, 6.485603 ], [ -74.78716, 6.552116 ] ] } },
{ "type": "Feature", "properties": { "source": "DONMATÍAS", "target": "COCORNÁ", "distance": 0.5, "betweenness": 0.00090275661968436426, "weight": 0.10090275661968437 }, "geometry": { "type": "LineString", "coordinates": [ [ -75.39263, 6.485603 ], [ -75.185483, 6.058295 ] ] } },
{ "type": "Feature", "properties": { "source": "DONMATÍAS", "target": "GUATAPÉ", "distance": 0.5, "betweenness": 0.00028011204481792715, "weight": 0.10028011204481793 }, "geometry": { "type": "LineString", "coordinates": [ [ -75.39263, 6.485603 ], [ -75.160041, 6.232461 ] ] } },
{ "type": "Feature", "properties": { "source": "DONMATÍAS", "target": "SANTA BÁRBARA", "distance": 0.33333333333333331, "betweenness": 0.0019281045751633984, "weight": 0.10192810457516341 }, "geometry": { "type": "LineString", "coordinates": [ [ -75.39263, 6.485603 ], [ -75.567351, 5.875527 ] ] } },
{ "type": "Feature", "properties": { "source": "DONMATÍAS", "target": "CAICEDO", "distance": 0.5, "betweenness": 0.00029645191409897293, "weight": 0.10029645191409897 }, "geometry": { "type": "LineString", "coordinates": [ [ -75.39263, 6.485603 ], [ -75.98293, 6.405607 ] ] } },
{ "type": "Feature", "properties": { "source": "DONMATÍAS", "target": "GUARNE", "distance": 0.5, "betweenness": 0.00014005602240896358, "weight": 0.10014005602240897 }, "geometry": { "type": "LineString", "coordinates": [ [ -75.39263, 6.485603 ], [ -75.441612, 6.27787 ] ] } },
{ "type": "Feature", "properties": { "source": "DONMATÍAS", "target": "BELLO", "distance": 0.5, "betweenness": 0.00018674136321195143, "weight": 0.10018674136321196 }, "geometry": { "type": "LineString", "coordinates": [ [ -75.39263, 6.485603 ], [ -75.555245, 6.333587 ] ] } },
{ "type": "Feature", "properties": { "source": "DONMATÍAS", "target": "ANZÁ", "distance": 0.5, "betweenness": 0.0002534347072162198, "weight": 0.10025343470721622 }, "geometry": { "type": "LineString", "coordinates": [ [ -75.39263, 6.485603 ], [ -75.854442, 6.302641 ] ] } },
{ "type": "Feature", "properties": { "source": "DONMATÍAS", "target": "GRANADA", "distance": 0.5, "betweenness": 0.00029011604641856738, "weight": 0.10029011604641858 }, "geometry": { "type": "LineString", "coordinates": [ [ -75.39263, 6.485603 ], [ -75.184446, 6.142892 ] ] } },
{ "type": "Feature", "properties": { "source": "DONMATÍAS", "target": "TITIRIBÍ", "distance": 0.5, "betweenness": 0.00027310924369747898, "weight": 0.10027310924369748 }, "geometry": { "type": "LineString", "coordinates": [ [ -75.39263, 6.485603 ], [ -75.791887, 6.062391 ] ] } },
{ "type": "Feature", "properties": { "source": "DONMATÍAS", "target": "EL SANTUARIO", "distance": 0.33333333333333331, "betweenness": 0.0034477124183006536, "weight": 0.10344771241830066 }, "geometry": { "type": "LineString", "coordinates": [ [ -75.39263, 6.485603 ], [ -75.265465, 6.136871 ] ] } },
{ "type": "Feature", "properties": { "source": "DONMATÍAS", "target": "CISNEROS", "distance": 0.5, "betweenness": 0.001130718954248366, "weight": 0.10113071895424837 }, "geometry": { "type": "LineString", "coordinates": [ [ -75.39263, 6.485603 ], [ -75.087047, 6.537829 ] ] } },
{ "type": "Feature", "properties": { "source": "DONMATÍAS", "target": "MONTEBELLO", "distance": 0.5, "betweenness": 0.0005621931630643938, "weight": 0.1005621931630644 }, "geometry": { "type": "LineString", "coordinates": [ [ -75.39263, 6.485603 ], [ -75.523455, 5.946313 ] ] } },
{ "type": "Feature", "properties": { "source": "DONMATÍAS", "target": "PEÑOL", "distance": 0.5, "betweenness": 0.0005602240896358543, "weight": 0.10056022408963586 }, "geometry": { "type": "LineString", "coordinates": [ [ -75.39263, 6.485603 ], [ -75.242693, 6.219349 ] ] } },
{ "type": "Feature", "properties": { "source": "DONMATÍAS", "target": "ANGELÓPOLIS", "distance": 0.5, "betweenness": 0.00029761904761904759, "weight": 0.10029761904761905 }, "geometry": { "type": "LineString", "coordinates": [ [ -75.39263, 6.485603 ], [ -75.711389, 6.109719 ] ] } },
{ "type": "Feature", "properties": { "source": "DONMATÍAS", "target": "VEGACHÍ", "distance": 0.5, "betweenness": 0.0020639212622848178, "weight": 0.10206392126228482 }, "geometry": { "type": "LineString", "coordinates": [ [ -75.39263, 6.485603 ], [ -74.798714, 6.773525 ] ] } },
{ "type": "Feature", "properties": { "source": "DONMATÍAS", "target": "FREDONIA", "distance": 0.25, "betweenness": 0.0052032934385875555, "weight": 0.10520329343858756 }, "geometry": { "type": "LineString", "coordinates": [ [ -75.39263, 6.485603 ], [ -75.675072, 5.928039 ] ] } },
{ "type": "Feature", "properties": { "source": "DONMATÍAS", "target": "SAN LUIS", "distance": 0.5, "betweenness": 0.0010829645827987269, "weight": 0.10108296458279874 }, "geometry": { "type": "LineString", "coordinates": [ [ -75.39263, 6.485603 ], [ -74.993619, 6.043017 ] ] } },
{ "type": "Feature", "properties": { "source": "DONMATÍAS", "target": "MARINILLA", "distance": 0.5, "betweenness": 0.0007106688829377905, "weight": 0.1007106688829378 }, "geometry": { "type": "LineString", "coordinates": [ [ -75.39263, 6.485603 ], [ -75.339345, 6.173995 ] ] } },
{ "type": "Feature", "properties": { "source": "DONMATÍAS", "target": "GIRARDOTA", "distance": 0.5, "betweenness": 0.00014589169000933706, "weight": 0.10014589169000934 }, "geometry": { "type": "LineString", "coordinates": [ [ -75.39263, 6.485603 ], [ -75.444238, 6.379472 ] ] } },
{ "type": "Feature", "properties": { "source": "DONMATÍAS", "target": "SAN JERÓNIMO", "distance": 0.5, "betweenness": 0.00017507002801120446, "weight": 0.10017507002801121 }, "geometry": { "type": "LineString", "coordinates": [ [ -75.39263, 6.485603 ], [ -75.726975, 6.44809 ] ] } },
{ "type": "Feature", "properties": { "source": "DONMATÍAS", "target": "ABEJORRAL", "distance": 0.5, "betweenness": 0.00014005602240896358, "weight": 0.10014005602240897 }, "geometry": { "type": "LineString", "coordinates": [ [ -75.39263, 6.485603 ], [ -75.428739, 5.789315 ] ] } },
{ "type": "Feature", "properties": { "source": "DONMATÍAS", "target": "LA ESTRELLA", "distance": 0.5, "betweenness": 0.00029313686258817243, "weight": 0.10029313686258817 }, "geometry": { "type": "LineString", "coordinates": [ [ -75.39263, 6.485603 ], [ -75.637708, 6.145238 ] ] } },
{ "type": "Feature", "properties": { "source": "DONMATÍAS", "target": "SABANETA", "distance": 0.5, "betweenness": 0.00059523809523809518, "weight": 0.1005952380952381 }, "geometry": { "type": "LineString", "coordinates": [ [ -75.39263, 6.485603 ], [ -75.615479, 6.149903 ] ] } },
{ "type": "Feature", "properties": { "source": "DONMATÍAS", "target": "BETULIA", "distance": 0.25, "betweenness": 0.0064939309056956116, "weight": 0.10649393090569562 }, "geometry": { "type": "LineString", "coordinates": [ [ -75.39263, 6.485603 ], [ -75.984452, 6.115208 ] ] } },
{ "type": "Feature", "properties": { "source": "DONMATÍAS", "target": "AMAGÁ", "distance": 0.33333333333333331, "betweenness": 0.0018712484993997599, "weight": 0.10187124849939977 }, "geometry": { "type": "LineString", "coordinates": [ [ -75.39263, 6.485603 ], [ -75.702188, 6.038708 ] ] } },
{ "type": "Feature", "properties": { "source": "DONMATÍAS", "target": "CONCORDIA", "distance": 0.5, "betweenness": 0.00028989373527188645, "weight": 0.10028989373527189 }, "geometry": { "type": "LineString", "coordinates": [ [ -75.39263, 6.485603 ], [ -75.908448, 6.045738 ] ] } },
{ "type": "Feature", "properties": { "source": "DONMATÍAS", "target": "VENECIA", "distance": 0.5, "betweenness": 0.00034080298786181136, "weight": 0.10034080298786181 }, "geometry": { "type": "LineString", "coordinates": [ [ -75.39263, 6.485603 ], [ -75.735544, 5.964693 ] ] } },
{ "type": "Feature", "properties": { "source": "DONMATÍAS", "target": "CARACOLÍ", "distance": 0.5, "betweenness": 0.0023473357851756266, "weight": 0.10234733578517563 }, "geometry": { "type": "LineString", "coordinates": [ [ -75.39263, 6.485603 ], [ -74.757421, 6.409829 ] ] } },
{ "type": "Feature", "properties": { "source": "DONMATÍAS", "target": "SAN FRANCISCO", "distance": 0.33333333333333331, "betweenness": 0.0054610177404295045, "weight": 0.10546101774042951 }, "geometry": { "type": "LineString", "coordinates": [ [ -75.39263, 6.485603 ], [ -75.101562, 5.963476 ] ] } },
{ "type": "Feature", "properties": { "source": "DONMATÍAS", "target": "REMEDIOS", "distance": 0.5, "betweenness": 0.0052326728389431865, "weight": 0.10523267283894319 }, "geometry": { "type": "LineString", "coordinates": [ [ -75.39263, 6.485603 ], [ -74.698135, 7.029424 ] ] } },
{ "type": "Feature", "properties": { "source": "DONMATÍAS", "target": "ITAGÜÍ", "distance": 0.5, "betweenness": 0.00061944777911164463, "weight": 0.10061944777911165 }, "geometry": { "type": "LineString", "coordinates": [ [ -75.39263, 6.485603 ], [ -75.612056, 6.175079 ] ] } },
{ "type": "Feature", "properties": { "source": "DONMATÍAS", "target": "SONSÓN", "distance": 1.0, "betweenness": 0.0, "weight": 0.1 }, "geometry": { "type": "LineString", "coordinates": [ [ -75.39263, 6.485603 ], [ -75.309596, 5.714851 ] ] } },
{ "type": "Feature", "properties": { "source": "SAN VICENTE FERRER", "target": "BELLO", "distance": 0.5, "betweenness": 0.00014005602240896358, "weight": 0.10014005602240897 }, "geometry": { "type": "LineString", "coordinates": [ [ -75.332616, 6.282164 ], [ -75.555245, 6.333587 ] ] } },
{ "type": "Feature", "properties": { "source": "SAN VICENTE FERRER", "target": "SAN JERÓNIMO", "distance": 0.5, "betweenness": 0.00014005602240896358, "weight": 0.10014005602240897 }, "geometry": { "type": "LineString", "coordinates": [ [ -75.332616, 6.282164 ], [ -75.726975, 6.44809 ] ] } },
{ "type": "Feature", "properties": { "source": "SAN VICENTE FERRER", "target": "MONTEBELLO", "distance": 0.5, "betweenness": 0.00020873677624709235, "weight": 0.1002087367762471 }, "geometry": { "type": "LineString", "coordinates": [ [ -75.332616, 6.282164 ], [ -75.523455, 5.946313 ] ] } },
{ "type": "Feature", "properties": { "source": "SAN VICENTE FERRER", "target": "BETULIA", "distance": 0.5, "betweenness": 0.00017507002801120446, "weight": 0.10017507002801121 }, "geometry": { "type": "LineString", "coordinates": [ [ -75.332616, 6.282164 ], [ -75.984452, 6.115208 ] ] } },
{ "type": "Feature", "properties": { "source": "SAN VICENTE FERRER", "target": "EL CARMEN DE VIBORAL", "distance": 0.5, "betweenness": 0.00019382857582118281, "weight": 0.10019382857582119 }, "geometry": { "type": "LineString", "coordinates": [ [ -75.332616, 6.282164 ], [ -75.333901, 6.082885 ] ] } },
{ "type": "Feature", "properties": { "source": "SAN VICENTE FERRER", "target": "CALDAS", "distance": 0.5, "betweenness": 0.00017507002801120446, "weight": 0.10017507002801121 }, "geometry": { "type": "LineString", "coordinates": [ [ -75.332616, 6.282164 ], [ -75.633673, 6.091077 ] ] } },
{ "type": "Feature", "properties": { "source": "SAN VICENTE FERRER", "target": "MEDELLÍN", "distance": 0.5, "betweenness": 0.00014005602240896358, "weight": 0.10014005602240897 }, "geometry": { "type": "LineString", "coordinates": [ [ -75.332616, 6.282164 ], [ -75.581775, 6.246631 ] ] } },
{ "type": "Feature", "properties": { "source": "SAN VICENTE FERRER", "target": "LA CEJA", "distance": 0.5, "betweenness": 0.00020571115271926627, "weight": 0.10020571115271927 }, "geometry": { "type": "LineString", "coordinates": [ [ -75.332616, 6.282164 ], [ -75.429433, 6.028062 ] ] } },
{ "type": "Feature", "properties": { "source": "SAN VICENTE FERRER", "target": "HELICONIA", "distance": 0.5, "betweenness": 0.00014005602240896358, "weight": 0.10014005602240897 }, "geometry": { "type": "LineString", "coordinates": [ [ -75.332616, 6.282164 ], [ -75.734322, 6.206757 ] ] } },
{ "type": "Feature", "properties": { "source": "SAN VICENTE FERRER", "target": "ALEJANDRÍA", "distance": 0.5, "betweenness": 0.00017312480547774665, "weight": 0.10017312480547776 }, "geometry": { "type": "LineString", "coordinates": [ [ -75.332616, 6.282164 ], [ -75.141346, 6.376061 ] ] } },
{ "type": "Feature", "properties": { "source": "SAN VICENTE FERRER", "target": "BARBOSA", "distance": 0.5, "betweenness": 0.00015561780267662621, "weight": 0.10015561780267664 }, "geometry": { "type": "LineString", "coordinates": [ [ -75.332616, 6.282164 ], [ -75.331627, 6.439195 ] ] } },
{ "type": "Feature", "properties": { "source": "SAN VICENTE FERRER", "target": "SAN PEDRO DE LOS MILAGROS", "distance": 0.33333333333333331, "betweenness": 0.00048319327731092437, "weight": 0.10048319327731094 }, "geometry": { "type": "LineString", "coordinates": [ [ -75.332616, 6.282164 ], [ -75.556743, 6.46012 ] ] } },
{ "type": "Feature", "properties": { "source": "SAN VICENTE FERRER", "target": "RETIRO", "distance": 0.5, "betweenness": 0.00014005602240896358, "weight": 0.10014005602240897 }, "geometry": { "type": "LineString", "coordinates": [ [ -75.332616, 6.282164 ], [ -75.501301, 6.062454 ] ] } },
{ "type": "Feature", "properties": { "source": "SAN VICENTE FERRER", "target": "YALÍ", "distance": 0.5, "betweenness": 0.00025560224089635854, "weight": 0.10025560224089636 }, "geometry": { "type": "LineString", "coordinates": [ [ -75.332616, 6.282164 ], [ -74.840059, 6.676554 ] ] } },
{ "type": "Feature", "properties": { "source": "SAN VICENTE FERRER", "target": "YOLOMBÓ", "distance": 0.5, "betweenness": 0.00034731675894758768, "weight": 0.10034731675894759 }, "geometry": { "type": "LineString", "coordinates": [ [ -75.332616, 6.282164 ], [ -75.013385, 6.594511 ] ] } },
{ "type": "Feature", "properties": { "source": "SAN VICENTE FERRER", "target": "CONCEPCIÓN", "distance": 0.5, "betweenness": 0.00014005602240896358, "weight": 0.10014005602240897 }, "geometry": { "type": "LineString", "coordinates": [ [ -75.332616, 6.282164 ], [ -75.257587, 6.394348 ] ] } },
{ "type": "Feature", "properties": { "source": "SAN VICENTE FERRER", "target": "SAN RAFAEL", "distance": 0.5, "betweenness": 0.00014672535680939041, "weight": 0.10014672535680939 }, "geometry": { "type": "LineString", "coordinates": [ [ -75.332616, 6.282164 ], [ -75.02849, 6.293759 ] ] } },
{ "type": "Feature", "properties": { "source": "SAN VICENTE FERRER", "target": "SONSÓN", "distance": 0.5, "betweenness": 0.00038345350596417346, "weight": 0.10038345350596418 }, "geometry": { "type": "LineString", "coordinates": [ [ -75.332616, 6.282164 ], [ -75.309596, 5.714851 ] ] } },
{ "type": "Feature", "properties": { "source": "SAN VICENTE FERRER", "target": "ANGELÓPOLIS", "distance": 0.33333333333333331, "betweenness": 0.0013029151054361136, "weight": 0.10130291510543613 }, "geometry": { "type": "LineString", "coordinates": [ [ -75.332616, 6.282164 ], [ -75.711389, 6.109719 ] ] } },
{ "type": "Feature", "properties": { "source": "SAN VICENTE FERRER", "target": "GUARNE", "distance": 0.5, "betweenness": 0.00014005602240896358, "weight": 0.10014005602240897 }, "geometry": { "type": "LineString", "coordinates": [ [ -75.332616, 6.282164 ], [ -75.441612, 6.27787 ] ] } },
{ "type": "Feature", "properties": { "source": "SAN VICENTE FERRER", "target": "SAN CARLOS", "distance": 0.5, "betweenness": 0.00014964319060957717, "weight": 0.10014964319060958 }, "geometry": { "type": "LineString", "coordinates": [ [ -75.332616, 6.282164 ], [ -74.988097, 6.187746 ] ] } },
{ "type": "Feature", "properties": { "source": "SAN VICENTE FERRER", "target": "AMAGÁ", "distance": 0.5, "betweenness": 0.00014005602240896358, "weight": 0.10014005602240897 }, "geometry": { "type": "LineString", "coordinates": [ [ -75.332616, 6.282164 ], [ -75.702188, 6.038708 ] ] } },
{ "type": "Feature", "properties": { "source": "SAN VICENTE FERRER", "target": "RIONEGRO", "distance": 0.5, "betweenness": 0.00014005602240896358, "weight": 0.10014005602240897 }, "geometry": { "type": "LineString", "coordinates": [ [ -75.332616, 6.282164 ], [ -75.377316, 6.147148 ] ] } },
{ "type": "Feature", "properties": { "source": "SAN VICENTE FERRER", "target": "MACEO", "distance": 0.5, "betweenness": 0.0002661064425770308, "weight": 0.10026610644257704 }, "geometry": { "type": "LineString", "coordinates": [ [ -75.332616, 6.282164 ], [ -74.78716, 6.552116 ] ] } },
{ "type": "Feature", "properties": { "source": "SAN VICENTE FERRER", "target": "PEÑOL", "distance": 0.5, "betweenness": 0.00019063180827886709, "weight": 0.10019063180827888 }, "geometry": { "type": "LineString", "coordinates": [ [ -75.332616, 6.282164 ], [ -75.242693, 6.219349 ] ] } },
{ "type": "Feature", "properties": { "source": "SAN VICENTE FERRER", "target": "ABEJORRAL", "distance": 0.5, "betweenness": 0.00014005602240896358, "weight": 0.10014005602240897 }, "geometry": { "type": "LineString", "coordinates": [ [ -75.332616, 6.282164 ], [ -75.428739, 5.789315 ] ] } },
{ "type": "Feature", "properties": { "source": "SAN VICENTE FERRER", "target": "SAN ROQUE", "distance": 0.5, "betweenness": 0.00021033775829172249, "weight": 0.10021033775829173 }, "geometry": { "type": "LineString", "coordinates": [ [ -75.332616, 6.282164 ], [ -75.019109, 6.485939 ] ] } },
{ "type": "Feature", "properties": { "source": "SAN VICENTE FERRER", "target": "SANTO DOMINGO", "distance": 0.5, "betweenness": 0.00017507002801120446, "weight": 0.10017507002801121 }, "geometry": { "type": "LineString", "coordinates": [ [ -75.332616, 6.282164 ], [ -75.164903, 6.473032 ] ] } },
{ "type": "Feature", "properties": { "source": "SAN VICENTE FERRER", "target": "GRANADA", "distance": 0.5, "betweenness": 0.00015561780267662621, "weight": 0.10015561780267664 }, "geometry": { "type": "LineString", "coordinates": [ [ -75.332616, 6.282164 ], [ -75.184446, 6.142892 ] ] } },
{ "type": "Feature", "properties": { "source": "SAN VICENTE FERRER", "target": "SANTA BÁRBARA", "distance": 0.5, "betweenness": 0.00014005602240896358, "weight": 0.10014005602240897 }, "geometry": { "type": "LineString", "coordinates": [ [ -75.332616, 6.282164 ], [ -75.567351, 5.875527 ] ] } },
{ "type": "Feature", "properties": { "source": "SAN VICENTE FERRER", "target": "LA UNIÓN", "distance": 0.5, "betweenness": 0.00015561780267662621, "weight": 0.10015561780267664 }, "geometry": { "type": "LineString", "coordinates": [ [ -75.332616, 6.282164 ], [ -75.360874, 5.973845 ] ] } },
{ "type": "Feature", "properties": { "source": "SAN VICENTE FERRER", "target": "EBÉJICO", "distance": 0.5, "betweenness": 0.0001678579928703507, "weight": 0.10016785799287035 }, "geometry": { "type": "LineString", "coordinates": [ [ -75.332616, 6.282164 ], [ -75.766413, 6.325615 ] ] } },
{ "type": "Feature", "properties": { "source": "SAN VICENTE FERRER", "target": "CISNEROS", "distance": 0.5, "betweenness": 0.00024878647111018317, "weight": 0.10024878647111019 }, "geometry": { "type": "LineString", "coordinates": [ [ -75.332616, 6.282164 ], [ -75.087047, 6.537829 ] ] } },
{ "type": "Feature", "properties": { "source": "SAN VICENTE FERRER", "target": "ENVIGADO", "distance": 0.5, "betweenness": 0.00014005602240896358, "weight": 0.10014005602240897 }, "geometry": { "type": "LineString", "coordinates": [ [ -75.332616, 6.282164 ], [ -75.582192, 6.166695 ] ] } },
{ "type": "Feature", "properties": { "source": "SAN VICENTE FERRER", "target": "GIRARDOTA", "distance": 0.5, "betweenness": 0.00015402625696743342, "weight": 0.10015402625696744 }, "geometry": { "type": "LineString", "coordinates": [ [ -75.332616, 6.282164 ], [ -75.444238, 6.379472 ] ] } },
{ "type": "Feature", "properties": { "source": "SAN VICENTE FERRER", "target": "EL SANTUARIO", "distance": 0.5, "betweenness": 0.00017507002801120446, "weight": 0.10017507002801121 }, "geometry": { "type": "LineString", "coordinates": [ [ -75.332616, 6.282164 ], [ -75.265465, 6.136871 ] ] } },
{ "type": "Feature", "properties": { "source": "SAN VICENTE FERRER", "target": "COCORNÁ", "distance": 0.5, "betweenness": 0.00020736151120353478, "weight": 0.10020736151120355 }, "geometry": { "type": "LineString", "coordinates": [ [ -75.332616, 6.282164 ], [ -75.185483, 6.058295 ] ] } },
{ "type": "Feature", "properties": { "source": "SAN VICENTE FERRER", "target": "FREDONIA", "distance": 0.5, "betweenness": 0.00014005602240896358, "weight": 0.10014005602240897 }, "geometry": { "type": "LineString", "coordinates": [ [ -75.332616, 6.282164 ], [ -75.675072, 5.928039 ] ] } },
{ "type": "Feature", "properties": { "source": "SAN VICENTE FERRER", "target": "COPACABANA", "distance": 0.5, "betweenness": 0.00014005602240896358, "weight": 0.10014005602240897 }, "geometry": { "type": "LineString", "coordinates": [ [ -75.332616, 6.282164 ], [ -75.509384, 6.348557 ] ] } },
{ "type": "Feature", "properties": { "source": "SAN VICENTE FERRER", "target": "SAN LUIS", "distance": 0.5, "betweenness": 0.00030610333324840181, "weight": 0.10030610333324841 }, "geometry": { "type": "LineString", "coordinates": [ [ -75.332616, 6.282164 ], [ -74.993619, 6.043017 ] ] } },
{ "type": "Feature", "properties": { "source": "SAN VICENTE FERRER", "target": "MARINILLA", "distance": 0.5, "betweenness": 0.00015044479330193614, "weight": 0.10015044479330194 }, "geometry": { "type": "LineString", "coordinates": [ [ -75.332616, 6.282164 ], [ -75.339345, 6.173995 ] ] } },
{ "type": "Feature", "properties": { "source": "SAN VICENTE FERRER", "target": "TITIRIBÍ", "distance": 0.5, "betweenness": 0.00014005602240896358, "weight": 0.10014005602240897 }, "geometry": { "type": "LineString", "coordinates": [ [ -75.332616, 6.282164 ], [ -75.791887, 6.062391 ] ] } },
{ "type": "Feature", "properties": { "source": "SAN VICENTE FERRER", "target": "ANZÁ", "distance": 0.5, "betweenness": 0.00031412565026010401, "weight": 0.10031412565026011 }, "geometry": { "type": "LineString", "coordinates": [ [ -75.332616, 6.282164 ], [ -75.854442, 6.302641 ] ] } },
{ "type": "Feature", "properties": { "source": "SAN VICENTE FERRER", "target": "CAICEDO", "distance": 0.5, "betweenness": 0.00024976657329598502, "weight": 0.10024976657329598 }, "geometry": { "type": "LineString", "coordinates": [ [ -75.332616, 6.282164 ], [ -75.98293, 6.405607 ] ] } },
{ "type": "Feature", "properties": { "source": "SAN VICENTE FERRER", "target": "SAN FRANCISCO", "distance": 0.5, "betweenness": 0.00023926237161531275, "weight": 0.10023926237161532 }, "geometry": { "type": "LineString", "coordinates": [ [ -75.332616, 6.282164 ], [ -75.101562, 5.963476 ] ] } },
{ "type": "Feature", "properties": { "source": "SAN VICENTE FERRER", "target": "GUATAPÉ", "distance": 0.5, "betweenness": 0.00015756302521008402, "weight": 0.10015756302521009 }, "geometry": { "type": "LineString", "coordinates": [ [ -75.332616, 6.282164 ], [ -75.160041, 6.232461 ] ] } },
{ "type": "Feature", "properties": { "source": "SAN VICENTE FERRER", "target": "ARMENIA", "distance": 0.5, "betweenness": 0.00022717420301453917, "weight": 0.10022717420301454 }, "geometry": { "type": "LineString", "coordinates": [ [ -75.332616, 6.282164 ], [ -75.786647, 6.155667 ] ] } },
{ "type": "Feature", "properties": { "source": "SAN VICENTE FERRER", "target": "CARACOLÍ", "distance": 0.5, "betweenness": 0.00072278266780959467, "weight": 0.1007227826678096 }, "geometry": { "type": "LineString", "coordinates": [ [ -75.332616, 6.282164 ], [ -74.757421, 6.409829 ] ] } },
{ "type": "Feature", "properties": { "source": "SAN VICENTE FERRER", "target": "CONCORDIA", "distance": 0.5, "betweenness": 0.00021486372326708458, "weight": 0.10021486372326709 }, "geometry": { "type": "LineString", "coordinates": [ [ -75.332616, 6.282164 ], [ -75.908448, 6.045738 ] ] } },
{ "type": "Feature", "properties": { "source": "SAN VICENTE FERRER", "target": "VENECIA", "distance": 0.5, "betweenness": 0.00016281512605042018, "weight": 0.10016281512605042 }, "geometry": { "type": "LineString", "coordinates": [ [ -75.332616, 6.282164 ], [ -75.735544, 5.964693 ] ] } },
{ "type": "Feature", "properties": { "source": "SAN VICENTE FERRER", "target": "SABANETA", "distance": 0.5, "betweenness": 0.00018674136321195143, "weight": 0.10018674136321196 }, "geometry": { "type": "LineString", "coordinates": [ [ -75.332616, 6.282164 ], [ -75.615479, 6.149903 ] ] } },
{ "type": "Feature", "properties": { "source": "SAN VICENTE FERRER", "target": "LA ESTRELLA", "distance": 0.5, "betweenness": 0.00018745822749777265, "weight": 0.10018745822749778 }, "geometry": { "type": "LineString", "coordinates": [ [ -75.332616, 6.282164 ], [ -75.637708, 6.145238 ] ] } },
{ "type": "Feature", "properties": { "source": "SAN VICENTE FERRER", "target": "PUERTO NARE", "distance": 0.5, "betweenness": 0.00077479636038437134, "weight": 0.10077479636038437 }, "geometry": { "type": "LineString", "coordinates": [ [ -75.332616, 6.282164 ], [ -74.583012, 6.186025 ] ] } },
{ "type": "Feature", "properties": { "source": "SAN VICENTE FERRER", "target": "ARGELIA", "distance": 0.5, "betweenness": 0.0007072645635065487, "weight": 0.10070726456350655 }, "geometry": { "type": "LineString", "coordinates": [ [ -75.332616, 6.282164 ], [ -75.14107, 5.731474 ] ] } },
{ "type": "Feature", "properties": { "source": "SAN VICENTE FERRER", "target": "VEGACHÍ", "distance": 0.5, "betweenness": 0.00082718115587919851, "weight": 0.1008271811558792 }, "geometry": { "type": "LineString", "coordinates": [ [ -75.332616, 6.282164 ], [ -74.798714, 6.773525 ] ] } },
{ "type": "Feature", "properties": { "source": "SAN VICENTE FERRER", "target": "ITAGÜÍ", "distance": 0.5, "betweenness": 0.00018540143330059297, "weight": 0.1001854014333006 }, "geometry": { "type": "LineString", "coordinates": [ [ -75.332616, 6.282164 ], [ -75.612056, 6.175079 ] ] } },
{ "type": "Feature", "properties": { "source": "SAN VICENTE FERRER", "target": "SALGAR", "distance": 0.33333333333333331, "betweenness": 0.0036196700902583262, "weight": 0.10361967009025833 }, "geometry": { "type": "LineString", "coordinates": [ [ -75.332616, 6.282164 ], [ -75.976807, 5.964198 ] ] } },
{ "type": "Feature", "properties": { "source": "SAN VICENTE FERRER", "target": "NARIÑO", "distance": 0.5, "betweenness": 0.00040644540644540637, "weight": 0.10040644540644542 }, "geometry": { "type": "LineString", "coordinates": [ [ -75.332616, 6.282164 ], [ -75.176262, 5.610777 ] ] } },
{ "type": "Feature", "properties": { "source": "SAN VICENTE FERRER", "target": "TARSO", "distance": 0.5, "betweenness": 0.00062493010672282382, "weight": 0.10062493010672283 }, "geometry": { "type": "LineString", "coordinates": [ [ -75.332616, 6.282164 ], [ -75.822956, 5.864542 ] ] } },
{ "type": "Feature", "properties": { "source": "SAN VICENTE FERRER", "target": "JERICÓ", "distance": 0.5, "betweenness": 0.00030812324929971991, "weight": 0.10030812324929972 }, "geometry": { "type": "LineString", "coordinates": [ [ -75.332616, 6.282164 ], [ -75.785499, 5.789748 ] ] } },
{ "type": "Feature", "properties": { "source": "SAN VICENTE FERRER", "target": "LA PINTADA", "distance": 0.5, "betweenness": 0.00058356676003734815, "weight": 0.10058356676003735 }, "geometry": { "type": "LineString", "coordinates": [ [ -75.332616, 6.282164 ], [ -75.60781, 5.743808 ] ] } },
{ "type": "Feature", "properties": { "source": "SAN VICENTE FERRER", "target": "PUEBLORRICO", "distance": 1.0, "betweenness": 0.0, "weight": 0.1 }, "geometry": { "type": "LineString", "coordinates": [ [ -75.332616, 6.282164 ], [ -75.839903, 5.79158 ] ] } },
{ "type": "Feature", "properties": { "source": "SAN VICENTE FERRER", "target": "TÁMESIS", "distance": 1.0, "betweenness": 0.0, "weight": 0.1 }, "geometry": { "type": "LineString", "coordinates": [ [ -75.332616, 6.282164 ], [ -75.714429, 5.664645 ] ] } },
{ "type": "Feature", "properties": { "source": "YOLOMBÓ", "target": "SAN PEDRO DE LOS MILAGROS", "distance": 0.5, "betweenness": 0.0003679731696600208, "weight": 0.10036797316966002 }, "geometry": { "type": "LineString", "coordinates": [ [ -75.013385, 6.594511 ], [ -75.556743, 6.46012 ] ] } },
{ "type": "Feature", "properties": { "source": "YOLOMBÓ", "target": "SAN RAFAEL", "distance": 0.5, "betweenness": 0.00044204909632698396, "weight": 0.10044204909632699 }, "geometry": { "type": "LineString", "coordinates": [ [ -75.013385, 6.594511 ], [ -75.02849, 6.293759 ] ] } },
{ "type": "Feature", "properties": { "source": "YOLOMBÓ", "target": "PEÑOL", "distance": 0.5, "betweenness": 0.00024294167558090772, "weight": 0.10024294167558091 }, "geometry": { "type": "LineString", "coordinates": [ [ -75.013385, 6.594511 ], [ -75.242693, 6.219349 ] ] } },
{ "type": "Feature", "properties": { "source": "YOLOMBÓ", "target": "SAN CARLOS", "distance": 0.5, "betweenness": 0.00042326380443244828, "weight": 0.10042326380443245 }, "geometry": { "type": "LineString", "coordinates": [ [ -75.013385, 6.594511 ], [ -74.988097, 6.187746 ] ] } },
{ "type": "Feature", "properties": { "source": "YOLOMBÓ", "target": "RIONEGRO", "distance": 0.5, "betweenness": 0.00043785297343338199, "weight": 0.10043785297343338 }, "geometry": { "type": "LineString", "coordinates": [ [ -75.013385, 6.594511 ], [ -75.377316, 6.147148 ] ] } },
{ "type": "Feature", "properties": { "source": "YOLOMBÓ", "target": "COPACABANA", "distance": 0.5, "betweenness": 0.00021576413789916839, "weight": 0.10021576413789918 }, "geometry": { "type": "LineString", "coordinates": [ [ -75.013385, 6.594511 ], [ -75.509384, 6.348557 ] ] } },
{ "type": "Feature", "properties": { "source": "YOLOMBÓ", "target": "GRANADA", "distance": 0.5, "betweenness": 0.00032097288806590168, "weight": 0.10032097288806591 }, "geometry": { "type": "LineString", "coordinates": [ [ -75.013385, 6.594511 ], [ -75.184446, 6.142892 ] ] } },
{ "type": "Feature", "properties": { "source": "YOLOMBÓ", "target": "SANTO DOMINGO", "distance": 0.5, "betweenness": 0.00021431911544574257, "weight": 0.10021431911544575 }, "geometry": { "type": "LineString", "coordinates": [ [ -75.013385, 6.594511 ], [ -75.164903, 6.473032 ] ] } },
{ "type": "Feature", "properties": { "source": "YOLOMBÓ", "target": "BELLO", "distance": 0.5, "betweenness": 0.00024194127542084373, "weight": 0.10024194127542085 }, "geometry": { "type": "LineString", "coordinates": [ [ -75.013385, 6.594511 ], [ -75.555245, 6.333587 ] ] } },
{ "type": "Feature", "properties": { "source": "YOLOMBÓ", "target": "REMEDIOS", "distance": 0.5, "betweenness": 0.00046673672593589233, "weight": 0.1004667367259359 }, "geometry": { "type": "LineString", "coordinates": [ [ -75.013385, 6.594511 ], [ -74.698135, 7.029424 ] ] } },
{ "type": "Feature", "properties": { "source": "YOLOMBÓ", "target": "COCORNÁ", "distance": 0.5, "betweenness": 0.00044481990469335701, "weight": 0.10044481990469337 }, "geometry": { "type": "LineString", "coordinates": [ [ -75.013385, 6.594511 ], [ -75.185483, 6.058295 ] ] } },
{ "type": "Feature", "properties": { "source": "YOLOMBÓ", "target": "SAN ROQUE", "distance": 0.5, "betweenness": 0.00020282186948853616, "weight": 0.10020282186948855 }, "geometry": { "type": "LineString", "coordinates": [ [ -75.013385, 6.594511 ], [ -75.019109, 6.485939 ] ] } },
{ "type": "Feature", "properties": { "source": "YOLOMBÓ", "target": "EL SANTUARIO", "distance": 0.5, "betweenness": 0.00033214402318661662, "weight": 0.10033214402318662 }, "geometry": { "type": "LineString", "coordinates": [ [ -75.013385, 6.594511 ], [ -75.265465, 6.136871 ] ] } },
{ "type": "Feature", "properties": { "source": "YOLOMBÓ", "target": "YALÍ", "distance": 0.5, "betweenness": 0.00020950046685340801, "weight": 0.10020950046685341 }, "geometry": { "type": "LineString", "coordinates": [ [ -75.013385, 6.594511 ], [ -74.840059, 6.676554 ] ] } },
{ "type": "Feature", "properties": { "source": "YOLOMBÓ", "target": "CONCEPCIÓN", "distance": 0.5, "betweenness": 0.00019341331722901993, "weight": 0.10019341331722903 }, "geometry": { "type": "LineString", "coordinates": [ [ -75.013385, 6.594511 ], [ -75.257587, 6.394348 ] ] } },
{ "type": "Feature", "properties": { "source": "YOLOMBÓ", "target": "CISNEROS", "distance": 0.5, "betweenness": 0.00015952854571780402, "weight": 0.10015952854571782 }, "geometry": { "type": "LineString", "coordinates": [ [ -75.013385, 6.594511 ], [ -75.087047, 6.537829 ] ] } },
{ "type": "Feature", "properties": { "source": "YOLOMBÓ", "target": "GUATAPÉ", "distance": 0.5, "betweenness": 0.00016040866237562561, "weight": 0.10016040866237563 }, "geometry": { "type": "LineString", "coordinates": [ [ -75.013385, 6.594511 ], [ -75.160041, 6.232461 ] ] } },
{ "type": "Feature", "properties": { "source": "YOLOMBÓ", "target": "VEGACHÍ", "distance": 0.5, "betweenness": 0.00024938063121757653, "weight": 0.10024938063121758 }, "geometry": { "type": "LineString", "coordinates": [ [ -75.013385, 6.594511 ], [ -74.798714, 6.773525 ] ] } },
{ "type": "Feature", "properties": { "source": "YOLOMBÓ", "target": "GUARNE", "distance": 0.5, "betweenness": 0.00035131835958784375, "weight": 0.10035131835958785 }, "geometry": { "type": "LineString", "coordinates": [ [ -75.013385, 6.594511 ], [ -75.441612, 6.27787 ] ] } },
{ "type": "Feature", "properties": { "source": "YOLOMBÓ", "target": "PUERTO BERRÍO", "distance": 0.5, "betweenness": 0.00061594176353392722, "weight": 0.10061594176353393 }, "geometry": { "type": "LineString", "coordinates": [ [ -75.013385, 6.594511 ], [ -74.410016, 6.487028 ] ] } },
{ "type": "Feature", "properties": { "source": "YOLOMBÓ", "target": "GIRARDOTA", "distance": 0.5, "betweenness": 0.00019767356833801057, "weight": 0.10019767356833802 }, "geometry": { "type": "LineString", "coordinates": [ [ -75.013385, 6.594511 ], [ -75.444238, 6.379472 ] ] } },
{ "type": "Feature", "properties": { "source": "YOLOMBÓ", "target": "ALEJANDRÍA", "distance": 0.5, "betweenness": 0.00026811841294251907, "weight": 0.10026811841294253 }, "geometry": { "type": "LineString", "coordinates": [ [ -75.013385, 6.594511 ], [ -75.141346, 6.376061 ] ] } },
{ "type": "Feature", "properties": { "source": "YOLOMBÓ", "target": "BARBOSA", "distance": 0.5, "betweenness": 0.00025775152108773792, "weight": 0.10025775152108775 }, "geometry": { "type": "LineString", "coordinates": [ [ -75.013385, 6.594511 ], [ -75.331627, 6.439195 ] ] } },
{ "type": "Feature", "properties": { "source": "YOLOMBÓ", "target": "MARINILLA", "distance": 0.5, "betweenness": 0.0002719532802227645, "weight": 0.10027195328022277 }, "geometry": { "type": "LineString", "coordinates": [ [ -75.013385, 6.594511 ], [ -75.339345, 6.173995 ] ] } },
{ "type": "Feature", "properties": { "source": "YOLOMBÓ", "target": "MACEO", "distance": 0.5, "betweenness": 0.00018285091814503575, "weight": 0.10018285091814504 }, "geometry": { "type": "LineString", "coordinates": [ [ -75.013385, 6.594511 ], [ -74.78716, 6.552116 ] ] } },
{ "type": "Feature", "properties": { "source": "YOLOMBÓ", "target": "SAN LUIS", "distance": 0.5, "betweenness": 0.00048644421093439391, "weight": 0.1004864442109344 }, "geometry": { "type": "LineString", "coordinates": [ [ -75.013385, 6.594511 ], [ -74.993619, 6.043017 ] ] } },
{ "type": "Feature", "properties": { "source": "YOLOMBÓ", "target": "EL CARMEN DE VIBORAL", "distance": 0.5, "betweenness": 0.00052484178879589965, "weight": 0.10052484178879591 }, "geometry": { "type": "LineString", "coordinates": [ [ -75.013385, 6.594511 ], [ -75.333901, 6.082885 ] ] } },
{ "type": "Feature", "properties": { "source": "YOLOMBÓ", "target": "MEDELLÍN", "distance": 0.5, "betweenness": 0.00033614562382687274, "weight": 0.10033614562382688 }, "geometry": { "type": "LineString", "coordinates": [ [ -75.013385, 6.594511 ], [ -75.581775, 6.246631 ] ] } },
{ "type": "Feature", "properties": { "source": "YOLOMBÓ", "target": "RETIRO", "distance": 0.5, "betweenness": 0.00061292300144458634, "weight": 0.10061292300144459 }, "geometry": { "type": "LineString", "coordinates": [ [ -75.013385, 6.594511 ], [ -75.501301, 6.062454 ] ] } },
{ "type": "Feature", "properties": { "source": "YOLOMBÓ", "target": "SAN JERÓNIMO", "distance": 0.5, "betweenness": 0.00017189473828747187, "weight": 0.10017189473828748 }, "geometry": { "type": "LineString", "coordinates": [ [ -75.013385, 6.594511 ], [ -75.726975, 6.44809 ] ] } },
{ "type": "Feature", "properties": { "source": "YOLOMBÓ", "target": "ENVIGADO", "distance": 0.5, "betweenness": 0.00082300703505803162, "weight": 0.10082300703505803 }, "geometry": { "type": "LineString", "coordinates": [ [ -75.013385, 6.594511 ], [ -75.582192, 6.166695 ] ] } },
{ "type": "Feature", "properties": { "source": "YOLOMBÓ", "target": "SEGOVIA", "distance": 0.5, "betweenness": 0.0019341747112310201, "weight": 0.10193417471123102 }, "geometry": { "type": "LineString", "coordinates": [ [ -75.013385, 6.594511 ], [ -74.701596, 7.079648 ] ] } },
{ "type": "Feature", "properties": { "source": "YOLOMBÓ", "target": "CARACOLÍ", "distance": 0.5, "betweenness": 0.00041302347001282911, "weight": 0.10041302347001284 }, "geometry": { "type": "LineString", "coordinates": [ [ -75.013385, 6.594511 ], [ -74.757421, 6.409829 ] ] } },
{ "type": "Feature", "properties": { "source": "YOLOMBÓ", "target": "LA UNIÓN", "distance": 0.5, "betweenness": 0.00059875066584367945, "weight": 0.10059875066584369 }, "geometry": { "type": "LineString", "coordinates": [ [ -75.013385, 6.594511 ], [ -75.360874, 5.973845 ] ] } },
{ "type": "Feature", "properties": { "source": "YOLOMBÓ", "target": "EBÉJICO", "distance": 1.0, "betweenness": 0.0, "weight": 0.1 }, "geometry": { "type": "LineString", "coordinates": [ [ -75.013385, 6.594511 ], [ -75.766413, 6.325615 ] ] } },
{ "type": "Feature", "properties": { "source": "YOLOMBÓ", "target": "PUERTO NARE", "distance": 0.5, "betweenness": 0.00087498769588504786, "weight": 0.10087498769588506 }, "geometry": { "type": "LineString", "coordinates": [ [ -75.013385, 6.594511 ], [ -74.583012, 6.186025 ] ] } },
{ "type": "Feature", "properties": { "source": "YOLOMBÓ", "target": "LA CEJA", "distance": 0.5, "betweenness": 0.00065626991580714812, "weight": 0.10065626991580716 }, "geometry": { "type": "LineString", "coordinates": [ [ -75.013385, 6.594511 ], [ -75.429433, 6.028062 ] ] } },
{ "type": "Feature", "properties": { "source": "YOLOMBÓ", "target": "SABANETA", "distance": 1.0, "betweenness": 0.0, "weight": 0.1 }, "geometry": { "type": "LineString", "coordinates": [ [ -75.013385, 6.594511 ], [ -75.615479, 6.149903 ] ] } },
{ "type": "Feature", "properties": { "source": "SAN ROQUE", "target": "RETIRO", "distance": 0.5, "betweenness": 0.00052788649495810606, "weight": 0.10052788649495811 }, "geometry": { "type": "LineString", "coordinates": [ [ -75.019109, 6.485939 ], [ -75.501301, 6.062454 ] ] } },
{ "type": "Feature", "properties": { "source": "SAN ROQUE", "target": "SANTO DOMINGO", "distance": 0.5, "betweenness": 0.00016339869281045751, "weight": 0.10016339869281046 }, "geometry": { "type": "LineString", "coordinates": [ [ -75.019109, 6.485939 ], [ -75.164903, 6.473032 ] ] } },
{ "type": "Feature", "properties": { "source": "SAN ROQUE", "target": "SAN PEDRO DE LOS MILAGROS", "distance": 0.33333333333333331, "betweenness": 0.0022088001867413632, "weight": 0.10220880018674137 }, "geometry": { "type": "LineString", "coordinates": [ [ -75.019109, 6.485939 ], [ -75.556743, 6.46012 ] ] } },
{ "type": "Feature", "properties": { "source": "SAN ROQUE", "target": "PEÑOL", "distance": 0.5, "betweenness": 0.00018991292169041532, "weight": 0.10018991292169042 }, "geometry": { "type": "LineString", "coordinates": [ [ -75.019109, 6.485939 ], [ -75.242693, 6.219349 ] ] } },
{ "type": "Feature", "properties": { "source": "SAN ROQUE", "target": "RIONEGRO", "distance": 0.5, "betweenness": 0.00038783047254914254, "weight": 0.10038783047254915 }, "geometry": { "type": "LineString", "coordinates": [ [ -75.019109, 6.485939 ], [ -75.377316, 6.147148 ] ] } },
{ "type": "Feature", "properties": { "source": "SAN ROQUE", "target": "SAN CARLOS", "distance": 0.5, "betweenness": 0.00016740391808897471, "weight": 0.10016740391808898 }, "geometry": { "type": "LineString", "coordinates": [ [ -75.019109, 6.485939 ], [ -74.988097, 6.187746 ] ] } },
{ "type": "Feature", "properties": { "source": "SAN ROQUE", "target": "ALEJANDRÍA", "distance": 0.5, "betweenness": 0.00018816222141030325, "weight": 0.1001881622214103 }, "geometry": { "type": "LineString", "coordinates": [ [ -75.019109, 6.485939 ], [ -75.141346, 6.376061 ] ] } },
{ "type": "Feature", "properties": { "source": "SAN ROQUE", "target": "SAN LUIS", "distance": 0.5, "betweenness": 0.00019291774280669148, "weight": 0.1001929177428067 }, "geometry": { "type": "LineString", "coordinates": [ [ -75.019109, 6.485939 ], [ -74.993619, 6.043017 ] ] } },
{ "type": "Feature", "properties": { "source": "SAN ROQUE", "target": "GIRARDOTA", "distance": 0.5, "betweenness": 0.00015522875816993464, "weight": 0.10015522875816994 }, "geometry": { "type": "LineString", "coordinates": [ [ -75.019109, 6.485939 ], [ -75.444238, 6.379472 ] ] } },
{ "type": "Feature", "properties": { "source": "SAN ROQUE", "target": "MARINILLA", "distance": 0.5, "betweenness": 0.00017696834992231411, "weight": 0.10017696834992232 }, "geometry": { "type": "LineString", "coordinates": [ [ -75.019109, 6.485939 ], [ -75.339345, 6.173995 ] ] } },
{ "type": "Feature", "properties": { "source": "SAN ROQUE", "target": "GUATAPÉ", "distance": 0.5, "betweenness": 0.00014614541468761419, "weight": 0.10014614541468762 }, "geometry": { "type": "LineString", "coordinates": [ [ -75.019109, 6.485939 ], [ -75.160041, 6.232461 ] ] } },
{ "type": "Feature", "properties": { "source": "SAN ROQUE", "target": "EL CARMEN DE VIBORAL", "distance": 0.5, "betweenness": 0.00029610386234749537, "weight": 0.1002961038623475 }, "geometry": { "type": "LineString", "coordinates": [ [ -75.019109, 6.485939 ], [ -75.333901, 6.082885 ] ] } },
{ "type": "Feature", "properties": { "source": "SAN ROQUE", "target": "COCORNÁ", "distance": 0.5, "betweenness": 0.00024400248834667188, "weight": 0.10024400248834668 }, "geometry": { "type": "LineString", "coordinates": [ [ -75.019109, 6.485939 ], [ -75.185483, 6.058295 ] ] } },
{ "type": "Feature", "properties": { "source": "SAN ROQUE", "target": "CONCEPCIÓN", "distance": 0.5, "betweenness": 0.000152814749088041, "weight": 0.10015281474908805 }, "geometry": { "type": "LineString", "coordinates": [ [ -75.019109, 6.485939 ], [ -75.257587, 6.394348 ] ] } },
{ "type": "Feature", "properties": { "source": "SAN ROQUE", "target": "CISNEROS", "distance": 0.5, "betweenness": 0.00015952854571780402, "weight": 0.10015952854571782 }, "geometry": { "type": "LineString", "coordinates": [ [ -75.019109, 6.485939 ], [ -75.087047, 6.537829 ] ] } },
{ "type": "Feature", "properties": { "source": "SAN ROQUE", "target": "VEGACHÍ", "distance": 0.5, "betweenness": 0.00025632357933699524, "weight": 0.100256323579337 }, "geometry": { "type": "LineString", "coordinates": [ [ -75.019109, 6.485939 ], [ -74.798714, 6.773525 ] ] } },
{ "type": "Feature", "properties": { "source": "SAN ROQUE", "target": "YALÍ", "distance": 0.5, "betweenness": 0.00015561780267662621, "weight": 0.10015561780267664 }, "geometry": { "type": "LineString", "coordinates": [ [ -75.019109, 6.485939 ], [ -74.840059, 6.676554 ] ] } },
{ "type": "Feature", "properties": { "source": "SAN ROQUE", "target": "GUARNE", "distance": 0.5, "betweenness": 0.00027550271316255972, "weight": 0.10027550271316256 }, "geometry": { "type": "LineString", "coordinates": [ [ -75.019109, 6.485939 ], [ -75.441612, 6.27787 ] ] } },
{ "type": "Feature", "properties": { "source": "SAN ROQUE", "target": "SAN FRANCISCO", "distance": 0.5, "betweenness": 0.00015887778036115629, "weight": 0.10015887778036116 }, "geometry": { "type": "LineString", "coordinates": [ [ -75.019109, 6.485939 ], [ -75.101562, 5.963476 ] ] } },
{ "type": "Feature", "properties": { "source": "SAN ROQUE", "target": "GRANADA", "distance": 0.5, "betweenness": 0.00020166762357116759, "weight": 0.10020166762357118 }, "geometry": { "type": "LineString", "coordinates": [ [ -75.019109, 6.485939 ], [ -75.184446, 6.142892 ] ] } },
{ "type": "Feature", "properties": { "source": "SAN ROQUE", "target": "EL SANTUARIO", "distance": 0.5, "betweenness": 0.00017763528336235679, "weight": 0.10017763528336236 }, "geometry": { "type": "LineString", "coordinates": [ [ -75.019109, 6.485939 ], [ -75.265465, 6.136871 ] ] } },
{ "type": "Feature", "properties": { "source": "SAN ROQUE", "target": "LA CEJA", "distance": 0.5, "betweenness": 0.00041162978007055958, "weight": 0.10041162978007057 }, "geometry": { "type": "LineString", "coordinates": [ [ -75.019109, 6.485939 ], [ -75.429433, 6.028062 ] ] } },
{ "type": "Feature", "properties": { "source": "SAN ROQUE", "target": "BARBOSA", "distance": 0.5, "betweenness": 0.00018330861756467288, "weight": 0.10018330861756468 }, "geometry": { "type": "LineString", "coordinates": [ [ -75.019109, 6.485939 ], [ -75.331627, 6.439195 ] ] } },
{ "type": "Feature", "properties": { "source": "SAN ROQUE", "target": "MEDELLÍN", "distance": 0.5, "betweenness": 0.00024193878253980555, "weight": 0.10024193878253981 }, "geometry": { "type": "LineString", "coordinates": [ [ -75.019109, 6.485939 ], [ -75.581775, 6.246631 ] ] } },
{ "type": "Feature", "properties": { "source": "SAN ROQUE", "target": "SONSÓN", "distance": 0.5, "betweenness": 0.00045877078096679487, "weight": 0.10045877078096679 }, "geometry": { "type": "LineString", "coordinates": [ [ -75.019109, 6.485939 ], [ -75.309596, 5.714851 ] ] } },
{ "type": "Feature", "properties": { "source": "SAN ROQUE", "target": "MACEO", "distance": 0.5, "betweenness": 0.00018285091814503575, "weight": 0.10018285091814504 }, "geometry": { "type": "LineString", "coordinates": [ [ -75.019109, 6.485939 ], [ -74.78716, 6.552116 ] ] } },
{ "type": "Feature", "properties": { "source": "SAN ROQUE", "target": "SAN RAFAEL", "distance": 0.5, "betweenness": 0.00033171964437949091, "weight": 0.10033171964437949 }, "geometry": { "type": "LineString", "coordinates": [ [ -75.019109, 6.485939 ], [ -75.02849, 6.293759 ] ] } },
{ "type": "Feature", "properties": { "source": "SAN ROQUE", "target": "LA UNIÓN", "distance": 0.5, "betweenness": 0.0002874569898227188, "weight": 0.10028745698982272 }, "geometry": { "type": "LineString", "coordinates": [ [ -75.019109, 6.485939 ], [ -75.360874, 5.973845 ] ] } },
{ "type": "Feature", "properties": { "source": "SAN ROQUE", "target": "CARACOLÍ", "distance": 0.5, "betweenness": 0.00047344258715463538, "weight": 0.10047344258715464 }, "geometry": { "type": "LineString", "coordinates": [ [ -75.019109, 6.485939 ], [ -74.757421, 6.409829 ] ] } },
{ "type": "Feature", "properties": { "source": "SAN ROQUE", "target": "BELLO", "distance": 0.5, "betweenness": 0.00016437130407718643, "weight": 0.1001643713040772 }, "geometry": { "type": "LineString", "coordinates": [ [ -75.019109, 6.485939 ], [ -75.555245, 6.333587 ] ] } },
{ "type": "Feature", "properties": { "source": "SAN ROQUE", "target": "PUERTO BERRÍO", "distance": 0.5, "betweenness": 0.00059448277808841858, "weight": 0.10059448277808843 }, "geometry": { "type": "LineString", "coordinates": [ [ -75.019109, 6.485939 ], [ -74.410016, 6.487028 ] ] } },
{ "type": "Feature", "properties": { "source": "SAN ROQUE", "target": "ENVIGADO", "distance": 0.5, "betweenness": 0.00053372216255847963, "weight": 0.10053372216255849 }, "geometry": { "type": "LineString", "coordinates": [ [ -75.019109, 6.485939 ], [ -75.582192, 6.166695 ] ] } },
{ "type": "Feature", "properties": { "source": "SAN ROQUE", "target": "REMEDIOS", "distance": 0.5, "betweenness": 0.00059261536021788797, "weight": 0.10059261536021789 }, "geometry": { "type": "LineString", "coordinates": [ [ -75.019109, 6.485939 ], [ -74.698135, 7.029424 ] ] } },
{ "type": "Feature", "properties": { "source": "SAN ROQUE", "target": "SAN JERÓNIMO", "distance": 0.5, "betweenness": 0.00014005602240896358, "weight": 0.10014005602240897 }, "geometry": { "type": "LineString", "coordinates": [ [ -75.019109, 6.485939 ], [ -75.726975, 6.44809 ] ] } },
{ "type": "Feature", "properties": { "source": "SAN ROQUE", "target": "COPACABANA", "distance": 0.5, "betweenness": 0.00015881352541016405, "weight": 0.10015881352541017 }, "geometry": { "type": "LineString", "coordinates": [ [ -75.019109, 6.485939 ], [ -75.509384, 6.348557 ] ] } },
{ "type": "Feature", "properties": { "source": "SAN ROQUE", "target": "SABANETA", "distance": 1.0, "betweenness": 0.0, "weight": 0.1 }, "geometry": { "type": "LineString", "coordinates": [ [ -75.019109, 6.485939 ], [ -75.615479, 6.149903 ] ] } },
{ "type": "Feature", "properties": { "source": "SAN ROQUE", "target": "PUERTO NARE", "distance": 0.5, "betweenness": 0.00032650340683931692, "weight": 0.10032650340683932 }, "geometry": { "type": "LineString", "coordinates": [ [ -75.019109, 6.485939 ], [ -74.583012, 6.186025 ] ] } },
{ "type": "Feature", "properties": { "source": "SAN ROQUE", "target": "PUERTO TRIUNFO", "distance": 1.0, "betweenness": 1.7507002801120447e-05, "weight": 0.10001750700280113 }, "geometry": { "type": "LineString", "coordinates": [ [ -75.019109, 6.485939 ], [ -74.64119, 5.871318 ] ] } },
{ "type": "Feature", "properties": { "source": "SAN ROQUE", "target": "ITAGÜÍ", "distance": 1.0, "betweenness": 0.0, "weight": 0.1 }, "geometry": { "type": "LineString", "coordinates": [ [ -75.019109, 6.485939 ], [ -75.612056, 6.175079 ] ] } },
{ "type": "Feature", "properties": { "source": "SAN ROQUE", "target": "CALDAS", "distance": 1.0, "betweenness": 0.0, "weight": 0.1 }, "geometry": { "type": "LineString", "coordinates": [ [ -75.019109, 6.485939 ], [ -75.633673, 6.091077 ] ] } },
{ "type": "Feature", "properties": { "source": "MEDELLÍN", "target": "EL CARMEN DE VIBORAL", "distance": 0.5, "betweenness": 0.00017621123476711415, "weight": 0.10017621123476712 }, "geometry": { "type": "LineString", "coordinates": [ [ -75.581775, 6.246631 ], [ -75.333901, 6.082885 ] ] } },
{ "type": "Feature", "properties": { "source": "MEDELLÍN", "target": "ANDES", "distance": 0.5, "betweenness": 0.00043004562766133718, "weight": 0.10043004562766135 }, "geometry": { "type": "LineString", "coordinates": [ [ -75.581775, 6.246631 ], [ -75.878828, 5.657194 ] ] } },
{ "type": "Feature", "properties": { "source": "MEDELLÍN", "target": "GRANADA", "distance": 0.5, "betweenness": 0.00015561780267662621, "weight": 0.10015561780267664 }, "geometry": { "type": "LineString", "coordinates": [ [ -75.581775, 6.246631 ], [ -75.184446, 6.142892 ] ] } },
{ "type": "Feature", "properties": { "source": "MEDELLÍN", "target": "VENECIA", "distance": 0.5, "betweenness": 0.00014005602240896358, "weight": 0.10014005602240897 }, "geometry": { "type": "LineString", "coordinates": [ [ -75.581775, 6.246631 ], [ -75.735544, 5.964693 ] ] } },
{ "type": "Feature", "properties": { "source": "MEDELLÍN", "target": "JERICÓ", "distance": 0.5, "betweenness": 0.00014005602240896358, "weight": 0.10014005602240897 }, "geometry": { "type": "LineString", "coordinates": [ [ -75.581775, 6.246631 ], [ -75.785499, 5.789748 ] ] } },
{ "type": "Feature", "properties": { "source": "MEDELLÍN", "target": "PEÑOL", "distance": 0.5, "betweenness": 0.00015561780267662621, "weight": 0.10015561780267664 }, "geometry": { "type": "LineString", "coordinates": [ [ -75.581775, 6.246631 ], [ -75.242693, 6.219349 ] ] } },
{ "type": "Feature", "properties": { "source": "MEDELLÍN", "target": "RIONEGRO", "distance": 0.5, "betweenness": 0.00014005602240896358, "weight": 0.10014005602240897 }, "geometry": { "type": "LineString", "coordinates": [ [ -75.581775, 6.246631 ], [ -75.377316, 6.147148 ] ] } },
{ "type": "Feature", "properties": { "source": "MEDELLÍN", "target": "TÁMESIS", "distance": 0.5, "betweenness": 0.00025412942954959763, "weight": 0.1002541294295496 }, "geometry": { "type": "LineString", "coordinates": [ [ -75.581775, 6.246631 ], [ -75.714429, 5.664645 ] ] } },
{ "type": "Feature", "properties": { "source": "MEDELLÍN", "target": "SAN JERÓNIMO", "distance": 0.5, "betweenness": 0.00021008403361344536, "weight": 0.10021008403361345 }, "geometry": { "type": "LineString", "coordinates": [ [ -75.581775, 6.246631 ], [ -75.726975, 6.44809 ] ] } },
{ "type": "Feature", "properties": { "source": "MEDELLÍN", "target": "FREDONIA", "distance": 0.5, "betweenness": 0.00014005602240896358, "weight": 0.10014005602240897 }, "geometry": { "type": "LineString", "coordinates": [ [ -75.581775, 6.246631 ], [ -75.675072, 5.928039 ] ] } },
{ "type": "Feature", "properties": { "source": "MEDELLÍN", "target": "EBÉJICO", "distance": 0.5, "betweenness": 0.00016073320009007185, "weight": 0.10016073320009007 }, "geometry": { "type": "LineString", "coordinates": [ [ -75.581775, 6.246631 ], [ -75.766413, 6.325615 ] ] } },
{ "type": "Feature", "properties": { "source": "MEDELLÍN", "target": "ABEJORRAL", "distance": 0.5, "betweenness": 0.00014005602240896358, "weight": 0.10014005602240897 }, "geometry": { "type": "LineString", "coordinates": [ [ -75.581775, 6.246631 ], [ -75.428739, 5.789315 ] ] } },
{ "type": "Feature", "properties": { "source": "MEDELLÍN", "target": "ANGELÓPOLIS", "distance": 0.5, "betweenness": 0.00014005602240896358, "weight": 0.10014005602240897 }, "geometry": { "type": "LineString", "coordinates": [ [ -75.581775, 6.246631 ], [ -75.711389, 6.109719 ] ] } },
{ "type": "Feature", "properties": { "source": "MEDELLÍN", "target": "BARBOSA", "distance": 0.5, "betweenness": 0.00014005602240896358, "weight": 0.10014005602240897 }, "geometry": { "type": "LineString", "coordinates": [ [ -75.581775, 6.246631 ], [ -75.331627, 6.439195 ] ] } },
{ "type": "Feature", "properties": { "source": "MEDELLÍN", "target": "MARINILLA", "distance": 0.5, "betweenness": 0.0001950896908880102, "weight": 0.10019508969088801 }, "geometry": { "type": "LineString", "coordinates": [ [ -75.581775, 6.246631 ], [ -75.339345, 6.173995 ] ] } },
{ "type": "Feature", "properties": { "source": "MEDELLÍN", "target": "LA UNIÓN", "distance": 0.5, "betweenness": 0.00015561780267662621, "weight": 0.10015561780267664 }, "geometry": { "type": "LineString", "coordinates": [ [ -75.581775, 6.246631 ], [ -75.360874, 5.973845 ] ] } },
{ "type": "Feature", "properties": { "source": "MEDELLÍN", "target": "CONCEPCIÓN", "distance": 0.5, "betweenness": 0.00015764464293876055, "weight": 0.10015764464293876 }, "geometry": { "type": "LineString", "coordinates": [ [ -75.581775, 6.246631 ], [ -75.257587, 6.394348 ] ] } },
{ "type": "Feature", "properties": { "source": "MEDELLÍN", "target": "SANTO DOMINGO", "distance": 0.5, "betweenness": 0.00015172735760971053, "weight": 0.10015172735760972 }, "geometry": { "type": "LineString", "coordinates": [ [ -75.581775, 6.246631 ], [ -75.164903, 6.473032 ] ] } },
{ "type": "Feature", "properties": { "source": "MEDELLÍN", "target": "GUARNE", "distance": 0.5, "betweenness": 0.00021008403361344536, "weight": 0.10021008403361345 }, "geometry": { "type": "LineString", "coordinates": [ [ -75.581775, 6.246631 ], [ -75.441612, 6.27787 ] ] } },
{ "type": "Feature", "properties": { "source": "MEDELLÍN", "target": "GIRARDOTA", "distance": 0.5, "betweenness": 0.00019880765316870788, "weight": 0.10019880765316871 }, "geometry": { "type": "LineString", "coordinates": [ [ -75.581775, 6.246631 ], [ -75.444238, 6.379472 ] ] } },
{ "type": "Feature", "properties": { "source": "MEDELLÍN", "target": "SAN PEDRO DE LOS MILAGROS", "distance": 0.5, "betweenness": 0.0005602240896358543, "weight": 0.10056022408963586 }, "geometry": { "type": "LineString", "coordinates": [ [ -75.581775, 6.246631 ], [ -75.556743, 6.46012 ] ] } },
{ "type": "Feature", "properties": { "source": "MEDELLÍN", "target": "SANTA BÁRBARA", "distance": 0.5, "betweenness": 0.00014005602240896358, "weight": 0.10014005602240897 }, "geometry": { "type": "LineString", "coordinates": [ [ -75.581775, 6.246631 ], [ -75.567351, 5.875527 ] ] } },
{ "type": "Feature", "properties": { "source": "MEDELLÍN", "target": "BETANIA", "distance": 0.5, "betweenness": 0.00019216019741229824, "weight": 0.1001921601974123 }, "geometry": { "type": "LineString", "coordinates": [ [ -75.581775, 6.246631 ], [ -75.97679, 5.74615 ] ] } },
{ "type": "Feature", "properties": { "source": "MEDELLÍN", "target": "PUEBLORRICO", "distance": 0.5, "betweenness": 0.0001756258058779067, "weight": 0.10017562580587791 }, "geometry": { "type": "LineString", "coordinates": [ [ -75.581775, 6.246631 ], [ -75.839903, 5.79158 ] ] } },
{ "type": "Feature", "properties": { "source": "MEDELLÍN", "target": "BETULIA", "distance": 0.5, "betweenness": 0.00014005602240896358, "weight": 0.10014005602240897 }, "geometry": { "type": "LineString", "coordinates": [ [ -75.581775, 6.246631 ], [ -75.984452, 6.115208 ] ] } },
{ "type": "Feature", "properties": { "source": "MEDELLÍN", "target": "EL SANTUARIO", "distance": 0.5, "betweenness": 0.00014005602240896358, "weight": 0.10014005602240897 }, "geometry": { "type": "LineString", "coordinates": [ [ -75.581775, 6.246631 ], [ -75.265465, 6.136871 ] ] } },
{ "type": "Feature", "properties": { "source": "MEDELLÍN", "target": "CONCORDIA", "distance": 0.5, "betweenness": 0.00014783691254279489, "weight": 0.1001478369125428 }, "geometry": { "type": "LineString", "coordinates": [ [ -75.581775, 6.246631 ], [ -75.908448, 6.045738 ] ] } },
{ "type": "Feature", "properties": { "source": "MEDELLÍN", "target": "LA ESTRELLA", "distance": 0.5, "betweenness": 0.00014417531718569779, "weight": 0.10014417531718571 }, "geometry": { "type": "LineString", "coordinates": [ [ -75.581775, 6.246631 ], [ -75.637708, 6.145238 ] ] } },
{ "type": "Feature", "properties": { "source": "MEDELLÍN", "target": "SALGAR", "distance": 0.5, "betweenness": 0.00015756302521008402, "weight": 0.10015756302521009 }, "geometry": { "type": "LineString", "coordinates": [ [ -75.581775, 6.246631 ], [ -75.976807, 5.964198 ] ] } },
{ "type": "Feature", "properties": { "source": "MEDELLÍN", "target": "CALDAS", "distance": 0.5, "betweenness": 0.00014005602240896358, "weight": 0.10014005602240897 }, "geometry": { "type": "LineString", "coordinates": [ [ -75.581775, 6.246631 ], [ -75.633673, 6.091077 ] ] } },
{ "type": "Feature", "properties": { "source": "MEDELLÍN", "target": "RETIRO", "distance": 0.5, "betweenness": 0.00014005602240896358, "weight": 0.10014005602240897 }, "geometry": { "type": "LineString", "coordinates": [ [ -75.581775, 6.246631 ], [ -75.501301, 6.062454 ] ] } },
{ "type": "Feature", "properties": { "source": "MEDELLÍN", "target": "CIUDAD BOLÍVAR", "distance": 0.5, "betweenness": 0.00018907563025210084, "weight": 0.1001890756302521 }, "geometry": { "type": "LineString", "coordinates": [ [ -75.581775, 6.246631 ], [ -76.021509, 5.850273 ] ] } },
{ "type": "Feature", "properties": { "source": "MEDELLÍN", "target": "BELLO", "distance": 0.5, "betweenness": 0.00014857555925596041, "weight": 0.10014857555925596 }, "geometry": { "type": "LineString", "coordinates": [ [ -75.581775, 6.246631 ], [ -75.555245, 6.333587 ] ] } },
{ "type": "Feature", "properties": { "source": "MEDELLÍN", "target": "LA CEJA", "distance": 0.5, "betweenness": 0.00014005602240896358, "weight": 0.10014005602240897 }, "geometry": { "type": "LineString", "coordinates": [ [ -75.581775, 6.246631 ], [ -75.429433, 6.028062 ] ] } },
{ "type": "Feature", "properties": { "source": "MEDELLÍN", "target": "AMAGÁ", "distance": 0.5, "betweenness": 0.00014005602240896358, "weight": 0.10014005602240897 }, "geometry": { "type": "LineString", "coordinates": [ [ -75.581775, 6.246631 ], [ -75.702188, 6.038708 ] ] } },
{ "type": "Feature", "properties": { "source": "MEDELLÍN", "target": "CAICEDO", "distance": 0.5, "betweenness": 0.00016339869281045751, "weight": 0.10016339869281046 }, "geometry": { "type": "LineString", "coordinates": [ [ -75.581775, 6.246631 ], [ -75.98293, 6.405607 ] ] } },
{ "type": "Feature", "properties": { "source": "MEDELLÍN", "target": "SONSÓN", "distance": 0.5, "betweenness": 0.00021565964130921145, "weight": 0.10021565964130921 }, "geometry": { "type": "LineString", "coordinates": [ [ -75.581775, 6.246631 ], [ -75.309596, 5.714851 ] ] } },
{ "type": "Feature", "properties": { "source": "MEDELLÍN", "target": "COPACABANA", "distance": 0.5, "betweenness": 0.00014962003319846459, "weight": 0.10014962003319847 }, "geometry": { "type": "LineString", "coordinates": [ [ -75.581775, 6.246631 ], [ -75.509384, 6.348557 ] ] } },
{ "type": "Feature", "properties": { "source": "MEDELLÍN", "target": "COCORNÁ", "distance": 0.5, "betweenness": 0.00016665251959369605, "weight": 0.1001666525195937 }, "geometry": { "type": "LineString", "coordinates": [ [ -75.581775, 6.246631 ], [ -75.185483, 6.058295 ] ] } },
{ "type": "Feature", "properties": { "source": "MEDELLÍN", "target": "TITIRIBÍ", "distance": 0.5, "betweenness": 0.00014005602240896358, "weight": 0.10014005602240897 }, "geometry": { "type": "LineString", "coordinates": [ [ -75.581775, 6.246631 ], [ -75.791887, 6.062391 ] ] } },
{ "type": "Feature", "properties": { "source": "MEDELLÍN", "target": "TARSO", "distance": 0.5, "betweenness": 0.00023744177805802455, "weight": 0.10023744177805803 }, "geometry": { "type": "LineString", "coordinates": [ [ -75.581775, 6.246631 ], [ -75.822956, 5.864542 ] ] } },
{ "type": "Feature", "properties": { "source": "MEDELLÍN", "target": "HELICONIA", "distance": 0.5, "betweenness": 0.00014005602240896358, "weight": 0.10014005602240897 }, "geometry": { "type": "LineString", "coordinates": [ [ -75.581775, 6.246631 ], [ -75.734322, 6.206757 ] ] } },
{ "type": "Feature", "properties": { "source": "MEDELLÍN", "target": "GUATAPÉ", "distance": 0.33333333333333331, "betweenness": 0.0015281463462578011, "weight": 0.1015281463462578 }, "geometry": { "type": "LineString", "coordinates": [ [ -75.581775, 6.246631 ], [ -75.160041, 6.232461 ] ] } },
{ "type": "Feature", "properties": { "source": "MEDELLÍN", "target": "ANZÁ", "distance": 0.5, "betweenness": 0.00014005602240896358, "weight": 0.10014005602240897 }, "geometry": { "type": "LineString", "coordinates": [ [ -75.581775, 6.246631 ], [ -75.854442, 6.302641 ] ] } },
{ "type": "Feature", "properties": { "source": "MEDELLÍN", "target": "ALEJANDRÍA", "distance": 0.5, "betweenness": 0.00015561780267662621, "weight": 0.10015561780267664 }, "geometry": { "type": "LineString", "coordinates": [ [ -75.581775, 6.246631 ], [ -75.141346, 6.376061 ] ] } },
{ "type": "Feature", "properties": { "source": "MEDELLÍN", "target": "SAN RAFAEL", "distance": 0.5, "betweenness": 0.00015839669201013736, "weight": 0.10015839669201014 }, "geometry": { "type": "LineString", "coordinates": [ [ -75.581775, 6.246631 ], [ -75.02849, 6.293759 ] ] } },
{ "type": "Feature", "properties": { "source": "MEDELLÍN", "target": "ENVIGADO", "distance": 0.33333333333333331, "betweenness": 0.00014005602240896358, "weight": 0.10014005602240897 }, "geometry": { "type": "LineString", "coordinates": [ [ -75.581775, 6.246631 ], [ -75.582192, 6.166695 ] ] } },
{ "type": "Feature", "properties": { "source": "MEDELLÍN", "target": "VALPARAÍSO", "distance": 0.5, "betweenness": 0.00047044890796334616, "weight": 0.10047044890796335 }, "geometry": { "type": "LineString", "coordinates": [ [ -75.581775, 6.246631 ], [ -75.624452, 5.614555 ] ] } },
{ "type": "Feature", "properties": { "source": "MEDELLÍN", "target": "JARDÍN", "distance": 0.5, "betweenness": 0.00041683340002667734, "weight": 0.10041683340002669 }, "geometry": { "type": "LineString", "coordinates": [ [ -75.581775, 6.246631 ], [ -75.818982, 5.597542 ] ] } },
{ "type": "Feature", "properties": { "source": "MEDELLÍN", "target": "MONTEBELLO", "distance": 0.5, "betweenness": 0.00015934069706313898, "weight": 0.10015934069706314 }, "geometry": { "type": "LineString", "coordinates": [ [ -75.581775, 6.246631 ], [ -75.523455, 5.946313 ] ] } },
{ "type": "Feature", "properties": { "source": "MEDELLÍN", "target": "ARMENIA", "distance": 0.5, "betweenness": 0.00014005602240896358, "weight": 0.10014005602240897 }, "geometry": { "type": "LineString", "coordinates": [ [ -75.581775, 6.246631 ], [ -75.786647, 6.155667 ] ] } },
{ "type": "Feature", "properties": { "source": "MEDELLÍN", "target": "SAN CARLOS", "distance": 0.5, "betweenness": 0.00014705882352941172, "weight": 0.10014705882352942 }, "geometry": { "type": "LineString", "coordinates": [ [ -75.581775, 6.246631 ], [ -74.988097, 6.187746 ] ] } },
{ "type": "Feature", "properties": { "source": "MEDELLÍN", "target": "SAN LUIS", "distance": 0.5, "betweenness": 0.00025412365686710713, "weight": 0.10025412365686712 }, "geometry": { "type": "LineString", "coordinates": [ [ -75.581775, 6.246631 ], [ -74.993619, 6.043017 ] ] } },
{ "type": "Feature", "properties": { "source": "MEDELLÍN", "target": "SAN FRANCISCO", "distance": 0.5, "betweenness": 0.00018674136321195143, "weight": 0.10018674136321196 }, "geometry": { "type": "LineString", "coordinates": [ [ -75.581775, 6.246631 ], [ -75.101562, 5.963476 ] ] } },
{ "type": "Feature", "properties": { "source": "MEDELLÍN", "target": "SABANETA", "distance": 0.5, "betweenness": 0.00014005602240896358, "weight": 0.10014005602240897 }, "geometry": { "type": "LineString", "coordinates": [ [ -75.581775, 6.246631 ], [ -75.615479, 6.149903 ] ] } },
{ "type": "Feature", "properties": { "source": "MEDELLÍN", "target": "ITAGÜÍ", "distance": 0.5, "betweenness": 0.00017040149393090568, "weight": 0.10017040149393092 }, "geometry": { "type": "LineString", "coordinates": [ [ -75.581775, 6.246631 ], [ -75.612056, 6.175079 ] ] } },
{ "type": "Feature", "properties": { "source": "MEDELLÍN", "target": "LA PINTADA", "distance": 0.5, "betweenness": 0.00014005602240896358, "weight": 0.10014005602240897 }, "geometry": { "type": "LineString", "coordinates": [ [ -75.581775, 6.246631 ], [ -75.60781, 5.743808 ] ] } },
{ "type": "Feature", "properties": { "source": "MEDELLÍN", "target": "HISPANIA", "distance": 0.5, "betweenness": 0.00044441760973934735, "weight": 0.10044441760973935 }, "geometry": { "type": "LineString", "coordinates": [ [ -75.581775, 6.246631 ], [ -75.906587, 5.799461 ] ] } },
{ "type": "Feature", "properties": { "source": "MEDELLÍN", "target": "ARGELIA", "distance": 0.5, "betweenness": 0.00042403978240212033, "weight": 0.10042403978240212 }, "geometry": { "type": "LineString", "coordinates": [ [ -75.581775, 6.246631 ], [ -75.14107, 5.731474 ] ] } },
{ "type": "Feature", "properties": { "source": "MEDELLÍN", "target": "NARIÑO", "distance": 0.5, "betweenness": 0.00026172084995614405, "weight": 0.10026172084995615 }, "geometry": { "type": "LineString", "coordinates": [ [ -75.581775, 6.246631 ], [ -75.176262, 5.610777 ] ] } },
{ "type": "Feature", "properties": { "source": "MEDELLÍN", "target": "CISNEROS", "distance": 0.5, "betweenness": 0.00029778578097905829, "weight": 0.10029778578097906 }, "geometry": { "type": "LineString", "coordinates": [ [ -75.581775, 6.246631 ], [ -75.087047, 6.537829 ] ] } },
{ "type": "Feature", "properties": { "source": "MEDELLÍN", "target": "CARAMANTA", "distance": 0.5, "betweenness": 0.000506058610735264, "weight": 0.10050605861073526 }, "geometry": { "type": "LineString", "coordinates": [ [ -75.581775, 6.246631 ], [ -75.643868, 5.54853 ] ] } },
{ "type": "Feature", "properties": { "source": "GIRARDOTA", "target": "HELICONIA", "distance": 0.5, "betweenness": 0.00015954952567528627, "weight": 0.1001595495256753 }, "geometry": { "type": "LineString", "coordinates": [ [ -75.444238, 6.379472 ], [ -75.734322, 6.206757 ] ] } },
{ "type": "Feature", "properties": { "source": "GIRARDOTA", "target": "CISNEROS", "distance": 0.5, "betweenness": 0.00014005602240896358, "weight": 0.10014005602240897 }, "geometry": { "type": "LineString", "coordinates": [ [ -75.444238, 6.379472 ], [ -75.087047, 6.537829 ] ] } },
{ "type": "Feature", "properties": { "source": "GIRARDOTA", "target": "SAN PEDRO DE LOS MILAGROS", "distance": 0.5, "betweenness": 0.000213974478680361, "weight": 0.10021397447868037 }, "geometry": { "type": "LineString", "coordinates": [ [ -75.444238, 6.379472 ], [ -75.556743, 6.46012 ] ] } },
{ "type": "Feature", "properties": { "source": "GIRARDOTA", "target": "SAN JERÓNIMO", "distance": 0.5, "betweenness": 0.00017896047307812012, "weight": 0.10017896047307813 }, "geometry": { "type": "LineString", "coordinates": [ [ -75.444238, 6.379472 ], [ -75.726975, 6.44809 ] ] } },
{ "type": "Feature", "properties": { "source": "GIRARDOTA", "target": "RETIRO", "distance": 0.5, "betweenness": 0.0001871363179679609, "weight": 0.10018713631796797 }, "geometry": { "type": "LineString", "coordinates": [ [ -75.444238, 6.379472 ], [ -75.501301, 6.062454 ] ] } },
{ "type": "Feature", "properties": { "source": "GIRARDOTA", "target": "BELLO", "distance": 0.5, "betweenness": 0.00017734444205032439, "weight": 0.10017734444205033 }, "geometry": { "type": "LineString", "coordinates": [ [ -75.444238, 6.379472 ], [ -75.555245, 6.333587 ] ] } },
{ "type": "Feature", "properties": { "source": "GIRARDOTA", "target": "LA CEJA", "distance": 0.5, "betweenness": 0.00037387768117991239, "weight": 0.10037387768117992 }, "geometry": { "type": "LineString", "coordinates": [ [ -75.444238, 6.379472 ], [ -75.429433, 6.028062 ] ] } },
{ "type": "Feature", "properties": { "source": "GIRARDOTA", "target": "RIONEGRO", "distance": 0.5, "betweenness": 0.00016379364756646697, "weight": 0.10016379364756647 }, "geometry": { "type": "LineString", "coordinates": [ [ -75.444238, 6.379472 ], [ -75.377316, 6.147148 ] ] } },
{ "type": "Feature", "properties": { "source": "GIRARDOTA", "target": "CONCORDIA", "distance": 0.5, "betweenness": 0.00029026847992365235, "weight": 0.10029026847992366 }, "geometry": { "type": "LineString", "coordinates": [ [ -75.444238, 6.379472 ], [ -75.908448, 6.045738 ] ] } },
{ "type": "Feature", "properties": { "source": "GIRARDOTA", "target": "LA UNIÓN", "distance": 0.5, "betweenness": 0.00023048699157073537, "weight": 0.10023048699157074 }, "geometry": { "type": "LineString", "coordinates": [ [ -75.444238, 6.379472 ], [ -75.360874, 5.973845 ] ] } },
{ "type": "Feature", "properties": { "source": "GIRARDOTA", "target": "CAICEDO", "distance": 0.5, "betweenness": 0.00017951625094482236, "weight": 0.10017951625094483 }, "geometry": { "type": "LineString", "coordinates": [ [ -75.444238, 6.379472 ], [ -75.98293, 6.405607 ] ] } },
{ "type": "Feature", "properties": { "source": "GIRARDOTA", "target": "ABEJORRAL", "distance": 0.5, "betweenness": 0.00029451260181483297, "weight": 0.10029451260181484 }, "geometry": { "type": "LineString", "coordinates": [ [ -75.444238, 6.379472 ], [ -75.428739, 5.789315 ] ] } },
{ "type": "Feature", "properties": { "source": "GIRARDOTA", "target": "AMAGÁ", "distance": 0.5, "betweenness": 0.0002050922182768024, "weight": 0.10020509221827681 }, "geometry": { "type": "LineString", "coordinates": [ [ -75.444238, 6.379472 ], [ -75.702188, 6.038708 ] ] } },
{ "type": "Feature", "properties": { "source": "GIRARDOTA", "target": "SAN CARLOS", "distance": 0.5, "betweenness": 0.00016880994822171292, "weight": 0.10016880994822172 }, "geometry": { "type": "LineString", "coordinates": [ [ -75.444238, 6.379472 ], [ -74.988097, 6.187746 ] ] } },
{ "type": "Feature", "properties": { "source": "GIRARDOTA", "target": "EL SANTUARIO", "distance": 0.5, "betweenness": 0.00015941302706008585, "weight": 0.10015941302706009 }, "geometry": { "type": "LineString", "coordinates": [ [ -75.444238, 6.379472 ], [ -75.265465, 6.136871 ] ] } },
{ "type": "Feature", "properties": { "source": "GIRARDOTA", "target": "GUARNE", "distance": 0.5, "betweenness": 0.00017636277778265605, "weight": 0.10017636277778266 }, "geometry": { "type": "LineString", "coordinates": [ [ -75.444238, 6.379472 ], [ -75.441612, 6.27787 ] ] } },
{ "type": "Feature", "properties": { "source": "GIRARDOTA", "target": "SAN RAFAEL", "distance": 0.5, "betweenness": 0.00024395111579985528, "weight": 0.10024395111579987 }, "geometry": { "type": "LineString", "coordinates": [ [ -75.444238, 6.379472 ], [ -75.02849, 6.293759 ] ] } },
{ "type": "Feature", "properties": { "source": "GIRARDOTA", "target": "GRANADA", "distance": 0.5, "betweenness": 0.00017948088326239585, "weight": 0.1001794808832624 }, "geometry": { "type": "LineString", "coordinates": [ [ -75.444238, 6.379472 ], [ -75.184446, 6.142892 ] ] } },
{ "type": "Feature", "properties": { "source": "GIRARDOTA", "target": "SAN FRANCISCO", "distance": 0.5, "betweenness": 0.00015013581190051779, "weight": 0.10015013581190052 }, "geometry": { "type": "LineString", "coordinates": [ [ -75.444238, 6.379472 ], [ -75.101562, 5.963476 ] ] } },
{ "type": "Feature", "properties": { "source": "GIRARDOTA", "target": "EL CARMEN DE VIBORAL", "distance": 0.5, "betweenness": 0.00030026676486437126, "weight": 0.10030026676486438 }, "geometry": { "type": "LineString", "coordinates": [ [ -75.444238, 6.379472 ], [ -75.333901, 6.082885 ] ] } },
{ "type": "Feature", "properties": { "source": "GIRARDOTA", "target": "SANTO DOMINGO", "distance": 0.5, "betweenness": 0.00015522875816993464, "weight": 0.10015522875816994 }, "geometry": { "type": "LineString", "coordinates": [ [ -75.444238, 6.379472 ], [ -75.164903, 6.473032 ] ] } },
{ "type": "Feature", "properties": { "source": "GIRARDOTA", "target": "ENVIGADO", "distance": 0.5, "betweenness": 0.00021047898836945486, "weight": 0.10021047898836946 }, "geometry": { "type": "LineString", "coordinates": [ [ -75.444238, 6.379472 ], [ -75.582192, 6.166695 ] ] } },
{ "type": "Feature", "properties": { "source": "GIRARDOTA", "target": "CONCEPCIÓN", "distance": 0.5, "betweenness": 0.00015947288006111534, "weight": 0.10015947288006112 }, "geometry": { "type": "LineString", "coordinates": [ [ -75.444238, 6.379472 ], [ -75.257587, 6.394348 ] ] } },
{ "type": "Feature", "properties": { "source": "GIRARDOTA", "target": "PEÑOL", "distance": 0.5, "betweenness": 0.00017948088326239585, "weight": 0.1001794808832624 }, "geometry": { "type": "LineString", "coordinates": [ [ -75.444238, 6.379472 ], [ -75.242693, 6.219349 ] ] } },
{ "type": "Feature", "properties": { "source": "GIRARDOTA", "target": "CALDAS", "distance": 0.5, "betweenness": 0.0003155210051761775, "weight": 0.10031552100517618 }, "geometry": { "type": "LineString", "coordinates": [ [ -75.444238, 6.379472 ], [ -75.633673, 6.091077 ] ] } },
{ "type": "Feature", "properties": { "source": "GIRARDOTA", "target": "GUATAPÉ", "distance": 0.5, "betweenness": 0.00015947288006111534, "weight": 0.10015947288006112 }, "geometry": { "type": "LineString", "coordinates": [ [ -75.444238, 6.379472 ], [ -75.160041, 6.232461 ] ] } },
{ "type": "Feature", "properties": { "source": "GIRARDOTA", "target": "COCORNÁ", "distance": 0.5, "betweenness": 0.00018553458679509095, "weight": 0.10018553458679509 }, "geometry": { "type": "LineString", "coordinates": [ [ -75.444238, 6.379472 ], [ -75.185483, 6.058295 ] ] } },
{ "type": "Feature", "properties": { "source": "GIRARDOTA", "target": "FREDONIA", "distance": 0.5, "betweenness": 0.00016379364756646702, "weight": 0.10016379364756647 }, "geometry": { "type": "LineString", "coordinates": [ [ -75.444238, 6.379472 ], [ -75.675072, 5.928039 ] ] } },
{ "type": "Feature", "properties": { "source": "GIRARDOTA", "target": "MARINILLA", "distance": 0.5, "betweenness": 0.00016980179795305842, "weight": 0.10016980179795307 }, "geometry": { "type": "LineString", "coordinates": [ [ -75.444238, 6.379472 ], [ -75.339345, 6.173995 ] ] } },
{ "type": "Feature", "properties": { "source": "GIRARDOTA", "target": "COPACABANA", "distance": 0.5, "betweenness": 0.00017195767195767197, "weight": 0.10017195767195768 }, "geometry": { "type": "LineString", "coordinates": [ [ -75.444238, 6.379472 ], [ -75.509384, 6.348557 ] ] } },
{ "type": "Feature", "properties": { "source": "GIRARDOTA", "target": "ANGELÓPOLIS", "distance": 0.5, "betweenness": 0.00032719234037692448, "weight": 0.10032719234037693 }, "geometry": { "type": "LineString", "coordinates": [ [ -75.444238, 6.379472 ], [ -75.711389, 6.109719 ] ] } },
{ "type": "Feature", "properties": { "source": "GIRARDOTA", "target": "BARBOSA", "distance": 0.5, "betweenness": 0.00014589169000933706, "weight": 0.10014589169000934 }, "geometry": { "type": "LineString", "coordinates": [ [ -75.444238, 6.379472 ], [ -75.331627, 6.439195 ] ] } },
{ "type": "Feature", "properties": { "source": "GIRARDOTA", "target": "EBÉJICO", "distance": 0.5, "betweenness": 0.00020257528298675789, "weight": 0.10020257528298676 }, "geometry": { "type": "LineString", "coordinates": [ [ -75.444238, 6.379472 ], [ -75.766413, 6.325615 ] ] } },
{ "type": "Feature", "properties": { "source": "GIRARDOTA", "target": "BETULIA", "distance": 0.5, "betweenness": 0.00024513931714743067, "weight": 0.10024513931714743 }, "geometry": { "type": "LineString", "coordinates": [ [ -75.444238, 6.379472 ], [ -75.984452, 6.115208 ] ] } },
{ "type": "Feature", "properties": { "source": "GIRARDOTA", "target": "SAN LUIS", "distance": 0.5, "betweenness": 0.00026554949874277604, "weight": 0.10026554949874278 }, "geometry": { "type": "LineString", "coordinates": [ [ -75.444238, 6.379472 ], [ -74.993619, 6.043017 ] ] } },
{ "type": "Feature", "properties": { "source": "GIRARDOTA", "target": "ALEJANDRÍA", "distance": 0.5, "betweenness": 0.00017948088326239585, "weight": 0.1001794808832624 }, "geometry": { "type": "LineString", "coordinates": [ [ -75.444238, 6.379472 ], [ -75.141346, 6.376061 ] ] } },
{ "type": "Feature", "properties": { "source": "GIRARDOTA", "target": "TITIRIBÍ", "distance": 0.5, "betweenness": 0.00020623486647827413, "weight": 0.10020623486647828 }, "geometry": { "type": "LineString", "coordinates": [ [ -75.444238, 6.379472 ], [ -75.791887, 6.062391 ] ] } },
{ "type": "Feature", "properties": { "source": "GIRARDOTA", "target": "MONTEBELLO", "distance": 0.5, "betweenness": 0.00025527160375648448, "weight": 0.1002552716037565 }, "geometry": { "type": "LineString", "coordinates": [ [ -75.444238, 6.379472 ], [ -75.523455, 5.946313 ] ] } },
{ "type": "Feature", "properties": { "source": "GIRARDOTA", "target": "SANTA BÁRBARA", "distance": 0.5, "betweenness": 0.0001988076531687079, "weight": 0.10019880765316871 }, "geometry": { "type": "LineString", "coordinates": [ [ -75.444238, 6.379472 ], [ -75.567351, 5.875527 ] ] } },
{ "type": "Feature", "properties": { "source": "GIRARDOTA", "target": "ARMENIA", "distance": 0.5, "betweenness": 0.000365743114221816, "weight": 0.10036574311422182 }, "geometry": { "type": "LineString", "coordinates": [ [ -75.444238, 6.379472 ], [ -75.786647, 6.155667 ] ] } },
{ "type": "Feature", "properties": { "source": "GIRARDOTA", "target": "JERICÓ", "distance": 0.5, "betweenness": 0.00023382165877094881, "weight": 0.10023382165877096 }, "geometry": { "type": "LineString", "coordinates": [ [ -75.444238, 6.379472 ], [ -75.785499, 5.789748 ] ] } },
{ "type": "Feature", "properties": { "source": "GIRARDOTA", "target": "ANZÁ", "distance": 0.5, "betweenness": 0.00027710081969716855, "weight": 0.10027710081969718 }, "geometry": { "type": "LineString", "coordinates": [ [ -75.444238, 6.379472 ], [ -75.854442, 6.302641 ] ] } },
{ "type": "Feature", "properties": { "source": "GIRARDOTA", "target": "SONSÓN", "distance": 0.5, "betweenness": 0.00042086754185691118, "weight": 0.10042086754185692 }, "geometry": { "type": "LineString", "coordinates": [ [ -75.444238, 6.379472 ], [ -75.309596, 5.714851 ] ] } },
{ "type": "Feature", "properties": { "source": "GIRARDOTA", "target": "SALGAR", "distance": 0.5, "betweenness": 0.00037585827139579664, "weight": 0.10037585827139581 }, "geometry": { "type": "LineString", "coordinates": [ [ -75.444238, 6.379472 ], [ -75.976807, 5.964198 ] ] } },
{ "type": "Feature", "properties": { "source": "GIRARDOTA", "target": "MACEO", "distance": 0.33333333333333331, "betweenness": 0.0028804855275443519, "weight": 0.10288048552754436 }, "geometry": { "type": "LineString", "coordinates": [ [ -75.444238, 6.379472 ], [ -74.78716, 6.552116 ] ] } },
{ "type": "Feature", "properties": { "source": "GIRARDOTA", "target": "VENECIA", "distance": 0.5, "betweenness": 0.0003319207274582528, "weight": 0.10033192072745825 }, "geometry": { "type": "LineString", "coordinates": [ [ -75.444238, 6.379472 ], [ -75.735544, 5.964693 ] ] } },
{ "type": "Feature", "properties": { "source": "GIRARDOTA", "target": "LA ESTRELLA", "distance": 0.5, "betweenness": 0.00027923952425801843, "weight": 0.10027923952425802 }, "geometry": { "type": "LineString", "coordinates": [ [ -75.444238, 6.379472 ], [ -75.637708, 6.145238 ] ] } },
{ "type": "Feature", "properties": { "source": "GIRARDOTA", "target": "TARSO", "distance": 1.0, "betweenness": 3.8904450669156543e-06, "weight": 0.10000389044506693 }, "geometry": { "type": "LineString", "coordinates": [ [ -75.444238, 6.379472 ], [ -75.822956, 5.864542 ] ] } },
{ "type": "Feature", "properties": { "source": "GIRARDOTA", "target": "SABANETA", "distance": 0.5, "betweenness": 0.00029457245481586243, "weight": 0.10029457245481586 }, "geometry": { "type": "LineString", "coordinates": [ [ -75.444238, 6.379472 ], [ -75.615479, 6.149903 ] ] } },
{ "type": "Feature", "properties": { "source": "GIRARDOTA", "target": "YALÍ", "distance": 0.5, "betweenness": 0.0001845738295318127, "weight": 0.10018457382953182 }, "geometry": { "type": "LineString", "coordinates": [ [ -75.444238, 6.379472 ], [ -74.840059, 6.676554 ] ] } },
{ "type": "Feature", "properties": { "source": "GIRARDOTA", "target": "ITAGÜÍ", "distance": 1.0, "betweenness": 0.0, "weight": 0.1 }, "geometry": { "type": "LineString", "coordinates": [ [ -75.444238, 6.379472 ], [ -75.612056, 6.175079 ] ] } },
{ "type": "Feature", "properties": { "source": "SAN JERÓNIMO", "target": "LA CEJA", "distance": 0.33333333333333331, "betweenness": 0.0024453114579165007, "weight": 0.10244531145791651 }, "geometry": { "type": "LineString", "coordinates": [ [ -75.726975, 6.44809 ], [ -75.429433, 6.028062 ] ] } },
{ "type": "Feature", "properties": { "source": "SAN JERÓNIMO", "target": "GRANADA", "distance": 0.33333333333333331, "betweenness": 0.0020103874883286646, "weight": 0.10201038748832866 }, "geometry": { "type": "LineString", "coordinates": [ [ -75.726975, 6.44809 ], [ -75.184446, 6.142892 ] ] } },
{ "type": "Feature", "properties": { "source": "SAN JERÓNIMO", "target": "BELLO", "distance": 0.5, "betweenness": 0.00014005602240896358, "weight": 0.10014005602240897 }, "geometry": { "type": "LineString", "coordinates": [ [ -75.726975, 6.44809 ], [ -75.555245, 6.333587 ] ] } },
{ "type": "Feature", "properties": { "source": "SAN JERÓNIMO", "target": "TITIRIBÍ", "distance": 0.5, "betweenness": 0.00023342670401493927, "weight": 0.10023342670401494 }, "geometry": { "type": "LineString", "coordinates": [ [ -75.726975, 6.44809 ], [ -75.791887, 6.062391 ] ] } },
{ "type": "Feature", "properties": { "source": "SAN JERÓNIMO", "target": "RIONEGRO", "distance": 0.5, "betweenness": 0.00014005602240896358, "weight": 0.10014005602240897 }, "geometry": { "type": "LineString", "coordinates": [ [ -75.726975, 6.44809 ], [ -75.377316, 6.147148 ] ] } },
{ "type": "Feature", "properties": { "source": "SAN JERÓNIMO", "target": "GUARNE", "distance": 0.5, "betweenness": 0.00020308123249299719, "weight": 0.100203081232493 }, "geometry": { "type": "LineString", "coordinates": [ [ -75.726975, 6.44809 ], [ -75.441612, 6.27787 ] ] } },
{ "type": "Feature", "properties": { "source": "SAN JERÓNIMO", "target": "SAN CARLOS", "distance": 0.5, "betweenness": 0.00024743230625583565, "weight": 0.10024743230625584 }, "geometry": { "type": "LineString", "coordinates": [ [ -75.726975, 6.44809 ], [ -74.988097, 6.187746 ] ] } },
{ "type": "Feature", "properties": { "source": "SAN JERÓNIMO", "target": "CONCEPCIÓN", "distance": 0.5, "betweenness": 0.00014005602240896358, "weight": 0.10014005602240897 }, "geometry": { "type": "LineString", "coordinates": [ [ -75.726975, 6.44809 ], [ -75.257587, 6.394348 ] ] } },
{ "type": "Feature", "properties": { "source": "SAN JERÓNIMO", "target": "ANGELÓPOLIS", "distance": 0.5, "betweenness": 0.00032679738562091501, "weight": 0.10032679738562092 }, "geometry": { "type": "LineString", "coordinates": [ [ -75.726975, 6.44809 ], [ -75.711389, 6.109719 ] ] } },
{ "type": "Feature", "properties": { "source": "SAN JERÓNIMO", "target": "AMAGÁ", "distance": 0.5, "betweenness": 0.00023342670401493927, "weight": 0.10023342670401494 }, "geometry": { "type": "LineString", "coordinates": [ [ -75.726975, 6.44809 ], [ -75.702188, 6.038708 ] ] } },
{ "type": "Feature", "properties": { "source": "SAN JERÓNIMO", "target": "PEÑOL", "distance": 0.5, "betweenness": 0.00018674136321195143, "weight": 0.10018674136321196 }, "geometry": { "type": "LineString", "coordinates": [ [ -75.726975, 6.44809 ], [ -75.242693, 6.219349 ] ] } },
{ "type": "Feature", "properties": { "source": "SAN JERÓNIMO", "target": "EL CARMEN DE VIBORAL", "distance": 0.5, "betweenness": 0.00028569947450745469, "weight": 0.10028569947450747 }, "geometry": { "type": "LineString", "coordinates": [ [ -75.726975, 6.44809 ], [ -75.333901, 6.082885 ] ] } },
{ "type": "Feature", "properties": { "source": "SAN JERÓNIMO", "target": "BARBOSA", "distance": 0.5, "betweenness": 0.00014005602240896358, "weight": 0.10014005602240897 }, "geometry": { "type": "LineString", "coordinates": [ [ -75.726975, 6.44809 ], [ -75.331627, 6.439195 ] ] } },
{ "type": "Feature", "properties": { "source": "SAN JERÓNIMO", "target": "SANTA BÁRBARA", "distance": 0.5, "betweenness": 0.00021008403361344536, "weight": 0.10021008403361345 }, "geometry": { "type": "LineString", "coordinates": [ [ -75.726975, 6.44809 ], [ -75.567351, 5.875527 ] ] } },
{ "type": "Feature", "properties": { "source": "SAN JERÓNIMO", "target": "CALDAS", "distance": 0.5, "betweenness": 0.00031512605042016803, "weight": 0.10031512605042017 }, "geometry": { "type": "LineString", "coordinates": [ [ -75.726975, 6.44809 ], [ -75.633673, 6.091077 ] ] } },
{ "type": "Feature", "properties": { "source": "SAN JERÓNIMO", "target": "LA UNIÓN", "distance": 0.5, "betweenness": 0.00017507002801120446, "weight": 0.10017507002801121 }, "geometry": { "type": "LineString", "coordinates": [ [ -75.726975, 6.44809 ], [ -75.360874, 5.973845 ] ] } },
{ "type": "Feature", "properties": { "source": "SAN JERÓNIMO", "target": "SALGAR", "distance": 0.5, "betweenness": 0.00024976657329598502, "weight": 0.10024976657329598 }, "geometry": { "type": "LineString", "coordinates": [ [ -75.726975, 6.44809 ], [ -75.976807, 5.964198 ] ] } },
{ "type": "Feature", "properties": { "source": "SAN JERÓNIMO", "target": "RETIRO", "distance": 0.5, "betweenness": 0.00016006402561024409, "weight": 0.10016006402561024 }, "geometry": { "type": "LineString", "coordinates": [ [ -75.726975, 6.44809 ], [ -75.501301, 6.062454 ] ] } },
{ "type": "Feature", "properties": { "source": "SAN JERÓNIMO", "target": "CONCORDIA", "distance": 0.5, "betweenness": 0.00032290694055399935, "weight": 0.100322906940554 }, "geometry": { "type": "LineString", "coordinates": [ [ -75.726975, 6.44809 ], [ -75.908448, 6.045738 ] ] } },
{ "type": "Feature", "properties": { "source": "SAN JERÓNIMO", "target": "EBÉJICO", "distance": 0.5, "betweenness": 0.00028011204481792715, "weight": 0.10028011204481793 }, "geometry": { "type": "LineString", "coordinates": [ [ -75.726975, 6.44809 ], [ -75.766413, 6.325615 ] ] } },
{ "type": "Feature", "properties": { "source": "SAN JERÓNIMO", "target": "VENECIA", "distance": 0.33333333333333331, "betweenness": 0.001121782046151794, "weight": 0.1011217820461518 }, "geometry": { "type": "LineString", "coordinates": [ [ -75.726975, 6.44809 ], [ -75.735544, 5.964693 ] ] } },
{ "type": "Feature", "properties": { "source": "SAN JERÓNIMO", "target": "SAN PEDRO DE LOS MILAGROS", "distance": 0.5, "betweenness": 0.0005602240896358543, "weight": 0.10056022408963586 }, "geometry": { "type": "LineString", "coordinates": [ [ -75.726975, 6.44809 ], [ -75.556743, 6.46012 ] ] } },
{ "type": "Feature", "properties": { "source": "SAN JERÓNIMO", "target": "BETULIA", "distance": 0.5, "betweenness": 0.00018674136321195143, "weight": 0.10018674136321196 }, "geometry": { "type": "LineString", "coordinates": [ [ -75.726975, 6.44809 ], [ -75.984452, 6.115208 ] ] } },
{ "type": "Feature", "properties": { "source": "SAN JERÓNIMO", "target": "FREDONIA", "distance": 0.5, "betweenness": 0.00014005602240896358, "weight": 0.10014005602240897 }, "geometry": { "type": "LineString", "coordinates": [ [ -75.726975, 6.44809 ], [ -75.675072, 5.928039 ] ] } },
{ "type": "Feature", "properties": { "source": "SAN JERÓNIMO", "target": "MONTEBELLO", "distance": 0.5, "betweenness": 0.00034196276549835618, "weight": 0.10034196276549837 }, "geometry": { "type": "LineString", "coordinates": [ [ -75.726975, 6.44809 ], [ -75.523455, 5.946313 ] ] } },
{ "type": "Feature", "properties": { "source": "SAN JERÓNIMO", "target": "SANTO DOMINGO", "distance": 0.5, "betweenness": 0.00014005602240896358, "weight": 0.10014005602240897 }, "geometry": { "type": "LineString", "coordinates": [ [ -75.726975, 6.44809 ], [ -75.164903, 6.473032 ] ] } },
{ "type": "Feature", "properties": { "source": "SAN JERÓNIMO", "target": "ANZÁ", "distance": 0.5, "betweenness": 0.00015172735760971053, "weight": 0.10015172735760972 }, "geometry": { "type": "LineString", "coordinates": [ [ -75.726975, 6.44809 ], [ -75.854442, 6.302641 ] ] } },
{ "type": "Feature", "properties": { "source": "SAN JERÓNIMO", "target": "CAICEDO", "distance": 0.5, "betweenness": 0.00021241830065359479, "weight": 0.1002124183006536 }, "geometry": { "type": "LineString", "coordinates": [ [ -75.726975, 6.44809 ], [ -75.98293, 6.405607 ] ] } },
{ "type": "Feature", "properties": { "source": "SAN JERÓNIMO", "target": "EL SANTUARIO", "distance": 0.5, "betweenness": 0.00021008403361344536, "weight": 0.10021008403361345 }, "geometry": { "type": "LineString", "coordinates": [ [ -75.726975, 6.44809 ], [ -75.265465, 6.136871 ] ] } },
{ "type": "Feature", "properties": { "source": "SAN JERÓNIMO", "target": "ALEJANDRÍA", "distance": 0.5, "betweenness": 0.00014005602240896358, "weight": 0.10014005602240897 }, "geometry": { "type": "LineString", "coordinates": [ [ -75.726975, 6.44809 ], [ -75.141346, 6.376061 ] ] } },
{ "type": "Feature", "properties": { "source": "SAN JERÓNIMO", "target": "HELICONIA", "distance": 0.5, "betweenness": 0.00014005602240896358, "weight": 0.10014005602240897 }, "geometry": { "type": "LineString", "coordinates": [ [ -75.726975, 6.44809 ], [ -75.734322, 6.206757 ] ] } },
{ "type": "Feature", "properties": { "source": "SAN JERÓNIMO", "target": "GUATAPÉ", "distance": 0.5, "betweenness": 0.00014005602240896358, "weight": 0.10014005602240897 }, "geometry": { "type": "LineString", "coordinates": [ [ -75.726975, 6.44809 ], [ -75.160041, 6.232461 ] ] } },
{ "type": "Feature", "properties": { "source": "SAN JERÓNIMO", "target": "ENVIGADO", "distance": 0.5, "betweenness": 0.00020308123249299721, "weight": 0.100203081232493 }, "geometry": { "type": "LineString", "coordinates": [ [ -75.726975, 6.44809 ], [ -75.582192, 6.166695 ] ] } },
{ "type": "Feature", "properties": { "source": "SAN JERÓNIMO", "target": "COPACABANA", "distance": 0.5, "betweenness": 0.00014005602240896358, "weight": 0.10014005602240897 }, "geometry": { "type": "LineString", "coordinates": [ [ -75.726975, 6.44809 ], [ -75.509384, 6.348557 ] ] } },
{ "type": "Feature", "properties": { "source": "SAN JERÓNIMO", "target": "LA ESTRELLA", "distance": 0.5, "betweenness": 0.0003402537485582468, "weight": 0.10034025374855825 }, "geometry": { "type": "LineString", "coordinates": [ [ -75.726975, 6.44809 ], [ -75.637708, 6.145238 ] ] } },
{ "type": "Feature", "properties": { "source": "SAN JERÓNIMO", "target": "CISNEROS", "distance": 0.5, "betweenness": 0.00014005602240896358, "weight": 0.10014005602240897 }, "geometry": { "type": "LineString", "coordinates": [ [ -75.726975, 6.44809 ], [ -75.087047, 6.537829 ] ] } },
{ "type": "Feature", "properties": { "source": "SAN JERÓNIMO", "target": "ARMENIA", "distance": 0.5, "betweenness": 0.00027677737761771371, "weight": 0.10027677737761771 }, "geometry": { "type": "LineString", "coordinates": [ [ -75.726975, 6.44809 ], [ -75.786647, 6.155667 ] ] } },
{ "type": "Feature", "properties": { "source": "SAN JERÓNIMO", "target": "ABEJORRAL", "distance": 0.5, "betweenness": 0.00014005602240896358, "weight": 0.10014005602240897 }, "geometry": { "type": "LineString", "coordinates": [ [ -75.726975, 6.44809 ], [ -75.428739, 5.789315 ] ] } },
{ "type": "Feature", "properties": { "source": "SAN JERÓNIMO", "target": "ITAGÜÍ", "distance": 0.5, "betweenness": 0.00032212885154061621, "weight": 0.10032212885154063 }, "geometry": { "type": "LineString", "coordinates": [ [ -75.726975, 6.44809 ], [ -75.612056, 6.175079 ] ] } },
{ "type": "Feature", "properties": { "source": "SAN JERÓNIMO", "target": "SAN RAFAEL", "distance": 0.5, "betweenness": 0.00025954826374994443, "weight": 0.10025954826374996 }, "geometry": { "type": "LineString", "coordinates": [ [ -75.726975, 6.44809 ], [ -75.02849, 6.293759 ] ] } },
{ "type": "Feature", "properties": { "source": "SAN JERÓNIMO", "target": "MARINILLA", "distance": 0.5, "betweenness": 0.00025548681010865884, "weight": 0.10025548681010867 }, "geometry": { "type": "LineString", "coordinates": [ [ -75.726975, 6.44809 ], [ -75.339345, 6.173995 ] ] } },
{ "type": "Feature", "properties": { "source": "SAN JERÓNIMO", "target": "COCORNÁ", "distance": 0.5, "betweenness": 0.00022475656929438442, "weight": 0.10022475656929439 }, "geometry": { "type": "LineString", "coordinates": [ [ -75.726975, 6.44809 ], [ -75.185483, 6.058295 ] ] } },
{ "type": "Feature", "properties": { "source": "SAN JERÓNIMO", "target": "TARSO", "distance": 0.5, "betweenness": 0.0005993710615559355, "weight": 0.10059937106155595 }, "geometry": { "type": "LineString", "coordinates": [ [ -75.726975, 6.44809 ], [ -75.822956, 5.864542 ] ] } },
{ "type": "Feature", "properties": { "source": "SAN JERÓNIMO", "target": "JERICÓ", "distance": 0.5, "betweenness": 0.00045518207282913161, "weight": 0.10045518207282914 }, "geometry": { "type": "LineString", "coordinates": [ [ -75.726975, 6.44809 ], [ -75.785499, 5.789748 ] ] } },
{ "type": "Feature", "properties": { "source": "SAN JERÓNIMO", "target": "SABANETA", "distance": 0.5, "betweenness": 0.00026177137521675334, "weight": 0.10026177137521676 }, "geometry": { "type": "LineString", "coordinates": [ [ -75.726975, 6.44809 ], [ -75.615479, 6.149903 ] ] } },
{ "type": "Feature", "properties": { "source": "SAN JERÓNIMO", "target": "CIUDAD BOLÍVAR", "distance": 0.5, "betweenness": 0.00052420968387354935, "weight": 0.10052420968387356 }, "geometry": { "type": "LineString", "coordinates": [ [ -75.726975, 6.44809 ], [ -76.021509, 5.850273 ] ] } },
{ "type": "Feature", "properties": { "source": "SAN JERÓNIMO", "target": "TÁMESIS", "distance": 1.0, "betweenness": 0.0, "weight": 0.1 }, "geometry": { "type": "LineString", "coordinates": [ [ -75.726975, 6.44809 ], [ -75.714429, 5.664645 ] ] } },
{ "type": "Feature", "properties": { "source": "SAN JERÓNIMO", "target": "HISPANIA", "distance": 1.0, "betweenness": 0.0, "weight": 0.1 }, "geometry": { "type": "LineString", "coordinates": [ [ -75.726975, 6.44809 ], [ -75.906587, 5.799461 ] ] } },
{ "type": "Feature", "properties": { "source": "CONCEPCIÓN", "target": "MONTEBELLO", "distance": 0.5, "betweenness": 0.00022729548178058781, "weight": 0.1002272954817806 }, "geometry": { "type": "LineString", "coordinates": [ [ -75.257587, 6.394348 ], [ -75.523455, 5.946313 ] ] } },
{ "type": "Feature", "properties": { "source": "CONCEPCIÓN", "target": "FREDONIA", "distance": 0.5, "betweenness": 0.00015764464293876055, "weight": 0.10015764464293876 }, "geometry": { "type": "LineString", "coordinates": [ [ -75.257587, 6.394348 ], [ -75.675072, 5.928039 ] ] } },
{ "type": "Feature", "properties": { "source": "CONCEPCIÓN", "target": "CALDAS", "distance": 0.5, "betweenness": 0.00022767265414324234, "weight": 0.10022767265414324 }, "geometry": { "type": "LineString", "coordinates": [ [ -75.257587, 6.394348 ], [ -75.633673, 6.091077 ] ] } },
{ "type": "Feature", "properties": { "source": "CONCEPCIÓN", "target": "SONSÓN", "distance": 0.5, "betweenness": 0.00049958529164613203, "weight": 0.10049958529164614 }, "geometry": { "type": "LineString", "coordinates": [ [ -75.257587, 6.394348 ], [ -75.309596, 5.714851 ] ] } },
{ "type": "Feature", "properties": { "source": "CONCEPCIÓN", "target": "SAN CARLOS", "distance": 0.5, "betweenness": 0.00014964319060957717, "weight": 0.10014964319060958 }, "geometry": { "type": "LineString", "coordinates": [ [ -75.257587, 6.394348 ], [ -74.988097, 6.187746 ] ] } },
{ "type": "Feature", "properties": { "source": "CONCEPCIÓN", "target": "LA UNIÓN", "distance": 0.5, "betweenness": 0.000186822980940628, "weight": 0.10018682298094063 }, "geometry": { "type": "LineString", "coordinates": [ [ -75.257587, 6.394348 ], [ -75.360874, 5.973845 ] ] } },
{ "type": "Feature", "properties": { "source": "CONCEPCIÓN", "target": "EL SANTUARIO", "distance": 0.5, "betweenness": 0.00015589569160997732, "weight": 0.10015589569160999 }, "geometry": { "type": "LineString", "coordinates": [ [ -75.257587, 6.394348 ], [ -75.265465, 6.136871 ] ] } },
{ "type": "Feature", "properties": { "source": "CONCEPCIÓN", "target": "ENVIGADO", "distance": 0.5, "betweenness": 0.00029770066534772421, "weight": 0.10029770066534772 }, "geometry": { "type": "LineString", "coordinates": [ [ -75.257587, 6.394348 ], [ -75.582192, 6.166695 ] ] } },
{ "type": "Feature", "properties": { "source": "CONCEPCIÓN", "target": "LA ESTRELLA", "distance": 0.5, "betweenness": 0.00028324479387257433, "weight": 0.10028324479387259 }, "geometry": { "type": "LineString", "coordinates": [ [ -75.257587, 6.394348 ], [ -75.637708, 6.145238 ] ] } },
{ "type": "Feature", "properties": { "source": "CONCEPCIÓN", "target": "ABEJORRAL", "distance": 0.5, "betweenness": 0.00020432998374174844, "weight": 0.10020432998374175 }, "geometry": { "type": "LineString", "coordinates": [ [ -75.257587, 6.394348 ], [ -75.428739, 5.789315 ] ] } },
{ "type": "Feature", "properties": { "source": "CONCEPCIÓN", "target": "LA CEJA", "distance": 0.5, "betweenness": 0.00031667045485503907, "weight": 0.10031667045485504 }, "geometry": { "type": "LineString", "coordinates": [ [ -75.257587, 6.394348 ], [ -75.429433, 6.028062 ] ] } },
{ "type": "Feature", "properties": { "source": "CONCEPCIÓN", "target": "RIONEGRO", "distance": 0.5, "betweenness": 0.00015764464293876055, "weight": 0.10015764464293876 }, "geometry": { "type": "LineString", "coordinates": [ [ -75.257587, 6.394348 ], [ -75.377316, 6.147148 ] ] } },
{ "type": "Feature", "properties": { "source": "CONCEPCIÓN", "target": "SANTO DOMINGO", "distance": 0.5, "betweenness": 0.00014672535680939039, "weight": 0.10014672535680939 }, "geometry": { "type": "LineString", "coordinates": [ [ -75.257587, 6.394348 ], [ -75.164903, 6.473032 ] ] } },
{ "type": "Feature", "properties": { "source": "CONCEPCIÓN", "target": "PEÑOL", "distance": 0.5, "betweenness": 0.00015756302521008402, "weight": 0.10015756302521009 }, "geometry": { "type": "LineString", "coordinates": [ [ -75.257587, 6.394348 ], [ -75.242693, 6.219349 ] ] } },
{ "type": "Feature", "properties": { "source": "CONCEPCIÓN", "target": "EL CARMEN DE VIBORAL", "distance": 0.5, "betweenness": 0.00021104376567064375, "weight": 0.10021104376567065 }, "geometry": { "type": "LineString", "coordinates": [ [ -75.257587, 6.394348 ], [ -75.333901, 6.082885 ] ] } },
{ "type": "Feature", "properties": { "source": "CONCEPCIÓN", "target": "GUARNE", "distance": 0.5, "betweenness": 0.000145442792501616, "weight": 0.10014544279250162 }, "geometry": { "type": "LineString", "coordinates": [ [ -75.257587, 6.394348 ], [ -75.441612, 6.27787 ] ] } },
{ "type": "Feature", "properties": { "source": "CONCEPCIÓN", "target": "ARGELIA", "distance": 0.5, "betweenness": 0.00074600188453914065, "weight": 0.10074600188453915 }, "geometry": { "type": "LineString", "coordinates": [ [ -75.257587, 6.394348 ], [ -75.14107, 5.731474 ] ] } },
{ "type": "Feature", "properties": { "source": "CONCEPCIÓN", "target": "ALEJANDRÍA", "distance": 0.5, "betweenness": 0.00015756302521008402, "weight": 0.10015756302521009 }, "geometry": { "type": "LineString", "coordinates": [ [ -75.257587, 6.394348 ], [ -75.141346, 6.376061 ] ] } },
{ "type": "Feature", "properties": { "source": "CONCEPCIÓN", "target": "BARBOSA", "distance": 0.5, "betweenness": 0.000148294611962432, "weight": 0.10014829461196244 }, "geometry": { "type": "LineString", "coordinates": [ [ -75.257587, 6.394348 ], [ -75.331627, 6.439195 ] ] } },
{ "type": "Feature", "properties": { "source": "CONCEPCIÓN", "target": "SAN RAFAEL", "distance": 0.5, "betweenness": 0.0002167533680138722, "weight": 0.10021675336801388 }, "geometry": { "type": "LineString", "coordinates": [ [ -75.257587, 6.394348 ], [ -75.02849, 6.293759 ] ] } },
{ "type": "Feature", "properties": { "source": "CONCEPCIÓN", "target": "SAN PEDRO DE LOS MILAGROS", "distance": 0.25, "betweenness": 0.0044055620858321834, "weight": 0.10440556208583218 }, "geometry": { "type": "LineString", "coordinates": [ [ -75.257587, 6.394348 ], [ -75.556743, 6.46012 ] ] } },
{ "type": "Feature", "properties": { "source": "CONCEPCIÓN", "target": "CARACOLÍ", "distance": 0.5, "betweenness": 0.00046124668086579772, "weight": 0.1004612466808658 }, "geometry": { "type": "LineString", "coordinates": [ [ -75.257587, 6.394348 ], [ -74.757421, 6.409829 ] ] } },
{ "type": "Feature", "properties": { "source": "CONCEPCIÓN", "target": "ANGELÓPOLIS", "distance": 0.5, "betweenness": 0.00036772867655220602, "weight": 0.10036772867655221 }, "geometry": { "type": "LineString", "coordinates": [ [ -75.257587, 6.394348 ], [ -75.711389, 6.109719 ] ] } },
{ "type": "Feature", "properties": { "source": "CONCEPCIÓN", "target": "GUATAPÉ", "distance": 0.5, "betweenness": 0.00014005602240896358, "weight": 0.10014005602240897 }, "geometry": { "type": "LineString", "coordinates": [ [ -75.257587, 6.394348 ], [ -75.160041, 6.232461 ] ] } },
{ "type": "Feature", "properties": { "source": "CONCEPCIÓN", "target": "COCORNÁ", "distance": 0.5, "betweenness": 0.0001901323973357655, "weight": 0.10019013239733578 }, "geometry": { "type": "LineString", "coordinates": [ [ -75.257587, 6.394348 ], [ -75.185483, 6.058295 ] ] } },
{ "type": "Feature", "properties": { "source": "CONCEPCIÓN", "target": "RETIRO", "distance": 0.5, "betweenness": 0.00022767265414324234, "weight": 0.10022767265414324 }, "geometry": { "type": "LineString", "coordinates": [ [ -75.257587, 6.394348 ], [ -75.501301, 6.062454 ] ] } },
{ "type": "Feature", "properties": { "source": "CONCEPCIÓN", "target": "SAN FRANCISCO", "distance": 0.5, "betweenness": 0.00033952975129445707, "weight": 0.10033952975129447 }, "geometry": { "type": "LineString", "coordinates": [ [ -75.257587, 6.394348 ], [ -75.101562, 5.963476 ] ] } },
{ "type": "Feature", "properties": { "source": "CONCEPCIÓN", "target": "MACEO", "distance": 0.5, "betweenness": 0.00027121959895069135, "weight": 0.1002712195989507 }, "geometry": { "type": "LineString", "coordinates": [ [ -75.257587, 6.394348 ], [ -74.78716, 6.552116 ] ] } },
{ "type": "Feature", "properties": { "source": "CONCEPCIÓN", "target": "GRANADA", "distance": 0.5, "betweenness": 0.00015756302521008402, "weight": 0.10015756302521009 }, "geometry": { "type": "LineString", "coordinates": [ [ -75.257587, 6.394348 ], [ -75.184446, 6.142892 ] ] } },
{ "type": "Feature", "properties": { "source": "CONCEPCIÓN", "target": "EBÉJICO", "distance": 0.5, "betweenness": 0.00018880654323066577, "weight": 0.10018880654323067 }, "geometry": { "type": "LineString", "coordinates": [ [ -75.257587, 6.394348 ], [ -75.766413, 6.325615 ] ] } },
{ "type": "Feature", "properties": { "source": "CONCEPCIÓN", "target": "AMAGÁ", "distance": 0.5, "betweenness": 0.00016931597813950756, "weight": 0.10016931597813951 }, "geometry": { "type": "LineString", "coordinates": [ [ -75.257587, 6.394348 ], [ -75.702188, 6.038708 ] ] } },
{ "type": "Feature", "properties": { "source": "CONCEPCIÓN", "target": "SABANETA", "distance": 0.5, "betweenness": 0.00029186499774735069, "weight": 0.10029186499774735 }, "geometry": { "type": "LineString", "coordinates": [ [ -75.257587, 6.394348 ], [ -75.615479, 6.149903 ] ] } },
{ "type": "Feature", "properties": { "source": "CONCEPCIÓN", "target": "MARINILLA", "distance": 0.5, "betweenness": 0.00015522875816993464, "weight": 0.10015522875816994 }, "geometry": { "type": "LineString", "coordinates": [ [ -75.257587, 6.394348 ], [ -75.339345, 6.173995 ] ] } },
{ "type": "Feature", "properties": { "source": "CONCEPCIÓN", "target": "VEGACHÍ", "distance": 0.5, "betweenness": 0.00041368242305273462, "weight": 0.10041368242305274 }, "geometry": { "type": "LineString", "coordinates": [ [ -75.257587, 6.394348 ], [ -74.798714, 6.773525 ] ] } },
{ "type": "Feature", "properties": { "source": "CONCEPCIÓN", "target": "PUERTO BERRÍO", "distance": 0.5, "betweenness": 0.0010320838591125032, "weight": 0.10103208385911251 }, "geometry": { "type": "LineString", "coordinates": [ [ -75.257587, 6.394348 ], [ -74.410016, 6.487028 ] ] } },
{ "type": "Feature", "properties": { "source": "CONCEPCIÓN", "target": "BELLO", "distance": 0.5, "betweenness": 0.00014642220524573464, "weight": 0.10014642220524574 }, "geometry": { "type": "LineString", "coordinates": [ [ -75.257587, 6.394348 ], [ -75.555245, 6.333587 ] ] } },
{ "type": "Feature", "properties": { "source": "CONCEPCIÓN", "target": "HELICONIA", "distance": 0.5, "betweenness": 0.00015764464293876055, "weight": 0.10015764464293876 }, "geometry": { "type": "LineString", "coordinates": [ [ -75.257587, 6.394348 ], [ -75.734322, 6.206757 ] ] } },
{ "type": "Feature", "properties": { "source": "CONCEPCIÓN", "target": "PUERTO NARE", "distance": 0.5, "betweenness": 0.00067062320964259307, "weight": 0.1006706232096426 }, "geometry": { "type": "LineString", "coordinates": [ [ -75.257587, 6.394348 ], [ -74.583012, 6.186025 ] ] } },
{ "type": "Feature", "properties": { "source": "CONCEPCIÓN", "target": "YALÍ", "distance": 0.5, "betweenness": 0.00016228713707705302, "weight": 0.10016228713707706 }, "geometry": { "type": "LineString", "coordinates": [ [ -75.257587, 6.394348 ], [ -74.840059, 6.676554 ] ] } },
{ "type": "Feature", "properties": { "source": "CONCEPCIÓN", "target": "CISNEROS", "distance": 0.5, "betweenness": 0.00017320068123867903, "weight": 0.10017320068123868 }, "geometry": { "type": "LineString", "coordinates": [ [ -75.257587, 6.394348 ], [ -75.087047, 6.537829 ] ] } },
{ "type": "Feature", "properties": { "source": "CONCEPCIÓN", "target": "SAN LUIS", "distance": 0.5, "betweenness": 0.00018635846560437444, "weight": 0.10018635846560438 }, "geometry": { "type": "LineString", "coordinates": [ [ -75.257587, 6.394348 ], [ -74.993619, 6.043017 ] ] } },
{ "type": "Feature", "properties": { "source": "CONCEPCIÓN", "target": "SANTA BÁRBARA", "distance": 0.5, "betweenness": 0.00015764464293876055, "weight": 0.10015764464293876 }, "geometry": { "type": "LineString", "coordinates": [ [ -75.257587, 6.394348 ], [ -75.567351, 5.875527 ] ] } },
{ "type": "Feature", "properties": { "source": "CONCEPCIÓN", "target": "ARMENIA", "distance": 0.5, "betweenness": 0.00036614470963210459, "weight": 0.10036614470963211 }, "geometry": { "type": "LineString", "coordinates": [ [ -75.257587, 6.394348 ], [ -75.786647, 6.155667 ] ] } },
{ "type": "Feature", "properties": { "source": "CONCEPCIÓN", "target": "COPACABANA", "distance": 0.5, "betweenness": 0.00015006002400960383, "weight": 0.10015006002400961 }, "geometry": { "type": "LineString", "coordinates": [ [ -75.257587, 6.394348 ], [ -75.509384, 6.348557 ] ] } },
{ "type": "Feature", "properties": { "source": "CONCEPCIÓN", "target": "TITIRIBÍ", "distance": 0.5, "betweenness": 0.00018565584742055328, "weight": 0.10018565584742056 }, "geometry": { "type": "LineString", "coordinates": [ [ -75.257587, 6.394348 ], [ -75.791887, 6.062391 ] ] } },
{ "type": "Feature", "properties": { "source": "CONCEPCIÓN", "target": "ANZÁ", "distance": 0.5, "betweenness": 0.00041558768943840614, "weight": 0.10041558768943841 }, "geometry": { "type": "LineString", "coordinates": [ [ -75.257587, 6.394348 ], [ -75.854442, 6.302641 ] ] } },
{ "type": "Feature", "properties": { "source": "CONCEPCIÓN", "target": "VENECIA", "distance": 0.5, "betweenness": 0.0003374362565539036, "weight": 0.10033743625655391 }, "geometry": { "type": "LineString", "coordinates": [ [ -75.257587, 6.394348 ], [ -75.735544, 5.964693 ] ] } },
{ "type": "Feature", "properties": { "source": "CONCEPCIÓN", "target": "REMEDIOS", "distance": 1.0, "betweenness": 6.6693344004268369e-06, "weight": 0.10000666933440043 }, "geometry": { "type": "LineString", "coordinates": [ [ -75.257587, 6.394348 ], [ -74.698135, 7.029424 ] ] } },
{ "type": "Feature", "properties": { "source": "CONCEPCIÓN", "target": "ITAGÜÍ", "distance": 0.5, "betweenness": 0.00020389950852135722, "weight": 0.10020389950852136 }, "geometry": { "type": "LineString", "coordinates": [ [ -75.257587, 6.394348 ], [ -75.612056, 6.175079 ] ] } },
{ "type": "Feature", "properties": { "source": "CONCEPCIÓN", "target": "BETULIA", "distance": 0.5, "betweenness": 0.00034072441079361493, "weight": 0.10034072441079361 }, "geometry": { "type": "LineString", "coordinates": [ [ -75.257587, 6.394348 ], [ -75.984452, 6.115208 ] ] } },
{ "type": "Feature", "properties": { "source": "CONCEPCIÓN", "target": "CAICEDO", "distance": 1.0, "betweenness": 0.0, "weight": 0.1 }, "geometry": { "type": "LineString", "coordinates": [ [ -75.257587, 6.394348 ], [ -75.98293, 6.405607 ] ] } },
{ "type": "Feature", "properties": { "source": "CONCEPCIÓN", "target": "NARIÑO", "distance": 1.0, "betweenness": 0.0, "weight": 0.1 }, "geometry": { "type": "LineString", "coordinates": [ [ -75.257587, 6.394348 ], [ -75.176262, 5.610777 ] ] } },
{ "type": "Feature", "properties": { "source": "BARBOSA", "target": "RIONEGRO", "distance": 0.5, "betweenness": 0.00014005602240896358, "weight": 0.10014005602240897 }, "geometry": { "type": "LineString", "coordinates": [ [ -75.331627, 6.439195 ], [ -75.377316, 6.147148 ] ] } },
{ "type": "Feature", "properties": { "source": "BARBOSA", "target": "ABEJORRAL", "distance": 0.5, "betweenness": 0.00015756302521008402, "weight": 0.10015756302521009 }, "geometry": { "type": "LineString", "coordinates": [ [ -75.331627, 6.439195 ], [ -75.428739, 5.789315 ] ] } },
{ "type": "Feature", "properties": { "source": "BARBOSA", "target": "SAN CARLOS", "distance": 0.5, "betweenness": 0.00016721884832364317, "weight": 0.10016721884832365 }, "geometry": { "type": "LineString", "coordinates": [ [ -75.331627, 6.439195 ], [ -74.988097, 6.187746 ] ] } },
{ "type": "Feature", "properties": { "source": "BARBOSA", "target": "EL CARMEN DE VIBORAL", "distance": 0.5, "betweenness": 0.00023601716842994351, "weight": 0.10023601716842995 }, "geometry": { "type": "LineString", "coordinates": [ [ -75.331627, 6.439195 ], [ -75.333901, 6.082885 ] ] } },
{ "type": "Feature", "properties": { "source": "BARBOSA", "target": "LA UNIÓN", "distance": 0.5, "betweenness": 0.00016006402561024409, "weight": 0.10016006402561024 }, "geometry": { "type": "LineString", "coordinates": [ [ -75.331627, 6.439195 ], [ -75.360874, 5.973845 ] ] } },
{ "type": "Feature", "properties": { "source": "BARBOSA", "target": "SAN PEDRO DE LOS MILAGROS", "distance": 0.5, "betweenness": 0.00028011204481792715, "weight": 0.10028011204481793 }, "geometry": { "type": "LineString", "coordinates": [ [ -75.331627, 6.439195 ], [ -75.556743, 6.46012 ] ] } },
{ "type": "Feature", "properties": { "source": "BARBOSA", "target": "EBÉJICO", "distance": 0.5, "betweenness": 0.00016318945879005193, "weight": 0.10016318945879006 }, "geometry": { "type": "LineString", "coordinates": [ [ -75.331627, 6.439195 ], [ -75.766413, 6.325615 ] ] } },
{ "type": "Feature", "properties": { "source": "BARBOSA", "target": "BELLO", "distance": 0.5, "betweenness": 0.00014005602240896358, "weight": 0.10014005602240897 }, "geometry": { "type": "LineString", "coordinates": [ [ -75.331627, 6.439195 ], [ -75.555245, 6.333587 ] ] } },
{ "type": "Feature", "properties": { "source": "BARBOSA", "target": "PEÑOL", "distance": 0.5, "betweenness": 0.00016830261516371253, "weight": 0.10016830261516371 }, "geometry": { "type": "LineString", "coordinates": [ [ -75.331627, 6.439195 ], [ -75.242693, 6.219349 ] ] } },
{ "type": "Feature", "properties": { "source": "BARBOSA", "target": "CARACOLÍ", "distance": 0.5, "betweenness": 0.0006767531448893156, "weight": 0.10067675314488932 }, "geometry": { "type": "LineString", "coordinates": [ [ -75.331627, 6.439195 ], [ -74.757421, 6.409829 ] ] } },
{ "type": "Feature", "properties": { "source": "BARBOSA", "target": "CALDAS", "distance": 0.5, "betweenness": 0.00015561780267662621, "weight": 0.10015561780267664 }, "geometry": { "type": "LineString", "coordinates": [ [ -75.331627, 6.439195 ], [ -75.633673, 6.091077 ] ] } },
{ "type": "Feature", "properties": { "source": "BARBOSA", "target": "VEGACHÍ", "distance": 0.5, "betweenness": 0.00051205510545903048, "weight": 0.10051205510545903 }, "geometry": { "type": "LineString", "coordinates": [ [ -75.331627, 6.439195 ], [ -74.798714, 6.773525 ] ] } },
{ "type": "Feature", "properties": { "source": "BARBOSA", "target": "RETIRO", "distance": 0.5, "betweenness": 0.00014005602240896358, "weight": 0.10014005602240897 }, "geometry": { "type": "LineString", "coordinates": [ [ -75.331627, 6.439195 ], [ -75.501301, 6.062454 ] ] } },
{ "type": "Feature", "properties": { "source": "BARBOSA", "target": "GRANADA", "distance": 0.5, "betweenness": 0.00016830261516371253, "weight": 0.10016830261516371 }, "geometry": { "type": "LineString", "coordinates": [ [ -75.331627, 6.439195 ], [ -75.184446, 6.142892 ] ] } },
{ "type": "Feature", "properties": { "source": "BARBOSA", "target": "YALÍ", "distance": 0.5, "betweenness": 0.00018389218432471026, "weight": 0.10018389218432472 }, "geometry": { "type": "LineString", "coordinates": [ [ -75.331627, 6.439195 ], [ -74.840059, 6.676554 ] ] } },
{ "type": "Feature", "properties": { "source": "BARBOSA", "target": "SAN RAFAEL", "distance": 0.5, "betweenness": 0.00022985501390098521, "weight": 0.10022985501390098 }, "geometry": { "type": "LineString", "coordinates": [ [ -75.331627, 6.439195 ], [ -75.02849, 6.293759 ] ] } },
{ "type": "Feature", "properties": { "source": "BARBOSA", "target": "GUARNE", "distance": 0.33333333333333331, "betweenness": 0.00074268596327419845, "weight": 0.10074268596327421 }, "geometry": { "type": "LineString", "coordinates": [ [ -75.331627, 6.439195 ], [ -75.441612, 6.27787 ] ] } },
{ "type": "Feature", "properties": { "source": "BARBOSA", "target": "EL SANTUARIO", "distance": 0.5, "betweenness": 0.00014005602240896358, "weight": 0.10014005602240897 }, "geometry": { "type": "LineString", "coordinates": [ [ -75.331627, 6.439195 ], [ -75.265465, 6.136871 ] ] } },
{ "type": "Feature", "properties": { "source": "BARBOSA", "target": "HELICONIA", "distance": 0.5, "betweenness": 0.00014005602240896358, "weight": 0.10014005602240897 }, "geometry": { "type": "LineString", "coordinates": [ [ -75.331627, 6.439195 ], [ -75.734322, 6.206757 ] ] } },
{ "type": "Feature", "properties": { "source": "BARBOSA", "target": "LA CEJA", "distance": 0.5, "betweenness": 0.00021343218985206815, "weight": 0.10021343218985207 }, "geometry": { "type": "LineString", "coordinates": [ [ -75.331627, 6.439195 ], [ -75.429433, 6.028062 ] ] } },
{ "type": "Feature", "properties": { "source": "BARBOSA", "target": "CISNEROS", "distance": 0.5, "betweenness": 0.00019843299638696058, "weight": 0.10019843299638696 }, "geometry": { "type": "LineString", "coordinates": [ [ -75.331627, 6.439195 ], [ -75.087047, 6.537829 ] ] } },
{ "type": "Feature", "properties": { "source": "BARBOSA", "target": "SANTO DOMINGO", "distance": 0.5, "betweenness": 0.00017630581644422473, "weight": 0.10017630581644422 }, "geometry": { "type": "LineString", "coordinates": [ [ -75.331627, 6.439195 ], [ -75.164903, 6.473032 ] ] } },
{ "type": "Feature", "properties": { "source": "BARBOSA", "target": "MONTEBELLO", "distance": 0.5, "betweenness": 0.00024491791536940797, "weight": 0.10024491791536941 }, "geometry": { "type": "LineString", "coordinates": [ [ -75.331627, 6.439195 ], [ -75.523455, 5.946313 ] ] } },
{ "type": "Feature", "properties": { "source": "BARBOSA", "target": "SAN LUIS", "distance": 0.5, "betweenness": 0.0003408777896738715, "weight": 0.10034087778967388 }, "geometry": { "type": "LineString", "coordinates": [ [ -75.331627, 6.439195 ], [ -74.993619, 6.043017 ] ] } },
{ "type": "Feature", "properties": { "source": "BARBOSA", "target": "ALEJANDRÍA", "distance": 0.5, "betweenness": 0.00018831061836499299, "weight": 0.100188310618365 }, "geometry": { "type": "LineString", "coordinates": [ [ -75.331627, 6.439195 ], [ -75.141346, 6.376061 ] ] } },
{ "type": "Feature", "properties": { "source": "BARBOSA", "target": "ENVIGADO", "distance": 0.5, "betweenness": 0.00016339869281045751, "weight": 0.10016339869281046 }, "geometry": { "type": "LineString", "coordinates": [ [ -75.331627, 6.439195 ], [ -75.582192, 6.166695 ] ] } },
{ "type": "Feature", "properties": { "source": "BARBOSA", "target": "GUATAPÉ", "distance": 0.5, "betweenness": 0.000148294611962432, "weight": 0.10014829461196244 }, "geometry": { "type": "LineString", "coordinates": [ [ -75.331627, 6.439195 ], [ -75.160041, 6.232461 ] ] } },
{ "type": "Feature", "properties": { "source": "BARBOSA", "target": "SAN FRANCISCO", "distance": 0.5, "betweenness": 0.00017507002801120446, "weight": 0.10017507002801121 }, "geometry": { "type": "LineString", "coordinates": [ [ -75.331627, 6.439195 ], [ -75.101562, 5.963476 ] ] } },
{ "type": "Feature", "properties": { "source": "BARBOSA", "target": "LA ESTRELLA", "distance": 0.5, "betweenness": 0.0002108008978992666, "weight": 0.10021080089789927 }, "geometry": { "type": "LineString", "coordinates": [ [ -75.331627, 6.439195 ], [ -75.637708, 6.145238 ] ] } },
{ "type": "Feature", "properties": { "source": "BARBOSA", "target": "ANGELÓPOLIS", "distance": 0.5, "betweenness": 0.00028011204481792715, "weight": 0.10028011204481793 }, "geometry": { "type": "LineString", "coordinates": [ [ -75.331627, 6.439195 ], [ -75.711389, 6.109719 ] ] } },
{ "type": "Feature", "properties": { "source": "BARBOSA", "target": "MARINILLA", "distance": 0.5, "betweenness": 0.00015044479330193614, "weight": 0.10015044479330194 }, "geometry": { "type": "LineString", "coordinates": [ [ -75.331627, 6.439195 ], [ -75.339345, 6.173995 ] ] } },
{ "type": "Feature", "properties": { "source": "BARBOSA", "target": "AMAGÁ", "distance": 0.5, "betweenness": 0.00014005602240896358, "weight": 0.10014005602240897 }, "geometry": { "type": "LineString", "coordinates": [ [ -75.331627, 6.439195 ], [ -75.702188, 6.038708 ] ] } },
{ "type": "Feature", "properties": { "source": "BARBOSA", "target": "COPACABANA", "distance": 0.5, "betweenness": 0.00014005602240896358, "weight": 0.10014005602240897 }, "geometry": { "type": "LineString", "coordinates": [ [ -75.331627, 6.439195 ], [ -75.509384, 6.348557 ] ] } },
{ "type": "Feature", "properties": { "source": "BARBOSA", "target": "SANTA BÁRBARA", "distance": 0.5, "betweenness": 0.00014005602240896358, "weight": 0.10014005602240897 }, "geometry": { "type": "LineString", "coordinates": [ [ -75.331627, 6.439195 ], [ -75.567351, 5.875527 ] ] } },
{ "type": "Feature", "properties": { "source": "BARBOSA", "target": "SONSÓN", "distance": 0.5, "betweenness": 0.00056686020197591156, "weight": 0.10056686020197592 }, "geometry": { "type": "LineString", "coordinates": [ [ -75.331627, 6.439195 ], [ -75.309596, 5.714851 ] ] } },
{ "type": "Feature", "properties": { "source": "BARBOSA", "target": "COCORNÁ", "distance": 0.5, "betweenness": 0.00020435961382319639, "weight": 0.10020435961382321 }, "geometry": { "type": "LineString", "coordinates": [ [ -75.331627, 6.439195 ], [ -75.185483, 6.058295 ] ] } },
{ "type": "Feature", "properties": { "source": "BARBOSA", "target": "MACEO", "distance": 0.5, "betweenness": 0.00021008403361344539, "weight": 0.10021008403361345 }, "geometry": { "type": "LineString", "coordinates": [ [ -75.331627, 6.439195 ], [ -74.78716, 6.552116 ] ] } },
{ "type": "Feature", "properties": { "source": "BARBOSA", "target": "CAICEDO", "distance": 0.5, "betweenness": 0.00023109243697478989, "weight": 0.1002310924369748 }, "geometry": { "type": "LineString", "coordinates": [ [ -75.331627, 6.439195 ], [ -75.98293, 6.405607 ] ] } },
{ "type": "Feature", "properties": { "source": "BARBOSA", "target": "VENECIA", "distance": 0.5, "betweenness": 0.00021533613445378152, "weight": 0.10021533613445378 }, "geometry": { "type": "LineString", "coordinates": [ [ -75.331627, 6.439195 ], [ -75.735544, 5.964693 ] ] } },
{ "type": "Feature", "properties": { "source": "BARBOSA", "target": "BETULIA", "distance": 0.33333333333333331, "betweenness": 0.0011581854964207905, "weight": 0.10115818549642079 }, "geometry": { "type": "LineString", "coordinates": [ [ -75.331627, 6.439195 ], [ -75.984452, 6.115208 ] ] } },
{ "type": "Feature", "properties": { "source": "BARBOSA", "target": "FREDONIA", "distance": 0.33333333333333331, "betweenness": 0.00063297541238717706, "weight": 0.10063297541238718 }, "geometry": { "type": "LineString", "coordinates": [ [ -75.331627, 6.439195 ], [ -75.675072, 5.928039 ] ] } },
{ "type": "Feature", "properties": { "source": "BARBOSA", "target": "ANZÁ", "distance": 0.5, "betweenness": 0.00033163265306122445, "weight": 0.10033163265306123 }, "geometry": { "type": "LineString", "coordinates": [ [ -75.331627, 6.439195 ], [ -75.854442, 6.302641 ] ] } },
{ "type": "Feature", "properties": { "source": "BARBOSA", "target": "CONCORDIA", "distance": 0.5, "betweenness": 0.00023237072606820502, "weight": 0.10023237072606821 }, "geometry": { "type": "LineString", "coordinates": [ [ -75.331627, 6.439195 ], [ -75.908448, 6.045738 ] ] } },
{ "type": "Feature", "properties": { "source": "BARBOSA", "target": "ARMENIA", "distance": 0.5, "betweenness": 0.00022406184696100665, "weight": 0.10022406184696102 }, "geometry": { "type": "LineString", "coordinates": [ [ -75.331627, 6.439195 ], [ -75.786647, 6.155667 ] ] } },
{ "type": "Feature", "properties": { "source": "BARBOSA", "target": "TITIRIBÍ", "distance": 0.33333333333333331, "betweenness": 0.0020978947134409312, "weight": 0.10209789471344094 }, "geometry": { "type": "LineString", "coordinates": [ [ -75.331627, 6.439195 ], [ -75.791887, 6.062391 ] ] } },
{ "type": "Feature", "properties": { "source": "BARBOSA", "target": "ITAGÜÍ", "distance": 0.5, "betweenness": 0.00017266906762705082, "weight": 0.10017266906762706 }, "geometry": { "type": "LineString", "coordinates": [ [ -75.331627, 6.439195 ], [ -75.612056, 6.175079 ] ] } },
{ "type": "Feature", "properties": { "source": "BARBOSA", "target": "SABANETA", "distance": 0.5, "betweenness": 0.00017507002801120446, "weight": 0.10017507002801121 }, "geometry": { "type": "LineString", "coordinates": [ [ -75.331627, 6.439195 ], [ -75.615479, 6.149903 ] ] } },
{ "type": "Feature", "properties": { "source": "BARBOSA", "target": "PUERTO NARE", "distance": 0.5, "betweenness": 0.0013606973874618687, "weight": 0.10136069738746187 }, "geometry": { "type": "LineString", "coordinates": [ [ -75.331627, 6.439195 ], [ -74.583012, 6.186025 ] ] } },
{ "type": "Feature", "properties": { "source": "BARBOSA", "target": "REMEDIOS", "distance": 1.0, "betweenness": 0.0, "weight": 0.1 }, "geometry": { "type": "LineString", "coordinates": [ [ -75.331627, 6.439195 ], [ -74.698135, 7.029424 ] ] } },
{ "type": "Feature", "properties": { "source": "BARBOSA", "target": "PUERTO BERRÍO", "distance": 1.0, "betweenness": 8.2385895534684455e-06, "weight": 0.10000823858955347 }, "geometry": { "type": "LineString", "coordinates": [ [ -75.331627, 6.439195 ], [ -74.410016, 6.487028 ] ] } },
{ "type": "Feature", "properties": { "source": "EBÉJICO", "target": "ABEJORRAL", "distance": 0.5, "betweenness": 0.00016851409022390312, "weight": 0.10016851409022391 }, "geometry": { "type": "LineString", "coordinates": [ [ -75.766413, 6.325615 ], [ -75.428739, 5.789315 ] ] } },
{ "type": "Feature", "properties": { "source": "EBÉJICO", "target": "JERICÓ", "distance": 0.5, "betweenness": 0.00015673159944981573, "weight": 0.10015673159944982 }, "geometry": { "type": "LineString", "coordinates": [ [ -75.766413, 6.325615 ], [ -75.785499, 5.789748 ] ] } },
{ "type": "Feature", "properties": { "source": "EBÉJICO", "target": "SANTA BÁRBARA", "distance": 0.5, "betweenness": 0.00016073320009007185, "weight": 0.10016073320009007 }, "geometry": { "type": "LineString", "coordinates": [ [ -75.766413, 6.325615 ], [ -75.567351, 5.875527 ] ] } },
{ "type": "Feature", "properties": { "source": "EBÉJICO", "target": "TÁMESIS", "distance": 0.5, "betweenness": 0.00023702536570183625, "weight": 0.10023702536570184 }, "geometry": { "type": "LineString", "coordinates": [ [ -75.766413, 6.325615 ], [ -75.714429, 5.664645 ] ] } },
{ "type": "Feature", "properties": { "source": "EBÉJICO", "target": "GUATAPÉ", "distance": 0.5, "betweenness": 0.00032347579554697686, "weight": 0.10032347579554698 }, "geometry": { "type": "LineString", "coordinates": [ [ -75.766413, 6.325615 ], [ -75.160041, 6.232461 ] ] } },
{ "type": "Feature", "properties": { "source": "EBÉJICO", "target": "LA CEJA", "distance": 0.5, "betweenness": 0.00016073320009007185, "weight": 0.10016073320009007 }, "geometry": { "type": "LineString", "coordinates": [ [ -75.766413, 6.325615 ], [ -75.429433, 6.028062 ] ] } },
{ "type": "Feature", "properties": { "source": "EBÉJICO", "target": "COCORNÁ", "distance": 0.5, "betweenness": 0.00020024594805242353, "weight": 0.10020024594805244 }, "geometry": { "type": "LineString", "coordinates": [ [ -75.766413, 6.325615 ], [ -75.185483, 6.058295 ] ] } },
{ "type": "Feature", "properties": { "source": "EBÉJICO", "target": "CONCORDIA", "distance": 0.5, "betweenness": 0.00015206306536951695, "weight": 0.10015206306536953 }, "geometry": { "type": "LineString", "coordinates": [ [ -75.766413, 6.325615 ], [ -75.908448, 6.045738 ] ] } },
{ "type": "Feature", "properties": { "source": "EBÉJICO", "target": "MARINILLA", "distance": 0.5, "betweenness": 0.00023355297715777195, "weight": 0.10023355297715777 }, "geometry": { "type": "LineString", "coordinates": [ [ -75.766413, 6.325615 ], [ -75.339345, 6.173995 ] ] } },
{ "type": "Feature", "properties": { "source": "EBÉJICO", "target": "LA UNIÓN", "distance": 0.5, "betweenness": 0.00019185676062539705, "weight": 0.10019185676062541 }, "geometry": { "type": "LineString", "coordinates": [ [ -75.766413, 6.325615 ], [ -75.360874, 5.973845 ] ] } },
{ "type": "Feature", "properties": { "source": "EBÉJICO", "target": "CAICEDO", "distance": 0.5, "betweenness": 0.00014005602240896358, "weight": 0.10014005602240897 }, "geometry": { "type": "LineString", "coordinates": [ [ -75.766413, 6.325615 ], [ -75.98293, 6.405607 ] ] } },
{ "type": "Feature", "properties": { "source": "EBÉJICO", "target": "SALGAR", "distance": 0.5, "betweenness": 0.00015206306536951695, "weight": 0.10015206306536953 }, "geometry": { "type": "LineString", "coordinates": [ [ -75.766413, 6.325615 ], [ -75.976807, 5.964198 ] ] } },
{ "type": "Feature", "properties": { "source": "EBÉJICO", "target": "SAN PEDRO DE LOS MILAGROS", "distance": 0.5, "betweenness": 0.00063425370148059213, "weight": 0.1006342537014806 }, "geometry": { "type": "LineString", "coordinates": [ [ -75.766413, 6.325615 ], [ -75.556743, 6.46012 ] ] } },
{ "type": "Feature", "properties": { "source": "EBÉJICO", "target": "ENVIGADO", "distance": 0.5, "betweenness": 0.00023076121129455364, "weight": 0.10023076121129455 }, "geometry": { "type": "LineString", "coordinates": [ [ -75.766413, 6.325615 ], [ -75.582192, 6.166695 ] ] } },
{ "type": "Feature", "properties": { "source": "EBÉJICO", "target": "CIUDAD BOLÍVAR", "distance": 0.5, "betweenness": 0.00019563605011897232, "weight": 0.10019563605011898 }, "geometry": { "type": "LineString", "coordinates": [ [ -75.766413, 6.325615 ], [ -76.021509, 5.850273 ] ] } },
{ "type": "Feature", "properties": { "source": "EBÉJICO", "target": "BELLO", "distance": 0.5, "betweenness": 0.00029574553835871257, "weight": 0.10029574553835872 }, "geometry": { "type": "LineString", "coordinates": [ [ -75.766413, 6.325615 ], [ -75.555245, 6.333587 ] ] } },
{ "type": "Feature", "properties": { "source": "EBÉJICO", "target": "MONTEBELLO", "distance": 0.5, "betweenness": 0.00016700389306049213, "weight": 0.10016700389306049 }, "geometry": { "type": "LineString", "coordinates": [ [ -75.766413, 6.325615 ], [ -75.523455, 5.946313 ] ] } },
{ "type": "Feature", "properties": { "source": "EBÉJICO", "target": "CALDAS", "distance": 0.5, "betweenness": 0.00023076121129455364, "weight": 0.10023076121129455 }, "geometry": { "type": "LineString", "coordinates": [ [ -75.766413, 6.325615 ], [ -75.633673, 6.091077 ] ] } },
{ "type": "Feature", "properties": { "source": "EBÉJICO", "target": "PEÑOL", "distance": 0.5, "betweenness": 0.00020676244353950724, "weight": 0.10020676244353952 }, "geometry": { "type": "LineString", "coordinates": [ [ -75.766413, 6.325615 ], [ -75.242693, 6.219349 ] ] } },
{ "type": "Feature", "properties": { "source": "EBÉJICO", "target": "AMAGÁ", "distance": 0.5, "betweenness": 0.0001523548487495356, "weight": 0.10015235484874954 }, "geometry": { "type": "LineString", "coordinates": [ [ -75.766413, 6.325615 ], [ -75.702188, 6.038708 ] ] } },
{ "type": "Feature", "properties": { "source": "EBÉJICO", "target": "SANTO DOMINGO", "distance": 0.5, "betweenness": 0.00019625824185883498, "weight": 0.10019625824185883 }, "geometry": { "type": "LineString", "coordinates": [ [ -75.766413, 6.325615 ], [ -75.164903, 6.473032 ] ] } },
{ "type": "Feature", "properties": { "source": "EBÉJICO", "target": "RIONEGRO", "distance": 0.5, "betweenness": 0.00016851409022390312, "weight": 0.10016851409022391 }, "geometry": { "type": "LineString", "coordinates": [ [ -75.766413, 6.325615 ], [ -75.377316, 6.147148 ] ] } },
{ "type": "Feature", "properties": { "source": "EBÉJICO", "target": "VALPARAÍSO", "distance": 1.0, "betweenness": 4.3767507002801117e-06, "weight": 0.10000437675070029 }, "geometry": { "type": "LineString", "coordinates": [ [ -75.766413, 6.325615 ], [ -75.624452, 5.614555 ] ] } },
{ "type": "Feature", "properties": { "source": "EBÉJICO", "target": "ANZÁ", "distance": 0.5, "betweenness": 0.00014457395861570434, "weight": 0.10014457395861572 }, "geometry": { "type": "LineString", "coordinates": [ [ -75.766413, 6.325615 ], [ -75.854442, 6.302641 ] ] } },
{ "type": "Feature", "properties": { "source": "EBÉJICO", "target": "BETULIA", "distance": 0.5, "betweenness": 0.00021897872052046622, "weight": 0.10021897872052048 }, "geometry": { "type": "LineString", "coordinates": [ [ -75.766413, 6.325615 ], [ -75.984452, 6.115208 ] ] } },
{ "type": "Feature", "properties": { "source": "EBÉJICO", "target": "COPACABANA", "distance": 0.5, "betweenness": 0.00015154672980303229, "weight": 0.10015154672980303 }, "geometry": { "type": "LineString", "coordinates": [ [ -75.766413, 6.325615 ], [ -75.509384, 6.348557 ] ] } },
{ "type": "Feature", "properties": { "source": "EBÉJICO", "target": "EL SANTUARIO", "distance": 0.5, "betweenness": 0.00017223474357063083, "weight": 0.10017223474357063 }, "geometry": { "type": "LineString", "coordinates": [ [ -75.766413, 6.325615 ], [ -75.265465, 6.136871 ] ] } },
{ "type": "Feature", "properties": { "source": "EBÉJICO", "target": "EL CARMEN DE VIBORAL", "distance": 0.5, "betweenness": 0.00022068878226935343, "weight": 0.10022068878226936 }, "geometry": { "type": "LineString", "coordinates": [ [ -75.766413, 6.325615 ], [ -75.333901, 6.082885 ] ] } },
{ "type": "Feature", "properties": { "source": "EBÉJICO", "target": "GUARNE", "distance": 0.5, "betweenness": 0.0002996754257258458, "weight": 0.10029967542572585 }, "geometry": { "type": "LineString", "coordinates": [ [ -75.766413, 6.325615 ], [ -75.441612, 6.27787 ] ] } },
{ "type": "Feature", "properties": { "source": "EBÉJICO", "target": "GRANADA", "distance": 0.5, "betweenness": 0.00020676244353950724, "weight": 0.10020676244353952 }, "geometry": { "type": "LineString", "coordinates": [ [ -75.766413, 6.325615 ], [ -75.184446, 6.142892 ] ] } },
{ "type": "Feature", "properties": { "source": "EBÉJICO", "target": "RETIRO", "distance": 0.5, "betweenness": 0.00016851409022390312, "weight": 0.10016851409022391 }, "geometry": { "type": "LineString", "coordinates": [ [ -75.766413, 6.325615 ], [ -75.501301, 6.062454 ] ] } },
{ "type": "Feature", "properties": { "source": "EBÉJICO", "target": "FREDONIA", "distance": 0.5, "betweenness": 0.00016073320009007185, "weight": 0.10016073320009007 }, "geometry": { "type": "LineString", "coordinates": [ [ -75.766413, 6.325615 ], [ -75.675072, 5.928039 ] ] } },
{ "type": "Feature", "properties": { "source": "EBÉJICO", "target": "ARMENIA", "distance": 0.5, "betweenness": 0.00015206306536951695, "weight": 0.10015206306536953 }, "geometry": { "type": "LineString", "coordinates": [ [ -75.766413, 6.325615 ], [ -75.786647, 6.155667 ] ] } },
{ "type": "Feature", "properties": { "source": "EBÉJICO", "target": "HISPANIA", "distance": 1.0, "betweenness": 4.5179362067407606e-06, "weight": 0.10000451793620675 }, "geometry": { "type": "LineString", "coordinates": [ [ -75.766413, 6.325615 ], [ -75.906587, 5.799461 ] ] } },
{ "type": "Feature", "properties": { "source": "EBÉJICO", "target": "LA ESTRELLA", "distance": 0.5, "betweenness": 0.00015635644938979173, "weight": 0.10015635644938979 }, "geometry": { "type": "LineString", "coordinates": [ [ -75.766413, 6.325615 ], [ -75.637708, 6.145238 ] ] } },
{ "type": "Feature", "properties": { "source": "EBÉJICO", "target": "BETANIA", "distance": 0.5, "betweenness": 0.00020416724037285161, "weight": 0.10020416724037286 }, "geometry": { "type": "LineString", "coordinates": [ [ -75.766413, 6.325615 ], [ -75.97679, 5.74615 ] ] } },
{ "type": "Feature", "properties": { "source": "EBÉJICO", "target": "HELICONIA", "distance": 0.5, "betweenness": 0.00015206306536951695, "weight": 0.10015206306536953 }, "geometry": { "type": "LineString", "coordinates": [ [ -75.766413, 6.325615 ], [ -75.734322, 6.206757 ] ] } },
{ "type": "Feature", "properties": { "source": "EBÉJICO", "target": "TITIRIBÍ", "distance": 0.5, "betweenness": 0.00015206306536951695, "weight": 0.10015206306536953 }, "geometry": { "type": "LineString", "coordinates": [ [ -75.766413, 6.325615 ], [ -75.791887, 6.062391 ] ] } },
{ "type": "Feature", "properties": { "source": "EBÉJICO", "target": "TARSO", "distance": 0.5, "betweenness": 0.00017603730152862705, "weight": 0.10017603730152863 }, "geometry": { "type": "LineString", "coordinates": [ [ -75.766413, 6.325615 ], [ -75.822956, 5.864542 ] ] } },
{ "type": "Feature", "properties": { "source": "EBÉJICO", "target": "ALEJANDRÍA", "distance": 0.5, "betweenness": 0.00020676244353950724, "weight": 0.10020676244353952 }, "geometry": { "type": "LineString", "coordinates": [ [ -75.766413, 6.325615 ], [ -75.141346, 6.376061 ] ] } },
{ "type": "Feature", "properties": { "source": "EBÉJICO", "target": "VENECIA", "distance": 0.5, "betweenness": 0.00019889900404606285, "weight": 0.10019889900404606 }, "geometry": { "type": "LineString", "coordinates": [ [ -75.766413, 6.325615 ], [ -75.735544, 5.964693 ] ] } },
{ "type": "Feature", "properties": { "source": "EBÉJICO", "target": "ANDES", "distance": 0.5, "betweenness": 0.00026113817309839652, "weight": 0.1002611381730984 }, "geometry": { "type": "LineString", "coordinates": [ [ -75.766413, 6.325615 ], [ -75.878828, 5.657194 ] ] } },
{ "type": "Feature", "properties": { "source": "EBÉJICO", "target": "SABANETA", "distance": 0.5, "betweenness": 0.00034309781260174316, "weight": 0.10034309781260174 }, "geometry": { "type": "LineString", "coordinates": [ [ -75.766413, 6.325615 ], [ -75.615479, 6.149903 ] ] } },
{ "type": "Feature", "properties": { "source": "EBÉJICO", "target": "LA PINTADA", "distance": 1.0, "betweenness": 0.0, "weight": 0.1 }, "geometry": { "type": "LineString", "coordinates": [ [ -75.766413, 6.325615 ], [ -75.60781, 5.743808 ] ] } },
{ "type": "Feature", "properties": { "source": "EBÉJICO", "target": "ANGELÓPOLIS", "distance": 0.5, "betweenness": 0.00029678762185877928, "weight": 0.10029678762185879 }, "geometry": { "type": "LineString", "coordinates": [ [ -75.766413, 6.325615 ], [ -75.711389, 6.109719 ] ] } },
{ "type": "Feature", "properties": { "source": "EBÉJICO", "target": "PUEBLORRICO", "distance": 0.5, "betweenness": 0.00023431818964144796, "weight": 0.10023431818964146 }, "geometry": { "type": "LineString", "coordinates": [ [ -75.766413, 6.325615 ], [ -75.839903, 5.79158 ] ] } },
{ "type": "Feature", "properties": { "source": "EBÉJICO", "target": "SONSÓN", "distance": 1.0, "betweenness": 3.1123560535325239e-06, "weight": 0.10000311235605354 }, "geometry": { "type": "LineString", "coordinates": [ [ -75.766413, 6.325615 ], [ -75.309596, 5.714851 ] ] } },
{ "type": "Feature", "properties": { "source": "EBÉJICO", "target": "SAN RAFAEL", "distance": 0.5, "betweenness": 0.00025428145114254848, "weight": 0.10025428145114255 }, "geometry": { "type": "LineString", "coordinates": [ [ -75.766413, 6.325615 ], [ -75.02849, 6.293759 ] ] } },
{ "type": "Feature", "properties": { "source": "EBÉJICO", "target": "ITAGÜÍ", "distance": 1.0, "betweenness": 0.0, "weight": 0.1 }, "geometry": { "type": "LineString", "coordinates": [ [ -75.766413, 6.325615 ], [ -75.612056, 6.175079 ] ] } },
{ "type": "Feature", "properties": { "source": "EBÉJICO", "target": "SAN CARLOS", "distance": 1.0, "betweenness": 0.0, "weight": 0.1 }, "geometry": { "type": "LineString", "coordinates": [ [ -75.766413, 6.325615 ], [ -74.988097, 6.187746 ] ] } },
{ "type": "Feature", "properties": { "source": "EBÉJICO", "target": "JARDÍN", "distance": 1.0, "betweenness": 0.0, "weight": 0.1 }, "geometry": { "type": "LineString", "coordinates": [ [ -75.766413, 6.325615 ], [ -75.818982, 5.597542 ] ] } },
{ "type": "Feature", "properties": { "source": "SAN PEDRO DE LOS MILAGROS", "target": "RETIRO", "distance": 0.5, "betweenness": 0.0005602240896358543, "weight": 0.10056022408963586 }, "geometry": { "type": "LineString", "coordinates": [ [ -75.556743, 6.46012 ], [ -75.501301, 6.062454 ] ] } },
{ "type": "Feature", "properties": { "source": "SAN PEDRO DE LOS MILAGROS", "target": "CAICEDO", "distance": 0.5, "betweenness": 0.00079031612645057993, "weight": 0.10079031612645059 }, "geometry": { "type": "LineString", "coordinates": [ [ -75.556743, 6.46012 ], [ -75.98293, 6.405607 ] ] } },
{ "type": "Feature", "properties": { "source": "SAN PEDRO DE LOS MILAGROS", "target": "LA UNIÓN", "distance": 0.5, "betweenness": 0.00063025210084033606, "weight": 0.10063025210084034 }, "geometry": { "type": "LineString", "coordinates": [ [ -75.556743, 6.46012 ], [ -75.360874, 5.973845 ] ] } },
{ "type": "Feature", "properties": { "source": "SAN PEDRO DE LOS MILAGROS", "target": "EL CARMEN DE VIBORAL", "distance": 0.5, "betweenness": 0.00084626126606899903, "weight": 0.10084626126606901 }, "geometry": { "type": "LineString", "coordinates": [ [ -75.556743, 6.46012 ], [ -75.333901, 6.082885 ] ] } },
{ "type": "Feature", "properties": { "source": "SAN PEDRO DE LOS MILAGROS", "target": "SANTO DOMINGO", "distance": 0.5, "betweenness": 0.00030345471521942111, "weight": 0.10030345471521943 }, "geometry": { "type": "LineString", "coordinates": [ [ -75.556743, 6.46012 ], [ -75.164903, 6.473032 ] ] } },
{ "type": "Feature", "properties": { "source": "SAN PEDRO DE LOS MILAGROS", "target": "ANZÁ", "distance": 0.5, "betweenness": 0.00029567382508558979, "weight": 0.1002956738250856 }, "geometry": { "type": "LineString", "coordinates": [ [ -75.556743, 6.46012 ], [ -75.854442, 6.302641 ] ] } },
{ "type": "Feature", "properties": { "source": "SAN PEDRO DE LOS MILAGROS", "target": "LA CEJA", "distance": 0.5, "betweenness": 0.00079699894988941641, "weight": 0.10079699894988942 }, "geometry": { "type": "LineString", "coordinates": [ [ -75.556743, 6.46012 ], [ -75.429433, 6.028062 ] ] } },
{ "type": "Feature", "properties": { "source": "SAN PEDRO DE LOS MILAGROS", "target": "MARINILLA", "distance": 0.5, "betweenness": 0.00022047280450641793, "weight": 0.10022047280450642 }, "geometry": { "type": "LineString", "coordinates": [ [ -75.556743, 6.46012 ], [ -75.339345, 6.173995 ] ] } },
{ "type": "Feature", "properties": { "source": "SAN PEDRO DE LOS MILAGROS", "target": "FREDONIA", "distance": 0.5, "betweenness": 0.00038621509209744504, "weight": 0.10038621509209746 }, "geometry": { "type": "LineString", "coordinates": [ [ -75.556743, 6.46012 ], [ -75.675072, 5.928039 ] ] } },
{ "type": "Feature", "properties": { "source": "SAN PEDRO DE LOS MILAGROS", "target": "MONTEBELLO", "distance": 0.5, "betweenness": 0.00084856736812371992, "weight": 0.10084856736812373 }, "geometry": { "type": "LineString", "coordinates": [ [ -75.556743, 6.46012 ], [ -75.523455, 5.946313 ] ] } },
{ "type": "Feature", "properties": { "source": "SAN PEDRO DE LOS MILAGROS", "target": "COCORNÁ", "distance": 0.5, "betweenness": 0.00088463172266673373, "weight": 0.10088463172266673 }, "geometry": { "type": "LineString", "coordinates": [ [ -75.556743, 6.46012 ], [ -75.185483, 6.058295 ] ] } },
{ "type": "Feature", "properties": { "source": "SAN PEDRO DE LOS MILAGROS", "target": "ENVIGADO", "distance": 0.5, "betweenness": 0.00016339869281045751, "weight": 0.10016339869281046 }, "geometry": { "type": "LineString", "coordinates": [ [ -75.556743, 6.46012 ], [ -75.582192, 6.166695 ] ] } },
{ "type": "Feature", "properties": { "source": "SAN PEDRO DE LOS MILAGROS", "target": "BELLO", "distance": 0.5, "betweenness": 0.00014005602240896358, "weight": 0.10014005602240897 }, "geometry": { "type": "LineString", "coordinates": [ [ -75.556743, 6.46012 ], [ -75.555245, 6.333587 ] ] } },
{ "type": "Feature", "properties": { "source": "SAN PEDRO DE LOS MILAGROS", "target": "EL SANTUARIO", "distance": 0.5, "betweenness": 0.00084033613445378145, "weight": 0.10084033613445378 }, "geometry": { "type": "LineString", "coordinates": [ [ -75.556743, 6.46012 ], [ -75.265465, 6.136871 ] ] } },
{ "type": "Feature", "properties": { "source": "SAN PEDRO DE LOS MILAGROS", "target": "ABEJORRAL", "distance": 0.5, "betweenness": 0.00036570183629007155, "weight": 0.10036570183629008 }, "geometry": { "type": "LineString", "coordinates": [ [ -75.556743, 6.46012 ], [ -75.428739, 5.789315 ] ] } },
{ "type": "Feature", "properties": { "source": "SAN PEDRO DE LOS MILAGROS", "target": "SANTA BÁRBARA", "distance": 0.5, "betweenness": 0.00065359477124182991, "weight": 0.10065359477124183 }, "geometry": { "type": "LineString", "coordinates": [ [ -75.556743, 6.46012 ], [ -75.567351, 5.875527 ] ] } },
{ "type": "Feature", "properties": { "source": "SAN PEDRO DE LOS MILAGROS", "target": "AMAGÁ", "distance": 0.5, "betweenness": 0.0007027811124449779, "weight": 0.10070278111244499 }, "geometry": { "type": "LineString", "coordinates": [ [ -75.556743, 6.46012 ], [ -75.702188, 6.038708 ] ] } },
{ "type": "Feature", "properties": { "source": "SAN PEDRO DE LOS MILAGROS", "target": "GRANADA", "distance": 0.5, "betweenness": 0.00028011204481792715, "weight": 0.10028011204481793 }, "geometry": { "type": "LineString", "coordinates": [ [ -75.556743, 6.46012 ], [ -75.184446, 6.142892 ] ] } },
{ "type": "Feature", "properties": { "source": "SAN PEDRO DE LOS MILAGROS", "target": "PEÑOL", "distance": 0.5, "betweenness": 0.00028011204481792715, "weight": 0.10028011204481793 }, "geometry": { "type": "LineString", "coordinates": [ [ -75.556743, 6.46012 ], [ -75.242693, 6.219349 ] ] } },
{ "type": "Feature", "properties": { "source": "SAN PEDRO DE LOS MILAGROS", "target": "CISNEROS", "distance": 0.5, "betweenness": 0.00032679738562091496, "weight": 0.10032679738562092 }, "geometry": { "type": "LineString", "coordinates": [ [ -75.556743, 6.46012 ], [ -75.087047, 6.537829 ] ] } },
{ "type": "Feature", "properties": { "source": "SAN PEDRO DE LOS MILAGROS", "target": "ALEJANDRÍA", "distance": 0.33333333333333331, "betweenness": 0.0016873693922013248, "weight": 0.10168736939220133 }, "geometry": { "type": "LineString", "coordinates": [ [ -75.556743, 6.46012 ], [ -75.141346, 6.376061 ] ] } },
{ "type": "Feature", "properties": { "source": "SAN PEDRO DE LOS MILAGROS", "target": "ANGELÓPOLIS", "distance": 0.5, "betweenness": 0.00099789915966386547, "weight": 0.10099789915966387 }, "geometry": { "type": "LineString", "coordinates": [ [ -75.556743, 6.46012 ], [ -75.711389, 6.109719 ] ] } },
{ "type": "Feature", "properties": { "source": "SAN PEDRO DE LOS MILAGROS", "target": "HELICONIA", "distance": 0.5, "betweenness": 0.00036181139122315584, "weight": 0.10036181139122316 }, "geometry": { "type": "LineString", "coordinates": [ [ -75.556743, 6.46012 ], [ -75.734322, 6.206757 ] ] } },
{ "type": "Feature", "properties": { "source": "SAN PEDRO DE LOS MILAGROS", "target": "RIONEGRO", "distance": 0.5, "betweenness": 0.00021008403361344536, "weight": 0.10021008403361345 }, "geometry": { "type": "LineString", "coordinates": [ [ -75.556743, 6.46012 ], [ -75.377316, 6.147148 ] ] } },
{ "type": "Feature", "properties": { "source": "SAN PEDRO DE LOS MILAGROS", "target": "GUARNE", "distance": 0.5, "betweenness": 0.00021008403361344536, "weight": 0.10021008403361345 }, "geometry": { "type": "LineString", "coordinates": [ [ -75.556743, 6.46012 ], [ -75.441612, 6.27787 ] ] } },
{ "type": "Feature", "properties": { "source": "SAN PEDRO DE LOS MILAGROS", "target": "SALGAR", "distance": 0.5, "betweenness": 0.00049408652349828815, "weight": 0.1004940865234983 }, "geometry": { "type": "LineString", "coordinates": [ [ -75.556743, 6.46012 ], [ -75.976807, 5.964198 ] ] } },
{ "type": "Feature", "properties": { "source": "SAN PEDRO DE LOS MILAGROS", "target": "LA ESTRELLA", "distance": 0.5, "betweenness": 0.00081477689114861629, "weight": 0.10081477689114862 }, "geometry": { "type": "LineString", "coordinates": [ [ -75.556743, 6.46012 ], [ -75.637708, 6.145238 ] ] } },
{ "type": "Feature", "properties": { "source": "SAN PEDRO DE LOS MILAGROS", "target": "BETULIA", "distance": 0.5, "betweenness": 0.00038982259570494854, "weight": 0.10038982259570495 }, "geometry": { "type": "LineString", "coordinates": [ [ -75.556743, 6.46012 ], [ -75.984452, 6.115208 ] ] } },
{ "type": "Feature", "properties": { "source": "SAN PEDRO DE LOS MILAGROS", "target": "TARSO", "distance": 0.5, "betweenness": 0.0017580870732131237, "weight": 0.10175808707321313 }, "geometry": { "type": "LineString", "coordinates": [ [ -75.556743, 6.46012 ], [ -75.822956, 5.864542 ] ] } },
{ "type": "Feature", "properties": { "source": "SAN PEDRO DE LOS MILAGROS", "target": "CALDAS", "distance": 0.5, "betweenness": 0.00067460317460317455, "weight": 0.10067460317460318 }, "geometry": { "type": "LineString", "coordinates": [ [ -75.556743, 6.46012 ], [ -75.633673, 6.091077 ] ] } },
{ "type": "Feature", "properties": { "source": "SAN PEDRO DE LOS MILAGROS", "target": "COPACABANA", "distance": 0.5, "betweenness": 0.00021008403361344536, "weight": 0.10021008403361345 }, "geometry": { "type": "LineString", "coordinates": [ [ -75.556743, 6.46012 ], [ -75.509384, 6.348557 ] ] } },
{ "type": "Feature", "properties": { "source": "SAN PEDRO DE LOS MILAGROS", "target": "SAN LUIS", "distance": 0.5, "betweenness": 0.0010416402380688096, "weight": 0.10104164023806882 }, "geometry": { "type": "LineString", "coordinates": [ [ -75.556743, 6.46012 ], [ -74.993619, 6.043017 ] ] } },
{ "type": "Feature", "properties": { "source": "SAN PEDRO DE LOS MILAGROS", "target": "TITIRIBÍ", "distance": 0.5, "betweenness": 0.0006852741096438574, "weight": 0.10068527410964387 }, "geometry": { "type": "LineString", "coordinates": [ [ -75.556743, 6.46012 ], [ -75.791887, 6.062391 ] ] } },
{ "type": "Feature", "properties": { "source": "SAN PEDRO DE LOS MILAGROS", "target": "SABANETA", "distance": 0.33333333333333331, "betweenness": 0.0028438597661286742, "weight": 0.10284385976612868 }, "geometry": { "type": "LineString", "coordinates": [ [ -75.556743, 6.46012 ], [ -75.615479, 6.149903 ] ] } },
{ "type": "Feature", "properties": { "source": "SAN PEDRO DE LOS MILAGROS", "target": "SAN CARLOS", "distance": 0.5, "betweenness": 0.00033405028678137915, "weight": 0.10033405028678138 }, "geometry": { "type": "LineString", "coordinates": [ [ -75.556743, 6.46012 ], [ -74.988097, 6.187746 ] ] } },
{ "type": "Feature", "properties": { "source": "SAN PEDRO DE LOS MILAGROS", "target": "CONCORDIA", "distance": 0.5, "betweenness": 0.00067260237428304651, "weight": 0.10067260237428305 }, "geometry": { "type": "LineString", "coordinates": [ [ -75.556743, 6.46012 ], [ -75.908448, 6.045738 ] ] } },
{ "type": "Feature", "properties": { "source": "SAN PEDRO DE LOS MILAGROS", "target": "GUATAPÉ", "distance": 0.33333333333333331, "betweenness": 0.00067460317460317455, "weight": 0.10067460317460318 }, "geometry": { "type": "LineString", "coordinates": [ [ -75.556743, 6.46012 ], [ -75.160041, 6.232461 ] ] } },
{ "type": "Feature", "properties": { "source": "SAN PEDRO DE LOS MILAGROS", "target": "SAN RAFAEL", "distance": 0.5, "betweenness": 0.00033132697523453826, "weight": 0.10033132697523454 }, "geometry": { "type": "LineString", "coordinates": [ [ -75.556743, 6.46012 ], [ -75.02849, 6.293759 ] ] } },
{ "type": "Feature", "properties": { "source": "SAN PEDRO DE LOS MILAGROS", "target": "PUEBLORRICO", "distance": 1.0, "betweenness": 0.0, "weight": 0.1 }, "geometry": { "type": "LineString", "coordinates": [ [ -75.556743, 6.46012 ], [ -75.839903, 5.79158 ] ] } },
{ "type": "Feature", "properties": { "source": "SAN PEDRO DE LOS MILAGROS", "target": "VENECIA", "distance": 0.5, "betweenness": 0.00037037037037037035, "weight": 0.10037037037037037 }, "geometry": { "type": "LineString", "coordinates": [ [ -75.556743, 6.46012 ], [ -75.735544, 5.964693 ] ] } },
{ "type": "Feature", "properties": { "source": "SAN PEDRO DE LOS MILAGROS", "target": "ITAGÜÍ", "distance": 0.5, "betweenness": 0.00074623182606375861, "weight": 0.10074623182606376 }, "geometry": { "type": "LineString", "coordinates": [ [ -75.556743, 6.46012 ], [ -75.612056, 6.175079 ] ] } },
{ "type": "Feature", "properties": { "source": "SAN PEDRO DE LOS MILAGROS", "target": "ARMENIA", "distance": 0.33333333333333331, "betweenness": 0.0035435563114134543, "weight": 0.10354355631141346 }, "geometry": { "type": "LineString", "coordinates": [ [ -75.556743, 6.46012 ], [ -75.786647, 6.155667 ] ] } },
{ "type": "Feature", "properties": { "source": "SAN PEDRO DE LOS MILAGROS", "target": "YALÍ", "distance": 0.5, "betweenness": 0.00036823062558356671, "weight": 0.10036823062558357 }, "geometry": { "type": "LineString", "coordinates": [ [ -75.556743, 6.46012 ], [ -74.840059, 6.676554 ] ] } },
{ "type": "Feature", "properties": { "source": "SAN PEDRO DE LOS MILAGROS", "target": "CIUDAD BOLÍVAR", "distance": 1.0, "betweenness": 0.0, "weight": 0.1 }, "geometry": { "type": "LineString", "coordinates": [ [ -75.556743, 6.46012 ], [ -76.021509, 5.850273 ] ] } },
{ "type": "Feature", "properties": { "source": "SAN PEDRO DE LOS MILAGROS", "target": "JERICÓ", "distance": 0.5, "betweenness": 0.00077030812324929969, "weight": 0.1007703081232493 }, "geometry": { "type": "LineString", "coordinates": [ [ -75.556743, 6.46012 ], [ -75.785499, 5.789748 ] ] } },
{ "type": "Feature", "properties": { "source": "SAN PEDRO DE LOS MILAGROS", "target": "SAN FRANCISCO", "distance": 1.0, "betweenness": 0.0, "weight": 0.1 }, "geometry": { "type": "LineString", "coordinates": [ [ -75.556743, 6.46012 ], [ -75.101562, 5.963476 ] ] } },
{ "type": "Feature", "properties": { "source": "BELLO", "target": "EL CARMEN DE VIBORAL", "distance": 0.5, "betweenness": 0.00018917699454772886, "weight": 0.10018917699454774 }, "geometry": { "type": "LineString", "coordinates": [ [ -75.555245, 6.333587 ], [ -75.333901, 6.082885 ] ] } },
{ "type": "Feature", "properties": { "source": "BELLO", "target": "TITIRIBÍ", "distance": 0.5, "betweenness": 0.00021526890326022881, "weight": 0.10021526890326024 }, "geometry": { "type": "LineString", "coordinates": [ [ -75.555245, 6.333587 ], [ -75.791887, 6.062391 ] ] } },
{ "type": "Feature", "properties": { "source": "BELLO", "target": "GUARNE", "distance": 0.5, "betweenness": 0.00017907162865146055, "weight": 0.10017907162865147 }, "geometry": { "type": "LineString", "coordinates": [ [ -75.555245, 6.333587 ], [ -75.441612, 6.27787 ] ] } },
{ "type": "Feature", "properties": { "source": "BELLO", "target": "GRANADA", "distance": 0.5, "betweenness": 0.00014005602240896358, "weight": 0.10014005602240897 }, "geometry": { "type": "LineString", "coordinates": [ [ -75.555245, 6.333587 ], [ -75.184446, 6.142892 ] ] } },
{ "type": "Feature", "properties": { "source": "BELLO", "target": "FREDONIA", "distance": 0.5, "betweenness": 0.00014857555925596041, "weight": 0.10014857555925596 }, "geometry": { "type": "LineString", "coordinates": [ [ -75.555245, 6.333587 ], [ -75.675072, 5.928039 ] ] } },
{ "type": "Feature", "properties": { "source": "BELLO", "target": "CALDAS", "distance": 0.5, "betweenness": 0.0002536175760626831, "weight": 0.10025361757606269 }, "geometry": { "type": "LineString", "coordinates": [ [ -75.555245, 6.333587 ], [ -75.633673, 6.091077 ] ] } },
{ "type": "Feature", "properties": { "source": "BELLO", "target": "MARINILLA", "distance": 0.5, "betweenness": 0.00018836070408312207, "weight": 0.10018836070408313 }, "geometry": { "type": "LineString", "coordinates": [ [ -75.555245, 6.333587 ], [ -75.339345, 6.173995 ] ] } },
{ "type": "Feature", "properties": { "source": "BELLO", "target": "EL SANTUARIO", "distance": 0.5, "betweenness": 0.00014457395861570434, "weight": 0.10014457395861572 }, "geometry": { "type": "LineString", "coordinates": [ [ -75.555245, 6.333587 ], [ -75.265465, 6.136871 ] ] } },
{ "type": "Feature", "properties": { "source": "BELLO", "target": "PEÑOL", "distance": 0.5, "betweenness": 0.00014005602240896358, "weight": 0.10014005602240897 }, "geometry": { "type": "LineString", "coordinates": [ [ -75.555245, 6.333587 ], [ -75.242693, 6.219349 ] ] } },
{ "type": "Feature", "properties": { "source": "BELLO", "target": "COPACABANA", "distance": 0.5, "betweenness": 0.00014524328249818446, "weight": 0.10014524328249819 }, "geometry": { "type": "LineString", "coordinates": [ [ -75.555245, 6.333587 ], [ -75.509384, 6.348557 ] ] } },
{ "type": "Feature", "properties": { "source": "BELLO", "target": "RETIRO", "distance": 0.5, "betweenness": 0.00014857555925596041, "weight": 0.10014857555925596 }, "geometry": { "type": "LineString", "coordinates": [ [ -75.555245, 6.333587 ], [ -75.501301, 6.062454 ] ] } },
{ "type": "Feature", "properties": { "source": "BELLO", "target": "SAN RAFAEL", "distance": 0.5, "betweenness": 0.00020119158774620959, "weight": 0.10020119158774622 }, "geometry": { "type": "LineString", "coordinates": [ [ -75.555245, 6.333587 ], [ -75.02849, 6.293759 ] ] } },
{ "type": "Feature", "properties": { "source": "BELLO", "target": "CAICEDO", "distance": 0.5, "betweenness": 0.0002583861827559306, "weight": 0.10025838618275594 }, "geometry": { "type": "LineString", "coordinates": [ [ -75.555245, 6.333587 ], [ -75.98293, 6.405607 ] ] } },
{ "type": "Feature", "properties": { "source": "BELLO", "target": "COCORNÁ", "distance": 0.5, "betweenness": 0.00016094414305311565, "weight": 0.10016094414305313 }, "geometry": { "type": "LineString", "coordinates": [ [ -75.555245, 6.333587 ], [ -75.185483, 6.058295 ] ] } },
{ "type": "Feature", "properties": { "source": "BELLO", "target": "CONCORDIA", "distance": 0.5, "betweenness": 0.0001690888150633339, "weight": 0.10016908881506334 }, "geometry": { "type": "LineString", "coordinates": [ [ -75.555245, 6.333587 ], [ -75.908448, 6.045738 ] ] } },
{ "type": "Feature", "properties": { "source": "BELLO", "target": "SAN CARLOS", "distance": 0.5, "betweenness": 0.00014939309056956115, "weight": 0.10014939309056957 }, "geometry": { "type": "LineString", "coordinates": [ [ -75.555245, 6.333587 ], [ -74.988097, 6.187746 ] ] } },
{ "type": "Feature", "properties": { "source": "BELLO", "target": "HELICONIA", "distance": 0.5, "betweenness": 0.00018358956485820132, "weight": 0.10018358956485821 }, "geometry": { "type": "LineString", "coordinates": [ [ -75.555245, 6.333587 ], [ -75.734322, 6.206757 ] ] } },
{ "type": "Feature", "properties": { "source": "BELLO", "target": "LA UNIÓN", "distance": 0.5, "betweenness": 0.00014857555925596041, "weight": 0.10014857555925596 }, "geometry": { "type": "LineString", "coordinates": [ [ -75.555245, 6.333587 ], [ -75.360874, 5.973845 ] ] } },
{ "type": "Feature", "properties": { "source": "BELLO", "target": "SANTA BÁRBARA", "distance": 0.5, "betweenness": 0.00017658676373775317, "weight": 0.10017658676373777 }, "geometry": { "type": "LineString", "coordinates": [ [ -75.555245, 6.333587 ], [ -75.567351, 5.875527 ] ] } },
{ "type": "Feature", "properties": { "source": "BELLO", "target": "BETULIA", "distance": 0.5, "betweenness": 0.00023133593613398434, "weight": 0.10023133593613399 }, "geometry": { "type": "LineString", "coordinates": [ [ -75.555245, 6.333587 ], [ -75.984452, 6.115208 ] ] } },
{ "type": "Feature", "properties": { "source": "BELLO", "target": "ENVIGADO", "distance": 0.5, "betweenness": 0.0001952609000589483, "weight": 0.10019526090005895 }, "geometry": { "type": "LineString", "coordinates": [ [ -75.555245, 6.333587 ], [ -75.582192, 6.166695 ] ] } },
{ "type": "Feature", "properties": { "source": "BELLO", "target": "SALGAR", "distance": 0.5, "betweenness": 0.00024884293893510478, "weight": 0.10024884293893511 }, "geometry": { "type": "LineString", "coordinates": [ [ -75.555245, 6.333587 ], [ -75.976807, 5.964198 ] ] } },
{ "type": "Feature", "properties": { "source": "BELLO", "target": "ANZÁ", "distance": 0.5, "betweenness": 0.00015678998872276179, "weight": 0.10015678998872277 }, "geometry": { "type": "LineString", "coordinates": [ [ -75.555245, 6.333587 ], [ -75.854442, 6.302641 ] ] } },
{ "type": "Feature", "properties": { "source": "BELLO", "target": "GUATAPÉ", "distance": 0.5, "betweenness": 0.00014005602240896358, "weight": 0.10014005602240897 }, "geometry": { "type": "LineString", "coordinates": [ [ -75.555245, 6.333587 ], [ -75.160041, 6.232461 ] ] } },
{ "type": "Feature", "properties": { "source": "BELLO", "target": "JERICÓ", "distance": 0.5, "betweenness": 0.0002186035704604422, "weight": 0.10021860357046045 }, "geometry": { "type": "LineString", "coordinates": [ [ -75.555245, 6.333587 ], [ -75.785499, 5.789748 ] ] } },
{ "type": "Feature", "properties": { "source": "BELLO", "target": "PUEBLORRICO", "distance": 0.5, "betweenness": 0.00072102676195926396, "weight": 0.10072102676195926 }, "geometry": { "type": "LineString", "coordinates": [ [ -75.555245, 6.333587 ], [ -75.839903, 5.79158 ] ] } },
{ "type": "Feature", "properties": { "source": "BELLO", "target": "SAN LUIS", "distance": 0.5, "betweenness": 0.00026767155968836638, "weight": 0.10026767155968837 }, "geometry": { "type": "LineString", "coordinates": [ [ -75.555245, 6.333587 ], [ -74.993619, 6.043017 ] ] } },
{ "type": "Feature", "properties": { "source": "BELLO", "target": "TARSO", "distance": 0.5, "betweenness": 0.00040884128170655686, "weight": 0.10040884128170656 }, "geometry": { "type": "LineString", "coordinates": [ [ -75.555245, 6.333587 ], [ -75.822956, 5.864542 ] ] } },
{ "type": "Feature", "properties": { "source": "BELLO", "target": "SONSÓN", "distance": 0.5, "betweenness": 0.0004381624587484854, "weight": 0.1004381624587485 }, "geometry": { "type": "LineString", "coordinates": [ [ -75.555245, 6.333587 ], [ -75.309596, 5.714851 ] ] } },
{ "type": "Feature", "properties": { "source": "BELLO", "target": "SANTO DOMINGO", "distance": 0.5, "betweenness": 0.00014005602240896358, "weight": 0.10014005602240897 }, "geometry": { "type": "LineString", "coordinates": [ [ -75.555245, 6.333587 ], [ -75.164903, 6.473032 ] ] } },
{ "type": "Feature", "properties": { "source": "BELLO", "target": "RIONEGRO", "distance": 0.5, "betweenness": 0.00014857555925596041, "weight": 0.10014857555925596 }, "geometry": { "type": "LineString", "coordinates": [ [ -75.555245, 6.333587 ], [ -75.377316, 6.147148 ] ] } },
{ "type": "Feature", "properties": { "source": "BELLO", "target": "ABEJORRAL", "distance": 0.5, "betweenness": 0.00014857555925596041, "weight": 0.10014857555925596 }, "geometry": { "type": "LineString", "coordinates": [ [ -75.555245, 6.333587 ], [ -75.428739, 5.789315 ] ] } },
{ "type": "Feature", "properties": { "source": "BELLO", "target": "VENECIA", "distance": 0.5, "betweenness": 0.0001952609000589483, "weight": 0.10019526090005895 }, "geometry": { "type": "LineString", "coordinates": [ [ -75.555245, 6.333587 ], [ -75.735544, 5.964693 ] ] } },
{ "type": "Feature", "properties": { "source": "BELLO", "target": "CIUDAD BOLÍVAR", "distance": 0.5, "betweenness": 0.00056407509240255233, "weight": 0.10056407509240256 }, "geometry": { "type": "LineString", "coordinates": [ [ -75.555245, 6.333587 ], [ -76.021509, 5.850273 ] ] } },
{ "type": "Feature", "properties": { "source": "BELLO", "target": "LA ESTRELLA", "distance": 0.5, "betweenness": 0.00028823294023491746, "weight": 0.10028823294023492 }, "geometry": { "type": "LineString", "coordinates": [ [ -75.555245, 6.333587 ], [ -75.637708, 6.145238 ] ] } },
{ "type": "Feature", "properties": { "source": "BELLO", "target": "LA CEJA", "distance": 0.5, "betweenness": 0.0001952609000589483, "weight": 0.10019526090005895 }, "geometry": { "type": "LineString", "coordinates": [ [ -75.555245, 6.333587 ], [ -75.429433, 6.028062 ] ] } },
{ "type": "Feature", "properties": { "source": "BELLO", "target": "MONTEBELLO", "distance": 0.5, "betweenness": 0.00031958759151984637, "weight": 0.10031958759151985 }, "geometry": { "type": "LineString", "coordinates": [ [ -75.555245, 6.333587 ], [ -75.523455, 5.946313 ] ] } },
{ "type": "Feature", "properties": { "source": "BELLO", "target": "CISNEROS", "distance": 0.33333333333333331, "betweenness": 0.003154928638121916, "weight": 0.10315492863812192 }, "geometry": { "type": "LineString", "coordinates": [ [ -75.555245, 6.333587 ], [ -75.087047, 6.537829 ] ] } },
{ "type": "Feature", "properties": { "source": "BELLO", "target": "ALEJANDRÍA", "distance": 0.33333333333333331, "betweenness": 0.0017375561335645367, "weight": 0.10173755613356454 }, "geometry": { "type": "LineString", "coordinates": [ [ -75.555245, 6.333587 ], [ -75.141346, 6.376061 ] ] } },
{ "type": "Feature", "properties": { "source": "BELLO", "target": "ANGELÓPOLIS", "distance": 0.5, "betweenness": 0.0003086395848662045, "weight": 0.10030863958486622 }, "geometry": { "type": "LineString", "coordinates": [ [ -75.555245, 6.333587 ], [ -75.711389, 6.109719 ] ] } },
{ "type": "Feature", "properties": { "source": "BELLO", "target": "LA PINTADA", "distance": 1.0, "betweenness": 0.0, "weight": 0.1 }, "geometry": { "type": "LineString", "coordinates": [ [ -75.555245, 6.333587 ], [ -75.60781, 5.743808 ] ] } },
{ "type": "Feature", "properties": { "source": "BELLO", "target": "AMAGÁ", "distance": 0.5, "betweenness": 0.00021075096705348804, "weight": 0.10021075096705349 }, "geometry": { "type": "LineString", "coordinates": [ [ -75.555245, 6.333587 ], [ -75.702188, 6.038708 ] ] } },
{ "type": "Feature", "properties": { "source": "BELLO", "target": "HISPANIA", "distance": 0.5, "betweenness": 0.0011715124404120883, "weight": 0.10117151244041209 }, "geometry": { "type": "LineString", "coordinates": [ [ -75.555245, 6.333587 ], [ -75.906587, 5.799461 ] ] } },
{ "type": "Feature", "properties": { "source": "BELLO", "target": "TÁMESIS", "distance": 0.5, "betweenness": 0.00064313449394094561, "weight": 0.10064313449394095 }, "geometry": { "type": "LineString", "coordinates": [ [ -75.555245, 6.333587 ], [ -75.714429, 5.664645 ] ] } },
{ "type": "Feature", "properties": { "source": "BELLO", "target": "ARMENIA", "distance": 0.5, "betweenness": 0.0001952609000589483, "weight": 0.10019526090005895 }, "geometry": { "type": "LineString", "coordinates": [ [ -75.555245, 6.333587 ], [ -75.786647, 6.155667 ] ] } },
{ "type": "Feature", "properties": { "source": "BELLO", "target": "SABANETA", "distance": 0.5, "betweenness": 0.00019074296385220753, "weight": 0.10019074296385222 }, "geometry": { "type": "LineString", "coordinates": [ [ -75.555245, 6.333587 ], [ -75.615479, 6.149903 ] ] } },
{ "type": "Feature", "properties": { "source": "BELLO", "target": "ITAGÜÍ", "distance": 0.5, "betweenness": 0.00029563438278537222, "weight": 0.10029563438278538 }, "geometry": { "type": "LineString", "coordinates": [ [ -75.555245, 6.333587 ], [ -75.612056, 6.175079 ] ] } },
{ "type": "Feature", "properties": { "source": "BELLO", "target": "SAN FRANCISCO", "distance": 1.0, "betweenness": 0.0, "weight": 0.1 }, "geometry": { "type": "LineString", "coordinates": [ [ -75.555245, 6.333587 ], [ -75.101562, 5.963476 ] ] } },
{ "type": "Feature", "properties": { "source": "COPACABANA", "target": "EL CARMEN DE VIBORAL", "distance": 0.5, "betweenness": 0.00018021746688959276, "weight": 0.1001802174668896 }, "geometry": { "type": "LineString", "coordinates": [ [ -75.509384, 6.348557 ], [ -75.333901, 6.082885 ] ] } },
{ "type": "Feature", "properties": { "source": "COPACABANA", "target": "SONSÓN", "distance": 0.5, "betweenness": 0.00028164390748090557, "weight": 0.10028164390748091 }, "geometry": { "type": "LineString", "coordinates": [ [ -75.509384, 6.348557 ], [ -75.309596, 5.714851 ] ] } },
{ "type": "Feature", "properties": { "source": "COPACABANA", "target": "LA CEJA", "distance": 0.5, "betweenness": 0.00021964804440294638, "weight": 0.10021964804440295 }, "geometry": { "type": "LineString", "coordinates": [ [ -75.509384, 6.348557 ], [ -75.429433, 6.028062 ] ] } },
{ "type": "Feature", "properties": { "source": "COPACABANA", "target": "SANTO DOMINGO", "distance": 0.5, "betweenness": 0.00015006002400960383, "weight": 0.10015006002400961 }, "geometry": { "type": "LineString", "coordinates": [ [ -75.509384, 6.348557 ], [ -75.164903, 6.473032 ] ] } },
{ "type": "Feature", "properties": { "source": "COPACABANA", "target": "SAN CARLOS", "distance": 0.5, "betweenness": 0.00015006002400960383, "weight": 0.10015006002400961 }, "geometry": { "type": "LineString", "coordinates": [ [ -75.509384, 6.348557 ], [ -74.988097, 6.187746 ] ] } },
{ "type": "Feature", "properties": { "source": "COPACABANA", "target": "GRANADA", "distance": 0.5, "betweenness": 0.00015006002400960383, "weight": 0.10015006002400961 }, "geometry": { "type": "LineString", "coordinates": [ [ -75.509384, 6.348557 ], [ -75.184446, 6.142892 ] ] } },
{ "type": "Feature", "properties": { "source": "COPACABANA", "target": "ABEJORRAL", "distance": 0.5, "betweenness": 0.00020097390808175119, "weight": 0.10020097390808176 }, "geometry": { "type": "LineString", "coordinates": [ [ -75.509384, 6.348557 ], [ -75.428739, 5.789315 ] ] } },
{ "type": "Feature", "properties": { "source": "COPACABANA", "target": "PEÑOL", "distance": 0.5, "betweenness": 0.00015006002400960383, "weight": 0.10015006002400961 }, "geometry": { "type": "LineString", "coordinates": [ [ -75.509384, 6.348557 ], [ -75.242693, 6.219349 ] ] } },
{ "type": "Feature", "properties": { "source": "COPACABANA", "target": "ALEJANDRÍA", "distance": 0.5, "betweenness": 0.00015006002400960383, "weight": 0.10015006002400961 }, "geometry": { "type": "LineString", "coordinates": [ [ -75.509384, 6.348557 ], [ -75.141346, 6.376061 ] ] } },
{ "type": "Feature", "properties": { "source": "COPACABANA", "target": "RETIRO", "distance": 0.5, "betweenness": 0.00014962003319846459, "weight": 0.10014962003319847 }, "geometry": { "type": "LineString", "coordinates": [ [ -75.509384, 6.348557 ], [ -75.501301, 6.062454 ] ] } },
{ "type": "Feature", "properties": { "source": "COPACABANA", "target": "COCORNÁ", "distance": 0.33333333333333331, "betweenness": 0.002210356364768129, "weight": 0.10221035636476813 }, "geometry": { "type": "LineString", "coordinates": [ [ -75.509384, 6.348557 ], [ -75.185483, 6.058295 ] ] } },
{ "type": "Feature", "properties": { "source": "COPACABANA", "target": "GUATAPÉ", "distance": 0.5, "betweenness": 0.00015006002400960383, "weight": 0.10015006002400961 }, "geometry": { "type": "LineString", "coordinates": [ [ -75.509384, 6.348557 ], [ -75.160041, 6.232461 ] ] } },
{ "type": "Feature", "properties": { "source": "COPACABANA", "target": "ANZÁ", "distance": 0.5, "betweenness": 0.00018852448386762113, "weight": 0.10018852448386763 }, "geometry": { "type": "LineString", "coordinates": [ [ -75.509384, 6.348557 ], [ -75.854442, 6.302641 ] ] } },
{ "type": "Feature", "properties": { "source": "COPACABANA", "target": "VENECIA", "distance": 0.5, "betweenness": 0.00021446078431372551, "weight": 0.10021446078431373 }, "geometry": { "type": "LineString", "coordinates": [ [ -75.509384, 6.348557 ], [ -75.735544, 5.964693 ] ] } },
{ "type": "Feature", "properties": { "source": "COPACABANA", "target": "GUARNE", "distance": 0.5, "betweenness": 0.00021446078431372549, "weight": 0.10021446078431373 }, "geometry": { "type": "LineString", "coordinates": [ [ -75.509384, 6.348557 ], [ -75.441612, 6.27787 ] ] } },
{ "type": "Feature", "properties": { "source": "COPACABANA", "target": "FREDONIA", "distance": 0.5, "betweenness": 0.00014962003319846456, "weight": 0.10014962003319847 }, "geometry": { "type": "LineString", "coordinates": [ [ -75.509384, 6.348557 ], [ -75.675072, 5.928039 ] ] } },
{ "type": "Feature", "properties": { "source": "COPACABANA", "target": "SALGAR", "distance": 0.5, "betweenness": 0.00034025184147733168, "weight": 0.10034025184147734 }, "geometry": { "type": "LineString", "coordinates": [ [ -75.509384, 6.348557 ], [ -75.976807, 5.964198 ] ] } },
{ "type": "Feature", "properties": { "source": "COPACABANA", "target": "SAN RAFAEL", "distance": 0.5, "betweenness": 0.00020341469921301855, "weight": 0.10020341469921303 }, "geometry": { "type": "LineString", "coordinates": [ [ -75.509384, 6.348557 ], [ -75.02849, 6.293759 ] ] } },
{ "type": "Feature", "properties": { "source": "COPACABANA", "target": "SABANETA", "distance": 0.5, "betweenness": 0.00019630537400145242, "weight": 0.10019630537400145 }, "geometry": { "type": "LineString", "coordinates": [ [ -75.509384, 6.348557 ], [ -75.615479, 6.149903 ] ] } },
{ "type": "Feature", "properties": { "source": "COPACABANA", "target": "JERICÓ", "distance": 0.5, "betweenness": 0.00014962003319846456, "weight": 0.10014962003319847 }, "geometry": { "type": "LineString", "coordinates": [ [ -75.509384, 6.348557 ], [ -75.785499, 5.789748 ] ] } },
{ "type": "Feature", "properties": { "source": "COPACABANA", "target": "RIONEGRO", "distance": 0.5, "betweenness": 0.00014962003319846459, "weight": 0.10014962003319847 }, "geometry": { "type": "LineString", "coordinates": [ [ -75.509384, 6.348557 ], [ -75.377316, 6.147148 ] ] } },
{ "type": "Feature", "properties": { "source": "COPACABANA", "target": "MARINILLA", "distance": 0.5, "betweenness": 0.00017845599778372885, "weight": 0.10017845599778373 }, "geometry": { "type": "LineString", "coordinates": [ [ -75.509384, 6.348557 ], [ -75.339345, 6.173995 ] ] } },
{ "type": "Feature", "properties": { "source": "COPACABANA", "target": "CALDAS", "distance": 0.5, "betweenness": 0.00024765924888473905, "weight": 0.10024765924888475 }, "geometry": { "type": "LineString", "coordinates": [ [ -75.509384, 6.348557 ], [ -75.633673, 6.091077 ] ] } },
{ "type": "Feature", "properties": { "source": "COPACABANA", "target": "TITIRIBÍ", "distance": 0.5, "betweenness": 0.00014962003319846459, "weight": 0.10014962003319847 }, "geometry": { "type": "LineString", "coordinates": [ [ -75.509384, 6.348557 ], [ -75.791887, 6.062391 ] ] } },
{ "type": "Feature", "properties": { "source": "COPACABANA", "target": "CAICEDO", "distance": 0.5, "betweenness": 0.00024565381708238848, "weight": 0.10024565381708239 }, "geometry": { "type": "LineString", "coordinates": [ [ -75.509384, 6.348557 ], [ -75.98293, 6.405607 ] ] } },
{ "type": "Feature", "properties": { "source": "COPACABANA", "target": "ENVIGADO", "distance": 0.5, "betweenness": 0.00019630537400145242, "weight": 0.10019630537400145 }, "geometry": { "type": "LineString", "coordinates": [ [ -75.509384, 6.348557 ], [ -75.582192, 6.166695 ] ] } },
{ "type": "Feature", "properties": { "source": "COPACABANA", "target": "SAN LUIS", "distance": 0.5, "betweenness": 0.0002543328908875127, "weight": 0.10025433289088752 }, "geometry": { "type": "LineString", "coordinates": [ [ -75.509384, 6.348557 ], [ -74.993619, 6.043017 ] ] } },
{ "type": "Feature", "properties": { "source": "COPACABANA", "target": "TARSO", "distance": 0.5, "betweenness": 0.0003702032159665213, "weight": 0.10037020321596653 }, "geometry": { "type": "LineString", "coordinates": [ [ -75.509384, 6.348557 ], [ -75.822956, 5.864542 ] ] } },
{ "type": "Feature", "properties": { "source": "COPACABANA", "target": "ANGELÓPOLIS", "distance": 0.5, "betweenness": 0.00014962003319846459, "weight": 0.10014962003319847 }, "geometry": { "type": "LineString", "coordinates": [ [ -75.509384, 6.348557 ], [ -75.711389, 6.109719 ] ] } },
{ "type": "Feature", "properties": { "source": "COPACABANA", "target": "HELICONIA", "distance": 0.5, "betweenness": 0.00014962003319846459, "weight": 0.10014962003319847 }, "geometry": { "type": "LineString", "coordinates": [ [ -75.509384, 6.348557 ], [ -75.734322, 6.206757 ] ] } },
{ "type": "Feature", "properties": { "source": "COPACABANA", "target": "AMAGÁ", "distance": 0.5, "betweenness": 0.00014962003319846459, "weight": 0.10014962003319847 }, "geometry": { "type": "LineString", "coordinates": [ [ -75.509384, 6.348557 ], [ -75.702188, 6.038708 ] ] } },
{ "type": "Feature", "properties": { "source": "COPACABANA", "target": "EL SANTUARIO", "distance": 0.5, "betweenness": 0.00014005602240896358, "weight": 0.10014005602240897 }, "geometry": { "type": "LineString", "coordinates": [ [ -75.509384, 6.348557 ], [ -75.265465, 6.136871 ] ] } },
{ "type": "Feature", "properties": { "source": "COPACABANA", "target": "SANTA BÁRBARA", "distance": 0.5, "betweenness": 0.00014962003319846456, "weight": 0.10014962003319847 }, "geometry": { "type": "LineString", "coordinates": [ [ -75.509384, 6.348557 ], [ -75.567351, 5.875527 ] ] } },
{ "type": "Feature", "properties": { "source": "COPACABANA", "target": "LA UNIÓN", "distance": 0.5, "betweenness": 0.00014962003319846456, "weight": 0.10014962003319847 }, "geometry": { "type": "LineString", "coordinates": [ [ -75.509384, 6.348557 ], [ -75.360874, 5.973845 ] ] } },
{ "type": "Feature", "properties": { "source": "COPACABANA", "target": "SAN FRANCISCO", "distance": 1.0, "betweenness": 0.0, "weight": 0.1 }, "geometry": { "type": "LineString", "coordinates": [ [ -75.509384, 6.348557 ], [ -75.101562, 5.963476 ] ] } },
{ "type": "Feature", "properties": { "source": "COPACABANA", "target": "BETULIA", "distance": 0.5, "betweenness": 0.00023520982467060896, "weight": 0.10023520982467062 }, "geometry": { "type": "LineString", "coordinates": [ [ -75.509384, 6.348557 ], [ -75.984452, 6.115208 ] ] } },
{ "type": "Feature", "properties": { "source": "COPACABANA", "target": "TÁMESIS", "distance": 0.5, "betweenness": 0.00048726435018451821, "weight": 0.10048726435018453 }, "geometry": { "type": "LineString", "coordinates": [ [ -75.509384, 6.348557 ], [ -75.714429, 5.664645 ] ] } },
{ "type": "Feature", "properties": { "source": "COPACABANA", "target": "CONCORDIA", "distance": 0.5, "betweenness": 0.00019630537400145242, "weight": 0.10019630537400145 }, "geometry": { "type": "LineString", "coordinates": [ [ -75.509384, 6.348557 ], [ -75.908448, 6.045738 ] ] } },
{ "type": "Feature", "properties": { "source": "COPACABANA", "target": "LA ESTRELLA", "distance": 0.5, "betweenness": 0.00020042466877818663, "weight": 0.1002004246687782 }, "geometry": { "type": "LineString", "coordinates": [ [ -75.509384, 6.348557 ], [ -75.637708, 6.145238 ] ] } },
{ "type": "Feature", "properties": { "source": "COPACABANA", "target": "ARMENIA", "distance": 0.5, "betweenness": 0.00014962003319846459, "weight": 0.10014962003319847 }, "geometry": { "type": "LineString", "coordinates": [ [ -75.509384, 6.348557 ], [ -75.786647, 6.155667 ] ] } },
{ "type": "Feature", "properties": { "source": "COPACABANA", "target": "CIUDAD BOLÍVAR", "distance": 1.0, "betweenness": 0.0, "weight": 0.1 }, "geometry": { "type": "LineString", "coordinates": [ [ -75.509384, 6.348557 ], [ -76.021509, 5.850273 ] ] } },
{ "type": "Feature", "properties": { "source": "COPACABANA", "target": "CISNEROS", "distance": 0.5, "betweenness": 0.00014005602240896358, "weight": 0.10014005602240897 }, "geometry": { "type": "LineString", "coordinates": [ [ -75.509384, 6.348557 ], [ -75.087047, 6.537829 ] ] } },
{ "type": "Feature", "properties": { "source": "COPACABANA", "target": "MONTEBELLO", "distance": 0.5, "betweenness": 0.00015959815298668484, "weight": 0.1001595981529867 }, "geometry": { "type": "LineString", "coordinates": [ [ -75.509384, 6.348557 ], [ -75.523455, 5.946313 ] ] } },
{ "type": "Feature", "properties": { "source": "COPACABANA", "target": "LA PINTADA", "distance": 0.5, "betweenness": 0.00021446078431372549, "weight": 0.10021446078431373 }, "geometry": { "type": "LineString", "coordinates": [ [ -75.509384, 6.348557 ], [ -75.60781, 5.743808 ] ] } },
{ "type": "Feature", "properties": { "source": "COPACABANA", "target": "PUEBLORRICO", "distance": 1.0, "betweenness": 0.0, "weight": 0.1 }, "geometry": { "type": "LineString", "coordinates": [ [ -75.509384, 6.348557 ], [ -75.839903, 5.79158 ] ] } },
{ "type": "Feature", "properties": { "source": "COPACABANA", "target": "ITAGÜÍ", "distance": 1.0, "betweenness": 0.0, "weight": 0.1 }, "geometry": { "type": "LineString", "coordinates": [ [ -75.509384, 6.348557 ], [ -75.612056, 6.175079 ] ] } },
{ "type": "Feature", "properties": { "source": "SANTO DOMINGO", "target": "ENVIGADO", "distance": 0.5, "betweenness": 0.00019841269841269839, "weight": 0.1001984126984127 }, "geometry": { "type": "LineString", "coordinates": [ [ -75.164903, 6.473032 ], [ -75.582192, 6.166695 ] ] } },
{ "type": "Feature", "properties": { "source": "SANTO DOMINGO", "target": "CALDAS", "distance": 0.5, "betweenness": 0.00027310924369747898, "weight": 0.10027310924369748 }, "geometry": { "type": "LineString", "coordinates": [ [ -75.164903, 6.473032 ], [ -75.633673, 6.091077 ] ] } },
{ "type": "Feature", "properties": { "source": "SANTO DOMINGO", "target": "LA CEJA", "distance": 0.5, "betweenness": 0.0002474400458680378, "weight": 0.10024744004586804 }, "geometry": { "type": "LineString", "coordinates": [ [ -75.164903, 6.473032 ], [ -75.429433, 6.028062 ] ] } },
{ "type": "Feature", "properties": { "source": "SANTO DOMINGO", "target": "ALEJANDRÍA", "distance": 0.5, "betweenness": 0.00016456582633053222, "weight": 0.10016456582633054 }, "geometry": { "type": "LineString", "coordinates": [ [ -75.164903, 6.473032 ], [ -75.141346, 6.376061 ] ] } },
{ "type": "Feature", "properties": { "source": "SANTO DOMINGO", "target": "EL SANTUARIO", "distance": 0.5, "betweenness": 0.00015006002400960383, "weight": 0.10015006002400961 }, "geometry": { "type": "LineString", "coordinates": [ [ -75.164903, 6.473032 ], [ -75.265465, 6.136871 ] ] } },
{ "type": "Feature", "properties": { "source": "SANTO DOMINGO", "target": "LA UNIÓN", "distance": 0.5, "betweenness": 0.00016923436041083097, "weight": 0.10016923436041084 }, "geometry": { "type": "LineString", "coordinates": [ [ -75.164903, 6.473032 ], [ -75.360874, 5.973845 ] ] } },
{ "type": "Feature", "properties": { "source": "SANTO DOMINGO", "target": "RIONEGRO", "distance": 0.5, "betweenness": 0.00014005602240896358, "weight": 0.10014005602240897 }, "geometry": { "type": "LineString", "coordinates": [ [ -75.164903, 6.473032 ], [ -75.377316, 6.147148 ] ] } },
{ "type": "Feature", "properties": { "source": "SANTO DOMINGO", "target": "EL CARMEN DE VIBORAL", "distance": 0.5, "betweenness": 0.00023787492738308358, "weight": 0.10023787492738309 }, "geometry": { "type": "LineString", "coordinates": [ [ -75.164903, 6.473032 ], [ -75.333901, 6.082885 ] ] } },
{ "type": "Feature", "properties": { "source": "SANTO DOMINGO", "target": "RETIRO", "distance": 0.33333333333333331, "betweenness": 0.0016368110242502101, "weight": 0.10163681102425022 }, "geometry": { "type": "LineString", "coordinates": [ [ -75.164903, 6.473032 ], [ -75.501301, 6.062454 ] ] } },
{ "type": "Feature", "properties": { "source": "SANTO DOMINGO", "target": "SAN RAFAEL", "distance": 0.5, "betweenness": 0.000203275754746343, "weight": 0.10020327575474634 }, "geometry": { "type": "LineString", "coordinates": [ [ -75.164903, 6.473032 ], [ -75.02849, 6.293759 ] ] } },
{ "type": "Feature", "properties": { "source": "SANTO DOMINGO", "target": "MARINILLA", "distance": 0.5, "betweenness": 0.00014939309056956115, "weight": 0.10014939309056957 }, "geometry": { "type": "LineString", "coordinates": [ [ -75.164903, 6.473032 ], [ -75.339345, 6.173995 ] ] } },
{ "type": "Feature", "properties": { "source": "SANTO DOMINGO", "target": "GUATAPÉ", "distance": 0.5, "betweenness": 0.00014005602240896358, "weight": 0.10014005602240897 }, "geometry": { "type": "LineString", "coordinates": [ [ -75.164903, 6.473032 ], [ -75.160041, 6.232461 ] ] } },
{ "type": "Feature", "properties": { "source": "SANTO DOMINGO", "target": "SAN CARLOS", "distance": 0.5, "betweenness": 0.00017065159397092167, "weight": 0.10017065159397093 }, "geometry": { "type": "LineString", "coordinates": [ [ -75.164903, 6.473032 ], [ -74.988097, 6.187746 ] ] } },
{ "type": "Feature", "properties": { "source": "SANTO DOMINGO", "target": "GUARNE", "distance": 0.5, "betweenness": 0.00016806722689075631, "weight": 0.10016806722689076 }, "geometry": { "type": "LineString", "coordinates": [ [ -75.164903, 6.473032 ], [ -75.441612, 6.27787 ] ] } },
{ "type": "Feature", "properties": { "source": "SANTO DOMINGO", "target": "SAN LUIS", "distance": 0.5, "betweenness": 0.00023484755821111413, "weight": 0.10023484755821112 }, "geometry": { "type": "LineString", "coordinates": [ [ -75.164903, 6.473032 ], [ -74.993619, 6.043017 ] ] } },
{ "type": "Feature", "properties": { "source": "SANTO DOMINGO", "target": "VEGACHÍ", "distance": 0.5, "betweenness": 0.00037876649589755885, "weight": 0.10037876649589757 }, "geometry": { "type": "LineString", "coordinates": [ [ -75.164903, 6.473032 ], [ -74.798714, 6.773525 ] ] } },
{ "type": "Feature", "properties": { "source": "SANTO DOMINGO", "target": "YALÍ", "distance": 0.5, "betweenness": 0.00023906784936196702, "weight": 0.10023906784936197 }, "geometry": { "type": "LineString", "coordinates": [ [ -75.164903, 6.473032 ], [ -74.840059, 6.676554 ] ] } },
{ "type": "Feature", "properties": { "source": "SANTO DOMINGO", "target": "MACEO", "distance": 0.5, "betweenness": 0.00020619358854652973, "weight": 0.10020619358854653 }, "geometry": { "type": "LineString", "coordinates": [ [ -75.164903, 6.473032 ], [ -74.78716, 6.552116 ] ] } },
{ "type": "Feature", "properties": { "source": "SANTO DOMINGO", "target": "PEÑOL", "distance": 0.5, "betweenness": 0.00015756302521008402, "weight": 0.10015756302521009 }, "geometry": { "type": "LineString", "coordinates": [ [ -75.164903, 6.473032 ], [ -75.242693, 6.219349 ] ] } },
{ "type": "Feature", "properties": { "source": "SANTO DOMINGO", "target": "CARACOLÍ", "distance": 0.5, "betweenness": 0.00043178439089930603, "weight": 0.10043178439089931 }, "geometry": { "type": "LineString", "coordinates": [ [ -75.164903, 6.473032 ], [ -74.757421, 6.409829 ] ] } },
{ "type": "Feature", "properties": { "source": "SANTO DOMINGO", "target": "REMEDIOS", "distance": 0.5, "betweenness": 0.00084044372507541753, "weight": 0.10084044372507542 }, "geometry": { "type": "LineString", "coordinates": [ [ -75.164903, 6.473032 ], [ -74.698135, 7.029424 ] ] } },
{ "type": "Feature", "properties": { "source": "SANTO DOMINGO", "target": "GRANADA", "distance": 0.5, "betweenness": 0.00016756702681072427, "weight": 0.10016756702681073 }, "geometry": { "type": "LineString", "coordinates": [ [ -75.164903, 6.473032 ], [ -75.184446, 6.142892 ] ] } },
{ "type": "Feature", "properties": { "source": "SANTO DOMINGO", "target": "COCORNÁ", "distance": 0.5, "betweenness": 0.00022998751204130719, "weight": 0.10022998751204132 }, "geometry": { "type": "LineString", "coordinates": [ [ -75.164903, 6.473032 ], [ -75.185483, 6.058295 ] ] } },
{ "type": "Feature", "properties": { "source": "SANTO DOMINGO", "target": "CISNEROS", "distance": 0.5, "betweenness": 0.00018753975019959677, "weight": 0.1001875397501996 }, "geometry": { "type": "LineString", "coordinates": [ [ -75.164903, 6.473032 ], [ -75.087047, 6.537829 ] ] } },
{ "type": "Feature", "properties": { "source": "SANTO DOMINGO", "target": "PUERTO NARE", "distance": 0.5, "betweenness": 0.00055929349257057925, "weight": 0.10055929349257059 }, "geometry": { "type": "LineString", "coordinates": [ [ -75.164903, 6.473032 ], [ -74.583012, 6.186025 ] ] } },
{ "type": "Feature", "properties": { "source": "SANTO DOMINGO", "target": "SAN FRANCISCO", "distance": 0.5, "betweenness": 0.00015278838808250569, "weight": 0.10015278838808252 }, "geometry": { "type": "LineString", "coordinates": [ [ -75.164903, 6.473032 ], [ -75.101562, 5.963476 ] ] } },
{ "type": "Feature", "properties": { "source": "SANTO DOMINGO", "target": "SONSÓN", "distance": 0.5, "betweenness": 0.00049894484356504461, "weight": 0.10049894484356504 }, "geometry": { "type": "LineString", "coordinates": [ [ -75.164903, 6.473032 ], [ -75.309596, 5.714851 ] ] } },
{ "type": "Feature", "properties": { "source": "SANTO DOMINGO", "target": "HELICONIA", "distance": 0.5, "betweenness": 0.00014005602240896358, "weight": 0.10014005602240897 }, "geometry": { "type": "LineString", "coordinates": [ [ -75.164903, 6.473032 ], [ -75.734322, 6.206757 ] ] } },
{ "type": "Feature", "properties": { "source": "SANTO DOMINGO", "target": "ANGELÓPOLIS", "distance": 0.5, "betweenness": 0.00042016806722689073, "weight": 0.10042016806722689 }, "geometry": { "type": "LineString", "coordinates": [ [ -75.164903, 6.473032 ], [ -75.711389, 6.109719 ] ] } },
{ "type": "Feature", "properties": { "source": "SANTO DOMINGO", "target": "LA ESTRELLA", "distance": 0.5, "betweenness": 0.00031350864766583995, "weight": 0.10031350864766585 }, "geometry": { "type": "LineString", "coordinates": [ [ -75.164903, 6.473032 ], [ -75.637708, 6.145238 ] ] } },
{ "type": "Feature", "properties": { "source": "SANTO DOMINGO", "target": "ABEJORRAL", "distance": 0.5, "betweenness": 0.00018674136321195143, "weight": 0.10018674136321196 }, "geometry": { "type": "LineString", "coordinates": [ [ -75.164903, 6.473032 ], [ -75.428739, 5.789315 ] ] } },
{ "type": "Feature", "properties": { "source": "SANTO DOMINGO", "target": "SABANETA", "distance": 0.5, "betweenness": 0.00022175536881419231, "weight": 0.1002217553688142 }, "geometry": { "type": "LineString", "coordinates": [ [ -75.164903, 6.473032 ], [ -75.615479, 6.149903 ] ] } },
{ "type": "Feature", "properties": { "source": "SANTO DOMINGO", "target": "SANTA BÁRBARA", "distance": 0.33333333333333331, "betweenness": 0.0021268858420561204, "weight": 0.10212688584205612 }, "geometry": { "type": "LineString", "coordinates": [ [ -75.164903, 6.473032 ], [ -75.567351, 5.875527 ] ] } },
{ "type": "Feature", "properties": { "source": "SANTO DOMINGO", "target": "MONTEBELLO", "distance": 0.5, "betweenness": 0.00029550677836558673, "weight": 0.10029550677836559 }, "geometry": { "type": "LineString", "coordinates": [ [ -75.164903, 6.473032 ], [ -75.523455, 5.946313 ] ] } },
{ "type": "Feature", "properties": { "source": "SANTO DOMINGO", "target": "PUERTO BERRÍO", "distance": 0.5, "betweenness": 0.00090891195533207114, "weight": 0.10090891195533208 }, "geometry": { "type": "LineString", "coordinates": [ [ -75.164903, 6.473032 ], [ -74.410016, 6.487028 ] ] } },
{ "type": "Feature", "properties": { "source": "SANTO DOMINGO", "target": "ITAGÜÍ", "distance": 0.5, "betweenness": 0.00024963318660797655, "weight": 0.10024963318660798 }, "geometry": { "type": "LineString", "coordinates": [ [ -75.164903, 6.473032 ], [ -75.612056, 6.175079 ] ] } },
{ "type": "Feature", "properties": { "source": "SANTO DOMINGO", "target": "AMAGÁ", "distance": 0.5, "betweenness": 0.00015756302521008402, "weight": 0.10015756302521009 }, "geometry": { "type": "LineString", "coordinates": [ [ -75.164903, 6.473032 ], [ -75.702188, 6.038708 ] ] } },
{ "type": "Feature", "properties": { "source": "SANTO DOMINGO", "target": "PUERTO TRIUNFO", "distance": 1.0, "betweenness": 1.7507002801120447e-05, "weight": 0.10001750700280113 }, "geometry": { "type": "LineString", "coordinates": [ [ -75.164903, 6.473032 ], [ -74.64119, 5.871318 ] ] } },
{ "type": "Feature", "properties": { "source": "SANTO DOMINGO", "target": "ARMENIA", "distance": 1.0, "betweenness": 0.0, "weight": 0.1 }, "geometry": { "type": "LineString", "coordinates": [ [ -75.164903, 6.473032 ], [ -75.786647, 6.155667 ] ] } },
{ "type": "Feature", "properties": { "source": "VEGACHÍ", "target": "MACEO", "distance": 0.5, "betweenness": 0.00038321194151947502, "weight": 0.10038321194151949 }, "geometry": { "type": "LineString", "coordinates": [ [ -74.798714, 6.773525 ], [ -74.78716, 6.552116 ] ] } },
{ "type": "Feature", "properties": { "source": "VEGACHÍ", "target": "ALEJANDRÍA", "distance": 0.5, "betweenness": 0.00060409192018492073, "weight": 0.10060409192018492 }, "geometry": { "type": "LineString", "coordinates": [ [ -74.798714, 6.773525 ], [ -75.141346, 6.376061 ] ] } },
{ "type": "Feature", "properties": { "source": "VEGACHÍ", "target": "PUERTO BERRÍO", "distance": 0.5, "betweenness": 0.00032198747466588351, "weight": 0.10032198747466589 }, "geometry": { "type": "LineString", "coordinates": [ [ -74.798714, 6.773525 ], [ -74.410016, 6.487028 ] ] } },
{ "type": "Feature", "properties": { "source": "VEGACHÍ", "target": "CISNEROS", "distance": 0.5, "betweenness": 0.00026585253984634787, "weight": 0.10026585253984635 }, "geometry": { "type": "LineString", "coordinates": [ [ -74.798714, 6.773525 ], [ -75.087047, 6.537829 ] ] } },
{ "type": "Feature", "properties": { "source": "VEGACHÍ", "target": "SAN RAFAEL", "distance": 0.5, "betweenness": 0.00071788743839220368, "weight": 0.1007178874383922 }, "geometry": { "type": "LineString", "coordinates": [ [ -74.798714, 6.773525 ], [ -75.02849, 6.293759 ] ] } },
{ "type": "Feature", "properties": { "source": "VEGACHÍ", "target": "SAN CARLOS", "distance": 0.5, "betweenness": 0.00050863707157881171, "weight": 0.10050863707157882 }, "geometry": { "type": "LineString", "coordinates": [ [ -74.798714, 6.773525 ], [ -74.988097, 6.187746 ] ] } },
{ "type": "Feature", "properties": { "source": "VEGACHÍ", "target": "REMEDIOS", "distance": 0.5, "betweenness": 0.00036954175609637792, "weight": 0.10036954175609639 }, "geometry": { "type": "LineString", "coordinates": [ [ -74.798714, 6.773525 ], [ -74.698135, 7.029424 ] ] } },
{ "type": "Feature", "properties": { "source": "VEGACHÍ", "target": "YALÍ", "distance": 0.5, "betweenness": 0.00027522851245761462, "weight": 0.10027522851245763 }, "geometry": { "type": "LineString", "coordinates": [ [ -74.798714, 6.773525 ], [ -74.840059, 6.676554 ] ] } },
{ "type": "Feature", "properties": { "source": "VEGACHÍ", "target": "CARACOLÍ", "distance": 0.5, "betweenness": 0.00030592002257324731, "weight": 0.10030592002257326 }, "geometry": { "type": "LineString", "coordinates": [ [ -74.798714, 6.773525 ], [ -74.757421, 6.409829 ] ] } },
{ "type": "Feature", "properties": { "source": "VEGACHÍ", "target": "SEGOVIA", "distance": 1.0, "betweenness": 1.4005602240896359e-05, "weight": 0.1000140056022409 }, "geometry": { "type": "LineString", "coordinates": [ [ -74.798714, 6.773525 ], [ -74.701596, 7.079648 ] ] } },
{ "type": "Feature", "properties": { "source": "VEGACHÍ", "target": "YONDÓ", "distance": 1.0, "betweenness": 0.003770751974327522, "weight": 0.10377075197432753 }, "geometry": { "type": "LineString", "coordinates": [ [ -74.798714, 6.773525 ], [ -73.912445, 7.00396 ] ] } },
{ "type": "Feature", "properties": { "source": "VEGACHÍ", "target": "GUATAPÉ", "distance": 0.5, "betweenness": 0.00054240057698097261, "weight": 0.10054240057698098 }, "geometry": { "type": "LineString", "coordinates": [ [ -74.798714, 6.773525 ], [ -75.160041, 6.232461 ] ] } },
{ "type": "Feature", "properties": { "source": "VEGACHÍ", "target": "ZARAGOZA", "distance": 1.0, "betweenness": 4.6685340802987859e-05, "weight": 0.10004668534080299 }, "geometry": { "type": "LineString", "coordinates": [ [ -74.798714, 6.773525 ], [ -74.867075, 7.488583 ] ] } },
{ "type": "Feature", "properties": { "source": "VEGACHÍ", "target": "PEÑOL", "distance": 1.0, "betweenness": 0.0, "weight": 0.1 }, "geometry": { "type": "LineString", "coordinates": [ [ -74.798714, 6.773525 ], [ -75.242693, 6.219349 ] ] } },
{ "type": "Feature", "properties": { "source": "VEGACHÍ", "target": "GRANADA", "distance": 1.0, "betweenness": 0.0, "weight": 0.1 }, "geometry": { "type": "LineString", "coordinates": [ [ -74.798714, 6.773525 ], [ -75.184446, 6.142892 ] ] } },
{ "type": "Feature", "properties": { "source": "YALÍ", "target": "PEÑOL", "distance": 0.5, "betweenness": 0.00024393090569561158, "weight": 0.10024393090569561 }, "geometry": { "type": "LineString", "coordinates": [ [ -74.840059, 6.676554 ], [ -75.242693, 6.219349 ] ] } },
{ "type": "Feature", "properties": { "source": "YALÍ", "target": "GUATAPÉ", "distance": 0.5, "betweenness": 0.00029761904761904759, "weight": 0.10029761904761905 }, "geometry": { "type": "LineString", "coordinates": [ [ -74.840059, 6.676554 ], [ -75.160041, 6.232461 ] ] } },
{ "type": "Feature", "properties": { "source": "YALÍ", "target": "ALEJANDRÍA", "distance": 0.5, "betweenness": 0.00030812324929971991, "weight": 0.10030812324929972 }, "geometry": { "type": "LineString", "coordinates": [ [ -74.840059, 6.676554 ], [ -75.141346, 6.376061 ] ] } },
{ "type": "Feature", "properties": { "source": "YALÍ", "target": "SAN RAFAEL", "distance": 0.5, "betweenness": 0.00030228758169934639, "weight": 0.10030228758169935 }, "geometry": { "type": "LineString", "coordinates": [ [ -74.840059, 6.676554 ], [ -75.02849, 6.293759 ] ] } },
{ "type": "Feature", "properties": { "source": "YALÍ", "target": "CARACOLÍ", "distance": 0.5, "betweenness": 0.0002988932352501309, "weight": 0.10029889323525014 }, "geometry": { "type": "LineString", "coordinates": [ [ -74.840059, 6.676554 ], [ -74.757421, 6.409829 ] ] } },
{ "type": "Feature", "properties": { "source": "YALÍ", "target": "PUERTO BERRÍO", "distance": 0.5, "betweenness": 0.00032125033770583631, "weight": 0.10032125033770584 }, "geometry": { "type": "LineString", "coordinates": [ [ -74.840059, 6.676554 ], [ -74.410016, 6.487028 ] ] } },
{ "type": "Feature", "properties": { "source": "YALÍ", "target": "REMEDIOS", "distance": 0.5, "betweenness": 0.00041919798222319222, "weight": 0.10041919798222319 }, "geometry": { "type": "LineString", "coordinates": [ [ -74.840059, 6.676554 ], [ -74.698135, 7.029424 ] ] } },
{ "type": "Feature", "properties": { "source": "YALÍ", "target": "CISNEROS", "distance": 0.5, "betweenness": 0.0001884531590413943, "weight": 0.1001884531590414 }, "geometry": { "type": "LineString", "coordinates": [ [ -74.840059, 6.676554 ], [ -75.087047, 6.537829 ] ] } },
{ "type": "Feature", "properties": { "source": "YALÍ", "target": "MACEO", "distance": 0.5, "betweenness": 0.00024120759414877061, "weight": 0.10024120759414877 }, "geometry": { "type": "LineString", "coordinates": [ [ -74.840059, 6.676554 ], [ -74.78716, 6.552116 ] ] } },
{ "type": "Feature", "properties": { "source": "YALÍ", "target": "GRANADA", "distance": 0.5, "betweenness": 0.00038231959450446838, "weight": 0.10038231959450447 }, "geometry": { "type": "LineString", "coordinates": [ [ -74.840059, 6.676554 ], [ -75.184446, 6.142892 ] ] } },
{ "type": "Feature", "properties": { "source": "YALÍ", "target": "SAN CARLOS", "distance": 0.5, "betweenness": 0.00047235560891023071, "weight": 0.10047235560891024 }, "geometry": { "type": "LineString", "coordinates": [ [ -74.840059, 6.676554 ], [ -74.988097, 6.187746 ] ] } },
{ "type": "Feature", "properties": { "source": "YALÍ", "target": "GUARNE", "distance": 0.33333333333333331, "betweenness": 0.0073070895024676527, "weight": 0.10730708950246766 }, "geometry": { "type": "LineString", "coordinates": [ [ -74.840059, 6.676554 ], [ -75.441612, 6.27787 ] ] } },
{ "type": "Feature", "properties": { "source": "YALÍ", "target": "SEGOVIA", "distance": 0.5, "betweenness": 0.0012675044765380898, "weight": 0.10126750447653809 }, "geometry": { "type": "LineString", "coordinates": [ [ -74.840059, 6.676554 ], [ -74.701596, 7.079648 ] ] } },
{ "type": "Feature", "properties": { "source": "YALÍ", "target": "SAN LUIS", "distance": 0.5, "betweenness": 0.00023416663316044118, "weight": 0.10023416663316044 }, "geometry": { "type": "LineString", "coordinates": [ [ -74.840059, 6.676554 ], [ -74.993619, 6.043017 ] ] } },
{ "type": "Feature", "properties": { "source": "YALÍ", "target": "RIONEGRO", "distance": 1.0, "betweenness": 0.0, "weight": 0.1 }, "geometry": { "type": "LineString", "coordinates": [ [ -74.840059, 6.676554 ], [ -75.377316, 6.147148 ] ] } },
{ "type": "Feature", "properties": { "source": "YALÍ", "target": "MARINILLA", "distance": 1.0, "betweenness": 0.0, "weight": 0.1 }, "geometry": { "type": "LineString", "coordinates": [ [ -74.840059, 6.676554 ], [ -75.339345, 6.173995 ] ] } },
{ "type": "Feature", "properties": { "source": "YALÍ", "target": "EL SANTUARIO", "distance": 1.0, "betweenness": 0.0, "weight": 0.1 }, "geometry": { "type": "LineString", "coordinates": [ [ -74.840059, 6.676554 ], [ -75.265465, 6.136871 ] ] } },
{ "type": "Feature", "properties": { "source": "YALÍ", "target": "PUERTO NARE", "distance": 1.0, "betweenness": 0.0, "weight": 0.1 }, "geometry": { "type": "LineString", "coordinates": [ [ -74.840059, 6.676554 ], [ -74.583012, 6.186025 ] ] } },
{ "type": "Feature", "properties": { "source": "GUARNE", "target": "ABEJORRAL", "distance": 0.5, "betweenness": 0.00014005602240896358, "weight": 0.10014005602240897 }, "geometry": { "type": "LineString", "coordinates": [ [ -75.441612, 6.27787 ], [ -75.428739, 5.789315 ] ] } },
{ "type": "Feature", "properties": { "source": "GUARNE", "target": "SONSÓN", "distance": 0.5, "betweenness": 0.00037517669096466939, "weight": 0.10037517669096467 }, "geometry": { "type": "LineString", "coordinates": [ [ -75.441612, 6.27787 ], [ -75.309596, 5.714851 ] ] } },
{ "type": "Feature", "properties": { "source": "GUARNE", "target": "AMAGÁ", "distance": 0.33333333333333331, "betweenness": 0.0013218620781645992, "weight": 0.1013218620781646 }, "geometry": { "type": "LineString", "coordinates": [ [ -75.441612, 6.27787 ], [ -75.702188, 6.038708 ] ] } },
{ "type": "Feature", "properties": { "source": "GUARNE", "target": "CALDAS", "distance": 0.5, "betweenness": 0.00021008403361344534, "weight": 0.10021008403361345 }, "geometry": { "type": "LineString", "coordinates": [ [ -75.441612, 6.27787 ], [ -75.633673, 6.091077 ] ] } },
{ "type": "Feature", "properties": { "source": "GUARNE", "target": "ANZÁ", "distance": 0.5, "betweenness": 0.00043417366946778703, "weight": 0.10043417366946779 }, "geometry": { "type": "LineString", "coordinates": [ [ -75.441612, 6.27787 ], [ -75.854442, 6.302641 ] ] } },
{ "type": "Feature", "properties": { "source": "GUARNE", "target": "EL CARMEN DE VIBORAL", "distance": 0.5, "betweenness": 0.00031626725717607765, "weight": 0.10031626725717609 }, "geometry": { "type": "LineString", "coordinates": [ [ -75.441612, 6.27787 ], [ -75.333901, 6.082885 ] ] } },
{ "type": "Feature", "properties": { "source": "GUARNE", "target": "SANTA BÁRBARA", "distance": 0.5, "betweenness": 0.00018674136321195143, "weight": 0.10018674136321196 }, "geometry": { "type": "LineString", "coordinates": [ [ -75.441612, 6.27787 ], [ -75.567351, 5.875527 ] ] } },
{ "type": "Feature", "properties": { "source": "GUARNE", "target": "RIONEGRO", "distance": 0.33333333333333331, "betweenness": 0.0005243764172335601, "weight": 0.10052437641723357 }, "geometry": { "type": "LineString", "coordinates": [ [ -75.441612, 6.27787 ], [ -75.377316, 6.147148 ] ] } },
{ "type": "Feature", "properties": { "source": "GUARNE", "target": "ANGELÓPOLIS", "distance": 0.5, "betweenness": 0.00030812324929971991, "weight": 0.10030812324929972 }, "geometry": { "type": "LineString", "coordinates": [ [ -75.441612, 6.27787 ], [ -75.711389, 6.109719 ] ] } },
{ "type": "Feature", "properties": { "source": "GUARNE", "target": "RETIRO", "distance": 0.5, "betweenness": 0.00016806722689075628, "weight": 0.10016806722689076 }, "geometry": { "type": "LineString", "coordinates": [ [ -75.441612, 6.27787 ], [ -75.501301, 6.062454 ] ] } },
{ "type": "Feature", "properties": { "source": "GUARNE", "target": "CAICEDO", "distance": 0.5, "betweenness": 0.0002380952380952381, "weight": 0.10023809523809524 }, "geometry": { "type": "LineString", "coordinates": [ [ -75.441612, 6.27787 ], [ -75.98293, 6.405607 ] ] } },
{ "type": "Feature", "properties": { "source": "GUARNE", "target": "SAN LUIS", "distance": 0.5, "betweenness": 0.00048404896032182233, "weight": 0.10048404896032183 }, "geometry": { "type": "LineString", "coordinates": [ [ -75.441612, 6.27787 ], [ -74.993619, 6.043017 ] ] } },
{ "type": "Feature", "properties": { "source": "GUARNE", "target": "CONCORDIA", "distance": 0.5, "betweenness": 0.00028789293495175842, "weight": 0.10028789293495176 }, "geometry": { "type": "LineString", "coordinates": [ [ -75.441612, 6.27787 ], [ -75.908448, 6.045738 ] ] } },
{ "type": "Feature", "properties": { "source": "GUARNE", "target": "SAN RAFAEL", "distance": 0.5, "betweenness": 0.00017006802721088434, "weight": 0.10017006802721089 }, "geometry": { "type": "LineString", "coordinates": [ [ -75.441612, 6.27787 ], [ -75.02849, 6.293759 ] ] } },
{ "type": "Feature", "properties": { "source": "GUARNE", "target": "MONTEBELLO", "distance": 0.5, "betweenness": 0.00030136681697401889, "weight": 0.10030136681697402 }, "geometry": { "type": "LineString", "coordinates": [ [ -75.441612, 6.27787 ], [ -75.523455, 5.946313 ] ] } },
{ "type": "Feature", "properties": { "source": "GUARNE", "target": "BETULIA", "distance": 0.5, "betweenness": 0.00016339869281045751, "weight": 0.10016339869281046 }, "geometry": { "type": "LineString", "coordinates": [ [ -75.441612, 6.27787 ], [ -75.984452, 6.115208 ] ] } },
{ "type": "Feature", "properties": { "source": "GUARNE", "target": "LA CEJA", "distance": 0.5, "betweenness": 0.00024759903961584629, "weight": 0.10024759903961585 }, "geometry": { "type": "LineString", "coordinates": [ [ -75.441612, 6.27787 ], [ -75.429433, 6.028062 ] ] } },
{ "type": "Feature", "properties": { "source": "GUARNE", "target": "GRANADA", "distance": 0.5, "betweenness": 0.00015561780267662621, "weight": 0.10015561780267664 }, "geometry": { "type": "LineString", "coordinates": [ [ -75.441612, 6.27787 ], [ -75.184446, 6.142892 ] ] } },
{ "type": "Feature", "properties": { "source": "GUARNE", "target": "ALEJANDRÍA", "distance": 0.5, "betweenness": 0.00019563380907918721, "weight": 0.1001956338090792 }, "geometry": { "type": "LineString", "coordinates": [ [ -75.441612, 6.27787 ], [ -75.141346, 6.376061 ] ] } },
{ "type": "Feature", "properties": { "source": "GUARNE", "target": "GUATAPÉ", "distance": 0.5, "betweenness": 0.00014005602240896358, "weight": 0.10014005602240897 }, "geometry": { "type": "LineString", "coordinates": [ [ -75.441612, 6.27787 ], [ -75.160041, 6.232461 ] ] } },
{ "type": "Feature", "properties": { "source": "GUARNE", "target": "ENVIGADO", "distance": 0.5, "betweenness": 0.00014005602240896358, "weight": 0.10014005602240897 }, "geometry": { "type": "LineString", "coordinates": [ [ -75.441612, 6.27787 ], [ -75.582192, 6.166695 ] ] } },
{ "type": "Feature", "properties": { "source": "GUARNE", "target": "LA UNIÓN", "distance": 0.5, "betweenness": 0.00020230314347961404, "weight": 0.10020230314347962 }, "geometry": { "type": "LineString", "coordinates": [ [ -75.441612, 6.27787 ], [ -75.360874, 5.973845 ] ] } },
{ "type": "Feature", "properties": { "source": "GUARNE", "target": "SAN CARLOS", "distance": 0.33333333333333331, "betweenness": 0.001965452847805789, "weight": 0.1019654528478058 }, "geometry": { "type": "LineString", "coordinates": [ [ -75.441612, 6.27787 ], [ -74.988097, 6.187746 ] ] } },
{ "type": "Feature", "properties": { "source": "GUARNE", "target": "PEÑOL", "distance": 0.5, "betweenness": 0.00015561780267662621, "weight": 0.10015561780267664 }, "geometry": { "type": "LineString", "coordinates": [ [ -75.441612, 6.27787 ], [ -75.242693, 6.219349 ] ] } },
{ "type": "Feature", "properties": { "source": "GUARNE", "target": "EL SANTUARIO", "distance": 0.5, "betweenness": 0.00021008403361344536, "weight": 0.10021008403361345 }, "geometry": { "type": "LineString", "coordinates": [ [ -75.441612, 6.27787 ], [ -75.265465, 6.136871 ] ] } },
{ "type": "Feature", "properties": { "source": "GUARNE", "target": "COCORNÁ", "distance": 0.5, "betweenness": 0.00030034235916588848, "weight": 0.10030034235916589 }, "geometry": { "type": "LineString", "coordinates": [ [ -75.441612, 6.27787 ], [ -75.185483, 6.058295 ] ] } },
{ "type": "Feature", "properties": { "source": "GUARNE", "target": "JERICÓ", "distance": 0.5, "betweenness": 0.00028011204481792715, "weight": 0.10028011204481793 }, "geometry": { "type": "LineString", "coordinates": [ [ -75.441612, 6.27787 ], [ -75.785499, 5.789748 ] ] } },
{ "type": "Feature", "properties": { "source": "GUARNE", "target": "TITIRIBÍ", "distance": 0.33333333333333331, "betweenness": 0.0017558690142723756, "weight": 0.10175586901427239 }, "geometry": { "type": "LineString", "coordinates": [ [ -75.441612, 6.27787 ], [ -75.791887, 6.062391 ] ] } },
{ "type": "Feature", "properties": { "source": "GUARNE", "target": "VENECIA", "distance": 0.5, "betweenness": 0.0002888655462184874, "weight": 0.10028886554621849 }, "geometry": { "type": "LineString", "coordinates": [ [ -75.441612, 6.27787 ], [ -75.735544, 5.964693 ] ] } },
{ "type": "Feature", "properties": { "source": "GUARNE", "target": "FREDONIA", "distance": 0.5, "betweenness": 0.00014005602240896358, "weight": 0.10014005602240897 }, "geometry": { "type": "LineString", "coordinates": [ [ -75.441612, 6.27787 ], [ -75.675072, 5.928039 ] ] } },
{ "type": "Feature", "properties": { "source": "GUARNE", "target": "CISNEROS", "distance": 0.5, "betweenness": 0.00032705111029919206, "weight": 0.1003270511102992 }, "geometry": { "type": "LineString", "coordinates": [ [ -75.441612, 6.27787 ], [ -75.087047, 6.537829 ] ] } },
{ "type": "Feature", "properties": { "source": "GUARNE", "target": "ARGELIA", "distance": 0.5, "betweenness": 0.00086714450341614745, "weight": 0.10086714450341615 }, "geometry": { "type": "LineString", "coordinates": [ [ -75.441612, 6.27787 ], [ -75.14107, 5.731474 ] ] } },
{ "type": "Feature", "properties": { "source": "GUARNE", "target": "TÁMESIS", "distance": 0.5, "betweenness": 0.00049839380196523041, "weight": 0.10049839380196524 }, "geometry": { "type": "LineString", "coordinates": [ [ -75.441612, 6.27787 ], [ -75.714429, 5.664645 ] ] } },
{ "type": "Feature", "properties": { "source": "GUARNE", "target": "HELICONIA", "distance": 0.5, "betweenness": 0.00018674136321195143, "weight": 0.10018674136321196 }, "geometry": { "type": "LineString", "coordinates": [ [ -75.441612, 6.27787 ], [ -75.734322, 6.206757 ] ] } },
{ "type": "Feature", "properties": { "source": "GUARNE", "target": "SALGAR", "distance": 0.5, "betweenness": 0.00029567382508558979, "weight": 0.1002956738250856 }, "geometry": { "type": "LineString", "coordinates": [ [ -75.441612, 6.27787 ], [ -75.976807, 5.964198 ] ] } },
{ "type": "Feature", "properties": { "source": "GUARNE", "target": "PUEBLORRICO", "distance": 0.5, "betweenness": 0.00062663954470677135, "weight": 0.10062663954470678 }, "geometry": { "type": "LineString", "coordinates": [ [ -75.441612, 6.27787 ], [ -75.839903, 5.79158 ] ] } },
{ "type": "Feature", "properties": { "source": "GUARNE", "target": "MARINILLA", "distance": 0.5, "betweenness": 0.00024805959679909258, "weight": 0.1002480595967991 }, "geometry": { "type": "LineString", "coordinates": [ [ -75.441612, 6.27787 ], [ -75.339345, 6.173995 ] ] } },
{ "type": "Feature", "properties": { "source": "GUARNE", "target": "LA ESTRELLA", "distance": 0.5, "betweenness": 0.0002905975224314325, "weight": 0.10029059752243144 }, "geometry": { "type": "LineString", "coordinates": [ [ -75.441612, 6.27787 ], [ -75.637708, 6.145238 ] ] } },
{ "type": "Feature", "properties": { "source": "GUARNE", "target": "SAN FRANCISCO", "distance": 0.5, "betweenness": 0.00031512605042016803, "weight": 0.10031512605042017 }, "geometry": { "type": "LineString", "coordinates": [ [ -75.441612, 6.27787 ], [ -75.101562, 5.963476 ] ] } },
{ "type": "Feature", "properties": { "source": "GUARNE", "target": "CARACOLÍ", "distance": 1.0, "betweenness": 0.0, "weight": 0.1 }, "geometry": { "type": "LineString", "coordinates": [ [ -75.441612, 6.27787 ], [ -74.757421, 6.409829 ] ] } },
{ "type": "Feature", "properties": { "source": "GUARNE", "target": "ARMENIA", "distance": 0.5, "betweenness": 0.0002713585434173669, "weight": 0.10027135854341737 }, "geometry": { "type": "LineString", "coordinates": [ [ -75.441612, 6.27787 ], [ -75.786647, 6.155667 ] ] } },
{ "type": "Feature", "properties": { "source": "GUARNE", "target": "ITAGÜÍ", "distance": 0.5, "betweenness": 0.00032212885154061621, "weight": 0.10032212885154063 }, "geometry": { "type": "LineString", "coordinates": [ [ -75.441612, 6.27787 ], [ -75.612056, 6.175079 ] ] } },
{ "type": "Feature", "properties": { "source": "GUARNE", "target": "ANDES", "distance": 0.5, "betweenness": 0.0010336203908999659, "weight": 0.10103362039089997 }, "geometry": { "type": "LineString", "coordinates": [ [ -75.441612, 6.27787 ], [ -75.878828, 5.657194 ] ] } },
{ "type": "Feature", "properties": { "source": "GUARNE", "target": "TARSO", "distance": 0.5, "betweenness": 0.000531559425116848, "weight": 0.10053155942511685 }, "geometry": { "type": "LineString", "coordinates": [ [ -75.441612, 6.27787 ], [ -75.822956, 5.864542 ] ] } },
{ "type": "Feature", "properties": { "source": "GUARNE", "target": "HISPANIA", "distance": 1.0, "betweenness": 0.0, "weight": 0.1 }, "geometry": { "type": "LineString", "coordinates": [ [ -75.441612, 6.27787 ], [ -75.906587, 5.799461 ] ] } },
{ "type": "Feature", "properties": { "source": "GUARNE", "target": "NARIÑO", "distance": 0.5, "betweenness": 0.00055350422997481807, "weight": 0.10055350422997482 }, "geometry": { "type": "LineString", "coordinates": [ [ -75.441612, 6.27787 ], [ -75.176262, 5.610777 ] ] } },
{ "type": "Feature", "properties": { "source": "GUARNE", "target": "CIUDAD BOLÍVAR", "distance": 0.5, "betweenness": 0.00049503134587168204, "weight": 0.10049503134587169 }, "geometry": { "type": "LineString", "coordinates": [ [ -75.441612, 6.27787 ], [ -76.021509, 5.850273 ] ] } },
{ "type": "Feature", "properties": { "source": "GUARNE", "target": "SABANETA", "distance": 0.5, "betweenness": 0.00016006402561024409, "weight": 0.10016006402561024 }, "geometry": { "type": "LineString", "coordinates": [ [ -75.441612, 6.27787 ], [ -75.615479, 6.149903 ] ] } },
{ "type": "Feature", "properties": { "source": "GUARNE", "target": "PUERTO NARE", "distance": 0.5, "betweenness": 0.0019767573769370137, "weight": 0.10197675737693702 }, "geometry": { "type": "LineString", "coordinates": [ [ -75.441612, 6.27787 ], [ -74.583012, 6.186025 ] ] } },
{ "type": "Feature", "properties": { "source": "GUARNE", "target": "LA PINTADA", "distance": 0.5, "betweenness": 0.00028011204481792715, "weight": 0.10028011204481793 }, "geometry": { "type": "LineString", "coordinates": [ [ -75.441612, 6.27787 ], [ -75.60781, 5.743808 ] ] } },
{ "type": "Feature", "properties": { "source": "CISNEROS", "target": "SAN LUIS", "distance": 0.5, "betweenness": 0.00035335969736629311, "weight": 0.10035335969736629 }, "geometry": { "type": "LineString", "coordinates": [ [ -75.087047, 6.537829 ], [ -74.993619, 6.043017 ] ] } },
{ "type": "Feature", "properties": { "source": "CISNEROS", "target": "RIONEGRO", "distance": 0.5, "betweenness": 0.0003822398524627242, "weight": 0.10038223985246272 }, "geometry": { "type": "LineString", "coordinates": [ [ -75.087047, 6.537829 ], [ -75.377316, 6.147148 ] ] } },
{ "type": "Feature", "properties": { "source": "CISNEROS", "target": "GUATAPÉ", "distance": 0.5, "betweenness": 0.00016653134683825216, "weight": 0.10016653134683826 }, "geometry": { "type": "LineString", "coordinates": [ [ -75.087047, 6.537829 ], [ -75.160041, 6.232461 ] ] } },
{ "type": "Feature", "properties": { "source": "CISNEROS", "target": "SAN CARLOS", "distance": 0.5, "betweenness": 0.0003978738838530581, "weight": 0.10039787388385306 }, "geometry": { "type": "LineString", "coordinates": [ [ -75.087047, 6.537829 ], [ -74.988097, 6.187746 ] ] } },
{ "type": "Feature", "properties": { "source": "CISNEROS", "target": "COCORNÁ", "distance": 0.5, "betweenness": 0.00029514567289321778, "weight": 0.10029514567289323 }, "geometry": { "type": "LineString", "coordinates": [ [ -75.087047, 6.537829 ], [ -75.185483, 6.058295 ] ] } },
{ "type": "Feature", "properties": { "source": "CISNEROS", "target": "RETIRO", "distance": 0.5, "betweenness": 0.00053530107695252016, "weight": 0.10053530107695252 }, "geometry": { "type": "LineString", "coordinates": [ [ -75.087047, 6.537829 ], [ -75.501301, 6.062454 ] ] } },
{ "type": "Feature", "properties": { "source": "CISNEROS", "target": "GRANADA", "distance": 0.5, "betweenness": 0.00023489202444262723, "weight": 0.10023489202444263 }, "geometry": { "type": "LineString", "coordinates": [ [ -75.087047, 6.537829 ], [ -75.184446, 6.142892 ] ] } },
{ "type": "Feature", "properties": { "source": "CISNEROS", "target": "PEÑOL", "distance": 0.5, "betweenness": 0.00025656736124401449, "weight": 0.10025656736124403 }, "geometry": { "type": "LineString", "coordinates": [ [ -75.087047, 6.537829 ], [ -75.242693, 6.219349 ] ] } },
{ "type": "Feature", "properties": { "source": "CISNEROS", "target": "MARINILLA", "distance": 0.5, "betweenness": 0.00024278407014979904, "weight": 0.1002427840701498 }, "geometry": { "type": "LineString", "coordinates": [ [ -75.087047, 6.537829 ], [ -75.339345, 6.173995 ] ] } },
{ "type": "Feature", "properties": { "source": "CISNEROS", "target": "ALEJANDRÍA", "distance": 0.5, "betweenness": 0.00021688482156147481, "weight": 0.10021688482156148 }, "geometry": { "type": "LineString", "coordinates": [ [ -75.087047, 6.537829 ], [ -75.141346, 6.376061 ] ] } },
{ "type": "Feature", "properties": { "source": "CISNEROS", "target": "SAN RAFAEL", "distance": 0.5, "betweenness": 0.000431637389255219, "weight": 0.10043163738925523 }, "geometry": { "type": "LineString", "coordinates": [ [ -75.087047, 6.537829 ], [ -75.02849, 6.293759 ] ] } },
{ "type": "Feature", "properties": { "source": "CISNEROS", "target": "EL CARMEN DE VIBORAL", "distance": 0.5, "betweenness": 0.00035870462137682581, "weight": 0.10035870462137683 }, "geometry": { "type": "LineString", "coordinates": [ [ -75.087047, 6.537829 ], [ -75.333901, 6.082885 ] ] } },
{ "type": "Feature", "properties": { "source": "CISNEROS", "target": "ITAGÜÍ", "distance": 1.0, "betweenness": 0.0, "weight": 0.1 }, "geometry": { "type": "LineString", "coordinates": [ [ -75.087047, 6.537829 ], [ -75.612056, 6.175079 ] ] } },
{ "type": "Feature", "properties": { "source": "CISNEROS", "target": "EL SANTUARIO", "distance": 0.5, "betweenness": 0.00021944139974830511, "weight": 0.10021944139974831 }, "geometry": { "type": "LineString", "coordinates": [ [ -75.087047, 6.537829 ], [ -75.265465, 6.136871 ] ] } },
{ "type": "Feature", "properties": { "source": "CISNEROS", "target": "MACEO", "distance": 0.5, "betweenness": 0.00022084195997239476, "weight": 0.1002208419599724 }, "geometry": { "type": "LineString", "coordinates": [ [ -75.087047, 6.537829 ], [ -74.78716, 6.552116 ] ] } },
{ "type": "Feature", "properties": { "source": "CISNEROS", "target": "REMEDIOS", "distance": 0.5, "betweenness": 0.00051966446268715842, "weight": 0.10051966446268716 }, "geometry": { "type": "LineString", "coordinates": [ [ -75.087047, 6.537829 ], [ -74.698135, 7.029424 ] ] } },
{ "type": "Feature", "properties": { "source": "CISNEROS", "target": "LA UNIÓN", "distance": 0.5, "betweenness": 0.00031554650845845583, "weight": 0.10031554650845846 }, "geometry": { "type": "LineString", "coordinates": [ [ -75.087047, 6.537829 ], [ -75.360874, 5.973845 ] ] } },
{ "type": "Feature", "properties": { "source": "CISNEROS", "target": "PUERTO BERRÍO", "distance": 1.0, "betweenness": 7.7808901338313086e-06, "weight": 0.10000778089013383 }, "geometry": { "type": "LineString", "coordinates": [ [ -75.087047, 6.537829 ], [ -74.410016, 6.487028 ] ] } },
{ "type": "Feature", "properties": { "source": "CISNEROS", "target": "ENVIGADO", "distance": 0.5, "betweenness": 0.00057089502467653716, "weight": 0.10057089502467655 }, "geometry": { "type": "LineString", "coordinates": [ [ -75.087047, 6.537829 ], [ -75.582192, 6.166695 ] ] } },
{ "type": "Feature", "properties": { "source": "CISNEROS", "target": "LA CEJA", "distance": 0.5, "betweenness": 0.0003974487673053305, "weight": 0.10039744876730533 }, "geometry": { "type": "LineString", "coordinates": [ [ -75.087047, 6.537829 ], [ -75.429433, 6.028062 ] ] } },
{ "type": "Feature", "properties": { "source": "CISNEROS", "target": "CARACOLÍ", "distance": 1.0, "betweenness": 5.6022408963585427e-06, "weight": 0.10000560224089636 }, "geometry": { "type": "LineString", "coordinates": [ [ -75.087047, 6.537829 ], [ -74.757421, 6.409829 ] ] } },
{ "type": "Feature", "properties": { "source": "CISNEROS", "target": "SAN FRANCISCO", "distance": 1.0, "betweenness": 0.0, "weight": 0.1 }, "geometry": { "type": "LineString", "coordinates": [ [ -75.087047, 6.537829 ], [ -75.101562, 5.963476 ] ] } },
{ "type": "Feature", "properties": { "source": "CISNEROS", "target": "PUERTO NARE", "distance": 1.0, "betweenness": 6.0893922786505897e-06, "weight": 0.10000608939227866 }, "geometry": { "type": "LineString", "coordinates": [ [ -75.087047, 6.537829 ], [ -74.583012, 6.186025 ] ] } },
{ "type": "Feature", "properties": { "source": "CAICEDO", "target": "ANZÁ", "distance": 0.5, "betweenness": 0.00014005602240896358, "weight": 0.10014005602240897 }, "geometry": { "type": "LineString", "coordinates": [ [ -75.98293, 6.405607 ], [ -75.854442, 6.302641 ] ] } },
{ "type": "Feature", "properties": { "source": "CAICEDO", "target": "SALGAR", "distance": 0.5, "betweenness": 0.00014005602240896358, "weight": 0.10014005602240897 }, "geometry": { "type": "LineString", "coordinates": [ [ -75.98293, 6.405607 ], [ -75.976807, 5.964198 ] ] } },
{ "type": "Feature", "properties": { "source": "CAICEDO", "target": "CONCORDIA", "distance": 0.5, "betweenness": 0.00018674136321195143, "weight": 0.10018674136321196 }, "geometry": { "type": "LineString", "coordinates": [ [ -75.98293, 6.405607 ], [ -75.908448, 6.045738 ] ] } },
{ "type": "Feature", "properties": { "source": "CAICEDO", "target": "BETULIA", "distance": 0.5, "betweenness": 0.00014005602240896358, "weight": 0.10014005602240897 }, "geometry": { "type": "LineString", "coordinates": [ [ -75.98293, 6.405607 ], [ -75.984452, 6.115208 ] ] } },
{ "type": "Feature", "properties": { "source": "CAICEDO", "target": "SANTA BÁRBARA", "distance": 0.5, "betweenness": 0.0003398025877017474, "weight": 0.10033980258770175 }, "geometry": { "type": "LineString", "coordinates": [ [ -75.98293, 6.405607 ], [ -75.567351, 5.875527 ] ] } },
{ "type": "Feature", "properties": { "source": "CAICEDO", "target": "PUEBLORRICO", "distance": 0.5, "betweenness": 0.00055744520030234313, "weight": 0.10055744520030235 }, "geometry": { "type": "LineString", "coordinates": [ [ -75.98293, 6.405607 ], [ -75.839903, 5.79158 ] ] } },
{ "type": "Feature", "properties": { "source": "CAICEDO", "target": "HELICONIA", "distance": 0.5, "betweenness": 0.00017406962785114044, "weight": 0.10017406962785115 }, "geometry": { "type": "LineString", "coordinates": [ [ -75.98293, 6.405607 ], [ -75.734322, 6.206757 ] ] } },
{ "type": "Feature", "properties": { "source": "CAICEDO", "target": "RETIRO", "distance": 0.5, "betweenness": 0.00031779378418033885, "weight": 0.10031779378418035 }, "geometry": { "type": "LineString", "coordinates": [ [ -75.98293, 6.405607 ], [ -75.501301, 6.062454 ] ] } },
{ "type": "Feature", "properties": { "source": "CAICEDO", "target": "CIUDAD BOLÍVAR", "distance": 0.5, "betweenness": 0.00038281979458450047, "weight": 0.10038281979458451 }, "geometry": { "type": "LineString", "coordinates": [ [ -75.98293, 6.405607 ], [ -76.021509, 5.850273 ] ] } },
{ "type": "Feature", "properties": { "source": "CAICEDO", "target": "ENVIGADO", "distance": 0.5, "betweenness": 0.00021008403361344539, "weight": 0.10021008403361345 }, "geometry": { "type": "LineString", "coordinates": [ [ -75.98293, 6.405607 ], [ -75.582192, 6.166695 ] ] } },
{ "type": "Feature", "properties": { "source": "CAICEDO", "target": "RIONEGRO", "distance": 0.5, "betweenness": 0.00045651593970921696, "weight": 0.10045651593970922 }, "geometry": { "type": "LineString", "coordinates": [ [ -75.98293, 6.405607 ], [ -75.377316, 6.147148 ] ] } },
{ "type": "Feature", "properties": { "source": "CAICEDO", "target": "ARMENIA", "distance": 0.5, "betweenness": 0.00022175536881419231, "weight": 0.1002217553688142 }, "geometry": { "type": "LineString", "coordinates": [ [ -75.98293, 6.405607 ], [ -75.786647, 6.155667 ] ] } },
{ "type": "Feature", "properties": { "source": "CAICEDO", "target": "TITIRIBÍ", "distance": 0.5, "betweenness": 0.00026727357609710546, "weight": 0.1002672735760971 }, "geometry": { "type": "LineString", "coordinates": [ [ -75.98293, 6.405607 ], [ -75.791887, 6.062391 ] ] } },
{ "type": "Feature", "properties": { "source": "CAICEDO", "target": "CALDAS", "distance": 0.33333333333333331, "betweenness": 0.0024523142590369474, "weight": 0.10245231425903695 }, "geometry": { "type": "LineString", "coordinates": [ [ -75.98293, 6.405607 ], [ -75.633673, 6.091077 ] ] } },
{ "type": "Feature", "properties": { "source": "CAICEDO", "target": "FREDONIA", "distance": 0.5, "betweenness": 0.00016006402561024409, "weight": 0.10016006402561024 }, "geometry": { "type": "LineString", "coordinates": [ [ -75.98293, 6.405607 ], [ -75.675072, 5.928039 ] ] } },
{ "type": "Feature", "properties": { "source": "CAICEDO", "target": "ANGELÓPOLIS", "distance": 0.5, "betweenness": 0.00034680538882219552, "weight": 0.10034680538882221 }, "geometry": { "type": "LineString", "coordinates": [ [ -75.98293, 6.405607 ], [ -75.711389, 6.109719 ] ] } },
{ "type": "Feature", "properties": { "source": "CAICEDO", "target": "AMAGÁ", "distance": 0.5, "betweenness": 0.00020308123249299719, "weight": 0.100203081232493 }, "geometry": { "type": "LineString", "coordinates": [ [ -75.98293, 6.405607 ], [ -75.702188, 6.038708 ] ] } },
{ "type": "Feature", "properties": { "source": "CAICEDO", "target": "TARSO", "distance": 0.5, "betweenness": 0.00046415030658728131, "weight": 0.10046415030658729 }, "geometry": { "type": "LineString", "coordinates": [ [ -75.98293, 6.405607 ], [ -75.822956, 5.864542 ] ] } },
{ "type": "Feature", "properties": { "source": "CAICEDO", "target": "SABANETA", "distance": 0.5, "betweenness": 0.00049853274643190607, "weight": 0.10049853274643192 }, "geometry": { "type": "LineString", "coordinates": [ [ -75.98293, 6.405607 ], [ -75.615479, 6.149903 ] ] } },
{ "type": "Feature", "properties": { "source": "CAICEDO", "target": "LA ESTRELLA", "distance": 0.5, "betweenness": 0.00021008403361344536, "weight": 0.10021008403361345 }, "geometry": { "type": "LineString", "coordinates": [ [ -75.98293, 6.405607 ], [ -75.637708, 6.145238 ] ] } },
{ "type": "Feature", "properties": { "source": "CAICEDO", "target": "VENECIA", "distance": 0.5, "betweenness": 0.00018674136321195143, "weight": 0.10018674136321196 }, "geometry": { "type": "LineString", "coordinates": [ [ -75.98293, 6.405607 ], [ -75.735544, 5.964693 ] ] } },
{ "type": "Feature", "properties": { "source": "CAICEDO", "target": "MONTEBELLO", "distance": 0.5, "betweenness": 0.00042762202920383836, "weight": 0.10042762202920384 }, "geometry": { "type": "LineString", "coordinates": [ [ -75.98293, 6.405607 ], [ -75.523455, 5.946313 ] ] } },
{ "type": "Feature", "properties": { "source": "CAICEDO", "target": "LA CEJA", "distance": 0.5, "betweenness": 0.00033513405362144854, "weight": 0.10033513405362146 }, "geometry": { "type": "LineString", "coordinates": [ [ -75.98293, 6.405607 ], [ -75.429433, 6.028062 ] ] } },
{ "type": "Feature", "properties": { "source": "CAICEDO", "target": "JERICÓ", "distance": 0.5, "betweenness": 0.00021008403361344536, "weight": 0.10021008403361345 }, "geometry": { "type": "LineString", "coordinates": [ [ -75.98293, 6.405607 ], [ -75.785499, 5.789748 ] ] } },
{ "type": "Feature", "properties": { "source": "CAICEDO", "target": "ITAGÜÍ", "distance": 0.5, "betweenness": 0.00021008403361344536, "weight": 0.10021008403361345 }, "geometry": { "type": "LineString", "coordinates": [ [ -75.98293, 6.405607 ], [ -75.612056, 6.175079 ] ] } },
{ "type": "Feature", "properties": { "source": "CAICEDO", "target": "HISPANIA", "distance": 1.0, "betweenness": 0.0, "weight": 0.1 }, "geometry": { "type": "LineString", "coordinates": [ [ -75.98293, 6.405607 ], [ -75.906587, 5.799461 ] ] } },
{ "type": "Feature", "properties": { "source": "CAICEDO", "target": "VIGÍA DEL FUERTE", "distance": 0.5, "betweenness": 0.00079251040879810015, "weight": 0.10079251040879811 }, "geometry": { "type": "LineString", "coordinates": [ [ -75.98293, 6.405607 ], [ -76.896004, 6.588164 ] ] } },
{ "type": "Feature", "properties": { "source": "CAICEDO", "target": "BETANIA", "distance": 0.5, "betweenness": 0.00062399959983993583, "weight": 0.10062399959983995 }, "geometry": { "type": "LineString", "coordinates": [ [ -75.98293, 6.405607 ], [ -75.97679, 5.74615 ] ] } },
{ "type": "Feature", "properties": { "source": "CAICEDO", "target": "MARINILLA", "distance": 1.0, "betweenness": 0.0, "weight": 0.1 }, "geometry": { "type": "LineString", "coordinates": [ [ -75.98293, 6.405607 ], [ -75.339345, 6.173995 ] ] } },
{ "type": "Feature", "properties": { "source": "CAICEDO", "target": "ANDES", "distance": 1.0, "betweenness": 0.0, "weight": 0.1 }, "geometry": { "type": "LineString", "coordinates": [ [ -75.98293, 6.405607 ], [ -75.878828, 5.657194 ] ] } },
{ "type": "Feature", "properties": { "source": "REMEDIOS", "target": "SAN RAFAEL", "distance": 0.5, "betweenness": 0.0018023790042375871, "weight": 0.10180237900423759 }, "geometry": { "type": "LineString", "coordinates": [ [ -74.698135, 7.029424 ], [ -75.02849, 6.293759 ] ] } },
{ "type": "Feature", "properties": { "source": "REMEDIOS", "target": "SAN CARLOS", "distance": 1.0, "betweenness": 1.1671335200746965e-05, "weight": 0.10001167133520075 }, "geometry": { "type": "LineString", "coordinates": [ [ -74.698135, 7.029424 ], [ -74.988097, 6.187746 ] ] } },
{ "type": "Feature", "properties": { "source": "REMEDIOS", "target": "MACEO", "distance": 0.5, "betweenness": 0.00072190388335964203, "weight": 0.10072190388335965 }, "geometry": { "type": "LineString", "coordinates": [ [ -74.698135, 7.029424 ], [ -74.78716, 6.552116 ] ] } },
{ "type": "Feature", "properties": { "source": "REMEDIOS", "target": "PUERTO BERRÍO", "distance": 0.5, "betweenness": 0.00041778806152976869, "weight": 0.10041778806152978 }, "geometry": { "type": "LineString", "coordinates": [ [ -74.698135, 7.029424 ], [ -74.410016, 6.487028 ] ] } },
{ "type": "Feature", "properties": { "source": "REMEDIOS", "target": "SEGOVIA", "distance": 0.5, "betweenness": 0.00028856492091786209, "weight": 0.10028856492091787 }, "geometry": { "type": "LineString", "coordinates": [ [ -74.698135, 7.029424 ], [ -74.701596, 7.079648 ] ] } },
{ "type": "Feature", "properties": { "source": "REMEDIOS", "target": "EL BAGRE", "distance": 1.0, "betweenness": 0.003108888710379966, "weight": 0.10310888871037997 }, "geometry": { "type": "LineString", "coordinates": [ [ -74.698135, 7.029424 ], [ -74.799097, 7.5975 ] ] } },
{ "type": "Feature", "properties": { "source": "REMEDIOS", "target": "ALEJANDRÍA", "distance": 1.0, "betweenness": 7.0028011204481795e-06, "weight": 0.10000700280112046 }, "geometry": { "type": "LineString", "coordinates": [ [ -74.698135, 7.029424 ], [ -75.141346, 6.376061 ] ] } },
{ "type": "Feature", "properties": { "source": "REMEDIOS", "target": "ZARAGOZA", "distance": 1.0, "betweenness": 4.6685340802987859e-05, "weight": 0.10004668534080299 }, "geometry": { "type": "LineString", "coordinates": [ [ -74.698135, 7.029424 ], [ -74.867075, 7.488583 ] ] } },
{ "type": "Feature", "properties": { "source": "PEÑOL", "target": "EL CARMEN DE VIBORAL", "distance": 0.5, "betweenness": 0.00015507368448544918, "weight": 0.10015507368448545 }, "geometry": { "type": "LineString", "coordinates": [ [ -75.242693, 6.219349 ], [ -75.333901, 6.082885 ] ] } },
{ "type": "Feature", "properties": { "source": "PEÑOL", "target": "SAN CARLOS", "distance": 0.5, "betweenness": 0.00015406162464985996, "weight": 0.10015406162464986 }, "geometry": { "type": "LineString", "coordinates": [ [ -75.242693, 6.219349 ], [ -74.988097, 6.187746 ] ] } },
{ "type": "Feature", "properties": { "source": "PEÑOL", "target": "SAN LUIS", "distance": 0.5, "betweenness": 0.00019416741055396515, "weight": 0.10019416741055397 }, "geometry": { "type": "LineString", "coordinates": [ [ -75.242693, 6.219349 ], [ -74.993619, 6.043017 ] ] } },
{ "type": "Feature", "properties": { "source": "PEÑOL", "target": "LA CEJA", "distance": 0.5, "betweenness": 0.00020074696545284781, "weight": 0.10020074696545285 }, "geometry": { "type": "LineString", "coordinates": [ [ -75.242693, 6.219349 ], [ -75.429433, 6.028062 ] ] } },
{ "type": "Feature", "properties": { "source": "PEÑOL", "target": "AMAGÁ", "distance": 0.5, "betweenness": 0.00017507002801120446, "weight": 0.10017507002801121 }, "geometry": { "type": "LineString", "coordinates": [ [ -75.242693, 6.219349 ], [ -75.702188, 6.038708 ] ] } },
{ "type": "Feature", "properties": { "source": "PEÑOL", "target": "SONSÓN", "distance": 0.5, "betweenness": 0.00020627649417400611, "weight": 0.10020627649417402 }, "geometry": { "type": "LineString", "coordinates": [ [ -75.242693, 6.219349 ], [ -75.309596, 5.714851 ] ] } },
{ "type": "Feature", "properties": { "source": "PEÑOL", "target": "SANTA BÁRBARA", "distance": 0.5, "betweenness": 0.00015561780267662621, "weight": 0.10015561780267664 }, "geometry": { "type": "LineString", "coordinates": [ [ -75.242693, 6.219349 ], [ -75.567351, 5.875527 ] ] } },
{ "type": "Feature", "properties": { "source": "PEÑOL", "target": "ABEJORRAL", "distance": 0.5, "betweenness": 0.00020074696545284779, "weight": 0.10020074696545285 }, "geometry": { "type": "LineString", "coordinates": [ [ -75.242693, 6.219349 ], [ -75.428739, 5.789315 ] ] } },
{ "type": "Feature", "properties": { "source": "PEÑOL", "target": "EL SANTUARIO", "distance": 0.5, "betweenness": 0.00016406562625050024, "weight": 0.10016406562625051 }, "geometry": { "type": "LineString", "coordinates": [ [ -75.242693, 6.219349 ], [ -75.265465, 6.136871 ] ] } },
{ "type": "Feature", "properties": { "source": "PEÑOL", "target": "NARIÑO", "distance": 0.5, "betweenness": 0.0001878023936847466, "weight": 0.10018780239368476 }, "geometry": { "type": "LineString", "coordinates": [ [ -75.242693, 6.219349 ], [ -75.176262, 5.610777 ] ] } },
{ "type": "Feature", "properties": { "source": "PEÑOL", "target": "LA UNIÓN", "distance": 0.5, "betweenness": 0.00015172735760971053, "weight": 0.10015172735760972 }, "geometry": { "type": "LineString", "coordinates": [ [ -75.242693, 6.219349 ], [ -75.360874, 5.973845 ] ] } },
{ "type": "Feature", "properties": { "source": "PEÑOL", "target": "RETIRO", "distance": 0.5, "betweenness": 0.00022175536881419231, "weight": 0.1002217553688142 }, "geometry": { "type": "LineString", "coordinates": [ [ -75.242693, 6.219349 ], [ -75.501301, 6.062454 ] ] } },
{ "type": "Feature", "properties": { "source": "PEÑOL", "target": "HELICONIA", "distance": 0.5, "betweenness": 0.00016006402561024409, "weight": 0.10016006402561024 }, "geometry": { "type": "LineString", "coordinates": [ [ -75.242693, 6.219349 ], [ -75.734322, 6.206757 ] ] } },
{ "type": "Feature", "properties": { "source": "PEÑOL", "target": "FREDONIA", "distance": 0.5, "betweenness": 0.00014005602240896358, "weight": 0.10014005602240897 }, "geometry": { "type": "LineString", "coordinates": [ [ -75.242693, 6.219349 ], [ -75.675072, 5.928039 ] ] } },
{ "type": "Feature", "properties": { "source": "PEÑOL", "target": "ENVIGADO", "distance": 0.5, "betweenness": 0.00019063180827886709, "weight": 0.10019063180827888 }, "geometry": { "type": "LineString", "coordinates": [ [ -75.242693, 6.219349 ], [ -75.582192, 6.166695 ] ] } },
{ "type": "Feature", "properties": { "source": "PEÑOL", "target": "CALDAS", "distance": 0.5, "betweenness": 0.00029178338001867408, "weight": 0.10029178338001868 }, "geometry": { "type": "LineString", "coordinates": [ [ -75.242693, 6.219349 ], [ -75.633673, 6.091077 ] ] } },
{ "type": "Feature", "properties": { "source": "PEÑOL", "target": "COCORNÁ", "distance": 0.5, "betweenness": 0.00015006002400960383, "weight": 0.10015006002400961 }, "geometry": { "type": "LineString", "coordinates": [ [ -75.242693, 6.219349 ], [ -75.185483, 6.058295 ] ] } },
{ "type": "Feature", "properties": { "source": "PEÑOL", "target": "GUATAPÉ", "distance": 0.33333333333333331, "betweenness": 0.00033146591970121381, "weight": 0.10033146591970121 }, "geometry": { "type": "LineString", "coordinates": [ [ -75.242693, 6.219349 ], [ -75.160041, 6.232461 ] ] } },
{ "type": "Feature", "properties": { "source": "PEÑOL", "target": "RIONEGRO", "distance": 0.5, "betweenness": 0.00015561780267662621, "weight": 0.10015561780267664 }, "geometry": { "type": "LineString", "coordinates": [ [ -75.242693, 6.219349 ], [ -75.377316, 6.147148 ] ] } },
{ "type": "Feature", "properties": { "source": "PEÑOL", "target": "ALEJANDRÍA", "distance": 0.5, "betweenness": 0.00014005602240896358, "weight": 0.10014005602240897 }, "geometry": { "type": "LineString", "coordinates": [ [ -75.242693, 6.219349 ], [ -75.141346, 6.376061 ] ] } },
{ "type": "Feature", "properties": { "source": "PEÑOL", "target": "ARGELIA", "distance": 0.5, "betweenness": 0.00026883537919665924, "weight": 0.10026883537919666 }, "geometry": { "type": "LineString", "coordinates": [ [ -75.242693, 6.219349 ], [ -75.14107, 5.731474 ] ] } },
{ "type": "Feature", "properties": { "source": "PEÑOL", "target": "MARINILLA", "distance": 0.5, "betweenness": 0.00016495487083722379, "weight": 0.10016495487083724 }, "geometry": { "type": "LineString", "coordinates": [ [ -75.242693, 6.219349 ], [ -75.339345, 6.173995 ] ] } },
{ "type": "Feature", "properties": { "source": "PEÑOL", "target": "GRANADA", "distance": 0.5, "betweenness": 0.00014005602240896358, "weight": 0.10014005602240897 }, "geometry": { "type": "LineString", "coordinates": [ [ -75.242693, 6.219349 ], [ -75.184446, 6.142892 ] ] } },
{ "type": "Feature", "properties": { "source": "PEÑOL", "target": "SAN FRANCISCO", "distance": 0.5, "betweenness": 0.00018430099312452251, "weight": 0.10018430099312453 }, "geometry": { "type": "LineString", "coordinates": [ [ -75.242693, 6.219349 ], [ -75.101562, 5.963476 ] ] } },
{ "type": "Feature", "properties": { "source": "PEÑOL", "target": "SAN RAFAEL", "distance": 0.5, "betweenness": 0.00014005602240896358, "weight": 0.10014005602240897 }, "geometry": { "type": "LineString", "coordinates": [ [ -75.242693, 6.219349 ], [ -75.02849, 6.293759 ] ] } },
{ "type": "Feature", "properties": { "source": "PEÑOL", "target": "ANGELÓPOLIS", "distance": 0.33333333333333331, "betweenness": 0.0025235217691542324, "weight": 0.10252352176915423 }, "geometry": { "type": "LineString", "coordinates": [ [ -75.242693, 6.219349 ], [ -75.711389, 6.109719 ] ] } },
{ "type": "Feature", "properties": { "source": "PEÑOL", "target": "ARMENIA", "distance": 0.5, "betweenness": 0.00024684873949579834, "weight": 0.1002468487394958 }, "geometry": { "type": "LineString", "coordinates": [ [ -75.242693, 6.219349 ], [ -75.786647, 6.155667 ] ] } },
{ "type": "Feature", "properties": { "source": "PEÑOL", "target": "LA ESTRELLA", "distance": 0.5, "betweenness": 0.00027004681848972502, "weight": 0.10027004681848974 }, "geometry": { "type": "LineString", "coordinates": [ [ -75.242693, 6.219349 ], [ -75.637708, 6.145238 ] ] } },
{ "type": "Feature", "properties": { "source": "PEÑOL", "target": "PUERTO NARE", "distance": 0.5, "betweenness": 0.000308013856136881, "weight": 0.10030801385613689 }, "geometry": { "type": "LineString", "coordinates": [ [ -75.242693, 6.219349 ], [ -74.583012, 6.186025 ] ] } },
{ "type": "Feature", "properties": { "source": "PEÑOL", "target": "MONTEBELLO", "distance": 0.5, "betweenness": 0.00019198973280701878, "weight": 0.10019198973280702 }, "geometry": { "type": "LineString", "coordinates": [ [ -75.242693, 6.219349 ], [ -75.523455, 5.946313 ] ] } },
{ "type": "Feature", "properties": { "source": "PEÑOL", "target": "MACEO", "distance": 0.5, "betweenness": 0.0001991907874260815, "weight": 0.10019919078742609 }, "geometry": { "type": "LineString", "coordinates": [ [ -75.242693, 6.219349 ], [ -74.78716, 6.552116 ] ] } },
{ "type": "Feature", "properties": { "source": "PEÑOL", "target": "ITAGÜÍ", "distance": 0.5, "betweenness": 0.00023648853480786252, "weight": 0.10023648853480786 }, "geometry": { "type": "LineString", "coordinates": [ [ -75.242693, 6.219349 ], [ -75.612056, 6.175079 ] ] } },
{ "type": "Feature", "properties": { "source": "PEÑOL", "target": "PUERTO BERRÍO", "distance": 0.5, "betweenness": 0.00076785633053031669, "weight": 0.10076785633053033 }, "geometry": { "type": "LineString", "coordinates": [ [ -75.242693, 6.219349 ], [ -74.410016, 6.487028 ] ] } },
{ "type": "Feature", "properties": { "source": "PEÑOL", "target": "CARACOLÍ", "distance": 0.5, "betweenness": 0.00035637746045035884, "weight": 0.10035637746045037 }, "geometry": { "type": "LineString", "coordinates": [ [ -75.242693, 6.219349 ], [ -74.757421, 6.409829 ] ] } },
{ "type": "Feature", "properties": { "source": "PEÑOL", "target": "VENECIA", "distance": 0.5, "betweenness": 0.00039624183006535947, "weight": 0.10039624183006536 }, "geometry": { "type": "LineString", "coordinates": [ [ -75.242693, 6.219349 ], [ -75.735544, 5.964693 ] ] } },
{ "type": "Feature", "properties": { "source": "PEÑOL", "target": "TITIRIBÍ", "distance": 0.5, "betweenness": 0.00019140989729225024, "weight": 0.10019140989729225 }, "geometry": { "type": "LineString", "coordinates": [ [ -75.242693, 6.219349 ], [ -75.791887, 6.062391 ] ] } },
{ "type": "Feature", "properties": { "source": "PEÑOL", "target": "SABANETA", "distance": 0.5, "betweenness": 0.00023731714908185498, "weight": 0.10023731714908186 }, "geometry": { "type": "LineString", "coordinates": [ [ -75.242693, 6.219349 ], [ -75.615479, 6.149903 ] ] } },
{ "type": "Feature", "properties": { "source": "PEÑOL", "target": "PUERTO TRIUNFO", "distance": 0.5, "betweenness": 0.00293017206882753, "weight": 0.10293017206882754 }, "geometry": { "type": "LineString", "coordinates": [ [ -75.242693, 6.219349 ], [ -74.64119, 5.871318 ] ] } },
{ "type": "Feature", "properties": { "source": "PEÑOL", "target": "LA PINTADA", "distance": 1.0, "betweenness": 0.0, "weight": 0.1 }, "geometry": { "type": "LineString", "coordinates": [ [ -75.242693, 6.219349 ], [ -75.60781, 5.743808 ] ] } },
{ "type": "Feature", "properties": { "source": "PEÑOL", "target": "TÁMESIS", "distance": 0.5, "betweenness": 0.00053168489618069458, "weight": 0.1005316848961807 }, "geometry": { "type": "LineString", "coordinates": [ [ -75.242693, 6.219349 ], [ -75.714429, 5.664645 ] ] } },
{ "type": "Feature", "properties": { "source": "PEÑOL", "target": "CONCORDIA", "distance": 1.0, "betweenness": 0.0, "weight": 0.1 }, "geometry": { "type": "LineString", "coordinates": [ [ -75.242693, 6.219349 ], [ -75.908448, 6.045738 ] ] } },
{ "type": "Feature", "properties": { "source": "PEÑOL", "target": "JERICÓ", "distance": 1.0, "betweenness": 0.0, "weight": 0.1 }, "geometry": { "type": "LineString", "coordinates": [ [ -75.242693, 6.219349 ], [ -75.785499, 5.789748 ] ] } },
{ "type": "Feature", "properties": { "source": "RIONEGRO", "target": "ABEJORRAL", "distance": 0.5, "betweenness": 0.00028011204481792715, "weight": 0.10028011204481793 }, "geometry": { "type": "LineString", "coordinates": [ [ -75.377316, 6.147148 ], [ -75.428739, 5.789315 ] ] } },
{ "type": "Feature", "properties": { "source": "RIONEGRO", "target": "CALDAS", "distance": 0.5, "betweenness": 0.00030812324929971991, "weight": 0.10030812324929972 }, "geometry": { "type": "LineString", "coordinates": [ [ -75.377316, 6.147148 ], [ -75.633673, 6.091077 ] ] } },
{ "type": "Feature", "properties": { "source": "RIONEGRO", "target": "JERICÓ", "distance": 0.5, "betweenness": 0.00021008403361344536, "weight": 0.10021008403361345 }, "geometry": { "type": "LineString", "coordinates": [ [ -75.377316, 6.147148 ], [ -75.785499, 5.789748 ] ] } },
{ "type": "Feature", "properties": { "source": "RIONEGRO", "target": "SAN CARLOS", "distance": 0.5, "betweenness": 0.00014705882352941172, "weight": 0.10014705882352942 }, "geometry": { "type": "LineString", "coordinates": [ [ -75.377316, 6.147148 ], [ -74.988097, 6.187746 ] ] } },
{ "type": "Feature", "properties": { "source": "RIONEGRO", "target": "RETIRO", "distance": 0.5, "betweenness": 0.00014005602240896358, "weight": 0.10014005602240897 }, "geometry": { "type": "LineString", "coordinates": [ [ -75.377316, 6.147148 ], [ -75.501301, 6.062454 ] ] } },
{ "type": "Feature", "properties": { "source": "RIONEGRO", "target": "SANTA BÁRBARA", "distance": 0.5, "betweenness": 0.00028011204481792715, "weight": 0.10028011204481793 }, "geometry": { "type": "LineString", "coordinates": [ [ -75.377316, 6.147148 ], [ -75.567351, 5.875527 ] ] } },
{ "type": "Feature", "properties": { "source": "RIONEGRO", "target": "ARGELIA", "distance": 0.5, "betweenness": 0.00069248049201930061, "weight": 0.1006924804920193 }, "geometry": { "type": "LineString", "coordinates": [ [ -75.377316, 6.147148 ], [ -75.14107, 5.731474 ] ] } },
{ "type": "Feature", "properties": { "source": "RIONEGRO", "target": "COCORNÁ", "distance": 0.5, "betweenness": 0.00016665251959369605, "weight": 0.1001666525195937 }, "geometry": { "type": "LineString", "coordinates": [ [ -75.377316, 6.147148 ], [ -75.185483, 6.058295 ] ] } },
{ "type": "Feature", "properties": { "source": "RIONEGRO", "target": "SONSÓN", "distance": 0.5, "betweenness": 0.00053556032885695786, "weight": 0.10053556032885697 }, "geometry": { "type": "LineString", "coordinates": [ [ -75.377316, 6.147148 ], [ -75.309596, 5.714851 ] ] } },
{ "type": "Feature", "properties": { "source": "RIONEGRO", "target": "LA UNIÓN", "distance": 0.5, "betweenness": 0.00029567382508558973, "weight": 0.1002956738250856 }, "geometry": { "type": "LineString", "coordinates": [ [ -75.377316, 6.147148 ], [ -75.360874, 5.973845 ] ] } },
{ "type": "Feature", "properties": { "source": "RIONEGRO", "target": "TÁMESIS", "distance": 0.5, "betweenness": 0.00065406718242852708, "weight": 0.10065406718242853 }, "geometry": { "type": "LineString", "coordinates": [ [ -75.377316, 6.147148 ], [ -75.714429, 5.664645 ] ] } },
{ "type": "Feature", "properties": { "source": "RIONEGRO", "target": "EL CARMEN DE VIBORAL", "distance": 0.5, "betweenness": 0.00016311904136801539, "weight": 0.10016311904136802 }, "geometry": { "type": "LineString", "coordinates": [ [ -75.377316, 6.147148 ], [ -75.333901, 6.082885 ] ] } },
{ "type": "Feature", "properties": { "source": "RIONEGRO", "target": "AMAGÁ", "distance": 0.5, "betweenness": 0.00031512605042016803, "weight": 0.10031512605042017 }, "geometry": { "type": "LineString", "coordinates": [ [ -75.377316, 6.147148 ], [ -75.702188, 6.038708 ] ] } },
{ "type": "Feature", "properties": { "source": "RIONEGRO", "target": "ANZÁ", "distance": 0.5, "betweenness": 0.00017406962785114044, "weight": 0.10017406962785115 }, "geometry": { "type": "LineString", "coordinates": [ [ -75.377316, 6.147148 ], [ -75.854442, 6.302641 ] ] } },
{ "type": "Feature", "properties": { "source": "RIONEGRO", "target": "FREDONIA", "distance": 0.5, "betweenness": 0.00028011204481792715, "weight": 0.10028011204481793 }, "geometry": { "type": "LineString", "coordinates": [ [ -75.377316, 6.147148 ], [ -75.675072, 5.928039 ] ] } },
{ "type": "Feature", "properties": { "source": "RIONEGRO", "target": "MARINILLA", "distance": 0.5, "betweenness": 0.0001496869143927967, "weight": 0.1001496869143928 }, "geometry": { "type": "LineString", "coordinates": [ [ -75.377316, 6.147148 ], [ -75.339345, 6.173995 ] ] } },
{ "type": "Feature", "properties": { "source": "RIONEGRO", "target": "PUERTO NARE", "distance": 0.5, "betweenness": 0.00096298334880724355, "weight": 0.10096298334880725 }, "geometry": { "type": "LineString", "coordinates": [ [ -75.377316, 6.147148 ], [ -74.583012, 6.186025 ] ] } },
{ "type": "Feature", "properties": { "source": "RIONEGRO", "target": "SAN FRANCISCO", "distance": 0.5, "betweenness": 0.00061274509803921568, "weight": 0.10061274509803922 }, "geometry": { "type": "LineString", "coordinates": [ [ -75.377316, 6.147148 ], [ -75.101562, 5.963476 ] ] } },
{ "type": "Feature", "properties": { "source": "RIONEGRO", "target": "ARMENIA", "distance": 0.5, "betweenness": 0.00032387955182072828, "weight": 0.10032387955182073 }, "geometry": { "type": "LineString", "coordinates": [ [ -75.377316, 6.147148 ], [ -75.786647, 6.155667 ] ] } },
{ "type": "Feature", "properties": { "source": "RIONEGRO", "target": "EL SANTUARIO", "distance": 0.33333333333333331, "betweenness": 0.0011601307189542485, "weight": 0.10116013071895426 }, "geometry": { "type": "LineString", "coordinates": [ [ -75.377316, 6.147148 ], [ -75.265465, 6.136871 ] ] } },
{ "type": "Feature", "properties": { "source": "RIONEGRO", "target": "SAN RAFAEL", "distance": 0.5, "betweenness": 0.00014005602240896358, "weight": 0.10014005602240897 }, "geometry": { "type": "LineString", "coordinates": [ [ -75.377316, 6.147148 ], [ -75.02849, 6.293759 ] ] } },
{ "type": "Feature", "properties": { "source": "RIONEGRO", "target": "ENVIGADO", "distance": 0.5, "betweenness": 0.00014005602240896358, "weight": 0.10014005602240897 }, "geometry": { "type": "LineString", "coordinates": [ [ -75.377316, 6.147148 ], [ -75.582192, 6.166695 ] ] } },
{ "type": "Feature", "properties": { "source": "RIONEGRO", "target": "ALEJANDRÍA", "distance": 0.5, "betweenness": 0.00015561780267662621, "weight": 0.10015561780267664 }, "geometry": { "type": "LineString", "coordinates": [ [ -75.377316, 6.147148 ], [ -75.141346, 6.376061 ] ] } },
{ "type": "Feature", "properties": { "source": "RIONEGRO", "target": "BETULIA", "distance": 0.5, "betweenness": 0.00016006402561024409, "weight": 0.10016006402561024 }, "geometry": { "type": "LineString", "coordinates": [ [ -75.377316, 6.147148 ], [ -75.984452, 6.115208 ] ] } },
{ "type": "Feature", "properties": { "source": "RIONEGRO", "target": "GUATAPÉ", "distance": 0.5, "betweenness": 0.00014005602240896358, "weight": 0.10014005602240897 }, "geometry": { "type": "LineString", "coordinates": [ [ -75.377316, 6.147148 ], [ -75.160041, 6.232461 ] ] } },
{ "type": "Feature", "properties": { "source": "RIONEGRO", "target": "NARIÑO", "distance": 0.5, "betweenness": 0.00049514755397108334, "weight": 0.10049514755397108 }, "geometry": { "type": "LineString", "coordinates": [ [ -75.377316, 6.147148 ], [ -75.176262, 5.610777 ] ] } },
{ "type": "Feature", "properties": { "source": "RIONEGRO", "target": "GRANADA", "distance": 0.5, "betweenness": 0.00015561780267662621, "weight": 0.10015561780267664 }, "geometry": { "type": "LineString", "coordinates": [ [ -75.377316, 6.147148 ], [ -75.184446, 6.142892 ] ] } },
{ "type": "Feature", "properties": { "source": "RIONEGRO", "target": "LA CEJA", "distance": 0.5, "betweenness": 0.00028011204481792715, "weight": 0.10028011204481793 }, "geometry": { "type": "LineString", "coordinates": [ [ -75.377316, 6.147148 ], [ -75.429433, 6.028062 ] ] } },
{ "type": "Feature", "properties": { "source": "RIONEGRO", "target": "SALGAR", "distance": 0.5, "betweenness": 0.00031179138321995464, "weight": 0.10031179138321997 }, "geometry": { "type": "LineString", "coordinates": [ [ -75.377316, 6.147148 ], [ -75.976807, 5.964198 ] ] } },
{ "type": "Feature", "properties": { "source": "RIONEGRO", "target": "SAN LUIS", "distance": 0.5, "betweenness": 0.00049783225141603786, "weight": 0.10049783225141605 }, "geometry": { "type": "LineString", "coordinates": [ [ -75.377316, 6.147148 ], [ -74.993619, 6.043017 ] ] } },
{ "type": "Feature", "properties": { "source": "RIONEGRO", "target": "CONCORDIA", "distance": 0.5, "betweenness": 0.00030012004801920766, "weight": 0.10030012004801922 }, "geometry": { "type": "LineString", "coordinates": [ [ -75.377316, 6.147148 ], [ -75.908448, 6.045738 ] ] } },
{ "type": "Feature", "properties": { "source": "RIONEGRO", "target": "ANGELÓPOLIS", "distance": 0.33333333333333331, "betweenness": 0.00055128111850800932, "weight": 0.10055128111850802 }, "geometry": { "type": "LineString", "coordinates": [ [ -75.377316, 6.147148 ], [ -75.711389, 6.109719 ] ] } },
{ "type": "Feature", "properties": { "source": "RIONEGRO", "target": "PUEBLORRICO", "distance": 0.5, "betweenness": 0.00049186341203147929, "weight": 0.10049186341203148 }, "geometry": { "type": "LineString", "coordinates": [ [ -75.377316, 6.147148 ], [ -75.839903, 5.79158 ] ] } },
{ "type": "Feature", "properties": { "source": "RIONEGRO", "target": "CIUDAD BOLÍVAR", "distance": 0.5, "betweenness": 0.00055555555555555556, "weight": 0.10055555555555556 }, "geometry": { "type": "LineString", "coordinates": [ [ -75.377316, 6.147148 ], [ -76.021509, 5.850273 ] ] } },
{ "type": "Feature", "properties": { "source": "RIONEGRO", "target": "LA ESTRELLA", "distance": 0.5, "betweenness": 0.00022056951122695063, "weight": 0.10022056951122696 }, "geometry": { "type": "LineString", "coordinates": [ [ -75.377316, 6.147148 ], [ -75.637708, 6.145238 ] ] } },
{ "type": "Feature", "properties": { "source": "RIONEGRO", "target": "SABANETA", "distance": 0.5, "betweenness": 0.00028011204481792715, "weight": 0.10028011204481793 }, "geometry": { "type": "LineString", "coordinates": [ [ -75.377316, 6.147148 ], [ -75.615479, 6.149903 ] ] } },
{ "type": "Feature", "properties": { "source": "RIONEGRO", "target": "HELICONIA", "distance": 0.5, "betweenness": 0.00014005602240896358, "weight": 0.10014005602240897 }, "geometry": { "type": "LineString", "coordinates": [ [ -75.377316, 6.147148 ], [ -75.734322, 6.206757 ] ] } },
{ "type": "Feature", "properties": { "source": "RIONEGRO", "target": "CARAMANTA", "distance": 0.5, "betweenness": 0.00082702032875580549, "weight": 0.10082702032875582 }, "geometry": { "type": "LineString", "coordinates": [ [ -75.377316, 6.147148 ], [ -75.643868, 5.54853 ] ] } },
{ "type": "Feature", "properties": { "source": "RIONEGRO", "target": "TARSO", "distance": 0.5, "betweenness": 0.0004690344151128464, "weight": 0.10046903441511285 }, "geometry": { "type": "LineString", "coordinates": [ [ -75.377316, 6.147148 ], [ -75.822956, 5.864542 ] ] } },
{ "type": "Feature", "properties": { "source": "RIONEGRO", "target": "TITIRIBÍ", "distance": 0.5, "betweenness": 0.00031512605042016803, "weight": 0.10031512605042017 }, "geometry": { "type": "LineString", "coordinates": [ [ -75.377316, 6.147148 ], [ -75.791887, 6.062391 ] ] } },
{ "type": "Feature", "properties": { "source": "RIONEGRO", "target": "ANDES", "distance": 0.5, "betweenness": 0.00089456476865106623, "weight": 0.10089456476865107 }, "geometry": { "type": "LineString", "coordinates": [ [ -75.377316, 6.147148 ], [ -75.878828, 5.657194 ] ] } },
{ "type": "Feature", "properties": { "source": "RIONEGRO", "target": "MONTEBELLO", "distance": 0.5, "betweenness": 0.0003688447885548081, "weight": 0.10036884478855482 }, "geometry": { "type": "LineString", "coordinates": [ [ -75.377316, 6.147148 ], [ -75.523455, 5.946313 ] ] } },
{ "type": "Feature", "properties": { "source": "RIONEGRO", "target": "HISPANIA", "distance": 0.5, "betweenness": 0.00098907991910753912, "weight": 0.10098907991910755 }, "geometry": { "type": "LineString", "coordinates": [ [ -75.377316, 6.147148 ], [ -75.906587, 5.799461 ] ] } },
{ "type": "Feature", "properties": { "source": "RIONEGRO", "target": "BETANIA", "distance": 0.5, "betweenness": 0.00084458783513405343, "weight": 0.10084458783513406 }, "geometry": { "type": "LineString", "coordinates": [ [ -75.377316, 6.147148 ], [ -75.97679, 5.74615 ] ] } },
{ "type": "Feature", "properties": { "source": "RIONEGRO", "target": "VALPARAÍSO", "distance": 0.5, "betweenness": 0.0008729432390291058, "weight": 0.10087294323902911 }, "geometry": { "type": "LineString", "coordinates": [ [ -75.377316, 6.147148 ], [ -75.624452, 5.614555 ] ] } },
{ "type": "Feature", "properties": { "source": "RIONEGRO", "target": "JARDÍN", "distance": 0.5, "betweenness": 0.0008920234760570894, "weight": 0.10089202347605709 }, "geometry": { "type": "LineString", "coordinates": [ [ -75.377316, 6.147148 ], [ -75.818982, 5.597542 ] ] } },
{ "type": "Feature", "properties": { "source": "RIONEGRO", "target": "VENECIA", "distance": 0.5, "betweenness": 0.0001488095238095238, "weight": 0.10014880952380953 }, "geometry": { "type": "LineString", "coordinates": [ [ -75.377316, 6.147148 ], [ -75.735544, 5.964693 ] ] } },
{ "type": "Feature", "properties": { "source": "RIONEGRO", "target": "CARACOLÍ", "distance": 1.0, "betweenness": 0.0, "weight": 0.1 }, "geometry": { "type": "LineString", "coordinates": [ [ -75.377316, 6.147148 ], [ -74.757421, 6.409829 ] ] } },
{ "type": "Feature", "properties": { "source": "RIONEGRO", "target": "LA PINTADA", "distance": 0.33333333333333331, "betweenness": 0.0021475256769374414, "weight": 0.10214752567693745 }, "geometry": { "type": "LineString", "coordinates": [ [ -75.377316, 6.147148 ], [ -75.60781, 5.743808 ] ] } },
{ "type": "Feature", "properties": { "source": "RIONEGRO", "target": "ITAGÜÍ", "distance": 0.5, "betweenness": 0.00023448773448773449, "weight": 0.10023448773448775 }, "geometry": { "type": "LineString", "coordinates": [ [ -75.377316, 6.147148 ], [ -75.612056, 6.175079 ] ] } },
{ "type": "Feature", "properties": { "source": "RIONEGRO", "target": "MACEO", "distance": 1.0, "betweenness": 0.0, "weight": 0.1 }, "geometry": { "type": "LineString", "coordinates": [ [ -75.377316, 6.147148 ], [ -74.78716, 6.552116 ] ] } },
{ "type": "Feature", "properties": { "source": "ALEJANDRÍA", "target": "RETIRO", "distance": 0.33333333333333331, "betweenness": 0.0015633043488527784, "weight": 0.10156330434885279 }, "geometry": { "type": "LineString", "coordinates": [ [ -75.141346, 6.376061 ], [ -75.501301, 6.062454 ] ] } },
{ "type": "Feature", "properties": { "source": "ALEJANDRÍA", "target": "GUATAPÉ", "distance": 0.5, "betweenness": 0.00014005602240896358, "weight": 0.10014005602240897 }, "geometry": { "type": "LineString", "coordinates": [ [ -75.141346, 6.376061 ], [ -75.160041, 6.232461 ] ] } },
{ "type": "Feature", "properties": { "source": "ALEJANDRÍA", "target": "EL CARMEN DE VIBORAL", "distance": 0.5, "betweenness": 0.00016844690364833717, "weight": 0.10016844690364834 }, "geometry": { "type": "LineString", "coordinates": [ [ -75.141346, 6.376061 ], [ -75.333901, 6.082885 ] ] } },
{ "type": "Feature", "properties": { "source": "ALEJANDRÍA", "target": "EL SANTUARIO", "distance": 0.5, "betweenness": 0.00016406562625050024, "weight": 0.10016406562625051 }, "geometry": { "type": "LineString", "coordinates": [ [ -75.141346, 6.376061 ], [ -75.265465, 6.136871 ] ] } },
{ "type": "Feature", "properties": { "source": "ALEJANDRÍA", "target": "SAN FRANCISCO", "distance": 0.5, "betweenness": 0.00023098633392751037, "weight": 0.10023098633392752 }, "geometry": { "type": "LineString", "coordinates": [ [ -75.141346, 6.376061 ], [ -75.101562, 5.963476 ] ] } },
{ "type": "Feature", "properties": { "source": "ALEJANDRÍA", "target": "SAN CARLOS", "distance": 0.5, "betweenness": 0.00016364879285047352, "weight": 0.10016364879285047 }, "geometry": { "type": "LineString", "coordinates": [ [ -75.141346, 6.376061 ], [ -74.988097, 6.187746 ] ] } },
{ "type": "Feature", "properties": { "source": "ALEJANDRÍA", "target": "SAN RAFAEL", "distance": 0.5, "betweenness": 0.00019374416433239964, "weight": 0.10019374416433241 }, "geometry": { "type": "LineString", "coordinates": [ [ -75.141346, 6.376061 ], [ -75.02849, 6.293759 ] ] } },
{ "type": "Feature", "properties": { "source": "ALEJANDRÍA", "target": "LA CEJA", "distance": 0.5, "betweenness": 0.00020804541975941569, "weight": 0.10020804541975942 }, "geometry": { "type": "LineString", "coordinates": [ [ -75.141346, 6.376061 ], [ -75.429433, 6.028062 ] ] } },
{ "type": "Feature", "properties": { "source": "ALEJANDRÍA", "target": "COCORNÁ", "distance": 0.5, "betweenness": 0.00016678972693427154, "weight": 0.10016678972693428 }, "geometry": { "type": "LineString", "coordinates": [ [ -75.141346, 6.376061 ], [ -75.185483, 6.058295 ] ] } },
{ "type": "Feature", "properties": { "source": "ALEJANDRÍA", "target": "MARINILLA", "distance": 0.5, "betweenness": 0.00016495487083722379, "weight": 0.10016495487083724 }, "geometry": { "type": "LineString", "coordinates": [ [ -75.141346, 6.376061 ], [ -75.339345, 6.173995 ] ] } },
{ "type": "Feature", "properties": { "source": "ALEJANDRÍA", "target": "SONSÓN", "distance": 0.5, "betweenness": 0.00029347376624522768, "weight": 0.10029347376624523 }, "geometry": { "type": "LineString", "coordinates": [ [ -75.141346, 6.376061 ], [ -75.309596, 5.714851 ] ] } },
{ "type": "Feature", "properties": { "source": "ALEJANDRÍA", "target": "ABEJORRAL", "distance": 0.5, "betweenness": 0.00018207282913165266, "weight": 0.10018207282913166 }, "geometry": { "type": "LineString", "coordinates": [ [ -75.141346, 6.376061 ], [ -75.428739, 5.789315 ] ] } },
{ "type": "Feature", "properties": { "source": "ALEJANDRÍA", "target": "CARACOLÍ", "distance": 0.5, "betweenness": 0.00049397189216243763, "weight": 0.10049397189216244 }, "geometry": { "type": "LineString", "coordinates": [ [ -75.141346, 6.376061 ], [ -74.757421, 6.409829 ] ] } },
{ "type": "Feature", "properties": { "source": "ALEJANDRÍA", "target": "GRANADA", "distance": 0.5, "betweenness": 0.00014005602240896358, "weight": 0.10014005602240897 }, "geometry": { "type": "LineString", "coordinates": [ [ -75.141346, 6.376061 ], [ -75.184446, 6.142892 ] ] } },
{ "type": "Feature", "properties": { "source": "ALEJANDRÍA", "target": "PUERTO BERRÍO", "distance": 0.5, "betweenness": 0.00088790355197072694, "weight": 0.10088790355197073 }, "geometry": { "type": "LineString", "coordinates": [ [ -75.141346, 6.376061 ], [ -74.410016, 6.487028 ] ] } },
{ "type": "Feature", "properties": { "source": "ALEJANDRÍA", "target": "ARGELIA", "distance": 0.5, "betweenness": 0.00058376074602514011, "weight": 0.10058376074602515 }, "geometry": { "type": "LineString", "coordinates": [ [ -75.141346, 6.376061 ], [ -75.14107, 5.731474 ] ] } },
{ "type": "Feature", "properties": { "source": "ALEJANDRÍA", "target": "MACEO", "distance": 0.5, "betweenness": 0.00025754746342981639, "weight": 0.10025754746342982 }, "geometry": { "type": "LineString", "coordinates": [ [ -75.141346, 6.376061 ], [ -74.78716, 6.552116 ] ] } },
{ "type": "Feature", "properties": { "source": "ALEJANDRÍA", "target": "MONTEBELLO", "distance": 0.5, "betweenness": 0.00022751552957849029, "weight": 0.1002275155295785 }, "geometry": { "type": "LineString", "coordinates": [ [ -75.141346, 6.376061 ], [ -75.523455, 5.946313 ] ] } },
{ "type": "Feature", "properties": { "source": "ALEJANDRÍA", "target": "LA UNIÓN", "distance": 0.5, "betweenness": 0.00015172735760971053, "weight": 0.10015172735760972 }, "geometry": { "type": "LineString", "coordinates": [ [ -75.141346, 6.376061 ], [ -75.360874, 5.973845 ] ] } },
{ "type": "Feature", "properties": { "source": "ALEJANDRÍA", "target": "PUERTO NARE", "distance": 0.5, "betweenness": 0.00055287425821016827, "weight": 0.10055287425821018 }, "geometry": { "type": "LineString", "coordinates": [ [ -75.141346, 6.376061 ], [ -74.583012, 6.186025 ] ] } },
{ "type": "Feature", "properties": { "source": "ALEJANDRÍA", "target": "CALDAS", "distance": 0.5, "betweenness": 0.00021258503401360541, "weight": 0.1002125850340136 }, "geometry": { "type": "LineString", "coordinates": [ [ -75.141346, 6.376061 ], [ -75.633673, 6.091077 ] ] } },
{ "type": "Feature", "properties": { "source": "ALEJANDRÍA", "target": "ENVIGADO", "distance": 0.5, "betweenness": 0.00017896047307812012, "weight": 0.10017896047307813 }, "geometry": { "type": "LineString", "coordinates": [ [ -75.141346, 6.376061 ], [ -75.582192, 6.166695 ] ] } },
{ "type": "Feature", "properties": { "source": "ALEJANDRÍA", "target": "FREDONIA", "distance": 0.33333333333333331, "betweenness": 0.0010063542961044067, "weight": 0.10100635429610441 }, "geometry": { "type": "LineString", "coordinates": [ [ -75.141346, 6.376061 ], [ -75.675072, 5.928039 ] ] } },
{ "type": "Feature", "properties": { "source": "ALEJANDRÍA", "target": "SAN LUIS", "distance": 0.5, "betweenness": 0.000207867069045751, "weight": 0.10020786706904576 }, "geometry": { "type": "LineString", "coordinates": [ [ -75.141346, 6.376061 ], [ -74.993619, 6.043017 ] ] } },
{ "type": "Feature", "properties": { "source": "ALEJANDRÍA", "target": "SANTA BÁRBARA", "distance": 0.5, "betweenness": 0.00015561780267662621, "weight": 0.10015561780267664 }, "geometry": { "type": "LineString", "coordinates": [ [ -75.141346, 6.376061 ], [ -75.567351, 5.875527 ] ] } },
{ "type": "Feature", "properties": { "source": "ALEJANDRÍA", "target": "PUERTO TRIUNFO", "distance": 0.5, "betweenness": 0.0031060479747454526, "weight": 0.10310604797474546 }, "geometry": { "type": "LineString", "coordinates": [ [ -75.141346, 6.376061 ], [ -74.64119, 5.871318 ] ] } },
{ "type": "Feature", "properties": { "source": "ALEJANDRÍA", "target": "LA ESTRELLA", "distance": 0.5, "betweenness": 0.00026837948488961833, "weight": 0.10026837948488962 }, "geometry": { "type": "LineString", "coordinates": [ [ -75.141346, 6.376061 ], [ -75.637708, 6.145238 ] ] } },
{ "type": "Feature", "properties": { "source": "ALEJANDRÍA", "target": "HELICONIA", "distance": 0.5, "betweenness": 0.00032012805122048823, "weight": 0.10032012805122049 }, "geometry": { "type": "LineString", "coordinates": [ [ -75.141346, 6.376061 ], [ -75.734322, 6.206757 ] ] } },
{ "type": "Feature", "properties": { "source": "ALEJANDRÍA", "target": "ANGELÓPOLIS", "distance": 0.33333333333333331, "betweenness": 0.0020094828202413344, "weight": 0.10200948282024135 }, "geometry": { "type": "LineString", "coordinates": [ [ -75.141346, 6.376061 ], [ -75.711389, 6.109719 ] ] } },
{ "type": "Feature", "properties": { "source": "ALEJANDRÍA", "target": "ITAGÜÍ", "distance": 0.5, "betweenness": 0.00022875210690336738, "weight": 0.10022875210690338 }, "geometry": { "type": "LineString", "coordinates": [ [ -75.141346, 6.376061 ], [ -75.612056, 6.175079 ] ] } },
{ "type": "Feature", "properties": { "source": "ALEJANDRÍA", "target": "SABANETA", "distance": 0.5, "betweenness": 0.00019063180827886709, "weight": 0.10019063180827888 }, "geometry": { "type": "LineString", "coordinates": [ [ -75.141346, 6.376061 ], [ -75.615479, 6.149903 ] ] } },
{ "type": "Feature", "properties": { "source": "ITAGÜÍ", "target": "RETIRO", "distance": 0.5, "betweenness": 0.00018079959256429845, "weight": 0.1001807995925643 }, "geometry": { "type": "LineString", "coordinates": [ [ -75.612056, 6.175079 ], [ -75.501301, 6.062454 ] ] } },
{ "type": "Feature", "properties": { "source": "ITAGÜÍ", "target": "SONSÓN", "distance": 0.5, "betweenness": 0.00016822821082455969, "weight": 0.10016822821082456 }, "geometry": { "type": "LineString", "coordinates": [ [ -75.612056, 6.175079 ], [ -75.309596, 5.714851 ] ] } },
{ "type": "Feature", "properties": { "source": "ITAGÜÍ", "target": "SALGAR", "distance": 0.5, "betweenness": 0.0002567693744164332, "weight": 0.10025676937441644 }, "geometry": { "type": "LineString", "coordinates": [ [ -75.612056, 6.175079 ], [ -75.976807, 5.964198 ] ] } },
{ "type": "Feature", "properties": { "source": "ITAGÜÍ", "target": "ABEJORRAL", "distance": 0.33333333333333331, "betweenness": 0.0016490535608182663, "weight": 0.10164905356081827 }, "geometry": { "type": "LineString", "coordinates": [ [ -75.612056, 6.175079 ], [ -75.428739, 5.789315 ] ] } },
{ "type": "Feature", "properties": { "source": "ITAGÜÍ", "target": "HELICONIA", "distance": 0.5, "betweenness": 0.00014005602240896358, "weight": 0.10014005602240897 }, "geometry": { "type": "LineString", "coordinates": [ [ -75.612056, 6.175079 ], [ -75.734322, 6.206757 ] ] } },
{ "type": "Feature", "properties": { "source": "ITAGÜÍ", "target": "SANTA BÁRBARA", "distance": 1.0, "betweenness": 0.0, "weight": 0.1 }, "geometry": { "type": "LineString", "coordinates": [ [ -75.612056, 6.175079 ], [ -75.567351, 5.875527 ] ] } },
{ "type": "Feature", "properties": { "source": "ITAGÜÍ", "target": "FREDONIA", "distance": 1.0, "betweenness": 0.0, "weight": 0.1 }, "geometry": { "type": "LineString", "coordinates": [ [ -75.612056, 6.175079 ], [ -75.675072, 5.928039 ] ] } },
{ "type": "Feature", "properties": { "source": "ITAGÜÍ", "target": "CALDAS", "distance": 0.33333333333333331, "betweenness": 0.0015019947372888539, "weight": 0.10150199473728885 }, "geometry": { "type": "LineString", "coordinates": [ [ -75.612056, 6.175079 ], [ -75.633673, 6.091077 ] ] } },
{ "type": "Feature", "properties": { "source": "ITAGÜÍ", "target": "BETANIA", "distance": 1.0, "betweenness": 0.0, "weight": 0.1 }, "geometry": { "type": "LineString", "coordinates": [ [ -75.612056, 6.175079 ], [ -75.97679, 5.74615 ] ] } },
{ "type": "Feature", "properties": { "source": "ITAGÜÍ", "target": "AMAGÁ", "distance": 0.5, "betweenness": 0.00014005602240896358, "weight": 0.10014005602240897 }, "geometry": { "type": "LineString", "coordinates": [ [ -75.612056, 6.175079 ], [ -75.702188, 6.038708 ] ] } },
{ "type": "Feature", "properties": { "source": "ITAGÜÍ", "target": "LA CEJA", "distance": 0.5, "betweenness": 0.00021008403361344539, "weight": 0.10021008403361345 }, "geometry": { "type": "LineString", "coordinates": [ [ -75.612056, 6.175079 ], [ -75.429433, 6.028062 ] ] } },
{ "type": "Feature", "properties": { "source": "ITAGÜÍ", "target": "LA UNIÓN", "distance": 0.5, "betweenness": 0.00016339869281045751, "weight": 0.10016339869281046 }, "geometry": { "type": "LineString", "coordinates": [ [ -75.612056, 6.175079 ], [ -75.360874, 5.973845 ] ] } },
{ "type": "Feature", "properties": { "source": "ITAGÜÍ", "target": "GRANADA", "distance": 1.0, "betweenness": 0.0, "weight": 0.1 }, "geometry": { "type": "LineString", "coordinates": [ [ -75.612056, 6.175079 ], [ -75.184446, 6.142892 ] ] } },
{ "type": "Feature", "properties": { "source": "ITAGÜÍ", "target": "EL CARMEN DE VIBORAL", "distance": 0.5, "betweenness": 0.00017665981121130624, "weight": 0.10017665981121131 }, "geometry": { "type": "LineString", "coordinates": [ [ -75.612056, 6.175079 ], [ -75.333901, 6.082885 ] ] } },
{ "type": "Feature", "properties": { "source": "ITAGÜÍ", "target": "SAN RAFAEL", "distance": 0.5, "betweenness": 0.00028103968860271377, "weight": 0.10028103968860272 }, "geometry": { "type": "LineString", "coordinates": [ [ -75.612056, 6.175079 ], [ -75.02849, 6.293759 ] ] } },
{ "type": "Feature", "properties": { "source": "ITAGÜÍ", "target": "CIUDAD BOLÍVAR", "distance": 0.5, "betweenness": 0.00023342670401493929, "weight": 0.10023342670401494 }, "geometry": { "type": "LineString", "coordinates": [ [ -75.612056, 6.175079 ], [ -76.021509, 5.850273 ] ] } },
{ "type": "Feature", "properties": { "source": "ITAGÜÍ", "target": "JARDÍN", "distance": 0.5, "betweenness": 0.00014005602240896358, "weight": 0.10014005602240897 }, "geometry": { "type": "LineString", "coordinates": [ [ -75.612056, 6.175079 ], [ -75.818982, 5.597542 ] ] } },
{ "type": "Feature", "properties": { "source": "ITAGÜÍ", "target": "CARAMANTA", "distance": 1.0, "betweenness": 0.0, "weight": 0.1 }, "geometry": { "type": "LineString", "coordinates": [ [ -75.612056, 6.175079 ], [ -75.643868, 5.54853 ] ] } },
{ "type": "Feature", "properties": { "source": "ITAGÜÍ", "target": "CONCORDIA", "distance": 0.5, "betweenness": 0.00015278838808250569, "weight": 0.10015278838808252 }, "geometry": { "type": "LineString", "coordinates": [ [ -75.612056, 6.175079 ], [ -75.908448, 6.045738 ] ] } },
{ "type": "Feature", "properties": { "source": "ITAGÜÍ", "target": "VALPARAÍSO", "distance": 0.5, "betweenness": 0.00015677580905284889, "weight": 0.10015677580905286 }, "geometry": { "type": "LineString", "coordinates": [ [ -75.612056, 6.175079 ], [ -75.624452, 5.614555 ] ] } },
{ "type": "Feature", "properties": { "source": "ITAGÜÍ", "target": "TITIRIBÍ", "distance": 0.5, "betweenness": 0.00014005602240896358, "weight": 0.10014005602240897 }, "geometry": { "type": "LineString", "coordinates": [ [ -75.612056, 6.175079 ], [ -75.791887, 6.062391 ] ] } },
{ "type": "Feature", "properties": { "source": "ITAGÜÍ", "target": "MARINILLA", "distance": 0.5, "betweenness": 0.00030136296943019628, "weight": 0.10030136296943021 }, "geometry": { "type": "LineString", "coordinates": [ [ -75.612056, 6.175079 ], [ -75.339345, 6.173995 ] ] } },
{ "type": "Feature", "properties": { "source": "ITAGÜÍ", "target": "ANDES", "distance": 0.5, "betweenness": 0.00016354430920257249, "weight": 0.10016354430920257 }, "geometry": { "type": "LineString", "coordinates": [ [ -75.612056, 6.175079 ], [ -75.878828, 5.657194 ] ] } },
{ "type": "Feature", "properties": { "source": "ITAGÜÍ", "target": "ANZÁ", "distance": 0.5, "betweenness": 0.0005602240896358543, "weight": 0.10056022408963586 }, "geometry": { "type": "LineString", "coordinates": [ [ -75.612056, 6.175079 ], [ -75.854442, 6.302641 ] ] } },
{ "type": "Feature", "properties": { "source": "ITAGÜÍ", "target": "COCORNÁ", "distance": 0.5, "betweenness": 0.00020608243297318927, "weight": 0.1002060824329732 }, "geometry": { "type": "LineString", "coordinates": [ [ -75.612056, 6.175079 ], [ -75.185483, 6.058295 ] ] } },
{ "type": "Feature", "properties": { "source": "ITAGÜÍ", "target": "JERICÓ", "distance": 0.5, "betweenness": 0.00016806722689075628, "weight": 0.10016806722689076 }, "geometry": { "type": "LineString", "coordinates": [ [ -75.612056, 6.175079 ], [ -75.785499, 5.789748 ] ] } },
{ "type": "Feature", "properties": { "source": "ITAGÜÍ", "target": "BETULIA", "distance": 0.5, "betweenness": 0.00014005602240896358, "weight": 0.10014005602240897 }, "geometry": { "type": "LineString", "coordinates": [ [ -75.612056, 6.175079 ], [ -75.984452, 6.115208 ] ] } },
{ "type": "Feature", "properties": { "source": "ITAGÜÍ", "target": "ENVIGADO", "distance": 1.0, "betweenness": 0.0, "weight": 0.1 }, "geometry": { "type": "LineString", "coordinates": [ [ -75.612056, 6.175079 ], [ -75.582192, 6.166695 ] ] } },
{ "type": "Feature", "properties": { "source": "ITAGÜÍ", "target": "ANGELÓPOLIS", "distance": 1.0, "betweenness": 0.0, "weight": 0.1 }, "geometry": { "type": "LineString", "coordinates": [ [ -75.612056, 6.175079 ], [ -75.711389, 6.109719 ] ] } },
{ "type": "Feature", "properties": { "source": "ITAGÜÍ", "target": "SAN CARLOS", "distance": 1.0, "betweenness": 0.0, "weight": 0.1 }, "geometry": { "type": "LineString", "coordinates": [ [ -75.612056, 6.175079 ], [ -74.988097, 6.187746 ] ] } },
{ "type": "Feature", "properties": { "source": "ITAGÜÍ", "target": "EL SANTUARIO", "distance": 1.0, "betweenness": 0.0, "weight": 0.1 }, "geometry": { "type": "LineString", "coordinates": [ [ -75.612056, 6.175079 ], [ -75.265465, 6.136871 ] ] } },
{ "type": "Feature", "properties": { "source": "ITAGÜÍ", "target": "LA ESTRELLA", "distance": 1.0, "betweenness": 0.0, "weight": 0.1 }, "geometry": { "type": "LineString", "coordinates": [ [ -75.612056, 6.175079 ], [ -75.637708, 6.145238 ] ] } },
{ "type": "Feature", "properties": { "source": "ITAGÜÍ", "target": "TARSO", "distance": 1.0, "betweenness": 0.0, "weight": 0.1 }, "geometry": { "type": "LineString", "coordinates": [ [ -75.612056, 6.175079 ], [ -75.822956, 5.864542 ] ] } },
{ "type": "Feature", "properties": { "source": "ITAGÜÍ", "target": "PUEBLORRICO", "distance": 1.0, "betweenness": 0.0, "weight": 0.1 }, "geometry": { "type": "LineString", "coordinates": [ [ -75.612056, 6.175079 ], [ -75.839903, 5.79158 ] ] } },
{ "type": "Feature", "properties": { "source": "ITAGÜÍ", "target": "TÁMESIS", "distance": 1.0, "betweenness": 0.0, "weight": 0.1 }, "geometry": { "type": "LineString", "coordinates": [ [ -75.612056, 6.175079 ], [ -75.714429, 5.664645 ] ] } },
{ "type": "Feature", "properties": { "source": "ITAGÜÍ", "target": "NARIÑO", "distance": 1.0, "betweenness": 0.0, "weight": 0.1 }, "geometry": { "type": "LineString", "coordinates": [ [ -75.612056, 6.175079 ], [ -75.176262, 5.610777 ] ] } },
{ "type": "Feature", "properties": { "source": "GUATAPÉ", "target": "CALDAS", "distance": 0.5, "betweenness": 0.00037931839402427638, "weight": 0.10037931839402428 }, "geometry": { "type": "LineString", "coordinates": [ [ -75.160041, 6.232461 ], [ -75.633673, 6.091077 ] ] } },
{ "type": "Feature", "properties": { "source": "GUATAPÉ", "target": "SAN LUIS", "distance": 0.5, "betweenness": 0.00029507619512042326, "weight": 0.10029507619512043 }, "geometry": { "type": "LineString", "coordinates": [ [ -75.160041, 6.232461 ], [ -74.993619, 6.043017 ] ] } },
{ "type": "Feature", "properties": { "source": "GUATAPÉ", "target": "FREDONIA", "distance": 0.5, "betweenness": 0.00022281639928698748, "weight": 0.100222816399287 }, "geometry": { "type": "LineString", "coordinates": [ [ -75.160041, 6.232461 ], [ -75.675072, 5.928039 ] ] } },
{ "type": "Feature", "properties": { "source": "GUATAPÉ", "target": "COCORNÁ", "distance": 0.5, "betweenness": 0.00029011604641856738, "weight": 0.10029011604641858 }, "geometry": { "type": "LineString", "coordinates": [ [ -75.160041, 6.232461 ], [ -75.185483, 6.058295 ] ] } },
{ "type": "Feature", "properties": { "source": "GUATAPÉ", "target": "RETIRO", "distance": 0.5, "betweenness": 0.00042794895736072199, "weight": 0.10042794895736072 }, "geometry": { "type": "LineString", "coordinates": [ [ -75.160041, 6.232461 ], [ -75.501301, 6.062454 ] ] } },
{ "type": "Feature", "properties": { "source": "GUATAPÉ", "target": "ABEJORRAL", "distance": 0.5, "betweenness": 0.00026844070961718017, "weight": 0.10026844070961718 }, "geometry": { "type": "LineString", "coordinates": [ [ -75.160041, 6.232461 ], [ -75.428739, 5.789315 ] ] } },
{ "type": "Feature", "properties": { "source": "GUATAPÉ", "target": "SAN CARLOS", "distance": 0.5, "betweenness": 0.00014005602240896358, "weight": 0.10014005602240897 }, "geometry": { "type": "LineString", "coordinates": [ [ -75.160041, 6.232461 ], [ -74.988097, 6.187746 ] ] } },
{ "type": "Feature", "properties": { "source": "GUATAPÉ", "target": "LA CEJA", "distance": 0.33333333333333331, "betweenness": 0.0020078382230085015, "weight": 0.1020078382230085 }, "geometry": { "type": "LineString", "coordinates": [ [ -75.160041, 6.232461 ], [ -75.429433, 6.028062 ] ] } },
{ "type": "Feature", "properties": { "source": "GUATAPÉ", "target": "SANTA BÁRBARA", "distance": 0.5, "betweenness": 0.00028011204481792715, "weight": 0.10028011204481793 }, "geometry": { "type": "LineString", "coordinates": [ [ -75.160041, 6.232461 ], [ -75.567351, 5.875527 ] ] } },
{ "type": "Feature", "properties": { "source": "GUATAPÉ", "target": "SAN RAFAEL", "distance": 0.5, "betweenness": 0.00014005602240896358, "weight": 0.10014005602240897 }, "geometry": { "type": "LineString", "coordinates": [ [ -75.160041, 6.232461 ], [ -75.02849, 6.293759 ] ] } },
{ "type": "Feature", "properties": { "source": "GUATAPÉ", "target": "EL CARMEN DE VIBORAL", "distance": 0.5, "betweenness": 0.000290885585003232, "weight": 0.10029088558500324 }, "geometry": { "type": "LineString", "coordinates": [ [ -75.160041, 6.232461 ], [ -75.333901, 6.082885 ] ] } },
{ "type": "Feature", "properties": { "source": "GUATAPÉ", "target": "LA UNIÓN", "distance": 0.5, "betweenness": 0.00029178338001867408, "weight": 0.10029178338001868 }, "geometry": { "type": "LineString", "coordinates": [ [ -75.160041, 6.232461 ], [ -75.360874, 5.973845 ] ] } },
{ "type": "Feature", "properties": { "source": "GUATAPÉ", "target": "NARIÑO", "distance": 0.5, "betweenness": 0.00044817927170868349, "weight": 0.1004481792717087 }, "geometry": { "type": "LineString", "coordinates": [ [ -75.160041, 6.232461 ], [ -75.176262, 5.610777 ] ] } },
{ "type": "Feature", "properties": { "source": "GUATAPÉ", "target": "SONSÓN", "distance": 0.5, "betweenness": 0.00049066375335118115, "weight": 0.10049066375335118 }, "geometry": { "type": "LineString", "coordinates": [ [ -75.160041, 6.232461 ], [ -75.309596, 5.714851 ] ] } },
{ "type": "Feature", "properties": { "source": "GUATAPÉ", "target": "EL SANTUARIO", "distance": 0.5, "betweenness": 0.00029011604641856738, "weight": 0.10029011604641858 }, "geometry": { "type": "LineString", "coordinates": [ [ -75.160041, 6.232461 ], [ -75.265465, 6.136871 ] ] } },
{ "type": "Feature", "properties": { "source": "GUATAPÉ", "target": "GRANADA", "distance": 0.5, "betweenness": 0.00014005602240896358, "weight": 0.10014005602240897 }, "geometry": { "type": "LineString", "coordinates": [ [ -75.160041, 6.232461 ], [ -75.184446, 6.142892 ] ] } },
{ "type": "Feature", "properties": { "source": "GUATAPÉ", "target": "ENVIGADO", "distance": 0.33333333333333331, "betweenness": 0.0020300137598899203, "weight": 0.10203001375988993 }, "geometry": { "type": "LineString", "coordinates": [ [ -75.160041, 6.232461 ], [ -75.582192, 6.166695 ] ] } },
{ "type": "Feature", "properties": { "source": "GUATAPÉ", "target": "MARINILLA", "distance": 0.5, "betweenness": 0.00014939309056956115, "weight": 0.10014939309056957 }, "geometry": { "type": "LineString", "coordinates": [ [ -75.160041, 6.232461 ], [ -75.339345, 6.173995 ] ] } },
{ "type": "Feature", "properties": { "source": "GUATAPÉ", "target": "CARACOLÍ", "distance": 0.5, "betweenness": 0.00078882316600530804, "weight": 0.10078882316600532 }, "geometry": { "type": "LineString", "coordinates": [ [ -75.160041, 6.232461 ], [ -74.757421, 6.409829 ] ] } },
{ "type": "Feature", "properties": { "source": "GUATAPÉ", "target": "MACEO", "distance": 0.5, "betweenness": 0.00025287892934951754, "weight": 0.10025287892934952 }, "geometry": { "type": "LineString", "coordinates": [ [ -75.160041, 6.232461 ], [ -74.78716, 6.552116 ] ] } },
{ "type": "Feature", "properties": { "source": "GUATAPÉ", "target": "ANGELÓPOLIS", "distance": 0.5, "betweenness": 0.00070028011204481782, "weight": 0.10070028011204482 }, "geometry": { "type": "LineString", "coordinates": [ [ -75.160041, 6.232461 ], [ -75.711389, 6.109719 ] ] } },
{ "type": "Feature", "properties": { "source": "GUATAPÉ", "target": "ARGELIA", "distance": 0.5, "betweenness": 0.00055224814098312348, "weight": 0.10055224814098312 }, "geometry": { "type": "LineString", "coordinates": [ [ -75.160041, 6.232461 ], [ -75.14107, 5.731474 ] ] } },
{ "type": "Feature", "properties": { "source": "GUATAPÉ", "target": "HELICONIA", "distance": 0.5, "betweenness": 0.00028011204481792715, "weight": 0.10028011204481793 }, "geometry": { "type": "LineString", "coordinates": [ [ -75.160041, 6.232461 ], [ -75.734322, 6.206757 ] ] } },
{ "type": "Feature", "properties": { "source": "GUATAPÉ", "target": "MONTEBELLO", "distance": 0.5, "betweenness": 0.00039512505704960947, "weight": 0.10039512505704962 }, "geometry": { "type": "LineString", "coordinates": [ [ -75.160041, 6.232461 ], [ -75.523455, 5.946313 ] ] } },
{ "type": "Feature", "properties": { "source": "GUATAPÉ", "target": "LA ESTRELLA", "distance": 0.5, "betweenness": 0.00042255226511281872, "weight": 0.10042255226511282 }, "geometry": { "type": "LineString", "coordinates": [ [ -75.160041, 6.232461 ], [ -75.637708, 6.145238 ] ] } },
{ "type": "Feature", "properties": { "source": "GUATAPÉ", "target": "SABANETA", "distance": 0.5, "betweenness": 0.00024509803921568627, "weight": 0.10024509803921569 }, "geometry": { "type": "LineString", "coordinates": [ [ -75.160041, 6.232461 ], [ -75.615479, 6.149903 ] ] } },
{ "type": "Feature", "properties": { "source": "GUATAPÉ", "target": "SAN FRANCISCO", "distance": 0.5, "betweenness": 0.00043290043290043285, "weight": 0.10043290043290044 }, "geometry": { "type": "LineString", "coordinates": [ [ -75.160041, 6.232461 ], [ -75.101562, 5.963476 ] ] } },
{ "type": "Feature", "properties": { "source": "GUATAPÉ", "target": "AMAGÁ", "distance": 0.5, "betweenness": 0.00029761904761904759, "weight": 0.10029761904761905 }, "geometry": { "type": "LineString", "coordinates": [ [ -75.160041, 6.232461 ], [ -75.702188, 6.038708 ] ] } },
{ "type": "Feature", "properties": { "source": "GUATAPÉ", "target": "PUERTO BERRÍO", "distance": 0.5, "betweenness": 0.0011360737929538821, "weight": 0.10113607379295389 }, "geometry": { "type": "LineString", "coordinates": [ [ -75.160041, 6.232461 ], [ -74.410016, 6.487028 ] ] } },
{ "type": "Feature", "properties": { "source": "GUATAPÉ", "target": "PUERTO NARE", "distance": 0.5, "betweenness": 0.00084521947912681767, "weight": 0.10084521947912682 }, "geometry": { "type": "LineString", "coordinates": [ [ -75.160041, 6.232461 ], [ -74.583012, 6.186025 ] ] } },
{ "type": "Feature", "properties": { "source": "GUATAPÉ", "target": "ARMENIA", "distance": 0.5, "betweenness": 0.00039407429638522074, "weight": 0.10039407429638522 }, "geometry": { "type": "LineString", "coordinates": [ [ -75.160041, 6.232461 ], [ -75.786647, 6.155667 ] ] } },
{ "type": "Feature", "properties": { "source": "GUATAPÉ", "target": "TITIRIBÍ", "distance": 0.5, "betweenness": 0.00030812324929971991, "weight": 0.10030812324929972 }, "geometry": { "type": "LineString", "coordinates": [ [ -75.160041, 6.232461 ], [ -75.791887, 6.062391 ] ] } },
{ "type": "Feature", "properties": { "source": "GUATAPÉ", "target": "VENECIA", "distance": 1.0, "betweenness": 0.0, "weight": 0.1 }, "geometry": { "type": "LineString", "coordinates": [ [ -75.160041, 6.232461 ], [ -75.735544, 5.964693 ] ] } },
{ "type": "Feature", "properties": { "source": "GUATAPÉ", "target": "PUERTO TRIUNFO", "distance": 1.0, "betweenness": 0.0, "weight": 0.1 }, "geometry": { "type": "LineString", "coordinates": [ [ -75.160041, 6.232461 ], [ -74.64119, 5.871318 ] ] } },
{ "type": "Feature", "properties": { "source": "HELICONIA", "target": "TÁMESIS", "distance": 0.5, "betweenness": 0.00059446000622471204, "weight": 0.10059446000622471 }, "geometry": { "type": "LineString", "coordinates": [ [ -75.734322, 6.206757 ], [ -75.714429, 5.664645 ] ] } },
{ "type": "Feature", "properties": { "source": "HELICONIA", "target": "ANDES", "distance": 0.5, "betweenness": 0.00081635802089414556, "weight": 0.10081635802089416 }, "geometry": { "type": "LineString", "coordinates": [ [ -75.734322, 6.206757 ], [ -75.878828, 5.657194 ] ] } },
{ "type": "Feature", "properties": { "source": "HELICONIA", "target": "CONCORDIA", "distance": 0.5, "betweenness": 0.00036414565826330526, "weight": 0.10036414565826331 }, "geometry": { "type": "LineString", "coordinates": [ [ -75.734322, 6.206757 ], [ -75.908448, 6.045738 ] ] } },
{ "type": "Feature", "properties": { "source": "HELICONIA", "target": "ANZÁ", "distance": 0.5, "betweenness": 0.00022408963585434174, "weight": 0.10022408963585434 }, "geometry": { "type": "LineString", "coordinates": [ [ -75.734322, 6.206757 ], [ -75.854442, 6.302641 ] ] } },
{ "type": "Feature", "properties": { "source": "HELICONIA", "target": "ABEJORRAL", "distance": 0.33333333333333331, "betweenness": 0.0012418300653594771, "weight": 0.10124183006535949 }, "geometry": { "type": "LineString", "coordinates": [ [ -75.734322, 6.206757 ], [ -75.428739, 5.789315 ] ] } },
{ "type": "Feature", "properties": { "source": "HELICONIA", "target": "JARDÍN", "distance": 0.5, "betweenness": 0.00050186741363211947, "weight": 0.10050186741363212 }, "geometry": { "type": "LineString", "coordinates": [ [ -75.734322, 6.206757 ], [ -75.818982, 5.597542 ] ] } },
{ "type": "Feature", "properties": { "source": "HELICONIA", "target": "COCORNÁ", "distance": 0.5, "betweenness": 0.0003858513102210582, "weight": 0.10038585131022107 }, "geometry": { "type": "LineString", "coordinates": [ [ -75.734322, 6.206757 ], [ -75.185483, 6.058295 ] ] } },
{ "type": "Feature", "properties": { "source": "HELICONIA", "target": "JERICÓ", "distance": 0.5, "betweenness": 0.00021008403361344536, "weight": 0.10021008403361345 }, "geometry": { "type": "LineString", "coordinates": [ [ -75.734322, 6.206757 ], [ -75.785499, 5.789748 ] ] } },
{ "type": "Feature", "properties": { "source": "HELICONIA", "target": "CALDAS", "distance": 0.5, "betweenness": 0.00014005602240896358, "weight": 0.10014005602240897 }, "geometry": { "type": "LineString", "coordinates": [ [ -75.734322, 6.206757 ], [ -75.633673, 6.091077 ] ] } },
{ "type": "Feature", "properties": { "source": "HELICONIA", "target": "SONSÓN", "distance": 0.5, "betweenness": 0.00081182403299181029, "weight": 0.10081182403299181 }, "geometry": { "type": "LineString", "coordinates": [ [ -75.734322, 6.206757 ], [ -75.309596, 5.714851 ] ] } },
{ "type": "Feature", "properties": { "source": "HELICONIA", "target": "RETIRO", "distance": 0.5, "betweenness": 0.00030012004801920766, "weight": 0.10030012004801922 }, "geometry": { "type": "LineString", "coordinates": [ [ -75.734322, 6.206757 ], [ -75.501301, 6.062454 ] ] } },
{ "type": "Feature", "properties": { "source": "HELICONIA", "target": "EL CARMEN DE VIBORAL", "distance": 0.5, "betweenness": 0.00048878070700045196, "weight": 0.10048878070700046 }, "geometry": { "type": "LineString", "coordinates": [ [ -75.734322, 6.206757 ], [ -75.333901, 6.082885 ] ] } },
{ "type": "Feature", "properties": { "source": "HELICONIA", "target": "SALGAR", "distance": 0.5, "betweenness": 0.00015406162464985996, "weight": 0.10015406162464986 }, "geometry": { "type": "LineString", "coordinates": [ [ -75.734322, 6.206757 ], [ -75.976807, 5.964198 ] ] } },
{ "type": "Feature", "properties": { "source": "HELICONIA", "target": "GRANADA", "distance": 0.5, "betweenness": 0.0003584767240229425, "weight": 0.10035847672402295 }, "geometry": { "type": "LineString", "coordinates": [ [ -75.734322, 6.206757 ], [ -75.184446, 6.142892 ] ] } },
{ "type": "Feature", "properties": { "source": "HELICONIA", "target": "BETANIA", "distance": 0.5, "betweenness": 0.00054230025343470726, "weight": 0.10054230025343472 }, "geometry": { "type": "LineString", "coordinates": [ [ -75.734322, 6.206757 ], [ -75.97679, 5.74615 ] ] } },
{ "type": "Feature", "properties": { "source": "HELICONIA", "target": "MARINILLA", "distance": 0.5, "betweenness": 0.00032347437809622677, "weight": 0.10032347437809623 }, "geometry": { "type": "LineString", "coordinates": [ [ -75.734322, 6.206757 ], [ -75.339345, 6.173995 ] ] } },
{ "type": "Feature", "properties": { "source": "HELICONIA", "target": "LA CEJA", "distance": 0.5, "betweenness": 0.00034313725490196079, "weight": 0.10034313725490196 }, "geometry": { "type": "LineString", "coordinates": [ [ -75.734322, 6.206757 ], [ -75.429433, 6.028062 ] ] } },
{ "type": "Feature", "properties": { "source": "HELICONIA", "target": "AMAGÁ", "distance": 0.5, "betweenness": 0.00018807523009203682, "weight": 0.10018807523009204 }, "geometry": { "type": "LineString", "coordinates": [ [ -75.734322, 6.206757 ], [ -75.702188, 6.038708 ] ] } },
{ "type": "Feature", "properties": { "source": "HELICONIA", "target": "SANTA BÁRBARA", "distance": 0.5, "betweenness": 0.00033846872082166193, "weight": 0.10033846872082167 }, "geometry": { "type": "LineString", "coordinates": [ [ -75.734322, 6.206757 ], [ -75.567351, 5.875527 ] ] } },
{ "type": "Feature", "properties": { "source": "HELICONIA", "target": "LA UNIÓN", "distance": 0.5, "betweenness": 0.00037014805922368942, "weight": 0.1003701480592237 }, "geometry": { "type": "LineString", "coordinates": [ [ -75.734322, 6.206757 ], [ -75.360874, 5.973845 ] ] } },
{ "type": "Feature", "properties": { "source": "HELICONIA", "target": "TARSO", "distance": 0.5, "betweenness": 0.00049082764418898861, "weight": 0.100490827644189 }, "geometry": { "type": "LineString", "coordinates": [ [ -75.734322, 6.206757 ], [ -75.822956, 5.864542 ] ] } },
{ "type": "Feature", "properties": { "source": "HELICONIA", "target": "CIUDAD BOLÍVAR", "distance": 0.5, "betweenness": 0.00046451914098972921, "weight": 0.10046451914098974 }, "geometry": { "type": "LineString", "coordinates": [ [ -75.734322, 6.206757 ], [ -76.021509, 5.850273 ] ] } },
{ "type": "Feature", "properties": { "source": "HELICONIA", "target": "BETULIA", "distance": 0.5, "betweenness": 0.00015406162464985996, "weight": 0.10015406162464986 }, "geometry": { "type": "LineString", "coordinates": [ [ -75.734322, 6.206757 ], [ -75.984452, 6.115208 ] ] } },
{ "type": "Feature", "properties": { "source": "HELICONIA", "target": "MONTEBELLO", "distance": 0.5, "betweenness": 0.00041173332077929214, "weight": 0.1004117333207793 }, "geometry": { "type": "LineString", "coordinates": [ [ -75.734322, 6.206757 ], [ -75.523455, 5.946313 ] ] } },
{ "type": "Feature", "properties": { "source": "HELICONIA", "target": "ENVIGADO", "distance": 0.5, "betweenness": 0.00018674136321195143, "weight": 0.10018674136321196 }, "geometry": { "type": "LineString", "coordinates": [ [ -75.734322, 6.206757 ], [ -75.582192, 6.166695 ] ] } },
{ "type": "Feature", "properties": { "source": "HELICONIA", "target": "ANGELÓPOLIS", "distance": 0.5, "betweenness": 0.00021008403361344536, "weight": 0.10021008403361345 }, "geometry": { "type": "LineString", "coordinates": [ [ -75.734322, 6.206757 ], [ -75.711389, 6.109719 ] ] } },
{ "type": "Feature", "properties": { "source": "HELICONIA", "target": "SAN RAFAEL", "distance": 0.5, "betweenness": 0.00033813525410164059, "weight": 0.10033813525410165 }, "geometry": { "type": "LineString", "coordinates": [ [ -75.734322, 6.206757 ], [ -75.02849, 6.293759 ] ] } },
{ "type": "Feature", "properties": { "source": "HELICONIA", "target": "ARMENIA", "distance": 0.5, "betweenness": 0.00033513405362144854, "weight": 0.10033513405362146 }, "geometry": { "type": "LineString", "coordinates": [ [ -75.734322, 6.206757 ], [ -75.786647, 6.155667 ] ] } },
{ "type": "Feature", "properties": { "source": "HELICONIA", "target": "TITIRIBÍ", "distance": 0.5, "betweenness": 0.00019140989729225024, "weight": 0.10019140989729225 }, "geometry": { "type": "LineString", "coordinates": [ [ -75.734322, 6.206757 ], [ -75.791887, 6.062391 ] ] } },
{ "type": "Feature", "properties": { "source": "HELICONIA", "target": "FREDONIA", "distance": 0.5, "betweenness": 0.00021008403361344536, "weight": 0.10021008403361345 }, "geometry": { "type": "LineString", "coordinates": [ [ -75.734322, 6.206757 ], [ -75.675072, 5.928039 ] ] } },
{ "type": "Feature", "properties": { "source": "HELICONIA", "target": "LA PINTADA", "distance": 0.5, "betweenness": 0.00035014005602240891, "weight": 0.10035014005602241 }, "geometry": { "type": "LineString", "coordinates": [ [ -75.734322, 6.206757 ], [ -75.60781, 5.743808 ] ] } },
{ "type": "Feature", "properties": { "source": "HELICONIA", "target": "EL SANTUARIO", "distance": 0.5, "betweenness": 0.00033846872082166193, "weight": 0.10033846872082167 }, "geometry": { "type": "LineString", "coordinates": [ [ -75.734322, 6.206757 ], [ -75.265465, 6.136871 ] ] } },
{ "type": "Feature", "properties": { "source": "HELICONIA", "target": "VENECIA", "distance": 0.5, "betweenness": 0.00016806722689075631, "weight": 0.10016806722689076 }, "geometry": { "type": "LineString", "coordinates": [ [ -75.734322, 6.206757 ], [ -75.735544, 5.964693 ] ] } },
{ "type": "Feature", "properties": { "source": "HELICONIA", "target": "PUEBLORRICO", "distance": 0.5, "betweenness": 0.00049542039037837361, "weight": 0.10049542039037838 }, "geometry": { "type": "LineString", "coordinates": [ [ -75.734322, 6.206757 ], [ -75.839903, 5.79158 ] ] } },
{ "type": "Feature", "properties": { "source": "HELICONIA", "target": "SABANETA", "distance": 0.33333333333333331, "betweenness": 0.00091970121381886082, "weight": 0.10091970121381887 }, "geometry": { "type": "LineString", "coordinates": [ [ -75.734322, 6.206757 ], [ -75.615479, 6.149903 ] ] } },
{ "type": "Feature", "properties": { "source": "HELICONIA", "target": "HISPANIA", "distance": 0.5, "betweenness": 0.00084982246173862679, "weight": 0.10084982246173864 }, "geometry": { "type": "LineString", "coordinates": [ [ -75.734322, 6.206757 ], [ -75.906587, 5.799461 ] ] } },
{ "type": "Feature", "properties": { "source": "HELICONIA", "target": "LA ESTRELLA", "distance": 0.5, "betweenness": 0.00019507803121248497, "weight": 0.10019507803121248 }, "geometry": { "type": "LineString", "coordinates": [ [ -75.734322, 6.206757 ], [ -75.637708, 6.145238 ] ] } },
{ "type": "Feature", "properties": { "source": "HELICONIA", "target": "VALPARAÍSO", "distance": 0.5, "betweenness": 0.00071837636177315295, "weight": 0.10071837636177317 }, "geometry": { "type": "LineString", "coordinates": [ [ -75.734322, 6.206757 ], [ -75.624452, 5.614555 ] ] } },
{ "type": "Feature", "properties": { "source": "HELICONIA", "target": "CARAMANTA", "distance": 0.5, "betweenness": 0.00065545170130482523, "weight": 0.10065545170130483 }, "geometry": { "type": "LineString", "coordinates": [ [ -75.734322, 6.206757 ], [ -75.643868, 5.54853 ] ] } },
{ "type": "Feature", "properties": { "source": "HELICONIA", "target": "SAN CARLOS", "distance": 1.0, "betweenness": 0.0, "weight": 0.1 }, "geometry": { "type": "LineString", "coordinates": [ [ -75.734322, 6.206757 ], [ -74.988097, 6.187746 ] ] } },
{ "type": "Feature", "properties": { "source": "MARINILLA", "target": "SAN LUIS", "distance": 0.5, "betweenness": 0.00018947361384336173, "weight": 0.10018947361384337 }, "geometry": { "type": "LineString", "coordinates": [ [ -75.339345, 6.173995 ], [ -74.993619, 6.043017 ] ] } },
{ "type": "Feature", "properties": { "source": "MARINILLA", "target": "EL CARMEN DE VIBORAL", "distance": 0.5, "betweenness": 0.0002427779445563303, "weight": 0.10024277794455634 }, "geometry": { "type": "LineString", "coordinates": [ [ -75.339345, 6.173995 ], [ -75.333901, 6.082885 ] ] } },
{ "type": "Feature", "properties": { "source": "MARINILLA", "target": "SAN FRANCISCO", "distance": 0.5, "betweenness": 0.00014005602240896358, "weight": 0.10014005602240897 }, "geometry": { "type": "LineString", "coordinates": [ [ -75.339345, 6.173995 ], [ -75.101562, 5.963476 ] ] } },
{ "type": "Feature", "properties": { "source": "MARINILLA", "target": "SONSÓN", "distance": 0.5, "betweenness": 0.00029232109340318943, "weight": 0.10029232109340319 }, "geometry": { "type": "LineString", "coordinates": [ [ -75.339345, 6.173995 ], [ -75.309596, 5.714851 ] ] } },
{ "type": "Feature", "properties": { "source": "MARINILLA", "target": "ABEJORRAL", "distance": 0.5, "betweenness": 0.00022905199375787609, "weight": 0.10022905199375788 }, "geometry": { "type": "LineString", "coordinates": [ [ -75.339345, 6.173995 ], [ -75.428739, 5.789315 ] ] } },
{ "type": "Feature", "properties": { "source": "MARINILLA", "target": "ANGELÓPOLIS", "distance": 0.5, "betweenness": 0.00045814363041253792, "weight": 0.10045814363041254 }, "geometry": { "type": "LineString", "coordinates": [ [ -75.339345, 6.173995 ], [ -75.711389, 6.109719 ] ] } },
{ "type": "Feature", "properties": { "source": "MARINILLA", "target": "ARGELIA", "distance": 0.5, "betweenness": 0.00041991432929521714, "weight": 0.10041991432929523 }, "geometry": { "type": "LineString", "coordinates": [ [ -75.339345, 6.173995 ], [ -75.14107, 5.731474 ] ] } },
{ "type": "Feature", "properties": { "source": "MARINILLA", "target": "COCORNÁ", "distance": 0.5, "betweenness": 0.00015561780267662621, "weight": 0.10015561780267664 }, "geometry": { "type": "LineString", "coordinates": [ [ -75.339345, 6.173995 ], [ -75.185483, 6.058295 ] ] } },
{ "type": "Feature", "properties": { "source": "MARINILLA", "target": "RETIRO", "distance": 0.5, "betweenness": 0.00017302958479429066, "weight": 0.10017302958479429 }, "geometry": { "type": "LineString", "coordinates": [ [ -75.339345, 6.173995 ], [ -75.501301, 6.062454 ] ] } },
{ "type": "Feature", "properties": { "source": "MARINILLA", "target": "ENVIGADO", "distance": 0.5, "betweenness": 0.00018470091999503761, "weight": 0.10018470091999504 }, "geometry": { "type": "LineString", "coordinates": [ [ -75.339345, 6.173995 ], [ -75.582192, 6.166695 ] ] } },
{ "type": "Feature", "properties": { "source": "MARINILLA", "target": "SAN CARLOS", "distance": 0.5, "betweenness": 0.00015639589169000933, "weight": 0.10015639589169001 }, "geometry": { "type": "LineString", "coordinates": [ [ -75.339345, 6.173995 ], [ -74.988097, 6.187746 ] ] } },
{ "type": "Feature", "properties": { "source": "MARINILLA", "target": "LA CEJA", "distance": 0.5, "betweenness": 0.0002897429368017603, "weight": 0.10028974293680176 }, "geometry": { "type": "LineString", "coordinates": [ [ -75.339345, 6.173995 ], [ -75.429433, 6.028062 ] ] } },
{ "type": "Feature", "properties": { "source": "MARINILLA", "target": "EL SANTUARIO", "distance": 0.5, "betweenness": 0.00014005602240896358, "weight": 0.10014005602240897 }, "geometry": { "type": "LineString", "coordinates": [ [ -75.339345, 6.173995 ], [ -75.265465, 6.136871 ] ] } },
{ "type": "Feature", "properties": { "source": "MARINILLA", "target": "MONTEBELLO", "distance": 0.5, "betweenness": 0.0002366944833941223, "weight": 0.10023669448339413 }, "geometry": { "type": "LineString", "coordinates": [ [ -75.339345, 6.173995 ], [ -75.523455, 5.946313 ] ] } },
{ "type": "Feature", "properties": { "source": "MARINILLA", "target": "GRANADA", "distance": 0.5, "betweenness": 0.00016495487083722379, "weight": 0.10016495487083724 }, "geometry": { "type": "LineString", "coordinates": [ [ -75.339345, 6.173995 ], [ -75.184446, 6.142892 ] ] } },
{ "type": "Feature", "properties": { "source": "MARINILLA", "target": "SAN RAFAEL", "distance": 0.5, "betweenness": 0.00014939309056956115, "weight": 0.10014939309056957 }, "geometry": { "type": "LineString", "coordinates": [ [ -75.339345, 6.173995 ], [ -75.02849, 6.293759 ] ] } },
{ "type": "Feature", "properties": { "source": "MARINILLA", "target": "ARMENIA", "distance": 0.5, "betweenness": 0.00024514176299890585, "weight": 0.10024514176299891 }, "geometry": { "type": "LineString", "coordinates": [ [ -75.339345, 6.173995 ], [ -75.786647, 6.155667 ] ] } },
{ "type": "Feature", "properties": { "source": "MARINILLA", "target": "FREDONIA", "distance": 0.5, "betweenness": 0.00014968691439279675, "weight": 0.1001496869143928 }, "geometry": { "type": "LineString", "coordinates": [ [ -75.339345, 6.173995 ], [ -75.675072, 5.928039 ] ] } },
{ "type": "Feature", "properties": { "source": "MARINILLA", "target": "CALDAS", "distance": 0.5, "betweenness": 0.00032475694240400118, "weight": 0.100324756942404 }, "geometry": { "type": "LineString", "coordinates": [ [ -75.339345, 6.173995 ], [ -75.633673, 6.091077 ] ] } },
{ "type": "Feature", "properties": { "source": "MARINILLA", "target": "AMAGÁ", "distance": 0.5, "betweenness": 0.00019637225519578459, "weight": 0.10019637225519579 }, "geometry": { "type": "LineString", "coordinates": [ [ -75.339345, 6.173995 ], [ -75.702188, 6.038708 ] ] } },
{ "type": "Feature", "properties": { "source": "MARINILLA", "target": "SANTA BÁRBARA", "distance": 0.5, "betweenness": 0.00018470091999503763, "weight": 0.10018470091999504 }, "geometry": { "type": "LineString", "coordinates": [ [ -75.339345, 6.173995 ], [ -75.567351, 5.875527 ] ] } },
{ "type": "Feature", "properties": { "source": "MARINILLA", "target": "SABANETA", "distance": 0.5, "betweenness": 0.00021971492559727849, "weight": 0.10021971492559728 }, "geometry": { "type": "LineString", "coordinates": [ [ -75.339345, 6.173995 ], [ -75.615479, 6.149903 ] ] } },
{ "type": "Feature", "properties": { "source": "MARINILLA", "target": "LA UNIÓN", "distance": 0.5, "betweenness": 0.0002119340354634472, "weight": 0.10021193403546345 }, "geometry": { "type": "LineString", "coordinates": [ [ -75.339345, 6.173995 ], [ -75.360874, 5.973845 ] ] } },
{ "type": "Feature", "properties": { "source": "MARINILLA", "target": "NARIÑO", "distance": 0.5, "betweenness": 0.00027763630704807175, "weight": 0.10027763630704807 }, "geometry": { "type": "LineString", "coordinates": [ [ -75.339345, 6.173995 ], [ -75.176262, 5.610777 ] ] } },
{ "type": "Feature", "properties": { "source": "MARINILLA", "target": "JERICÓ", "distance": 0.5, "betweenness": 0.00038778215248803482, "weight": 0.10038778215248804 }, "geometry": { "type": "LineString", "coordinates": [ [ -75.339345, 6.173995 ], [ -75.785499, 5.789748 ] ] } },
{ "type": "Feature", "properties": { "source": "MARINILLA", "target": "TITIRIBÍ", "distance": 0.5, "betweenness": 0.00019637225519578459, "weight": 0.10019637225519579 }, "geometry": { "type": "LineString", "coordinates": [ [ -75.339345, 6.173995 ], [ -75.791887, 6.062391 ] ] } },
{ "type": "Feature", "properties": { "source": "MARINILLA", "target": "VENECIA", "distance": 0.5, "betweenness": 0.00026976699770817417, "weight": 0.10026976699770818 }, "geometry": { "type": "LineString", "coordinates": [ [ -75.339345, 6.173995 ], [ -75.735544, 5.964693 ] ] } },
{ "type": "Feature", "properties": { "source": "MARINILLA", "target": "BETULIA", "distance": 0.5, "betweenness": 0.00028145757137353777, "weight": 0.10028145757137355 }, "geometry": { "type": "LineString", "coordinates": [ [ -75.339345, 6.173995 ], [ -75.984452, 6.115208 ] ] } },
{ "type": "Feature", "properties": { "source": "MARINILLA", "target": "CONCORDIA", "distance": 0.5, "betweenness": 0.00031319676277659472, "weight": 0.1003131967627766 }, "geometry": { "type": "LineString", "coordinates": [ [ -75.339345, 6.173995 ], [ -75.908448, 6.045738 ] ] } },
{ "type": "Feature", "properties": { "source": "MARINILLA", "target": "MACEO", "distance": 0.33333333333333331, "betweenness": 0.0032866479925303459, "weight": 0.10328664799253034 }, "geometry": { "type": "LineString", "coordinates": [ [ -75.339345, 6.173995 ], [ -74.78716, 6.552116 ] ] } },
{ "type": "Feature", "properties": { "source": "MARINILLA", "target": "LA ESTRELLA", "distance": 0.5, "betweenness": 0.00030846700396873402, "weight": 0.10030846700396874 }, "geometry": { "type": "LineString", "coordinates": [ [ -75.339345, 6.173995 ], [ -75.637708, 6.145238 ] ] } },
{ "type": "Feature", "properties": { "source": "MARINILLA", "target": "TARSO", "distance": 0.5, "betweenness": 0.0004238100316531688, "weight": 0.10042381003165317 }, "geometry": { "type": "LineString", "coordinates": [ [ -75.339345, 6.173995 ], [ -75.822956, 5.864542 ] ] } },
{ "type": "Feature", "properties": { "source": "MARINILLA", "target": "TÁMESIS", "distance": 0.5, "betweenness": 0.00055793782159328364, "weight": 0.10055793782159329 }, "geometry": { "type": "LineString", "coordinates": [ [ -75.339345, 6.173995 ], [ -75.714429, 5.664645 ] ] } },
{ "type": "Feature", "properties": { "source": "MARINILLA", "target": "PUERTO NARE", "distance": 0.5, "betweenness": 0.00031946288019094716, "weight": 0.10031946288019095 }, "geometry": { "type": "LineString", "coordinates": [ [ -75.339345, 6.173995 ], [ -74.583012, 6.186025 ] ] } },
{ "type": "Feature", "properties": { "source": "MARINILLA", "target": "VALPARAÍSO", "distance": 0.5, "betweenness": 0.00097002849011243518, "weight": 0.10097002849011244 }, "geometry": { "type": "LineString", "coordinates": [ [ -75.339345, 6.173995 ], [ -75.624452, 5.614555 ] ] } },
{ "type": "Feature", "properties": { "source": "MARINILLA", "target": "CARACOLÍ", "distance": 0.5, "betweenness": 0.00059346427378531856, "weight": 0.10059346427378532 }, "geometry": { "type": "LineString", "coordinates": [ [ -75.339345, 6.173995 ], [ -74.757421, 6.409829 ] ] } },
{ "type": "Feature", "properties": { "source": "MARINILLA", "target": "ANZÁ", "distance": 0.5, "betweenness": 0.00046486426738527576, "weight": 0.10046486426738528 }, "geometry": { "type": "LineString", "coordinates": [ [ -75.339345, 6.173995 ], [ -75.854442, 6.302641 ] ] } },
{ "type": "Feature", "properties": { "source": "MARINILLA", "target": "CARAMANTA", "distance": 1.0, "betweenness": 0.0, "weight": 0.1 }, "geometry": { "type": "LineString", "coordinates": [ [ -75.339345, 6.173995 ], [ -75.643868, 5.54853 ] ] } },
{ "type": "Feature", "properties": { "source": "MARINILLA", "target": "PUERTO BERRÍO", "distance": 1.0, "betweenness": 9.3370681605975721e-06, "weight": 0.10000933706816061 }, "geometry": { "type": "LineString", "coordinates": [ [ -75.339345, 6.173995 ], [ -74.410016, 6.487028 ] ] } },
{ "type": "Feature", "properties": { "source": "MARINILLA", "target": "SALGAR", "distance": 0.5, "betweenness": 0.00039711922064863237, "weight": 0.10039711922064863 }, "geometry": { "type": "LineString", "coordinates": [ [ -75.339345, 6.173995 ], [ -75.976807, 5.964198 ] ] } },
{ "type": "Feature", "properties": { "source": "MARINILLA", "target": "LA PINTADA", "distance": 1.0, "betweenness": 0.0, "weight": 0.1 }, "geometry": { "type": "LineString", "coordinates": [ [ -75.339345, 6.173995 ], [ -75.60781, 5.743808 ] ] } },
{ "type": "Feature", "properties": { "source": "MARINILLA", "target": "PUEBLORRICO", "distance": 1.0, "betweenness": 0.0, "weight": 0.1 }, "geometry": { "type": "LineString", "coordinates": [ [ -75.339345, 6.173995 ], [ -75.839903, 5.79158 ] ] } },
{ "type": "Feature", "properties": { "source": "ANZÁ", "target": "BETANIA", "distance": 0.5, "betweenness": 0.00091578297985861002, "weight": 0.10091578297985862 }, "geometry": { "type": "LineString", "coordinates": [ [ -75.854442, 6.302641 ], [ -75.97679, 5.74615 ] ] } },
{ "type": "Feature", "properties": { "source": "ANZÁ", "target": "BETULIA", "distance": 0.5, "betweenness": 0.00021008403361344536, "weight": 0.10021008403361345 }, "geometry": { "type": "LineString", "coordinates": [ [ -75.854442, 6.302641 ], [ -75.984452, 6.115208 ] ] } },
{ "type": "Feature", "properties": { "source": "ANZÁ", "target": "SANTA BÁRBARA", "distance": 0.5, "betweenness": 0.00030012004801920766, "weight": 0.10030012004801922 }, "geometry": { "type": "LineString", "coordinates": [ [ -75.854442, 6.302641 ], [ -75.567351, 5.875527 ] ] } },
{ "type": "Feature", "properties": { "source": "ANZÁ", "target": "JERICÓ", "distance": 0.5, "betweenness": 0.00014005602240896358, "weight": 0.10014005602240897 }, "geometry": { "type": "LineString", "coordinates": [ [ -75.854442, 6.302641 ], [ -75.785499, 5.789748 ] ] } },
{ "type": "Feature", "properties": { "source": "ANZÁ", "target": "RETIRO", "distance": 0.5, "betweenness": 0.00029411764705882345, "weight": 0.10029411764705883 }, "geometry": { "type": "LineString", "coordinates": [ [ -75.854442, 6.302641 ], [ -75.501301, 6.062454 ] ] } },
{ "type": "Feature", "properties": { "source": "ANZÁ", "target": "ENVIGADO", "distance": 0.5, "betweenness": 0.00018674136321195143, "weight": 0.10018674136321196 }, "geometry": { "type": "LineString", "coordinates": [ [ -75.854442, 6.302641 ], [ -75.582192, 6.166695 ] ] } },
{ "type": "Feature", "properties": { "source": "ANZÁ", "target": "CALDAS", "distance": 0.33333333333333331, "betweenness": 0.0010270774976657328, "weight": 0.10102707749766573 }, "geometry": { "type": "LineString", "coordinates": [ [ -75.854442, 6.302641 ], [ -75.633673, 6.091077 ] ] } },
{ "type": "Feature", "properties": { "source": "ANZÁ", "target": "FREDONIA", "distance": 0.5, "betweenness": 0.00021008403361344536, "weight": 0.10021008403361345 }, "geometry": { "type": "LineString", "coordinates": [ [ -75.854442, 6.302641 ], [ -75.675072, 5.928039 ] ] } },
{ "type": "Feature", "properties": { "source": "ANZÁ", "target": "TÁMESIS", "distance": 0.5, "betweenness": 0.00088313103018985365, "weight": 0.10088313103018987 }, "geometry": { "type": "LineString", "coordinates": [ [ -75.854442, 6.302641 ], [ -75.714429, 5.664645 ] ] } },
{ "type": "Feature", "properties": { "source": "ANZÁ", "target": "SALGAR", "distance": 0.5, "betweenness": 0.00014005602240896358, "weight": 0.10014005602240897 }, "geometry": { "type": "LineString", "coordinates": [ [ -75.854442, 6.302641 ], [ -75.976807, 5.964198 ] ] } },
{ "type": "Feature", "properties": { "source": "ANZÁ", "target": "LA ESTRELLA", "distance": 0.5, "betweenness": 0.00028011204481792715, "weight": 0.10028011204481793 }, "geometry": { "type": "LineString", "coordinates": [ [ -75.854442, 6.302641 ], [ -75.637708, 6.145238 ] ] } },
{ "type": "Feature", "properties": { "source": "ANZÁ", "target": "MONTEBELLO", "distance": 0.5, "betweenness": 0.00031502797197310292, "weight": 0.10031502797197311 }, "geometry": { "type": "LineString", "coordinates": [ [ -75.854442, 6.302641 ], [ -75.523455, 5.946313 ] ] } },
{ "type": "Feature", "properties": { "source": "ANZÁ", "target": "VIGÍA DEL FUERTE", "distance": 0.5, "betweenness": 0.0016361877490152325, "weight": 0.10163618774901524 }, "geometry": { "type": "LineString", "coordinates": [ [ -75.854442, 6.302641 ], [ -76.896004, 6.588164 ] ] } },
{ "type": "Feature", "properties": { "source": "ANZÁ", "target": "CIUDAD BOLÍVAR", "distance": 0.33333333333333331, "betweenness": 0.0027291472144413314, "weight": 0.10272914721444133 }, "geometry": { "type": "LineString", "coordinates": [ [ -75.854442, 6.302641 ], [ -76.021509, 5.850273 ] ] } },
{ "type": "Feature", "properties": { "source": "ANZÁ", "target": "CONCORDIA", "distance": 0.5, "betweenness": 0.00014005602240896358, "weight": 0.10014005602240897 }, "geometry": { "type": "LineString", "coordinates": [ [ -75.854442, 6.302641 ], [ -75.908448, 6.045738 ] ] } },
{ "type": "Feature", "properties": { "source": "ANZÁ", "target": "AMAGÁ", "distance": 0.5, "betweenness": 0.00028011204481792715, "weight": 0.10028011204481793 }, "geometry": { "type": "LineString", "coordinates": [ [ -75.854442, 6.302641 ], [ -75.702188, 6.038708 ] ] } },
{ "type": "Feature", "properties": { "source": "ANZÁ", "target": "LA CEJA", "distance": 0.5, "betweenness": 0.00030012004801920766, "weight": 0.10030012004801922 }, "geometry": { "type": "LineString", "coordinates": [ [ -75.854442, 6.302641 ], [ -75.429433, 6.028062 ] ] } },
{ "type": "Feature", "properties": { "source": "ANZÁ", "target": "TITIRIBÍ", "distance": 0.5, "betweenness": 0.00029761904761904759, "weight": 0.10029761904761905 }, "geometry": { "type": "LineString", "coordinates": [ [ -75.854442, 6.302641 ], [ -75.791887, 6.062391 ] ] } },
{ "type": "Feature", "properties": { "source": "ANZÁ", "target": "ANGELÓPOLIS", "distance": 0.5, "betweenness": 0.00042016806722689073, "weight": 0.10042016806722689 }, "geometry": { "type": "LineString", "coordinates": [ [ -75.854442, 6.302641 ], [ -75.711389, 6.109719 ] ] } },
{ "type": "Feature", "properties": { "source": "ANZÁ", "target": "VENECIA", "distance": 0.2, "betweenness": 0.0049019607843137254, "weight": 0.10490196078431373 }, "geometry": { "type": "LineString", "coordinates": [ [ -75.854442, 6.302641 ], [ -75.735544, 5.964693 ] ] } },
{ "type": "Feature", "properties": { "source": "ANZÁ", "target": "SABANETA", "distance": 0.5, "betweenness": 0.00037014805922368942, "weight": 0.1003701480592237 }, "geometry": { "type": "LineString", "coordinates": [ [ -75.854442, 6.302641 ], [ -75.615479, 6.149903 ] ] } },
{ "type": "Feature", "properties": { "source": "ANZÁ", "target": "PUEBLORRICO", "distance": 0.5, "betweenness": 0.00042072384509359294, "weight": 0.1004207238450936 }, "geometry": { "type": "LineString", "coordinates": [ [ -75.854442, 6.302641 ], [ -75.839903, 5.79158 ] ] } },
{ "type": "Feature", "properties": { "source": "ANZÁ", "target": "HISPANIA", "distance": 0.5, "betweenness": 0.0011817640157897142, "weight": 0.10118176401578972 }, "geometry": { "type": "LineString", "coordinates": [ [ -75.854442, 6.302641 ], [ -75.906587, 5.799461 ] ] } },
{ "type": "Feature", "properties": { "source": "ANZÁ", "target": "TARSO", "distance": 0.5, "betweenness": 0.00048749297698877521, "weight": 0.10048749297698878 }, "geometry": { "type": "LineString", "coordinates": [ [ -75.854442, 6.302641 ], [ -75.822956, 5.864542 ] ] } },
{ "type": "Feature", "properties": { "source": "ANZÁ", "target": "ARMENIA", "distance": 0.5, "betweenness": 0.00014005602240896358, "weight": 0.10014005602240897 }, "geometry": { "type": "LineString", "coordinates": [ [ -75.854442, 6.302641 ], [ -75.786647, 6.155667 ] ] } },
{ "type": "Feature", "properties": { "source": "ANZÁ", "target": "EL CARMEN DE VIBORAL", "distance": 0.5, "betweenness": 0.00046143643595870177, "weight": 0.1004614364359587 }, "geometry": { "type": "LineString", "coordinates": [ [ -75.854442, 6.302641 ], [ -75.333901, 6.082885 ] ] } },
{ "type": "Feature", "properties": { "source": "ANZÁ", "target": "JARDÍN", "distance": 1.0, "betweenness": 0.0, "weight": 0.1 }, "geometry": { "type": "LineString", "coordinates": [ [ -75.854442, 6.302641 ], [ -75.818982, 5.597542 ] ] } },
{ "type": "Feature", "properties": { "source": "ANZÁ", "target": "ANDES", "distance": 0.5, "betweenness": 0.00094941124218266102, "weight": 0.10094941124218267 }, "geometry": { "type": "LineString", "coordinates": [ [ -75.854442, 6.302641 ], [ -75.878828, 5.657194 ] ] } },
{ "type": "Feature", "properties": { "source": "ANZÁ", "target": "ABEJORRAL", "distance": 0.5, "betweenness": 0.00022408963585434174, "weight": 0.10022408963585434 }, "geometry": { "type": "LineString", "coordinates": [ [ -75.854442, 6.302641 ], [ -75.428739, 5.789315 ] ] } },
{ "type": "Feature", "properties": { "source": "ANZÁ", "target": "LA UNIÓN", "distance": 0.5, "betweenness": 0.0003991596638655462, "weight": 0.10039915966386555 }, "geometry": { "type": "LineString", "coordinates": [ [ -75.854442, 6.302641 ], [ -75.360874, 5.973845 ] ] } },
{ "type": "Feature", "properties": { "source": "ANZÁ", "target": "VALPARAÍSO", "distance": 1.0, "betweenness": 0.0, "weight": 0.1 }, "geometry": { "type": "LineString", "coordinates": [ [ -75.854442, 6.302641 ], [ -75.624452, 5.614555 ] ] } },
{ "type": "Feature", "properties": { "source": "ANZÁ", "target": "EL SANTUARIO", "distance": 1.0, "betweenness": 0.0, "weight": 0.1 }, "geometry": { "type": "LineString", "coordinates": [ [ -75.854442, 6.302641 ], [ -75.265465, 6.136871 ] ] } },
{ "type": "Feature", "properties": { "source": "ANZÁ", "target": "LA PINTADA", "distance": 1.0, "betweenness": 0.0, "weight": 0.1 }, "geometry": { "type": "LineString", "coordinates": [ [ -75.854442, 6.302641 ], [ -75.60781, 5.743808 ] ] } },
{ "type": "Feature", "properties": { "source": "SAN RAFAEL", "target": "COCORNÁ", "distance": 0.5, "betweenness": 0.00018491462395190213, "weight": 0.1001849146239519 }, "geometry": { "type": "LineString", "coordinates": [ [ -75.02849, 6.293759 ], [ -75.185483, 6.058295 ] ] } },
{ "type": "Feature", "properties": { "source": "SAN RAFAEL", "target": "EL SANTUARIO", "distance": 0.5, "betweenness": 0.00015006002400960383, "weight": 0.10015006002400961 }, "geometry": { "type": "LineString", "coordinates": [ [ -75.02849, 6.293759 ], [ -75.265465, 6.136871 ] ] } },
{ "type": "Feature", "properties": { "source": "SAN RAFAEL", "target": "EL CARMEN DE VIBORAL", "distance": 0.5, "betweenness": 0.0001883854346162799, "weight": 0.10018838543461629 }, "geometry": { "type": "LineString", "coordinates": [ [ -75.02849, 6.293759 ], [ -75.333901, 6.082885 ] ] } },
{ "type": "Feature", "properties": { "source": "SAN RAFAEL", "target": "ARGELIA", "distance": 0.5, "betweenness": 0.00054757960690282462, "weight": 0.10054757960690283 }, "geometry": { "type": "LineString", "coordinates": [ [ -75.02849, 6.293759 ], [ -75.14107, 5.731474 ] ] } },
{ "type": "Feature", "properties": { "source": "SAN RAFAEL", "target": "LA CEJA", "distance": 0.5, "betweenness": 0.00020937353721329379, "weight": 0.10020937353721331 }, "geometry": { "type": "LineString", "coordinates": [ [ -75.02849, 6.293759 ], [ -75.429433, 6.028062 ] ] } },
{ "type": "Feature", "properties": { "source": "SAN RAFAEL", "target": "SONSÓN", "distance": 0.5, "betweenness": 0.00032665370488735122, "weight": 0.10032665370488736 }, "geometry": { "type": "LineString", "coordinates": [ [ -75.02849, 6.293759 ], [ -75.309596, 5.714851 ] ] } },
{ "type": "Feature", "properties": { "source": "SAN RAFAEL", "target": "ENVIGADO", "distance": 0.33333333333333331, "betweenness": 0.0017090520418693788, "weight": 0.10170905204186939 }, "geometry": { "type": "LineString", "coordinates": [ [ -75.02849, 6.293759 ], [ -75.582192, 6.166695 ] ] } },
{ "type": "Feature", "properties": { "source": "SAN RAFAEL", "target": "GRANADA", "distance": 0.5, "betweenness": 0.00015006002400960383, "weight": 0.10015006002400961 }, "geometry": { "type": "LineString", "coordinates": [ [ -75.02849, 6.293759 ], [ -75.184446, 6.142892 ] ] } },
{ "type": "Feature", "properties": { "source": "SAN RAFAEL", "target": "PUERTO BERRÍO", "distance": 0.5, "betweenness": 0.0012739008536027034, "weight": 0.1012739008536027 }, "geometry": { "type": "LineString", "coordinates": [ [ -75.02849, 6.293759 ], [ -74.410016, 6.487028 ] ] } },
{ "type": "Feature", "properties": { "source": "SAN RAFAEL", "target": "CALDAS", "distance": 0.33333333333333331, "betweenness": 0.003025578652513637, "weight": 0.10302557865251365 }, "geometry": { "type": "LineString", "coordinates": [ [ -75.02849, 6.293759 ], [ -75.633673, 6.091077 ] ] } },
{ "type": "Feature", "properties": { "source": "SAN RAFAEL", "target": "SAN CARLOS", "distance": 0.5, "betweenness": 0.00016131452581032409, "weight": 0.10016131452581033 }, "geometry": { "type": "LineString", "coordinates": [ [ -75.02849, 6.293759 ], [ -74.988097, 6.187746 ] ] } },
{ "type": "Feature", "properties": { "source": "SAN RAFAEL", "target": "RETIRO", "distance": 0.5, "betweenness": 0.00016806722689075628, "weight": 0.10016806722689076 }, "geometry": { "type": "LineString", "coordinates": [ [ -75.02849, 6.293759 ], [ -75.501301, 6.062454 ] ] } },
{ "type": "Feature", "properties": { "source": "SAN RAFAEL", "target": "ABEJORRAL", "distance": 0.33333333333333331, "betweenness": 0.0012655413042409944, "weight": 0.10126554130424099 }, "geometry": { "type": "LineString", "coordinates": [ [ -75.02849, 6.293759 ], [ -75.428739, 5.789315 ] ] } },
{ "type": "Feature", "properties": { "source": "SAN RAFAEL", "target": "ANGELÓPOLIS", "distance": 0.33333333333333331, "betweenness": 0.0019732183144390131, "weight": 0.10197321831443902 }, "geometry": { "type": "LineString", "coordinates": [ [ -75.02849, 6.293759 ], [ -75.711389, 6.109719 ] ] } },
{ "type": "Feature", "properties": { "source": "SAN RAFAEL", "target": "AMAGÁ", "distance": 0.5, "betweenness": 0.00015756302521008402, "weight": 0.10015756302521009 }, "geometry": { "type": "LineString", "coordinates": [ [ -75.02849, 6.293759 ], [ -75.702188, 6.038708 ] ] } },
{ "type": "Feature", "properties": { "source": "SAN RAFAEL", "target": "SANTA BÁRBARA", "distance": 0.5, "betweenness": 0.00014005602240896358, "weight": 0.10014005602240897 }, "geometry": { "type": "LineString", "coordinates": [ [ -75.02849, 6.293759 ], [ -75.567351, 5.875527 ] ] } },
{ "type": "Feature", "properties": { "source": "SAN RAFAEL", "target": "SAN LUIS", "distance": 0.5, "betweenness": 0.00021083795436957752, "weight": 0.10021083795436958 }, "geometry": { "type": "LineString", "coordinates": [ [ -75.02849, 6.293759 ], [ -74.993619, 6.043017 ] ] } },
{ "type": "Feature", "properties": { "source": "SAN RAFAEL", "target": "SAN FRANCISCO", "distance": 0.5, "betweenness": 0.00017029539088362616, "weight": 0.10017029539088364 }, "geometry": { "type": "LineString", "coordinates": [ [ -75.02849, 6.293759 ], [ -75.101562, 5.963476 ] ] } },
{ "type": "Feature", "properties": { "source": "SAN RAFAEL", "target": "LA UNIÓN", "distance": 0.5, "betweenness": 0.00015172735760971053, "weight": 0.10015172735760972 }, "geometry": { "type": "LineString", "coordinates": [ [ -75.02849, 6.293759 ], [ -75.360874, 5.973845 ] ] } },
{ "type": "Feature", "properties": { "source": "SAN RAFAEL", "target": "CARACOLÍ", "distance": 0.5, "betweenness": 0.00064776068040500723, "weight": 0.10064776068040501 }, "geometry": { "type": "LineString", "coordinates": [ [ -75.02849, 6.293759 ], [ -74.757421, 6.409829 ] ] } },
{ "type": "Feature", "properties": { "source": "SAN RAFAEL", "target": "MONTEBELLO", "distance": 0.5, "betweenness": 0.00025520634446653701, "weight": 0.10025520634446654 }, "geometry": { "type": "LineString", "coordinates": [ [ -75.02849, 6.293759 ], [ -75.523455, 5.946313 ] ] } },
{ "type": "Feature", "properties": { "source": "SAN RAFAEL", "target": "MACEO", "distance": 0.5, "betweenness": 0.00033224400871459695, "weight": 0.1003322440087146 }, "geometry": { "type": "LineString", "coordinates": [ [ -75.02849, 6.293759 ], [ -74.78716, 6.552116 ] ] } },
{ "type": "Feature", "properties": { "source": "SAN RAFAEL", "target": "NARIÑO", "distance": 0.33333333333333331, "betweenness": 0.0038985945255295097, "weight": 0.10389859452552952 }, "geometry": { "type": "LineString", "coordinates": [ [ -75.02849, 6.293759 ], [ -75.176262, 5.610777 ] ] } },
{ "type": "Feature", "properties": { "source": "SAN RAFAEL", "target": "LA ESTRELLA", "distance": 0.5, "betweenness": 0.0002714918409431509, "weight": 0.10027149184094315 }, "geometry": { "type": "LineString", "coordinates": [ [ -75.02849, 6.293759 ], [ -75.637708, 6.145238 ] ] } },
{ "type": "Feature", "properties": { "source": "SAN RAFAEL", "target": "PUERTO NARE", "distance": 0.5, "betweenness": 0.00056467948535152981, "weight": 0.10056467948535154 }, "geometry": { "type": "LineString", "coordinates": [ [ -75.02849, 6.293759 ], [ -74.583012, 6.186025 ] ] } },
{ "type": "Feature", "properties": { "source": "SAN RAFAEL", "target": "PUERTO TRIUNFO", "distance": 1.0, "betweenness": 0.0, "weight": 0.1 }, "geometry": { "type": "LineString", "coordinates": [ [ -75.02849, 6.293759 ], [ -74.64119, 5.871318 ] ] } },
{ "type": "Feature", "properties": { "source": "SAN RAFAEL", "target": "ARMENIA", "distance": 1.0, "betweenness": 0.0, "weight": 0.1 }, "geometry": { "type": "LineString", "coordinates": [ [ -75.02849, 6.293759 ], [ -75.786647, 6.155667 ] ] } },
{ "type": "Feature", "properties": { "source": "SAN RAFAEL", "target": "FREDONIA", "distance": 0.5, "betweenness": 0.00014005602240896358, "weight": 0.10014005602240897 }, "geometry": { "type": "LineString", "coordinates": [ [ -75.02849, 6.293759 ], [ -75.675072, 5.928039 ] ] } },
{ "type": "Feature", "properties": { "source": "SAN RAFAEL", "target": "SABANETA", "distance": 0.5, "betweenness": 0.00022642390289449109, "weight": 0.10022642390289449 }, "geometry": { "type": "LineString", "coordinates": [ [ -75.02849, 6.293759 ], [ -75.615479, 6.149903 ] ] } },
{ "type": "Feature", "properties": { "source": "RETIRO", "target": "JERICÓ", "distance": 0.33333333333333331, "betweenness": 0.0016923436041083096, "weight": 0.10169234360410831 }, "geometry": { "type": "LineString", "coordinates": [ [ -75.501301, 6.062454 ], [ -75.785499, 5.789748 ] ] } },
{ "type": "Feature", "properties": { "source": "RETIRO", "target": "SONSÓN", "distance": 0.5, "betweenness": 0.00034659585417819736, "weight": 0.1003465958541782 }, "geometry": { "type": "LineString", "coordinates": [ [ -75.501301, 6.062454 ], [ -75.309596, 5.714851 ] ] } },
{ "type": "Feature", "properties": { "source": "RETIRO", "target": "LA ESTRELLA", "distance": 0.5, "betweenness": 0.00022056951122695063, "weight": 0.10022056951122696 }, "geometry": { "type": "LineString", "coordinates": [ [ -75.501301, 6.062454 ], [ -75.637708, 6.145238 ] ] } },
{ "type": "Feature", "properties": { "source": "RETIRO", "target": "SAN LUIS", "distance": 0.5, "betweenness": 0.00049783225141603786, "weight": 0.10049783225141605 }, "geometry": { "type": "LineString", "coordinates": [ [ -75.501301, 6.062454 ], [ -74.993619, 6.043017 ] ] } },
{ "type": "Feature", "properties": { "source": "RETIRO", "target": "COCORNÁ", "distance": 0.5, "betweenness": 0.00033783210253798487, "weight": 0.10033783210253799 }, "geometry": { "type": "LineString", "coordinates": [ [ -75.501301, 6.062454 ], [ -75.185483, 6.058295 ] ] } },
{ "type": "Feature", "properties": { "source": "RETIRO", "target": "ABEJORRAL", "distance": 0.5, "betweenness": 0.00014005602240896358, "weight": 0.10014005602240897 }, "geometry": { "type": "LineString", "coordinates": [ [ -75.501301, 6.062454 ], [ -75.428739, 5.789315 ] ] } },
{ "type": "Feature", "properties": { "source": "RETIRO", "target": "BETULIA", "distance": 0.5, "betweenness": 0.00014005602240896358, "weight": 0.10014005602240897 }, "geometry": { "type": "LineString", "coordinates": [ [ -75.501301, 6.062454 ], [ -75.984452, 6.115208 ] ] } },
{ "type": "Feature", "properties": { "source": "RETIRO", "target": "EL SANTUARIO", "distance": 0.5, "betweenness": 0.00017507002801120446, "weight": 0.10017507002801121 }, "geometry": { "type": "LineString", "coordinates": [ [ -75.501301, 6.062454 ], [ -75.265465, 6.136871 ] ] } },
{ "type": "Feature", "properties": { "source": "RETIRO", "target": "ARGELIA", "distance": 0.5, "betweenness": 0.00069542611471282243, "weight": 0.10069542611471283 }, "geometry": { "type": "LineString", "coordinates": [ [ -75.501301, 6.062454 ], [ -75.14107, 5.731474 ] ] } },
{ "type": "Feature", "properties": { "source": "RETIRO", "target": "CONCORDIA", "distance": 0.25, "betweenness": 0.0032757547463429814, "weight": 0.10327575474634298 }, "geometry": { "type": "LineString", "coordinates": [ [ -75.501301, 6.062454 ], [ -75.908448, 6.045738 ] ] } },
{ "type": "Feature", "properties": { "source": "RETIRO", "target": "GRANADA", "distance": 0.5, "betweenness": 0.00034313725490196079, "weight": 0.10034313725490196 }, "geometry": { "type": "LineString", "coordinates": [ [ -75.501301, 6.062454 ], [ -75.184446, 6.142892 ] ] } },
{ "type": "Feature", "properties": { "source": "RETIRO", "target": "EL CARMEN DE VIBORAL", "distance": 0.5, "betweenness": 0.00021758527230483454, "weight": 0.10021758527230484 }, "geometry": { "type": "LineString", "coordinates": [ [ -75.501301, 6.062454 ], [ -75.333901, 6.082885 ] ] } },
{ "type": "Feature", "properties": { "source": "RETIRO", "target": "LA UNIÓN", "distance": 0.33333333333333331, "betweenness": 0.00063900560224089637, "weight": 0.1006390056022409 }, "geometry": { "type": "LineString", "coordinates": [ [ -75.501301, 6.062454 ], [ -75.360874, 5.973845 ] ] } },
{ "type": "Feature", "properties": { "source": "RETIRO", "target": "NARIÑO", "distance": 0.5, "betweenness": 0.00054961378490790247, "weight": 0.10054961378490791 }, "geometry": { "type": "LineString", "coordinates": [ [ -75.501301, 6.062454 ], [ -75.176262, 5.610777 ] ] } },
{ "type": "Feature", "properties": { "source": "RETIRO", "target": "TÁMESIS", "distance": 0.5, "betweenness": 0.00051478924903294637, "weight": 0.10051478924903295 }, "geometry": { "type": "LineString", "coordinates": [ [ -75.501301, 6.062454 ], [ -75.714429, 5.664645 ] ] } },
{ "type": "Feature", "properties": { "source": "RETIRO", "target": "SALGAR", "distance": 0.5, "betweenness": 0.00023926237161531275, "weight": 0.10023926237161532 }, "geometry": { "type": "LineString", "coordinates": [ [ -75.501301, 6.062454 ], [ -75.976807, 5.964198 ] ] } },
{ "type": "Feature", "properties": { "source": "RETIRO", "target": "PUEBLORRICO", "distance": 0.5, "betweenness": 0.00035514205682272911, "weight": 0.10035514205682274 }, "geometry": { "type": "LineString", "coordinates": [ [ -75.501301, 6.062454 ], [ -75.839903, 5.79158 ] ] } },
{ "type": "Feature", "properties": { "source": "RETIRO", "target": "JARDÍN", "distance": 0.5, "betweenness": 0.00048352674403094571, "weight": 0.10048352674403095 }, "geometry": { "type": "LineString", "coordinates": [ [ -75.501301, 6.062454 ], [ -75.818982, 5.597542 ] ] } },
{ "type": "Feature", "properties": { "source": "RETIRO", "target": "VENECIA", "distance": 0.5, "betweenness": 0.0001488095238095238, "weight": 0.10014880952380953 }, "geometry": { "type": "LineString", "coordinates": [ [ -75.501301, 6.062454 ], [ -75.735544, 5.964693 ] ] } },
{ "type": "Feature", "properties": { "source": "RETIRO", "target": "LA PINTADA", "distance": 0.5, "betweenness": 0.00014005602240896358, "weight": 0.10014005602240897 }, "geometry": { "type": "LineString", "coordinates": [ [ -75.501301, 6.062454 ], [ -75.60781, 5.743808 ] ] } },
{ "type": "Feature", "properties": { "source": "RETIRO", "target": "LA CEJA", "distance": 0.5, "betweenness": 0.00018674136321195143, "weight": 0.10018674136321196 }, "geometry": { "type": "LineString", "coordinates": [ [ -75.501301, 6.062454 ], [ -75.429433, 6.028062 ] ] } },
{ "type": "Feature", "properties": { "source": "RETIRO", "target": "SAN CARLOS", "distance": 0.5, "betweenness": 0.00021708683473389351, "weight": 0.1002170868347339 }, "geometry": { "type": "LineString", "coordinates": [ [ -75.501301, 6.062454 ], [ -74.988097, 6.187746 ] ] } },
{ "type": "Feature", "properties": { "source": "RETIRO", "target": "AMAGÁ", "distance": 0.5, "betweenness": 0.00019507803121248497, "weight": 0.10019507803121248 }, "geometry": { "type": "LineString", "coordinates": [ [ -75.501301, 6.062454 ], [ -75.702188, 6.038708 ] ] } },
{ "type": "Feature", "properties": { "source": "RETIRO", "target": "ENVIGADO", "distance": 0.5, "betweenness": 0.00014005602240896358, "weight": 0.10014005602240897 }, "geometry": { "type": "LineString", "coordinates": [ [ -75.501301, 6.062454 ], [ -75.582192, 6.166695 ] ] } },
{ "type": "Feature", "properties": { "source": "RETIRO", "target": "FREDONIA", "distance": 0.5, "betweenness": 0.00014005602240896358, "weight": 0.10014005602240897 }, "geometry": { "type": "LineString", "coordinates": [ [ -75.501301, 6.062454 ], [ -75.675072, 5.928039 ] ] } },
{ "type": "Feature", "properties": { "source": "RETIRO", "target": "CALDAS", "distance": 0.5, "betweenness": 0.00016806722689075628, "weight": 0.10016806722689076 }, "geometry": { "type": "LineString", "coordinates": [ [ -75.501301, 6.062454 ], [ -75.633673, 6.091077 ] ] } },
{ "type": "Feature", "properties": { "source": "RETIRO", "target": "CARAMANTA", "distance": 0.5, "betweenness": 0.00046854360473286299, "weight": 0.10046854360473287 }, "geometry": { "type": "LineString", "coordinates": [ [ -75.501301, 6.062454 ], [ -75.643868, 5.54853 ] ] } },
{ "type": "Feature", "properties": { "source": "RETIRO", "target": "ANDES", "distance": 0.5, "betweenness": 0.00067981220095732209, "weight": 0.10067981220095733 }, "geometry": { "type": "LineString", "coordinates": [ [ -75.501301, 6.062454 ], [ -75.878828, 5.657194 ] ] } },
{ "type": "Feature", "properties": { "source": "RETIRO", "target": "SANTA BÁRBARA", "distance": 0.33333333333333331, "betweenness": 0.00077964519140989719, "weight": 0.1007796451914099 }, "geometry": { "type": "LineString", "coordinates": [ [ -75.501301, 6.062454 ], [ -75.567351, 5.875527 ] ] } },
{ "type": "Feature", "properties": { "source": "RETIRO", "target": "CIUDAD BOLÍVAR", "distance": 0.5, "betweenness": 0.00039215686274509802, "weight": 0.10039215686274511 }, "geometry": { "type": "LineString", "coordinates": [ [ -75.501301, 6.062454 ], [ -76.021509, 5.850273 ] ] } },
{ "type": "Feature", "properties": { "source": "RETIRO", "target": "BETANIA", "distance": 0.5, "betweenness": 0.00049194677871148456, "weight": 0.1004919467787115 }, "geometry": { "type": "LineString", "coordinates": [ [ -75.501301, 6.062454 ], [ -75.97679, 5.74615 ] ] } },
{ "type": "Feature", "properties": { "source": "RETIRO", "target": "SAN FRANCISCO", "distance": 0.5, "betweenness": 0.00041433239962651721, "weight": 0.10041433239962652 }, "geometry": { "type": "LineString", "coordinates": [ [ -75.501301, 6.062454 ], [ -75.101562, 5.963476 ] ] } },
{ "type": "Feature", "properties": { "source": "RETIRO", "target": "MONTEBELLO", "distance": 0.5, "betweenness": 0.00029881677735032629, "weight": 0.10029881677735034 }, "geometry": { "type": "LineString", "coordinates": [ [ -75.501301, 6.062454 ], [ -75.523455, 5.946313 ] ] } },
{ "type": "Feature", "properties": { "source": "RETIRO", "target": "VALPARAÍSO", "distance": 0.5, "betweenness": 0.00088922168023014764, "weight": 0.10088922168023015 }, "geometry": { "type": "LineString", "coordinates": [ [ -75.501301, 6.062454 ], [ -75.624452, 5.614555 ] ] } },
{ "type": "Feature", "properties": { "source": "RETIRO", "target": "TITIRIBÍ", "distance": 0.5, "betweenness": 0.0002230892356942777, "weight": 0.10022308923569428 }, "geometry": { "type": "LineString", "coordinates": [ [ -75.501301, 6.062454 ], [ -75.791887, 6.062391 ] ] } },
{ "type": "Feature", "properties": { "source": "RETIRO", "target": "ANGELÓPOLIS", "distance": 0.33333333333333331, "betweenness": 0.00055128111850800932, "weight": 0.10055128111850802 }, "geometry": { "type": "LineString", "coordinates": [ [ -75.501301, 6.062454 ], [ -75.711389, 6.109719 ] ] } },
{ "type": "Feature", "properties": { "source": "RETIRO", "target": "ARMENIA", "distance": 0.5, "betweenness": 0.00020716619981325861, "weight": 0.10020716619981326 }, "geometry": { "type": "LineString", "coordinates": [ [ -75.501301, 6.062454 ], [ -75.786647, 6.155667 ] ] } },
{ "type": "Feature", "properties": { "source": "RETIRO", "target": "TARSO", "distance": 0.5, "betweenness": 0.00054373096039762707, "weight": 0.10054373096039763 }, "geometry": { "type": "LineString", "coordinates": [ [ -75.501301, 6.062454 ], [ -75.822956, 5.864542 ] ] } },
{ "type": "Feature", "properties": { "source": "RETIRO", "target": "HISPANIA", "distance": 0.5, "betweenness": 0.00068562520388811791, "weight": 0.10068562520388813 }, "geometry": { "type": "LineString", "coordinates": [ [ -75.501301, 6.062454 ], [ -75.906587, 5.799461 ] ] } },
{ "type": "Feature", "properties": { "source": "RETIRO", "target": "SABANETA", "distance": 0.5, "betweenness": 0.00014005602240896358, "weight": 0.10014005602240897 }, "geometry": { "type": "LineString", "coordinates": [ [ -75.501301, 6.062454 ], [ -75.615479, 6.149903 ] ] } },
{ "type": "Feature", "properties": { "source": "RETIRO", "target": "PUERTO NARE", "distance": 0.5, "betweenness": 0.0012303630279516284, "weight": 0.10123036302795163 }, "geometry": { "type": "LineString", "coordinates": [ [ -75.501301, 6.062454 ], [ -74.583012, 6.186025 ] ] } },
{ "type": "Feature", "properties": { "source": "GRANADA", "target": "CARACOLÍ", "distance": 0.5, "betweenness": 0.0006596603897837083, "weight": 0.10065966038978372 }, "geometry": { "type": "LineString", "coordinates": [ [ -75.184446, 6.142892 ], [ -74.757421, 6.409829 ] ] } },
{ "type": "Feature", "properties": { "source": "GRANADA", "target": "NARIÑO", "distance": 0.5, "betweenness": 0.00022175536881419231, "weight": 0.1002217553688142 }, "geometry": { "type": "LineString", "coordinates": [ [ -75.184446, 6.142892 ], [ -75.176262, 5.610777 ] ] } },
{ "type": "Feature", "properties": { "source": "GRANADA", "target": "SONSÓN", "distance": 0.5, "betweenness": 0.00037634452138489031, "weight": 0.1003763445213849 }, "geometry": { "type": "LineString", "coordinates": [ [ -75.184446, 6.142892 ], [ -75.309596, 5.714851 ] ] } },
{ "type": "Feature", "properties": { "source": "GRANADA", "target": "LA ESTRELLA", "distance": 0.5, "betweenness": 0.0002863866877707708, "weight": 0.10028638668777078 }, "geometry": { "type": "LineString", "coordinates": [ [ -75.184446, 6.142892 ], [ -75.637708, 6.145238 ] ] } },
{ "type": "Feature", "properties": { "source": "GRANADA", "target": "EL CARMEN DE VIBORAL", "distance": 0.5, "betweenness": 0.00015082956259426846, "weight": 0.10015082956259427 }, "geometry": { "type": "LineString", "coordinates": [ [ -75.184446, 6.142892 ], [ -75.333901, 6.082885 ] ] } },
{ "type": "Feature", "properties": { "source": "GRANADA", "target": "LA UNIÓN", "distance": 0.5, "betweenness": 0.00015172735760971053, "weight": 0.10015172735760972 }, "geometry": { "type": "LineString", "coordinates": [ [ -75.184446, 6.142892 ], [ -75.360874, 5.973845 ] ] } },
{ "type": "Feature", "properties": { "source": "GRANADA", "target": "ARGELIA", "distance": 0.5, "betweenness": 0.00041329059718128903, "weight": 0.10041329059718129 }, "geometry": { "type": "LineString", "coordinates": [ [ -75.184446, 6.142892 ], [ -75.14107, 5.731474 ] ] } },
{ "type": "Feature", "properties": { "source": "GRANADA", "target": "ABEJORRAL", "distance": 0.5, "betweenness": 0.00018907563025210084, "weight": 0.1001890756302521 }, "geometry": { "type": "LineString", "coordinates": [ [ -75.184446, 6.142892 ], [ -75.428739, 5.789315 ] ] } },
{ "type": "Feature", "properties": { "source": "GRANADA", "target": "SAN CARLOS", "distance": 0.5, "betweenness": 0.00022408963585434174, "weight": 0.10022408963585434 }, "geometry": { "type": "LineString", "coordinates": [ [ -75.184446, 6.142892 ], [ -74.988097, 6.187746 ] ] } },
{ "type": "Feature", "properties": { "source": "GRANADA", "target": "SAN LUIS", "distance": 0.5, "betweenness": 0.00037173843896532962, "weight": 0.10037173843896534 }, "geometry": { "type": "LineString", "coordinates": [ [ -75.184446, 6.142892 ], [ -74.993619, 6.043017 ] ] } },
{ "type": "Feature", "properties": { "source": "GRANADA", "target": "SAN FRANCISCO", "distance": 0.5, "betweenness": 0.00024849333672863084, "weight": 0.10024849333672864 }, "geometry": { "type": "LineString", "coordinates": [ [ -75.184446, 6.142892 ], [ -75.101562, 5.963476 ] ] } },
{ "type": "Feature", "properties": { "source": "GRANADA", "target": "ENVIGADO", "distance": 0.5, "betweenness": 0.00033068783068783062, "weight": 0.10033068783068784 }, "geometry": { "type": "LineString", "coordinates": [ [ -75.184446, 6.142892 ], [ -75.582192, 6.166695 ] ] } },
{ "type": "Feature", "properties": { "source": "GRANADA", "target": "FREDONIA", "distance": 0.5, "betweenness": 0.00014005602240896358, "weight": 0.10014005602240897 }, "geometry": { "type": "LineString", "coordinates": [ [ -75.184446, 6.142892 ], [ -75.675072, 5.928039 ] ] } },
{ "type": "Feature", "properties": { "source": "GRANADA", "target": "PUERTO NARE", "distance": 0.5, "betweenness": 0.00057150309021435032, "weight": 0.10057150309021436 }, "geometry": { "type": "LineString", "coordinates": [ [ -75.184446, 6.142892 ], [ -74.583012, 6.186025 ] ] } },
{ "type": "Feature", "properties": { "source": "GRANADA", "target": "ANGELÓPOLIS", "distance": 0.5, "betweenness": 0.00028011204481792715, "weight": 0.10028011204481793 }, "geometry": { "type": "LineString", "coordinates": [ [ -75.184446, 6.142892 ], [ -75.711389, 6.109719 ] ] } },
{ "type": "Feature", "properties": { "source": "GRANADA", "target": "COCORNÁ", "distance": 0.5, "betweenness": 0.00015006002400960383, "weight": 0.10015006002400961 }, "geometry": { "type": "LineString", "coordinates": [ [ -75.184446, 6.142892 ], [ -75.185483, 6.058295 ] ] } },
{ "type": "Feature", "properties": { "source": "GRANADA", "target": "ARMENIA", "distance": 0.5, "betweenness": 0.00028186274509803922, "weight": 0.10028186274509804 }, "geometry": { "type": "LineString", "coordinates": [ [ -75.184446, 6.142892 ], [ -75.786647, 6.155667 ] ] } },
{ "type": "Feature", "properties": { "source": "GRANADA", "target": "LA CEJA", "distance": 0.5, "betweenness": 0.00022408963585434174, "weight": 0.10022408963585434 }, "geometry": { "type": "LineString", "coordinates": [ [ -75.184446, 6.142892 ], [ -75.429433, 6.028062 ] ] } },
{ "type": "Feature", "properties": { "source": "GRANADA", "target": "CALDAS", "distance": 0.33333333333333331, "betweenness": 0.0034545002211410882, "weight": 0.1034545002211411 }, "geometry": { "type": "LineString", "coordinates": [ [ -75.184446, 6.142892 ], [ -75.633673, 6.091077 ] ] } },
{ "type": "Feature", "properties": { "source": "GRANADA", "target": "AMAGÁ", "distance": 0.5, "betweenness": 0.00017507002801120446, "weight": 0.10017507002801121 }, "geometry": { "type": "LineString", "coordinates": [ [ -75.184446, 6.142892 ], [ -75.702188, 6.038708 ] ] } },
{ "type": "Feature", "properties": { "source": "GRANADA", "target": "MACEO", "distance": 0.5, "betweenness": 0.00037259348183717926, "weight": 0.10037259348183719 }, "geometry": { "type": "LineString", "coordinates": [ [ -75.184446, 6.142892 ], [ -74.78716, 6.552116 ] ] } },
{ "type": "Feature", "properties": { "source": "GRANADA", "target": "SANTA BÁRBARA", "distance": 0.5, "betweenness": 0.00015561780267662621, "weight": 0.10015561780267664 }, "geometry": { "type": "LineString", "coordinates": [ [ -75.184446, 6.142892 ], [ -75.567351, 5.875527 ] ] } },
{ "type": "Feature", "properties": { "source": "GRANADA", "target": "EL SANTUARIO", "distance": 0.5, "betweenness": 0.00016406562625050024, "weight": 0.10016406562625051 }, "geometry": { "type": "LineString", "coordinates": [ [ -75.184446, 6.142892 ], [ -75.265465, 6.136871 ] ] } },
{ "type": "Feature", "properties": { "source": "GRANADA", "target": "MONTEBELLO", "distance": 0.5, "betweenness": 0.00018787043803028457, "weight": 0.10018787043803029 }, "geometry": { "type": "LineString", "coordinates": [ [ -75.184446, 6.142892 ], [ -75.523455, 5.946313 ] ] } },
{ "type": "Feature", "properties": { "source": "GRANADA", "target": "PUERTO TRIUNFO", "distance": 0.5, "betweenness": 0.0018887277133075445, "weight": 0.10188872771330755 }, "geometry": { "type": "LineString", "coordinates": [ [ -75.184446, 6.142892 ], [ -74.64119, 5.871318 ] ] } },
{ "type": "Feature", "properties": { "source": "GRANADA", "target": "PUERTO BERRÍO", "distance": 0.5, "betweenness": 0.0011446737241544327, "weight": 0.10114467372415444 }, "geometry": { "type": "LineString", "coordinates": [ [ -75.184446, 6.142892 ], [ -74.410016, 6.487028 ] ] } },
{ "type": "Feature", "properties": { "source": "GRANADA", "target": "SABANETA", "distance": 0.5, "betweenness": 0.00028166822284469338, "weight": 0.10028166822284471 }, "geometry": { "type": "LineString", "coordinates": [ [ -75.184446, 6.142892 ], [ -75.615479, 6.149903 ] ] } },
{ "type": "Feature", "properties": { "source": "GRANADA", "target": "TITIRIBÍ", "distance": 0.5, "betweenness": 0.00019140989729225024, "weight": 0.10019140989729225 }, "geometry": { "type": "LineString", "coordinates": [ [ -75.184446, 6.142892 ], [ -75.791887, 6.062391 ] ] } },
{ "type": "Feature", "properties": { "source": "GRANADA", "target": "VENECIA", "distance": 0.5, "betweenness": 0.00024451447245564891, "weight": 0.10024451447245565 }, "geometry": { "type": "LineString", "coordinates": [ [ -75.184446, 6.142892 ], [ -75.735544, 5.964693 ] ] } },
{ "type": "Feature", "properties": { "source": "GRANADA", "target": "LA PINTADA", "distance": 0.5, "betweenness": 0.00040149393090569557, "weight": 0.10040149393090569 }, "geometry": { "type": "LineString", "coordinates": [ [ -75.184446, 6.142892 ], [ -75.60781, 5.743808 ] ] } },
{ "type": "Feature", "properties": { "source": "GRANADA", "target": "TÁMESIS", "distance": 1.0, "betweenness": 0.0, "weight": 0.1 }, "geometry": { "type": "LineString", "coordinates": [ [ -75.184446, 6.142892 ], [ -75.714429, 5.664645 ] ] } },
{ "type": "Feature", "properties": { "source": "ENVIGADO", "target": "ARGELIA", "distance": 0.5, "betweenness": 0.0005442545349698142, "weight": 0.10054425453496982 }, "geometry": { "type": "LineString", "coordinates": [ [ -75.582192, 6.166695 ], [ -75.14107, 5.731474 ] ] } },
{ "type": "Feature", "properties": { "source": "ENVIGADO", "target": "LA UNIÓN", "distance": 0.5, "betweenness": 0.00015561780267662621, "weight": 0.10015561780267664 }, "geometry": { "type": "LineString", "coordinates": [ [ -75.582192, 6.166695 ], [ -75.360874, 5.973845 ] ] } },
{ "type": "Feature", "properties": { "source": "ENVIGADO", "target": "SAN CARLOS", "distance": 0.5, "betweenness": 0.00018207282913165263, "weight": 0.10018207282913166 }, "geometry": { "type": "LineString", "coordinates": [ [ -75.582192, 6.166695 ], [ -74.988097, 6.187746 ] ] } },
{ "type": "Feature", "properties": { "source": "ENVIGADO", "target": "CARAMANTA", "distance": 0.5, "betweenness": 0.00061443529474220003, "weight": 0.1006144352947422 }, "geometry": { "type": "LineString", "coordinates": [ [ -75.582192, 6.166695 ], [ -75.643868, 5.54853 ] ] } },
{ "type": "Feature", "properties": { "source": "ENVIGADO", "target": "SONSÓN", "distance": 0.5, "betweenness": 0.00031547229364287213, "weight": 0.10031547229364288 }, "geometry": { "type": "LineString", "coordinates": [ [ -75.582192, 6.166695 ], [ -75.309596, 5.714851 ] ] } },
{ "type": "Feature", "properties": { "source": "ENVIGADO", "target": "SALGAR", "distance": 0.5, "betweenness": 0.00020424836601307187, "weight": 0.10020424836601308 }, "geometry": { "type": "LineString", "coordinates": [ [ -75.582192, 6.166695 ], [ -75.976807, 5.964198 ] ] } },
{ "type": "Feature", "properties": { "source": "ENVIGADO", "target": "SANTA BÁRBARA", "distance": 0.33333333333333331, "betweenness": 0.00031279178338001866, "weight": 0.10031279178338003 }, "geometry": { "type": "LineString", "coordinates": [ [ -75.582192, 6.166695 ], [ -75.567351, 5.875527 ] ] } },
{ "type": "Feature", "properties": { "source": "ENVIGADO", "target": "JERICÓ", "distance": 0.5, "betweenness": 0.0, "weight": 0.1 }, "geometry": { "type": "LineString", "coordinates": [ [ -75.582192, 6.166695 ], [ -75.785499, 5.789748 ] ] } },
{ "type": "Feature", "properties": { "source": "ENVIGADO", "target": "CONCORDIA", "distance": 0.5, "betweenness": 0.00014005602240896358, "weight": 0.10014005602240897 }, "geometry": { "type": "LineString", "coordinates": [ [ -75.582192, 6.166695 ], [ -75.908448, 6.045738 ] ] } },
{ "type": "Feature", "properties": { "source": "ENVIGADO", "target": "ANGELÓPOLIS", "distance": 0.5, "betweenness": 0.00029761904761904759, "weight": 0.10029761904761905 }, "geometry": { "type": "LineString", "coordinates": [ [ -75.582192, 6.166695 ], [ -75.711389, 6.109719 ] ] } },
{ "type": "Feature", "properties": { "source": "ENVIGADO", "target": "COCORNÁ", "distance": 0.5, "betweenness": 0.00021333786039668391, "weight": 0.10021333786039668 }, "geometry": { "type": "LineString", "coordinates": [ [ -75.582192, 6.166695 ], [ -75.185483, 6.058295 ] ] } },
{ "type": "Feature", "properties": { "source": "ENVIGADO", "target": "TÁMESIS", "distance": 0.5, "betweenness": 0.00057781445911698006, "weight": 0.10057781445911698 }, "geometry": { "type": "LineString", "coordinates": [ [ -75.582192, 6.166695 ], [ -75.714429, 5.664645 ] ] } },
{ "type": "Feature", "properties": { "source": "ENVIGADO", "target": "EL CARMEN DE VIBORAL", "distance": 0.5, "betweenness": 0.00016311904136801539, "weight": 0.10016311904136802 }, "geometry": { "type": "LineString", "coordinates": [ [ -75.582192, 6.166695 ], [ -75.333901, 6.082885 ] ] } },
{ "type": "Feature", "properties": { "source": "ENVIGADO", "target": "MONTEBELLO", "distance": 0.5, "betweenness": 0.00015267136266271209, "weight": 0.10015267136266272 }, "geometry": { "type": "LineString", "coordinates": [ [ -75.582192, 6.166695 ], [ -75.523455, 5.946313 ] ] } },
{ "type": "Feature", "properties": { "source": "ENVIGADO", "target": "ABEJORRAL", "distance": 0.5, "betweenness": 0.00014005602240896358, "weight": 0.10014005602240897 }, "geometry": { "type": "LineString", "coordinates": [ [ -75.582192, 6.166695 ], [ -75.428739, 5.789315 ] ] } },
{ "type": "Feature", "properties": { "source": "ENVIGADO", "target": "CIUDAD BOLÍVAR", "distance": 0.5, "betweenness": 0.0003991596638655462, "weight": 0.10039915966386555 }, "geometry": { "type": "LineString", "coordinates": [ [ -75.582192, 6.166695 ], [ -76.021509, 5.850273 ] ] } },
{ "type": "Feature", "properties": { "source": "ENVIGADO", "target": "BETULIA", "distance": 0.5, "betweenness": 0.0, "weight": 0.1 }, "geometry": { "type": "LineString", "coordinates": [ [ -75.582192, 6.166695 ], [ -75.984452, 6.115208 ] ] } },
{ "type": "Feature", "properties": { "source": "ENVIGADO", "target": "ANDES", "distance": 0.5, "betweenness": 0.00067614406703708741, "weight": 0.10067614406703709 }, "geometry": { "type": "LineString", "coordinates": [ [ -75.582192, 6.166695 ], [ -75.878828, 5.657194 ] ] } },
{ "type": "Feature", "properties": { "source": "ENVIGADO", "target": "LA CEJA", "distance": 0.5, "betweenness": 0.00014005602240896358, "weight": 0.10014005602240897 }, "geometry": { "type": "LineString", "coordinates": [ [ -75.582192, 6.166695 ], [ -75.429433, 6.028062 ] ] } },
{ "type": "Feature", "properties": { "source": "ENVIGADO", "target": "BETANIA", "distance": 0.5, "betweenness": 0.00045693277310924368, "weight": 0.10045693277310926 }, "geometry": { "type": "LineString", "coordinates": [ [ -75.582192, 6.166695 ], [ -75.97679, 5.74615 ] ] } },
{ "type": "Feature", "properties": { "source": "ENVIGADO", "target": "ARMENIA", "distance": 0.33333333333333331, "betweenness": 0.00095721621982126177, "weight": 0.10095721621982126 }, "geometry": { "type": "LineString", "coordinates": [ [ -75.582192, 6.166695 ], [ -75.786647, 6.155667 ] ] } },
{ "type": "Feature", "properties": { "source": "ENVIGADO", "target": "FREDONIA", "distance": 0.5, "betweenness": 0.0, "weight": 0.1 }, "geometry": { "type": "LineString", "coordinates": [ [ -75.582192, 6.166695 ], [ -75.675072, 5.928039 ] ] } },
{ "type": "Feature", "properties": { "source": "ENVIGADO", "target": "TARSO", "distance": 0.5, "betweenness": 0.0006114247045619594, "weight": 0.10061142470456197 }, "geometry": { "type": "LineString", "coordinates": [ [ -75.582192, 6.166695 ], [ -75.822956, 5.864542 ] ] } },
{ "type": "Feature", "properties": { "source": "ENVIGADO", "target": "JARDÍN", "distance": 0.5, "betweenness": 0.00030012004801920766, "weight": 0.10030012004801922 }, "geometry": { "type": "LineString", "coordinates": [ [ -75.582192, 6.166695 ], [ -75.818982, 5.597542 ] ] } },
{ "type": "Feature", "properties": { "source": "ENVIGADO", "target": "CALDAS", "distance": 0.5, "betweenness": 0.00014005602240896358, "weight": 0.10014005602240897 }, "geometry": { "type": "LineString", "coordinates": [ [ -75.582192, 6.166695 ], [ -75.633673, 6.091077 ] ] } },
{ "type": "Feature", "properties": { "source": "ENVIGADO", "target": "SAN LUIS", "distance": 0.5, "betweenness": 0.00085130697463865995, "weight": 0.10085130697463866 }, "geometry": { "type": "LineString", "coordinates": [ [ -75.582192, 6.166695 ], [ -74.993619, 6.043017 ] ] } },
{ "type": "Feature", "properties": { "source": "ENVIGADO", "target": "TITIRIBÍ", "distance": 0.5, "betweenness": 0.00019841269841269839, "weight": 0.1001984126984127 }, "geometry": { "type": "LineString", "coordinates": [ [ -75.582192, 6.166695 ], [ -75.791887, 6.062391 ] ] } },
{ "type": "Feature", "properties": { "source": "ENVIGADO", "target": "NARIÑO", "distance": 0.5, "betweenness": 0.00033641739524092461, "weight": 0.10033641739524093 }, "geometry": { "type": "LineString", "coordinates": [ [ -75.582192, 6.166695 ], [ -75.176262, 5.610777 ] ] } },
{ "type": "Feature", "properties": { "source": "ENVIGADO", "target": "LA ESTRELLA", "distance": 0.5, "betweenness": 0.00021420332839017957, "weight": 0.10021420332839019 }, "geometry": { "type": "LineString", "coordinates": [ [ -75.582192, 6.166695 ], [ -75.637708, 6.145238 ] ] } },
{ "type": "Feature", "properties": { "source": "ENVIGADO", "target": "EL SANTUARIO", "distance": 0.5, "betweenness": 0.00017507002801120446, "weight": 0.10017507002801121 }, "geometry": { "type": "LineString", "coordinates": [ [ -75.582192, 6.166695 ], [ -75.265465, 6.136871 ] ] } },
{ "type": "Feature", "properties": { "source": "ENVIGADO", "target": "HISPANIA", "distance": 0.5, "betweenness": 0.00068562520388811791, "weight": 0.10068562520388813 }, "geometry": { "type": "LineString", "coordinates": [ [ -75.582192, 6.166695 ], [ -75.906587, 5.799461 ] ] } },
{ "type": "Feature", "properties": { "source": "ENVIGADO", "target": "AMAGÁ", "distance": 0.5, "betweenness": 0.00015756302521008402, "weight": 0.10015756302521009 }, "geometry": { "type": "LineString", "coordinates": [ [ -75.582192, 6.166695 ], [ -75.702188, 6.038708 ] ] } },
{ "type": "Feature", "properties": { "source": "ENVIGADO", "target": "PUEBLORRICO", "distance": 0.33333333333333331, "betweenness": 0.0031842737094837929, "weight": 0.1031842737094838 }, "geometry": { "type": "LineString", "coordinates": [ [ -75.582192, 6.166695 ], [ -75.839903, 5.79158 ] ] } },
{ "type": "Feature", "properties": { "source": "ENVIGADO", "target": "VALPARAÍSO", "distance": 0.5, "betweenness": 0.00068423617725702857, "weight": 0.10068423617725704 }, "geometry": { "type": "LineString", "coordinates": [ [ -75.582192, 6.166695 ], [ -75.624452, 5.614555 ] ] } },
{ "type": "Feature", "properties": { "source": "ENVIGADO", "target": "SAN FRANCISCO", "distance": 0.33333333333333331, "betweenness": 0.0035655929038281987, "weight": 0.1035655929038282 }, "geometry": { "type": "LineString", "coordinates": [ [ -75.582192, 6.166695 ], [ -75.101562, 5.963476 ] ] } },
{ "type": "Feature", "properties": { "source": "ENVIGADO", "target": "VENECIA", "distance": 0.5, "betweenness": 0.00018674136321195143, "weight": 0.10018674136321196 }, "geometry": { "type": "LineString", "coordinates": [ [ -75.582192, 6.166695 ], [ -75.735544, 5.964693 ] ] } },
{ "type": "Feature", "properties": { "source": "ENVIGADO", "target": "SABANETA", "distance": 1.0, "betweenness": 0.0, "weight": 0.1 }, "geometry": { "type": "LineString", "coordinates": [ [ -75.582192, 6.166695 ], [ -75.615479, 6.149903 ] ] } },
{ "type": "Feature", "properties": { "source": "ENVIGADO", "target": "LA PINTADA", "distance": 1.0, "betweenness": 0.0, "weight": 0.1 }, "geometry": { "type": "LineString", "coordinates": [ [ -75.582192, 6.166695 ], [ -75.60781, 5.743808 ] ] } },
{ "type": "Feature", "properties": { "source": "EL CARMEN DE VIBORAL", "target": "SAN CARLOS", "distance": 0.5, "betweenness": 0.00017183796595561301, "weight": 0.10017183796595562 }, "geometry": { "type": "LineString", "coordinates": [ [ -75.333901, 6.082885 ], [ -74.988097, 6.187746 ] ] } },
{ "type": "Feature", "properties": { "source": "EL CARMEN DE VIBORAL", "target": "SONSÓN", "distance": 0.5, "betweenness": 0.00015613652868554827, "weight": 0.10015613652868556 }, "geometry": { "type": "LineString", "coordinates": [ [ -75.333901, 6.082885 ], [ -75.309596, 5.714851 ] ] } },
{ "type": "Feature", "properties": { "source": "EL CARMEN DE VIBORAL", "target": "FREDONIA", "distance": 0.5, "betweenness": 0.00014331313920917202, "weight": 0.10014331313920918 }, "geometry": { "type": "LineString", "coordinates": [ [ -75.333901, 6.082885 ], [ -75.675072, 5.928039 ] ] } },
{ "type": "Feature", "properties": { "source": "EL CARMEN DE VIBORAL", "target": "CARAMANTA", "distance": 0.5, "betweenness": 0.00030604270693784758, "weight": 0.10030604270693785 }, "geometry": { "type": "LineString", "coordinates": [ [ -75.333901, 6.082885 ], [ -75.643868, 5.54853 ] ] } },
{ "type": "Feature", "properties": { "source": "EL CARMEN DE VIBORAL", "target": "TÁMESIS", "distance": 0.5, "betweenness": 0.00027102507669734557, "weight": 0.10027102507669736 }, "geometry": { "type": "LineString", "coordinates": [ [ -75.333901, 6.082885 ], [ -75.714429, 5.664645 ] ] } },
{ "type": "Feature", "properties": { "source": "EL CARMEN DE VIBORAL", "target": "MONTEBELLO", "distance": 0.5, "betweenness": 0.0001812412473663309, "weight": 0.10018124124736634 }, "geometry": { "type": "LineString", "coordinates": [ [ -75.333901, 6.082885 ], [ -75.523455, 5.946313 ] ] } },
{ "type": "Feature", "properties": { "source": "EL CARMEN DE VIBORAL", "target": "ABEJORRAL", "distance": 0.5, "betweenness": 0.00015406162464985996, "weight": 0.10015406162464986 }, "geometry": { "type": "LineString", "coordinates": [ [ -75.333901, 6.082885 ], [ -75.428739, 5.789315 ] ] } },
{ "type": "Feature", "properties": { "source": "EL CARMEN DE VIBORAL", "target": "NARIÑO", "distance": 0.5, "betweenness": 0.00014005602240896358, "weight": 0.10014005602240897 }, "geometry": { "type": "LineString", "coordinates": [ [ -75.333901, 6.082885 ], [ -75.176262, 5.610777 ] ] } },
{ "type": "Feature", "properties": { "source": "EL CARMEN DE VIBORAL", "target": "ANGELÓPOLIS", "distance": 0.5, "betweenness": 0.00043375869819693052, "weight": 0.10043375869819694 }, "geometry": { "type": "LineString", "coordinates": [ [ -75.333901, 6.082885 ], [ -75.711389, 6.109719 ] ] } },
{ "type": "Feature", "properties": { "source": "EL CARMEN DE VIBORAL", "target": "LA CEJA", "distance": 0.5, "betweenness": 0.00020400408225305629, "weight": 0.10020400408225306 }, "geometry": { "type": "LineString", "coordinates": [ [ -75.333901, 6.082885 ], [ -75.429433, 6.028062 ] ] } },
{ "type": "Feature", "properties": { "source": "EL CARMEN DE VIBORAL", "target": "TITIRIBÍ", "distance": 0.5, "betweenness": 0.00017089993150184668, "weight": 0.10017089993150186 }, "geometry": { "type": "LineString", "coordinates": [ [ -75.333901, 6.082885 ], [ -75.791887, 6.062391 ] ] } },
{ "type": "Feature", "properties": { "source": "EL CARMEN DE VIBORAL", "target": "JERICÓ", "distance": 0.5, "betweenness": 0.00033146591970121381, "weight": 0.10033146591970121 }, "geometry": { "type": "LineString", "coordinates": [ [ -75.333901, 6.082885 ], [ -75.785499, 5.789748 ] ] } },
{ "type": "Feature", "properties": { "source": "EL CARMEN DE VIBORAL", "target": "SAN FRANCISCO", "distance": 0.5, "betweenness": 0.00015406162464985996, "weight": 0.10015406162464986 }, "geometry": { "type": "LineString", "coordinates": [ [ -75.333901, 6.082885 ], [ -75.101562, 5.963476 ] ] } },
{ "type": "Feature", "properties": { "source": "EL CARMEN DE VIBORAL", "target": "AMAGÁ", "distance": 0.5, "betweenness": 0.00016506426390147319, "weight": 0.10016506426390148 }, "geometry": { "type": "LineString", "coordinates": [ [ -75.333901, 6.082885 ], [ -75.702188, 6.038708 ] ] } },
{ "type": "Feature", "properties": { "source": "EL CARMEN DE VIBORAL", "target": "PUERTO NARE", "distance": 0.5, "betweenness": 0.00036805319173644071, "weight": 0.10036805319173644 }, "geometry": { "type": "LineString", "coordinates": [ [ -75.333901, 6.082885 ], [ -74.583012, 6.186025 ] ] } },
{ "type": "Feature", "properties": { "source": "EL CARMEN DE VIBORAL", "target": "EL SANTUARIO", "distance": 0.5, "betweenness": 0.00015406162464985996, "weight": 0.10015406162464986 }, "geometry": { "type": "LineString", "coordinates": [ [ -75.333901, 6.082885 ], [ -75.265465, 6.136871 ] ] } },
{ "type": "Feature", "properties": { "source": "EL CARMEN DE VIBORAL", "target": "ARGELIA", "distance": 0.5, "betweenness": 0.00019667960756295403, "weight": 0.10019667960756296 }, "geometry": { "type": "LineString", "coordinates": [ [ -75.333901, 6.082885 ], [ -75.14107, 5.731474 ] ] } },
{ "type": "Feature", "properties": { "source": "EL CARMEN DE VIBORAL", "target": "SANTA BÁRBARA", "distance": 0.5, "betweenness": 0.00015887491947683466, "weight": 0.10015887491947684 }, "geometry": { "type": "LineString", "coordinates": [ [ -75.333901, 6.082885 ], [ -75.567351, 5.875527 ] ] } },
{ "type": "Feature", "properties": { "source": "EL CARMEN DE VIBORAL", "target": "LA UNIÓN", "distance": 0.5, "betweenness": 0.00014005602240896358, "weight": 0.10014005602240897 }, "geometry": { "type": "LineString", "coordinates": [ [ -75.333901, 6.082885 ], [ -75.360874, 5.973845 ] ] } },
{ "type": "Feature", "properties": { "source": "EL CARMEN DE VIBORAL", "target": "COCORNÁ", "distance": 0.5, "betweenness": 0.00015109073932603344, "weight": 0.10015109073932604 }, "geometry": { "type": "LineString", "coordinates": [ [ -75.333901, 6.082885 ], [ -75.185483, 6.058295 ] ] } },
{ "type": "Feature", "properties": { "source": "EL CARMEN DE VIBORAL", "target": "CALDAS", "distance": 0.5, "betweenness": 0.00028761328350931632, "weight": 0.10028761328350932 }, "geometry": { "type": "LineString", "coordinates": [ [ -75.333901, 6.082885 ], [ -75.633673, 6.091077 ] ] } },
{ "type": "Feature", "properties": { "source": "EL CARMEN DE VIBORAL", "target": "SABANETA", "distance": 0.5, "betweenness": 0.00022890293068131645, "weight": 0.10022890293068132 }, "geometry": { "type": "LineString", "coordinates": [ [ -75.333901, 6.082885 ], [ -75.615479, 6.149903 ] ] } },
{ "type": "Feature", "properties": { "source": "EL CARMEN DE VIBORAL", "target": "VALPARAÍSO", "distance": 0.5, "betweenness": 0.00029898159695600869, "weight": 0.10029898159695601 }, "geometry": { "type": "LineString", "coordinates": [ [ -75.333901, 6.082885 ], [ -75.624452, 5.614555 ] ] } },
{ "type": "Feature", "properties": { "source": "EL CARMEN DE VIBORAL", "target": "ANDES", "distance": 0.5, "betweenness": 0.00043244473545260185, "weight": 0.10043244473545261 }, "geometry": { "type": "LineString", "coordinates": [ [ -75.333901, 6.082885 ], [ -75.878828, 5.657194 ] ] } },
{ "type": "Feature", "properties": { "source": "EL CARMEN DE VIBORAL", "target": "PUEBLORRICO", "distance": 0.5, "betweenness": 0.00034680538882219552, "weight": 0.10034680538882221 }, "geometry": { "type": "LineString", "coordinates": [ [ -75.333901, 6.082885 ], [ -75.839903, 5.79158 ] ] } },
{ "type": "Feature", "properties": { "source": "EL CARMEN DE VIBORAL", "target": "TARSO", "distance": 0.5, "betweenness": 0.0002563718306992361, "weight": 0.10025637183069924 }, "geometry": { "type": "LineString", "coordinates": [ [ -75.333901, 6.082885 ], [ -75.822956, 5.864542 ] ] } },
{ "type": "Feature", "properties": { "source": "EL CARMEN DE VIBORAL", "target": "ARMENIA", "distance": 0.5, "betweenness": 0.00019317003849062374, "weight": 0.10019317003849063 }, "geometry": { "type": "LineString", "coordinates": [ [ -75.333901, 6.082885 ], [ -75.786647, 6.155667 ] ] } },
{ "type": "Feature", "properties": { "source": "EL CARMEN DE VIBORAL", "target": "LA ESTRELLA", "distance": 0.5, "betweenness": 0.00022852844933797693, "weight": 0.10022852844933798 }, "geometry": { "type": "LineString", "coordinates": [ [ -75.333901, 6.082885 ], [ -75.637708, 6.145238 ] ] } },
{ "type": "Feature", "properties": { "source": "EL CARMEN DE VIBORAL", "target": "SAN LUIS", "distance": 0.5, "betweenness": 0.00020998634382223108, "weight": 0.10020998634382224 }, "geometry": { "type": "LineString", "coordinates": [ [ -75.333901, 6.082885 ], [ -74.993619, 6.043017 ] ] } },
{ "type": "Feature", "properties": { "source": "EL CARMEN DE VIBORAL", "target": "VENECIA", "distance": 0.5, "betweenness": 0.00016607224285062862, "weight": 0.10016607224285064 }, "geometry": { "type": "LineString", "coordinates": [ [ -75.333901, 6.082885 ], [ -75.735544, 5.964693 ] ] } },
{ "type": "Feature", "properties": { "source": "EL CARMEN DE VIBORAL", "target": "BETULIA", "distance": 0.5, "betweenness": 0.00030537401098871387, "weight": 0.10030537401098871 }, "geometry": { "type": "LineString", "coordinates": [ [ -75.333901, 6.082885 ], [ -75.984452, 6.115208 ] ] } },
{ "type": "Feature", "properties": { "source": "EL CARMEN DE VIBORAL", "target": "CONCORDIA", "distance": 0.5, "betweenness": 0.00026278121629507887, "weight": 0.10026278121629509 }, "geometry": { "type": "LineString", "coordinates": [ [ -75.333901, 6.082885 ], [ -75.908448, 6.045738 ] ] } },
{ "type": "Feature", "properties": { "source": "EL CARMEN DE VIBORAL", "target": "SALGAR", "distance": 0.5, "betweenness": 0.00035764129471379808, "weight": 0.10035764129471381 }, "geometry": { "type": "LineString", "coordinates": [ [ -75.333901, 6.082885 ], [ -75.976807, 5.964198 ] ] } },
{ "type": "Feature", "properties": { "source": "EL CARMEN DE VIBORAL", "target": "BETANIA", "distance": 1.0, "betweenness": 0.0, "weight": 0.1 }, "geometry": { "type": "LineString", "coordinates": [ [ -75.333901, 6.082885 ], [ -75.97679, 5.74615 ] ] } },
{ "type": "Feature", "properties": { "source": "EL CARMEN DE VIBORAL", "target": "CARACOLÍ", "distance": 0.5, "betweenness": 0.0012009749548254115, "weight": 0.10120097495482541 }, "geometry": { "type": "LineString", "coordinates": [ [ -75.333901, 6.082885 ], [ -74.757421, 6.409829 ] ] } },
{ "type": "Feature", "properties": { "source": "EL CARMEN DE VIBORAL", "target": "CIUDAD BOLÍVAR", "distance": 0.5, "betweenness": 0.00036740277506351371, "weight": 0.10036740277506352 }, "geometry": { "type": "LineString", "coordinates": [ [ -75.333901, 6.082885 ], [ -76.021509, 5.850273 ] ] } },
{ "type": "Feature", "properties": { "source": "EL CARMEN DE VIBORAL", "target": "LA PINTADA", "distance": 1.0, "betweenness": 0.0, "weight": 0.1 }, "geometry": { "type": "LineString", "coordinates": [ [ -75.333901, 6.082885 ], [ -75.60781, 5.743808 ] ] } },
{ "type": "Feature", "properties": { "source": "EL CARMEN DE VIBORAL", "target": "PUERTO TRIUNFO", "distance": 0.5, "betweenness": 0.0013802187541683334, "weight": 0.10138021875416833 }, "geometry": { "type": "LineString", "coordinates": [ [ -75.333901, 6.082885 ], [ -74.64119, 5.871318 ] ] } },
{ "type": "Feature", "properties": { "source": "EL CARMEN DE VIBORAL", "target": "JARDÍN", "distance": 0.5, "betweenness": 0.00038315326130452181, "weight": 0.10038315326130452 }, "geometry": { "type": "LineString", "coordinates": [ [ -75.333901, 6.082885 ], [ -75.818982, 5.597542 ] ] } },
{ "type": "Feature", "properties": { "source": "EL CARMEN DE VIBORAL", "target": "HISPANIA", "distance": 0.5, "betweenness": 0.00044844337463467742, "weight": 0.10044844337463468 }, "geometry": { "type": "LineString", "coordinates": [ [ -75.333901, 6.082885 ], [ -75.906587, 5.799461 ] ] } },
{ "type": "Feature", "properties": { "source": "ANGELÓPOLIS", "target": "SONSÓN", "distance": 0.5, "betweenness": 0.00037748363016401262, "weight": 0.10037748363016402 }, "geometry": { "type": "LineString", "coordinates": [ [ -75.711389, 6.109719 ], [ -75.309596, 5.714851 ] ] } },
{ "type": "Feature", "properties": { "source": "ANGELÓPOLIS", "target": "TITIRIBÍ", "distance": 0.5, "betweenness": 0.00046351874082966514, "weight": 0.10046351874082968 }, "geometry": { "type": "LineString", "coordinates": [ [ -75.711389, 6.109719 ], [ -75.791887, 6.062391 ] ] } },
{ "type": "Feature", "properties": { "source": "ANGELÓPOLIS", "target": "SALGAR", "distance": 0.5, "betweenness": 0.00019257703081232492, "weight": 0.10019257703081233 }, "geometry": { "type": "LineString", "coordinates": [ [ -75.711389, 6.109719 ], [ -75.976807, 5.964198 ] ] } },
{ "type": "Feature", "properties": { "source": "ANGELÓPOLIS", "target": "LA UNIÓN", "distance": 0.5, "betweenness": 0.00028011204481792715, "weight": 0.10028011204481793 }, "geometry": { "type": "LineString", "coordinates": [ [ -75.711389, 6.109719 ], [ -75.360874, 5.973845 ] ] } },
{ "type": "Feature", "properties": { "source": "ANGELÓPOLIS", "target": "CALDAS", "distance": 0.5, "betweenness": 0.00015278838808250569, "weight": 0.10015278838808252 }, "geometry": { "type": "LineString", "coordinates": [ [ -75.711389, 6.109719 ], [ -75.633673, 6.091077 ] ] } },
{ "type": "Feature", "properties": { "source": "ANGELÓPOLIS", "target": "EL SANTUARIO", "distance": 0.5, "betweenness": 0.00028011204481792715, "weight": 0.10028011204481793 }, "geometry": { "type": "LineString", "coordinates": [ [ -75.711389, 6.109719 ], [ -75.265465, 6.136871 ] ] } },
{ "type": "Feature", "properties": { "source": "ANGELÓPOLIS", "target": "ANDES", "distance": 0.5, "betweenness": 0.00063133529385461199, "weight": 0.10063133529385462 }, "geometry": { "type": "LineString", "coordinates": [ [ -75.711389, 6.109719 ], [ -75.878828, 5.657194 ] ] } },
{ "type": "Feature", "properties": { "source": "ANGELÓPOLIS", "target": "TÁMESIS", "distance": 0.5, "betweenness": 0.00039682539682539677, "weight": 0.1003968253968254 }, "geometry": { "type": "LineString", "coordinates": [ [ -75.711389, 6.109719 ], [ -75.714429, 5.664645 ] ] } },
{ "type": "Feature", "properties": { "source": "ANGELÓPOLIS", "target": "COCORNÁ", "distance": 0.5, "betweenness": 0.00029114676173499707, "weight": 0.10029114676173501 }, "geometry": { "type": "LineString", "coordinates": [ [ -75.711389, 6.109719 ], [ -75.185483, 6.058295 ] ] } },
{ "type": "Feature", "properties": { "source": "ANGELÓPOLIS", "target": "CONCORDIA", "distance": 0.33333333333333331, "betweenness": 0.00059629912571089038, "weight": 0.1005962991257109 }, "geometry": { "type": "LineString", "coordinates": [ [ -75.711389, 6.109719 ], [ -75.908448, 6.045738 ] ] } },
{ "type": "Feature", "properties": { "source": "ANGELÓPOLIS", "target": "JERICÓ", "distance": 0.5, "betweenness": 0.0002567693744164332, "weight": 0.10025676937441644 }, "geometry": { "type": "LineString", "coordinates": [ [ -75.711389, 6.109719 ], [ -75.785499, 5.789748 ] ] } },
{ "type": "Feature", "properties": { "source": "ANGELÓPOLIS", "target": "BETULIA", "distance": 0.5, "betweenness": 0.00028011204481792715, "weight": 0.10028011204481793 }, "geometry": { "type": "LineString", "coordinates": [ [ -75.711389, 6.109719 ], [ -75.984452, 6.115208 ] ] } },
{ "type": "Feature", "properties": { "source": "ANGELÓPOLIS", "target": "JARDÍN", "distance": 0.5, "betweenness": 0.00028011204481792715, "weight": 0.10028011204481793 }, "geometry": { "type": "LineString", "coordinates": [ [ -75.711389, 6.109719 ], [ -75.818982, 5.597542 ] ] } },
{ "type": "Feature", "properties": { "source": "ANGELÓPOLIS", "target": "ABEJORRAL", "distance": 0.5, "betweenness": 0.00022281639928698748, "weight": 0.100222816399287 }, "geometry": { "type": "LineString", "coordinates": [ [ -75.711389, 6.109719 ], [ -75.428739, 5.789315 ] ] } },
{ "type": "Feature", "properties": { "source": "ANGELÓPOLIS", "target": "BETANIA", "distance": 0.5, "betweenness": 0.00058531746031746017, "weight": 0.10058531746031747 }, "geometry": { "type": "LineString", "coordinates": [ [ -75.711389, 6.109719 ], [ -75.97679, 5.74615 ] ] } },
{ "type": "Feature", "properties": { "source": "ANGELÓPOLIS", "target": "MONTEBELLO", "distance": 0.5, "betweenness": 0.00042840665678035915, "weight": 0.10042840665678036 }, "geometry": { "type": "LineString", "coordinates": [ [ -75.711389, 6.109719 ], [ -75.523455, 5.946313 ] ] } },
{ "type": "Feature", "properties": { "source": "ANGELÓPOLIS", "target": "LA CEJA", "distance": 0.5, "betweenness": 0.00042016806722689073, "weight": 0.10042016806722689 }, "geometry": { "type": "LineString", "coordinates": [ [ -75.711389, 6.109719 ], [ -75.429433, 6.028062 ] ] } },
{ "type": "Feature", "properties": { "source": "ANGELÓPOLIS", "target": "SAN CARLOS", "distance": 0.5, "betweenness": 0.0004271708683473389, "weight": 0.10042717086834735 }, "geometry": { "type": "LineString", "coordinates": [ [ -75.711389, 6.109719 ], [ -74.988097, 6.187746 ] ] } },
{ "type": "Feature", "properties": { "source": "ANGELÓPOLIS", "target": "FREDONIA", "distance": 0.5, "betweenness": 0.00035014005602240891, "weight": 0.10035014005602241 }, "geometry": { "type": "LineString", "coordinates": [ [ -75.711389, 6.109719 ], [ -75.675072, 5.928039 ] ] } },
{ "type": "Feature", "properties": { "source": "ANGELÓPOLIS", "target": "TARSO", "distance": 0.5, "betweenness": 0.00063540399324713047, "weight": 0.10063540399324714 }, "geometry": { "type": "LineString", "coordinates": [ [ -75.711389, 6.109719 ], [ -75.822956, 5.864542 ] ] } },
{ "type": "Feature", "properties": { "source": "ANGELÓPOLIS", "target": "PUEBLORRICO", "distance": 0.5, "betweenness": 0.00047852474323062562, "weight": 0.10047852474323063 }, "geometry": { "type": "LineString", "coordinates": [ [ -75.711389, 6.109719 ], [ -75.839903, 5.79158 ] ] } },
{ "type": "Feature", "properties": { "source": "ANGELÓPOLIS", "target": "VENECIA", "distance": 0.5, "betweenness": 0.00028011204481792715, "weight": 0.10028011204481793 }, "geometry": { "type": "LineString", "coordinates": [ [ -75.711389, 6.109719 ], [ -75.735544, 5.964693 ] ] } },
{ "type": "Feature", "properties": { "source": "ANGELÓPOLIS", "target": "SABANETA", "distance": 0.5, "betweenness": 0.00042016806722689073, "weight": 0.10042016806722689 }, "geometry": { "type": "LineString", "coordinates": [ [ -75.711389, 6.109719 ], [ -75.615479, 6.149903 ] ] } },
{ "type": "Feature", "properties": { "source": "ANGELÓPOLIS", "target": "AMAGÁ", "distance": 0.5, "betweenness": 0.00044017607042817124, "weight": 0.10044017607042818 }, "geometry": { "type": "LineString", "coordinates": [ [ -75.711389, 6.109719 ], [ -75.702188, 6.038708 ] ] } },
{ "type": "Feature", "properties": { "source": "ANGELÓPOLIS", "target": "SANTA BÁRBARA", "distance": 0.5, "betweenness": 0.00042016806722689073, "weight": 0.10042016806722689 }, "geometry": { "type": "LineString", "coordinates": [ [ -75.711389, 6.109719 ], [ -75.567351, 5.875527 ] ] } },
{ "type": "Feature", "properties": { "source": "ANGELÓPOLIS", "target": "HISPANIA", "distance": 0.5, "betweenness": 0.00078716582013461662, "weight": 0.10078716582013462 }, "geometry": { "type": "LineString", "coordinates": [ [ -75.711389, 6.109719 ], [ -75.906587, 5.799461 ] ] } },
{ "type": "Feature", "properties": { "source": "ANGELÓPOLIS", "target": "CIUDAD BOLÍVAR", "distance": 0.5, "betweenness": 0.00021475256769374414, "weight": 0.10021475256769374 }, "geometry": { "type": "LineString", "coordinates": [ [ -75.711389, 6.109719 ], [ -76.021509, 5.850273 ] ] } },
{ "type": "Feature", "properties": { "source": "ANGELÓPOLIS", "target": "CARAMANTA", "distance": 0.5, "betweenness": 0.00060876636050183721, "weight": 0.10060876636050184 }, "geometry": { "type": "LineString", "coordinates": [ [ -75.711389, 6.109719 ], [ -75.643868, 5.54853 ] ] } },
{ "type": "Feature", "properties": { "source": "ANGELÓPOLIS", "target": "ARMENIA", "distance": 0.5, "betweenness": 0.00028011204481792715, "weight": 0.10028011204481793 }, "geometry": { "type": "LineString", "coordinates": [ [ -75.711389, 6.109719 ], [ -75.786647, 6.155667 ] ] } },
{ "type": "Feature", "properties": { "source": "ANGELÓPOLIS", "target": "LA PINTADA", "distance": 0.2, "betweenness": 0.0091036414565826319, "weight": 0.10910364145658263 }, "geometry": { "type": "LineString", "coordinates": [ [ -75.711389, 6.109719 ], [ -75.60781, 5.743808 ] ] } },
{ "type": "Feature", "properties": { "source": "ANGELÓPOLIS", "target": "LA ESTRELLA", "distance": 0.33333333333333331, "betweenness": 0.00053021208483393356, "weight": 0.10053021208483394 }, "geometry": { "type": "LineString", "coordinates": [ [ -75.711389, 6.109719 ], [ -75.637708, 6.145238 ] ] } },
{ "type": "Feature", "properties": { "source": "ANGELÓPOLIS", "target": "VALPARAÍSO", "distance": 0.5, "betweenness": 0.00083816111778081909, "weight": 0.10083816111778082 }, "geometry": { "type": "LineString", "coordinates": [ [ -75.711389, 6.109719 ], [ -75.624452, 5.614555 ] ] } },
{ "type": "Feature", "properties": { "source": "ANGELÓPOLIS", "target": "NARIÑO", "distance": 1.0, "betweenness": 0.0, "weight": 0.1 }, "geometry": { "type": "LineString", "coordinates": [ [ -75.711389, 6.109719 ], [ -75.176262, 5.610777 ] ] } },
{ "type": "Feature", "properties": { "source": "ANGELÓPOLIS", "target": "ARGELIA", "distance": 0.5, "betweenness": 0.00059063057330785472, "weight": 0.10059063057330786 }, "geometry": { "type": "LineString", "coordinates": [ [ -75.711389, 6.109719 ], [ -75.14107, 5.731474 ] ] } },
{ "type": "Feature", "properties": { "source": "ANGELÓPOLIS", "target": "SAN FRANCISCO", "distance": 1.0, "betweenness": 0.0, "weight": 0.1 }, "geometry": { "type": "LineString", "coordinates": [ [ -75.711389, 6.109719 ], [ -75.101562, 5.963476 ] ] } },
{ "type": "Feature", "properties": { "source": "ARMENIA", "target": "ABEJORRAL", "distance": 0.5, "betweenness": 0.0001488095238095238, "weight": 0.10014880952380953 }, "geometry": { "type": "LineString", "coordinates": [ [ -75.786647, 6.155667 ], [ -75.428739, 5.789315 ] ] } },
{ "type": "Feature", "properties": { "source": "ARMENIA", "target": "MONTEBELLO", "distance": 0.5, "betweenness": 0.00014417531718569779, "weight": 0.10014417531718571 }, "geometry": { "type": "LineString", "coordinates": [ [ -75.786647, 6.155667 ], [ -75.523455, 5.946313 ] ] } },
{ "type": "Feature", "properties": { "source": "ARMENIA", "target": "SALGAR", "distance": 0.33333333333333331, "betweenness": 0.00041705571117335826, "weight": 0.10041705571117336 }, "geometry": { "type": "LineString", "coordinates": [ [ -75.786647, 6.155667 ], [ -75.976807, 5.964198 ] ] } },
{ "type": "Feature", "properties": { "source": "ARMENIA", "target": "AMAGÁ", "distance": 1.0, "betweenness": 0.0, "weight": 0.1 }, "geometry": { "type": "LineString", "coordinates": [ [ -75.786647, 6.155667 ], [ -75.702188, 6.038708 ] ] } },
{ "type": "Feature", "properties": { "source": "ARMENIA", "target": "LA CEJA", "distance": 0.5, "betweenness": 0.00014005602240896358, "weight": 0.10014005602240897 }, "geometry": { "type": "LineString", "coordinates": [ [ -75.786647, 6.155667 ], [ -75.429433, 6.028062 ] ] } },
{ "type": "Feature", "properties": { "source": "ARMENIA", "target": "LA ESTRELLA", "distance": 0.5, "betweenness": 0.00014005602240896358, "weight": 0.10014005602240897 }, "geometry": { "type": "LineString", "coordinates": [ [ -75.786647, 6.155667 ], [ -75.637708, 6.145238 ] ] } },
{ "type": "Feature", "properties": { "source": "ARMENIA", "target": "PUEBLORRICO", "distance": 0.5, "betweenness": 0.00019140989729225024, "weight": 0.10019140989729225 }, "geometry": { "type": "LineString", "coordinates": [ [ -75.786647, 6.155667 ], [ -75.839903, 5.79158 ] ] } },
{ "type": "Feature", "properties": { "source": "ARMENIA", "target": "JERICÓ", "distance": 0.5, "betweenness": 0.00014005602240896358, "weight": 0.10014005602240897 }, "geometry": { "type": "LineString", "coordinates": [ [ -75.786647, 6.155667 ], [ -75.785499, 5.789748 ] ] } },
{ "type": "Feature", "properties": { "source": "ARMENIA", "target": "TITIRIBÍ", "distance": 0.5, "betweenness": 0.00014005602240896358, "weight": 0.10014005602240897 }, "geometry": { "type": "LineString", "coordinates": [ [ -75.786647, 6.155667 ], [ -75.791887, 6.062391 ] ] } },
{ "type": "Feature", "properties": { "source": "ARMENIA", "target": "ANDES", "distance": 0.5, "betweenness": 0.00026238643225869149, "weight": 0.1002623864322587 }, "geometry": { "type": "LineString", "coordinates": [ [ -75.786647, 6.155667 ], [ -75.878828, 5.657194 ] ] } },
{ "type": "Feature", "properties": { "source": "ARMENIA", "target": "EL SANTUARIO", "distance": 0.5, "betweenness": 0.00019549486461251165, "weight": 0.10019549486461252 }, "geometry": { "type": "LineString", "coordinates": [ [ -75.786647, 6.155667 ], [ -75.265465, 6.136871 ] ] } },
{ "type": "Feature", "properties": { "source": "ARMENIA", "target": "CIUDAD BOLÍVAR", "distance": 0.5, "betweenness": 0.00017896047307812014, "weight": 0.10017896047307813 }, "geometry": { "type": "LineString", "coordinates": [ [ -75.786647, 6.155667 ], [ -76.021509, 5.850273 ] ] } },
{ "type": "Feature", "properties": { "source": "ARMENIA", "target": "CALDAS", "distance": 0.33333333333333331, "betweenness": 0.00059873949579831933, "weight": 0.10059873949579833 }, "geometry": { "type": "LineString", "coordinates": [ [ -75.786647, 6.155667 ], [ -75.633673, 6.091077 ] ] } },
{ "type": "Feature", "properties": { "source": "ARMENIA", "target": "SONSÓN", "distance": 0.5, "betweenness": 0.00019282643395219455, "weight": 0.10019282643395221 }, "geometry": { "type": "LineString", "coordinates": [ [ -75.786647, 6.155667 ], [ -75.309596, 5.714851 ] ] } },
{ "type": "Feature", "properties": { "source": "ARMENIA", "target": "SANTA BÁRBARA", "distance": 0.5, "betweenness": 0.00016339869281045751, "weight": 0.10016339869281046 }, "geometry": { "type": "LineString", "coordinates": [ [ -75.786647, 6.155667 ], [ -75.567351, 5.875527 ] ] } },
{ "type": "Feature", "properties": { "source": "ARMENIA", "target": "BETULIA", "distance": 0.5, "betweenness": 0.00016006402561024409, "weight": 0.10016006402561024 }, "geometry": { "type": "LineString", "coordinates": [ [ -75.786647, 6.155667 ], [ -75.984452, 6.115208 ] ] } },
{ "type": "Feature", "properties": { "source": "ARMENIA", "target": "CARAMANTA", "distance": 0.5, "betweenness": 0.00016615341788889465, "weight": 0.1001661534178889 }, "geometry": { "type": "LineString", "coordinates": [ [ -75.786647, 6.155667 ], [ -75.643868, 5.54853 ] ] } },
{ "type": "Feature", "properties": { "source": "ARMENIA", "target": "VALPARAÍSO", "distance": 0.5, "betweenness": 0.00033752226574877833, "weight": 0.10033752226574878 }, "geometry": { "type": "LineString", "coordinates": [ [ -75.786647, 6.155667 ], [ -75.624452, 5.614555 ] ] } },
{ "type": "Feature", "properties": { "source": "ARMENIA", "target": "COCORNÁ", "distance": 0.5, "betweenness": 0.00022987225193107545, "weight": 0.10022987225193108 }, "geometry": { "type": "LineString", "coordinates": [ [ -75.786647, 6.155667 ], [ -75.185483, 6.058295 ] ] } },
{ "type": "Feature", "properties": { "source": "ARMENIA", "target": "TÁMESIS", "distance": 0.33333333333333331, "betweenness": 0.002173786181139122, "weight": 0.10217378618113913 }, "geometry": { "type": "LineString", "coordinates": [ [ -75.786647, 6.155667 ], [ -75.714429, 5.664645 ] ] } },
{ "type": "Feature", "properties": { "source": "ARMENIA", "target": "CONCORDIA", "distance": 0.5, "betweenness": 0.00014005602240896358, "weight": 0.10014005602240897 }, "geometry": { "type": "LineString", "coordinates": [ [ -75.786647, 6.155667 ], [ -75.908448, 6.045738 ] ] } },
{ "type": "Feature", "properties": { "source": "ARMENIA", "target": "LA UNIÓN", "distance": 0.5, "betweenness": 0.00017215219421101775, "weight": 0.10017215219421102 }, "geometry": { "type": "LineString", "coordinates": [ [ -75.786647, 6.155667 ], [ -75.360874, 5.973845 ] ] } },
{ "type": "Feature", "properties": { "source": "ARMENIA", "target": "FREDONIA", "distance": 0.5, "betweenness": 0.00014005602240896358, "weight": 0.10014005602240897 }, "geometry": { "type": "LineString", "coordinates": [ [ -75.786647, 6.155667 ], [ -75.675072, 5.928039 ] ] } },
{ "type": "Feature", "properties": { "source": "ARMENIA", "target": "BETANIA", "distance": 0.5, "betweenness": 0.00026844070961718017, "weight": 0.10026844070961718 }, "geometry": { "type": "LineString", "coordinates": [ [ -75.786647, 6.155667 ], [ -75.97679, 5.74615 ] ] } },
{ "type": "Feature", "properties": { "source": "ARMENIA", "target": "VENECIA", "distance": 0.5, "betweenness": 0.00016806722689075631, "weight": 0.10016806722689076 }, "geometry": { "type": "LineString", "coordinates": [ [ -75.786647, 6.155667 ], [ -75.735544, 5.964693 ] ] } },
{ "type": "Feature", "properties": { "source": "ARMENIA", "target": "HISPANIA", "distance": 0.5, "betweenness": 0.00032694664474516253, "weight": 0.10032694664474517 }, "geometry": { "type": "LineString", "coordinates": [ [ -75.786647, 6.155667 ], [ -75.906587, 5.799461 ] ] } },
{ "type": "Feature", "properties": { "source": "ARMENIA", "target": "JARDÍN", "distance": 0.5, "betweenness": 0.00022642390289449112, "weight": 0.10022642390289449 }, "geometry": { "type": "LineString", "coordinates": [ [ -75.786647, 6.155667 ], [ -75.818982, 5.597542 ] ] } },
{ "type": "Feature", "properties": { "source": "ARMENIA", "target": "TARSO", "distance": 1.0, "betweenness": 0.0, "weight": 0.1 }, "geometry": { "type": "LineString", "coordinates": [ [ -75.786647, 6.155667 ], [ -75.822956, 5.864542 ] ] } },
{ "type": "Feature", "properties": { "source": "LA CEJA", "target": "AMAGÁ", "distance": 0.5, "betweenness": 0.00014005602240896358, "weight": 0.10014005602240897 }, "geometry": { "type": "LineString", "coordinates": [ [ -75.429433, 6.028062 ], [ -75.702188, 6.038708 ] ] } },
{ "type": "Feature", "properties": { "source": "LA CEJA", "target": "CALDAS", "distance": 0.5, "betweenness": 0.00014005602240896358, "weight": 0.10014005602240897 }, "geometry": { "type": "LineString", "coordinates": [ [ -75.429433, 6.028062 ], [ -75.633673, 6.091077 ] ] } },
{ "type": "Feature", "properties": { "source": "LA CEJA", "target": "ARGELIA", "distance": 0.5, "betweenness": 0.00032517545034451106, "weight": 0.10032517545034451 }, "geometry": { "type": "LineString", "coordinates": [ [ -75.429433, 6.028062 ], [ -75.14107, 5.731474 ] ] } },
{ "type": "Feature", "properties": { "source": "LA CEJA", "target": "SAN CARLOS", "distance": 0.5, "betweenness": 0.00014705882352941172, "weight": 0.10014705882352942 }, "geometry": { "type": "LineString", "coordinates": [ [ -75.429433, 6.028062 ], [ -74.988097, 6.187746 ] ] } },
{ "type": "Feature", "properties": { "source": "LA CEJA", "target": "SALGAR", "distance": 0.5, "betweenness": 0.00028261304521808722, "weight": 0.1002826130452181 }, "geometry": { "type": "LineString", "coordinates": [ [ -75.429433, 6.028062 ], [ -75.976807, 5.964198 ] ] } },
{ "type": "Feature", "properties": { "source": "LA CEJA", "target": "SONSÓN", "distance": 0.5, "betweenness": 0.0002138760996097034, "weight": 0.1002138760996097 }, "geometry": { "type": "LineString", "coordinates": [ [ -75.429433, 6.028062 ], [ -75.309596, 5.714851 ] ] } },
{ "type": "Feature", "properties": { "source": "LA CEJA", "target": "ABEJORRAL", "distance": 0.5, "betweenness": 0.00014005602240896358, "weight": 0.10014005602240897 }, "geometry": { "type": "LineString", "coordinates": [ [ -75.429433, 6.028062 ], [ -75.428739, 5.789315 ] ] } },
{ "type": "Feature", "properties": { "source": "LA CEJA", "target": "CIUDAD BOLÍVAR", "distance": 0.5, "betweenness": 0.00018907563025210084, "weight": 0.1001890756302521 }, "geometry": { "type": "LineString", "coordinates": [ [ -75.429433, 6.028062 ], [ -76.021509, 5.850273 ] ] } },
{ "type": "Feature", "properties": { "source": "LA CEJA", "target": "BETULIA", "distance": 0.5, "betweenness": 0.00018807523009203679, "weight": 0.10018807523009204 }, "geometry": { "type": "LineString", "coordinates": [ [ -75.429433, 6.028062 ], [ -75.984452, 6.115208 ] ] } },
{ "type": "Feature", "properties": { "source": "LA CEJA", "target": "ANDES", "distance": 0.5, "betweenness": 0.00040595265713979522, "weight": 0.10040595265713981 }, "geometry": { "type": "LineString", "coordinates": [ [ -75.429433, 6.028062 ], [ -75.878828, 5.657194 ] ] } },
{ "type": "Feature", "properties": { "source": "LA CEJA", "target": "NARIÑO", "distance": 0.5, "betweenness": 0.00015406162464985996, "weight": 0.10015406162464986 }, "geometry": { "type": "LineString", "coordinates": [ [ -75.429433, 6.028062 ], [ -75.176262, 5.610777 ] ] } },
{ "type": "Feature", "properties": { "source": "LA CEJA", "target": "VENECIA", "distance": 0.5, "betweenness": 0.00014005602240896358, "weight": 0.10014005602240897 }, "geometry": { "type": "LineString", "coordinates": [ [ -75.429433, 6.028062 ], [ -75.735544, 5.964693 ] ] } },
{ "type": "Feature", "properties": { "source": "LA CEJA", "target": "CONCORDIA", "distance": 0.5, "betweenness": 0.00016006402561024409, "weight": 0.10016006402561024 }, "geometry": { "type": "LineString", "coordinates": [ [ -75.429433, 6.028062 ], [ -75.908448, 6.045738 ] ] } },
{ "type": "Feature", "properties": { "source": "LA CEJA", "target": "TÁMESIS", "distance": 0.5, "betweenness": 0.0002393457382953181, "weight": 0.10023934573829532 }, "geometry": { "type": "LineString", "coordinates": [ [ -75.429433, 6.028062 ], [ -75.714429, 5.664645 ] ] } },
{ "type": "Feature", "properties": { "source": "LA CEJA", "target": "FREDONIA", "distance": 0.5, "betweenness": 0.00014005602240896358, "weight": 0.10014005602240897 }, "geometry": { "type": "LineString", "coordinates": [ [ -75.429433, 6.028062 ], [ -75.675072, 5.928039 ] ] } },
{ "type": "Feature", "properties": { "source": "LA CEJA", "target": "JARDÍN", "distance": 0.5, "betweenness": 0.00026510604241696678, "weight": 0.10026510604241697 }, "geometry": { "type": "LineString", "coordinates": [ [ -75.429433, 6.028062 ], [ -75.818982, 5.597542 ] ] } },
{ "type": "Feature", "properties": { "source": "LA CEJA", "target": "SAN LUIS", "distance": 0.5, "betweenness": 0.0004011269026098487, "weight": 0.10040112690260986 }, "geometry": { "type": "LineString", "coordinates": [ [ -75.429433, 6.028062 ], [ -74.993619, 6.043017 ] ] } },
{ "type": "Feature", "properties": { "source": "LA CEJA", "target": "SABANETA", "distance": 0.5, "betweenness": 0.00018674136321195143, "weight": 0.10018674136321196 }, "geometry": { "type": "LineString", "coordinates": [ [ -75.429433, 6.028062 ], [ -75.615479, 6.149903 ] ] } },
{ "type": "Feature", "properties": { "source": "LA CEJA", "target": "BETANIA", "distance": 0.33333333333333331, "betweenness": 0.0034327064158996929, "weight": 0.1034327064158997 }, "geometry": { "type": "LineString", "coordinates": [ [ -75.429433, 6.028062 ], [ -75.97679, 5.74615 ] ] } },
{ "type": "Feature", "properties": { "source": "LA CEJA", "target": "PUEBLORRICO", "distance": 0.5, "betweenness": 0.00016806722689075628, "weight": 0.10016806722689076 }, "geometry": { "type": "LineString", "coordinates": [ [ -75.429433, 6.028062 ], [ -75.839903, 5.79158 ] ] } },
{ "type": "Feature", "properties": { "source": "LA CEJA", "target": "SANTA BÁRBARA", "distance": 0.5, "betweenness": 0.00014005602240896358, "weight": 0.10014005602240897 }, "geometry": { "type": "LineString", "coordinates": [ [ -75.429433, 6.028062 ], [ -75.567351, 5.875527 ] ] } },
{ "type": "Feature", "properties": { "source": "LA CEJA", "target": "CARAMANTA", "distance": 0.5, "betweenness": 0.00028520103693651375, "weight": 0.10028520103693651 }, "geometry": { "type": "LineString", "coordinates": [ [ -75.429433, 6.028062 ], [ -75.643868, 5.54853 ] ] } },
{ "type": "Feature", "properties": { "source": "LA CEJA", "target": "LA UNIÓN", "distance": 0.5, "betweenness": 0.00015406162464985996, "weight": 0.10015406162464986 }, "geometry": { "type": "LineString", "coordinates": [ [ -75.429433, 6.028062 ], [ -75.360874, 5.973845 ] ] } },
{ "type": "Feature", "properties": { "source": "LA CEJA", "target": "VALPARAÍSO", "distance": 0.5, "betweenness": 0.00040375556395907779, "weight": 0.10040375556395909 }, "geometry": { "type": "LineString", "coordinates": [ [ -75.429433, 6.028062 ], [ -75.624452, 5.614555 ] ] } },
{ "type": "Feature", "properties": { "source": "LA CEJA", "target": "JERICÓ", "distance": 0.5, "betweenness": 0.00014005602240896358, "weight": 0.10014005602240897 }, "geometry": { "type": "LineString", "coordinates": [ [ -75.429433, 6.028062 ], [ -75.785499, 5.789748 ] ] } },
{ "type": "Feature", "properties": { "source": "LA CEJA", "target": "COCORNÁ", "distance": 0.5, "betweenness": 0.00023512435277141158, "weight": 0.10023512435277142 }, "geometry": { "type": "LineString", "coordinates": [ [ -75.429433, 6.028062 ], [ -75.185483, 6.058295 ] ] } },
{ "type": "Feature", "properties": { "source": "LA CEJA", "target": "EL SANTUARIO", "distance": 0.5, "betweenness": 0.00018674136321195143, "weight": 0.10018674136321196 }, "geometry": { "type": "LineString", "coordinates": [ [ -75.429433, 6.028062 ], [ -75.265465, 6.136871 ] ] } },
{ "type": "Feature", "properties": { "source": "LA CEJA", "target": "SAN FRANCISCO", "distance": 0.5, "betweenness": 0.00024509803921568627, "weight": 0.10024509803921569 }, "geometry": { "type": "LineString", "coordinates": [ [ -75.429433, 6.028062 ], [ -75.101562, 5.963476 ] ] } },
{ "type": "Feature", "properties": { "source": "LA CEJA", "target": "LA ESTRELLA", "distance": 0.5, "betweenness": 0.00017918932278793867, "weight": 0.10017918932278795 }, "geometry": { "type": "LineString", "coordinates": [ [ -75.429433, 6.028062 ], [ -75.637708, 6.145238 ] ] } },
{ "type": "Feature", "properties": { "source": "LA CEJA", "target": "TARSO", "distance": 0.5, "betweenness": 0.00020409510605589039, "weight": 0.10020409510605589 }, "geometry": { "type": "LineString", "coordinates": [ [ -75.429433, 6.028062 ], [ -75.822956, 5.864542 ] ] } },
{ "type": "Feature", "properties": { "source": "LA CEJA", "target": "TITIRIBÍ", "distance": 0.5, "betweenness": 0.00014005602240896358, "weight": 0.10014005602240897 }, "geometry": { "type": "LineString", "coordinates": [ [ -75.429433, 6.028062 ], [ -75.791887, 6.062391 ] ] } },
{ "type": "Feature", "properties": { "source": "LA CEJA", "target": "HISPANIA", "distance": 0.5, "betweenness": 0.000477875437314822, "weight": 0.10047787543731483 }, "geometry": { "type": "LineString", "coordinates": [ [ -75.429433, 6.028062 ], [ -75.906587, 5.799461 ] ] } },
{ "type": "Feature", "properties": { "source": "LA CEJA", "target": "MONTEBELLO", "distance": 0.5, "betweenness": 0.00014855206788597788, "weight": 0.10014855206788599 }, "geometry": { "type": "LineString", "coordinates": [ [ -75.429433, 6.028062 ], [ -75.523455, 5.946313 ] ] } },
{ "type": "Feature", "properties": { "source": "LA CEJA", "target": "PUERTO NARE", "distance": 1.0, "betweenness": 0.0, "weight": 0.1 }, "geometry": { "type": "LineString", "coordinates": [ [ -75.429433, 6.028062 ], [ -74.583012, 6.186025 ] ] } },
{ "type": "Feature", "properties": { "source": "LA CEJA", "target": "PUERTO TRIUNFO", "distance": 1.0, "betweenness": 1.4005602240896359e-05, "weight": 0.1000140056022409 }, "geometry": { "type": "LineString", "coordinates": [ [ -75.429433, 6.028062 ], [ -74.64119, 5.871318 ] ] } },
{ "type": "Feature", "properties": { "source": "LA CEJA", "target": "LA PINTADA", "distance": 1.0, "betweenness": 0.0, "weight": 0.1 }, "geometry": { "type": "LineString", "coordinates": [ [ -75.429433, 6.028062 ], [ -75.60781, 5.743808 ] ] } },
{ "type": "Feature", "properties": { "source": "SABANETA", "target": "FREDONIA", "distance": 0.5, "betweenness": 0.00014005602240896358, "weight": 0.10014005602240897 }, "geometry": { "type": "LineString", "coordinates": [ [ -75.615479, 6.149903 ], [ -75.675072, 5.928039 ] ] } },
{ "type": "Feature", "properties": { "source": "SABANETA", "target": "CARAMANTA", "distance": 0.33333333333333331, "betweenness": 0.003140256102440976, "weight": 0.10314025610244099 }, "geometry": { "type": "LineString", "coordinates": [ [ -75.615479, 6.149903 ], [ -75.643868, 5.54853 ] ] } },
{ "type": "Feature", "properties": { "source": "SABANETA", "target": "ABEJORRAL", "distance": 0.25, "betweenness": 0.00125250100040016, "weight": 0.10125250100040016 }, "geometry": { "type": "LineString", "coordinates": [ [ -75.615479, 6.149903 ], [ -75.428739, 5.789315 ] ] } },
{ "type": "Feature", "properties": { "source": "SABANETA", "target": "TITIRIBÍ", "distance": 0.5, "betweenness": 0.00014005602240896358, "weight": 0.10014005602240897 }, "geometry": { "type": "LineString", "coordinates": [ [ -75.615479, 6.149903 ], [ -75.791887, 6.062391 ] ] } },
{ "type": "Feature", "properties": { "source": "SABANETA", "target": "TÁMESIS", "distance": 0.5, "betweenness": 0.00036064425770308123, "weight": 0.10036064425770308 }, "geometry": { "type": "LineString", "coordinates": [ [ -75.615479, 6.149903 ], [ -75.714429, 5.664645 ] ] } },
{ "type": "Feature", "properties": { "source": "SABANETA", "target": "CONCORDIA", "distance": 0.5, "betweenness": 0.00023009203681472587, "weight": 0.10023009203681472 }, "geometry": { "type": "LineString", "coordinates": [ [ -75.615479, 6.149903 ], [ -75.908448, 6.045738 ] ] } },
{ "type": "Feature", "properties": { "source": "SABANETA", "target": "CIUDAD BOLÍVAR", "distance": 0.5, "betweenness": 0.00033068783068783067, "weight": 0.10033068783068784 }, "geometry": { "type": "LineString", "coordinates": [ [ -75.615479, 6.149903 ], [ -76.021509, 5.850273 ] ] } },
{ "type": "Feature", "properties": { "source": "SABANETA", "target": "JARDÍN", "distance": 0.5, "betweenness": 0.00040149393090569557, "weight": 0.10040149393090569 }, "geometry": { "type": "LineString", "coordinates": [ [ -75.615479, 6.149903 ], [ -75.818982, 5.597542 ] ] } },
{ "type": "Feature", "properties": { "source": "SABANETA", "target": "BETULIA", "distance": 0.5, "betweenness": 0.00023009203681472587, "weight": 0.10023009203681472 }, "geometry": { "type": "LineString", "coordinates": [ [ -75.615479, 6.149903 ], [ -75.984452, 6.115208 ] ] } },
{ "type": "Feature", "properties": { "source": "SABANETA", "target": "LA ESTRELLA", "distance": 0.33333333333333331, "betweenness": 0.00034313725490196079, "weight": 0.10034313725490196 }, "geometry": { "type": "LineString", "coordinates": [ [ -75.615479, 6.149903 ], [ -75.637708, 6.145238 ] ] } },
{ "type": "Feature", "properties": { "source": "SABANETA", "target": "TARSO", "distance": 1.0, "betweenness": 0.0, "weight": 0.1 }, "geometry": { "type": "LineString", "coordinates": [ [ -75.615479, 6.149903 ], [ -75.822956, 5.864542 ] ] } },
{ "type": "Feature", "properties": { "source": "SABANETA", "target": "ANDES", "distance": 0.5, "betweenness": 0.00065322934559295428, "weight": 0.10065322934559295 }, "geometry": { "type": "LineString", "coordinates": [ [ -75.615479, 6.149903 ], [ -75.878828, 5.657194 ] ] } },
{ "type": "Feature", "properties": { "source": "SABANETA", "target": "SONSÓN", "distance": 0.5, "betweenness": 0.0002335876879487427, "weight": 0.10023358768794875 }, "geometry": { "type": "LineString", "coordinates": [ [ -75.615479, 6.149903 ], [ -75.309596, 5.714851 ] ] } },
{ "type": "Feature", "properties": { "source": "SABANETA", "target": "PUEBLORRICO", "distance": 0.5, "betweenness": 0.00033846872082166193, "weight": 0.10033846872082167 }, "geometry": { "type": "LineString", "coordinates": [ [ -75.615479, 6.149903 ], [ -75.839903, 5.79158 ] ] } },
{ "type": "Feature", "properties": { "source": "SABANETA", "target": "EL SANTUARIO", "distance": 0.5, "betweenness": 0.00022175536881419231, "weight": 0.1002217553688142 }, "geometry": { "type": "LineString", "coordinates": [ [ -75.615479, 6.149903 ], [ -75.265465, 6.136871 ] ] } },
{ "type": "Feature", "properties": { "source": "SABANETA", "target": "ARGELIA", "distance": 0.5, "betweenness": 0.00039515352208850652, "weight": 0.10039515352208851 }, "geometry": { "type": "LineString", "coordinates": [ [ -75.615479, 6.149903 ], [ -75.14107, 5.731474 ] ] } },
{ "type": "Feature", "properties": { "source": "SABANETA", "target": "SALGAR", "distance": 0.5, "betweenness": 0.00030012004801920766, "weight": 0.10030012004801922 }, "geometry": { "type": "LineString", "coordinates": [ [ -75.615479, 6.149903 ], [ -75.976807, 5.964198 ] ] } },
{ "type": "Feature", "properties": { "source": "SABANETA", "target": "NARIÑO", "distance": 0.5, "betweenness": 0.00028166822284469338, "weight": 0.10028166822284471 }, "geometry": { "type": "LineString", "coordinates": [ [ -75.615479, 6.149903 ], [ -75.176262, 5.610777 ] ] } },
{ "type": "Feature", "properties": { "source": "SABANETA", "target": "LA UNIÓN", "distance": 0.5, "betweenness": 0.00015561780267662621, "weight": 0.10015561780267664 }, "geometry": { "type": "LineString", "coordinates": [ [ -75.615479, 6.149903 ], [ -75.360874, 5.973845 ] ] } },
{ "type": "Feature", "properties": { "source": "SABANETA", "target": "BETANIA", "distance": 0.5, "betweenness": 0.00052521008403361342, "weight": 0.10052521008403362 }, "geometry": { "type": "LineString", "coordinates": [ [ -75.615479, 6.149903 ], [ -75.97679, 5.74615 ] ] } },
{ "type": "Feature", "properties": { "source": "SABANETA", "target": "SAN CARLOS", "distance": 0.25, "betweenness": 0.0049439775910364138, "weight": 0.10494397759103642 }, "geometry": { "type": "LineString", "coordinates": [ [ -75.615479, 6.149903 ], [ -74.988097, 6.187746 ] ] } },
{ "type": "Feature", "properties": { "source": "SABANETA", "target": "SANTA BÁRBARA", "distance": 0.5, "betweenness": 0.00014005602240896358, "weight": 0.10014005602240897 }, "geometry": { "type": "LineString", "coordinates": [ [ -75.615479, 6.149903 ], [ -75.567351, 5.875527 ] ] } },
{ "type": "Feature", "properties": { "source": "SABANETA", "target": "AMAGÁ", "distance": 0.5, "betweenness": 0.00014005602240896358, "weight": 0.10014005602240897 }, "geometry": { "type": "LineString", "coordinates": [ [ -75.615479, 6.149903 ], [ -75.702188, 6.038708 ] ] } },
{ "type": "Feature", "properties": { "source": "SABANETA", "target": "SAN LUIS", "distance": 0.5, "betweenness": 0.00043366517044223418, "weight": 0.10043366517044224 }, "geometry": { "type": "LineString", "coordinates": [ [ -75.615479, 6.149903 ], [ -74.993619, 6.043017 ] ] } },
{ "type": "Feature", "properties": { "source": "SABANETA", "target": "MONTEBELLO", "distance": 0.5, "betweenness": 0.00021420332839017957, "weight": 0.10021420332839019 }, "geometry": { "type": "LineString", "coordinates": [ [ -75.615479, 6.149903 ], [ -75.523455, 5.946313 ] ] } },
{ "type": "Feature", "properties": { "source": "SABANETA", "target": "CALDAS", "distance": 0.5, "betweenness": 0.00014005602240896358, "weight": 0.10014005602240897 }, "geometry": { "type": "LineString", "coordinates": [ [ -75.615479, 6.149903 ], [ -75.633673, 6.091077 ] ] } },
{ "type": "Feature", "properties": { "source": "SABANETA", "target": "COCORNÁ", "distance": 0.5, "betweenness": 0.00021333786039668391, "weight": 0.10021333786039668 }, "geometry": { "type": "LineString", "coordinates": [ [ -75.615479, 6.149903 ], [ -75.185483, 6.058295 ] ] } },
{ "type": "Feature", "properties": { "source": "SABANETA", "target": "HISPANIA", "distance": 0.5, "betweenness": 0.00066703765741010497, "weight": 0.10066703765741011 }, "geometry": { "type": "LineString", "coordinates": [ [ -75.615479, 6.149903 ], [ -75.906587, 5.799461 ] ] } },
{ "type": "Feature", "properties": { "source": "SABANETA", "target": "VENECIA", "distance": 0.5, "betweenness": 0.00021008403361344536, "weight": 0.10021008403361345 }, "geometry": { "type": "LineString", "coordinates": [ [ -75.615479, 6.149903 ], [ -75.735544, 5.964693 ] ] } },
{ "type": "Feature", "properties": { "source": "SABANETA", "target": "LA PINTADA", "distance": 1.0, "betweenness": 0.0, "weight": 0.1 }, "geometry": { "type": "LineString", "coordinates": [ [ -75.615479, 6.149903 ], [ -75.60781, 5.743808 ] ] } },
{ "type": "Feature", "properties": { "source": "SABANETA", "target": "JERICÓ", "distance": 0.5, "betweenness": 0.00028011204481792715, "weight": 0.10028011204481793 }, "geometry": { "type": "LineString", "coordinates": [ [ -75.615479, 6.149903 ], [ -75.785499, 5.789748 ] ] } },
{ "type": "Feature", "properties": { "source": "SABANETA", "target": "VALPARAÍSO", "distance": 1.0, "betweenness": 0.0, "weight": 0.1 }, "geometry": { "type": "LineString", "coordinates": [ [ -75.615479, 6.149903 ], [ -75.624452, 5.614555 ] ] } },
{ "type": "Feature", "properties": { "source": "SAN CARLOS", "target": "ABEJORRAL", "distance": 0.5, "betweenness": 0.00011204481792717087, "weight": 0.10011204481792718 }, "geometry": { "type": "LineString", "coordinates": [ [ -74.988097, 6.187746 ], [ -75.428739, 5.789315 ] ] } },
{ "type": "Feature", "properties": { "source": "SAN CARLOS", "target": "SAN LUIS", "distance": 0.5, "betweenness": 0.00015101857207120364, "weight": 0.1001510185720712 }, "geometry": { "type": "LineString", "coordinates": [ [ -74.988097, 6.187746 ], [ -74.993619, 6.043017 ] ] } },
{ "type": "Feature", "properties": { "source": "SAN CARLOS", "target": "SAN FRANCISCO", "distance": 0.5, "betweenness": 0.00022281639928698748, "weight": 0.100222816399287 }, "geometry": { "type": "LineString", "coordinates": [ [ -74.988097, 6.187746 ], [ -75.101562, 5.963476 ] ] } },
{ "type": "Feature", "properties": { "source": "SAN CARLOS", "target": "MACEO", "distance": 0.5, "betweenness": 0.00040252211995909473, "weight": 0.10040252211995911 }, "geometry": { "type": "LineString", "coordinates": [ [ -74.988097, 6.187746 ], [ -74.78716, 6.552116 ] ] } },
{ "type": "Feature", "properties": { "source": "SAN CARLOS", "target": "COCORNÁ", "distance": 0.5, "betweenness": 0.00017106842737094839, "weight": 0.10017106842737096 }, "geometry": { "type": "LineString", "coordinates": [ [ -74.988097, 6.187746 ], [ -75.185483, 6.058295 ] ] } },
{ "type": "Feature", "properties": { "source": "SAN CARLOS", "target": "ARGELIA", "distance": 0.5, "betweenness": 0.00027447036320534565, "weight": 0.10027447036320535 }, "geometry": { "type": "LineString", "coordinates": [ [ -74.988097, 6.187746 ], [ -75.14107, 5.731474 ] ] } },
{ "type": "Feature", "properties": { "source": "SAN CARLOS", "target": "SONSÓN", "distance": 0.5, "betweenness": 0.00022844775584106609, "weight": 0.10022844775584107 }, "geometry": { "type": "LineString", "coordinates": [ [ -74.988097, 6.187746 ], [ -75.309596, 5.714851 ] ] } },
{ "type": "Feature", "properties": { "source": "SAN CARLOS", "target": "EL SANTUARIO", "distance": 0.5, "betweenness": 0.00015706282513005201, "weight": 0.10015706282513005 }, "geometry": { "type": "LineString", "coordinates": [ [ -74.988097, 6.187746 ], [ -75.265465, 6.136871 ] ] } },
{ "type": "Feature", "properties": { "source": "SAN CARLOS", "target": "NARIÑO", "distance": 0.5, "betweenness": 0.0001610644257703081, "weight": 0.10016106442577032 }, "geometry": { "type": "LineString", "coordinates": [ [ -74.988097, 6.187746 ], [ -75.176262, 5.610777 ] ] } },
{ "type": "Feature", "properties": { "source": "SAN CARLOS", "target": "PUERTO NARE", "distance": 0.5, "betweenness": 0.00029180366835806587, "weight": 0.10029180366835808 }, "geometry": { "type": "LineString", "coordinates": [ [ -74.988097, 6.187746 ], [ -74.583012, 6.186025 ] ] } },
{ "type": "Feature", "properties": { "source": "SAN CARLOS", "target": "CALDAS", "distance": 0.5, "betweenness": 0.00021708683473389351, "weight": 0.1002170868347339 }, "geometry": { "type": "LineString", "coordinates": [ [ -74.988097, 6.187746 ], [ -75.633673, 6.091077 ] ] } },
{ "type": "Feature", "properties": { "source": "SAN CARLOS", "target": "LA UNIÓN", "distance": 0.5, "betweenness": 0.00017273576097105508, "weight": 0.10017273576097106 }, "geometry": { "type": "LineString", "coordinates": [ [ -74.988097, 6.187746 ], [ -75.360874, 5.973845 ] ] } },
{ "type": "Feature", "properties": { "source": "SAN CARLOS", "target": "LA ESTRELLA", "distance": 0.5, "betweenness": 0.00023114236782056848, "weight": 0.10023114236782057 }, "geometry": { "type": "LineString", "coordinates": [ [ -74.988097, 6.187746 ], [ -75.637708, 6.145238 ] ] } },
{ "type": "Feature", "properties": { "source": "SAN CARLOS", "target": "MONTEBELLO", "distance": 0.5, "betweenness": 0.00019204382455661228, "weight": 0.10019204382455661 }, "geometry": { "type": "LineString", "coordinates": [ [ -74.988097, 6.187746 ], [ -75.523455, 5.946313 ] ] } },
{ "type": "Feature", "properties": { "source": "SAN CARLOS", "target": "SANTA BÁRBARA", "distance": 0.5, "betweenness": 0.00014705882352941172, "weight": 0.10014705882352942 }, "geometry": { "type": "LineString", "coordinates": [ [ -74.988097, 6.187746 ], [ -75.567351, 5.875527 ] ] } },
{ "type": "Feature", "properties": { "source": "SAN CARLOS", "target": "PUERTO BERRÍO", "distance": 0.5, "betweenness": 0.00099735748771833787, "weight": 0.10099735748771835 }, "geometry": { "type": "LineString", "coordinates": [ [ -74.988097, 6.187746 ], [ -74.410016, 6.487028 ] ] } },
{ "type": "Feature", "properties": { "source": "SAN CARLOS", "target": "FREDONIA", "distance": 0.5, "betweenness": 0.00014705882352941172, "weight": 0.10014705882352942 }, "geometry": { "type": "LineString", "coordinates": [ [ -74.988097, 6.187746 ], [ -75.675072, 5.928039 ] ] } },
{ "type": "Feature", "properties": { "source": "SAN CARLOS", "target": "AMAGÁ", "distance": 0.5, "betweenness": 0.00015756302521008402, "weight": 0.10015756302521009 }, "geometry": { "type": "LineString", "coordinates": [ [ -74.988097, 6.187746 ], [ -75.702188, 6.038708 ] ] } },
{ "type": "Feature", "properties": { "source": "SAN CARLOS", "target": "CARACOLÍ", "distance": 0.5, "betweenness": 0.00038764962469335851, "weight": 0.10038764962469336 }, "geometry": { "type": "LineString", "coordinates": [ [ -74.988097, 6.187746 ], [ -74.757421, 6.409829 ] ] } },
{ "type": "Feature", "properties": { "source": "SAN CARLOS", "target": "PUERTO TRIUNFO", "distance": 1.0, "betweenness": 1.4005602240896359e-05, "weight": 0.1000140056022409 }, "geometry": { "type": "LineString", "coordinates": [ [ -74.988097, 6.187746 ], [ -74.64119, 5.871318 ] ] } },
{ "type": "Feature", "properties": { "source": "CALDAS", "target": "JARDÍN", "distance": 0.33333333333333331, "betweenness": 0.0029925303454715218, "weight": 0.10299253034547153 }, "geometry": { "type": "LineString", "coordinates": [ [ -75.633673, 6.091077 ], [ -75.818982, 5.597542 ] ] } },
{ "type": "Feature", "properties": { "source": "CALDAS", "target": "ABEJORRAL", "distance": 0.5, "betweenness": 0.00014005602240896358, "weight": 0.10014005602240897 }, "geometry": { "type": "LineString", "coordinates": [ [ -75.633673, 6.091077 ], [ -75.428739, 5.789315 ] ] } },
{ "type": "Feature", "properties": { "source": "CALDAS", "target": "SONSÓN", "distance": 0.5, "betweenness": 0.0005748352981039159, "weight": 0.10057483529810392 }, "geometry": { "type": "LineString", "coordinates": [ [ -75.633673, 6.091077 ], [ -75.309596, 5.714851 ] ] } },
{ "type": "Feature", "properties": { "source": "CALDAS", "target": "EL SANTUARIO", "distance": 0.5, "betweenness": 0.00032679738562091496, "weight": 0.10032679738562092 }, "geometry": { "type": "LineString", "coordinates": [ [ -75.633673, 6.091077 ], [ -75.265465, 6.136871 ] ] } },
{ "type": "Feature", "properties": { "source": "CALDAS", "target": "CIUDAD BOLÍVAR", "distance": 0.5, "betweenness": 0.00017507002801120446, "weight": 0.10017507002801121 }, "geometry": { "type": "LineString", "coordinates": [ [ -75.633673, 6.091077 ], [ -76.021509, 5.850273 ] ] } },
{ "type": "Feature", "properties": { "source": "CALDAS", "target": "COCORNÁ", "distance": 0.5, "betweenness": 0.00039618877854171971, "weight": 0.10039618877854173 }, "geometry": { "type": "LineString", "coordinates": [ [ -75.633673, 6.091077 ], [ -75.185483, 6.058295 ] ] } },
{ "type": "Feature", "properties": { "source": "CALDAS", "target": "TARSO", "distance": 0.5, "betweenness": 0.00061375897160210883, "weight": 0.10061375897160212 }, "geometry": { "type": "LineString", "coordinates": [ [ -75.633673, 6.091077 ], [ -75.822956, 5.864542 ] ] } },
{ "type": "Feature", "properties": { "source": "CALDAS", "target": "SANTA BÁRBARA", "distance": 0.5, "betweenness": 0.00016806722689075628, "weight": 0.10016806722689076 }, "geometry": { "type": "LineString", "coordinates": [ [ -75.633673, 6.091077 ], [ -75.567351, 5.875527 ] ] } },
{ "type": "Feature", "properties": { "source": "CALDAS", "target": "TÁMESIS", "distance": 0.5, "betweenness": 0.00064775910364145656, "weight": 0.10064775910364146 }, "geometry": { "type": "LineString", "coordinates": [ [ -75.633673, 6.091077 ], [ -75.714429, 5.664645 ] ] } },
{ "type": "Feature", "properties": { "source": "CALDAS", "target": "SAN FRANCISCO", "distance": 0.5, "betweenness": 0.00039682539682539677, "weight": 0.1003968253968254 }, "geometry": { "type": "LineString", "coordinates": [ [ -75.633673, 6.091077 ], [ -75.101562, 5.963476 ] ] } },
{ "type": "Feature", "properties": { "source": "CALDAS", "target": "VALPARAÍSO", "distance": 0.5, "betweenness": 0.00080689129991215122, "weight": 0.10080689129991216 }, "geometry": { "type": "LineString", "coordinates": [ [ -75.633673, 6.091077 ], [ -75.624452, 5.614555 ] ] } },
{ "type": "Feature", "properties": { "source": "CALDAS", "target": "ANDES", "distance": 0.5, "betweenness": 0.00078896697397764137, "weight": 0.10078896697397764 }, "geometry": { "type": "LineString", "coordinates": [ [ -75.633673, 6.091077 ], [ -75.878828, 5.657194 ] ] } },
{ "type": "Feature", "properties": { "source": "CALDAS", "target": "FREDONIA", "distance": 0.5, "betweenness": 0.00014005602240896358, "weight": 0.10014005602240897 }, "geometry": { "type": "LineString", "coordinates": [ [ -75.633673, 6.091077 ], [ -75.675072, 5.928039 ] ] } },
{ "type": "Feature", "properties": { "source": "CALDAS", "target": "MONTEBELLO", "distance": 0.5, "betweenness": 0.00021832262316691378, "weight": 0.10021832262316692 }, "geometry": { "type": "LineString", "coordinates": [ [ -75.633673, 6.091077 ], [ -75.523455, 5.946313 ] ] } },
{ "type": "Feature", "properties": { "source": "CALDAS", "target": "PUEBLORRICO", "distance": 0.5, "betweenness": 0.00022175536881419231, "weight": 0.1002217553688142 }, "geometry": { "type": "LineString", "coordinates": [ [ -75.633673, 6.091077 ], [ -75.839903, 5.79158 ] ] } },
{ "type": "Feature", "properties": { "source": "CALDAS", "target": "SALGAR", "distance": 0.33333333333333331, "betweenness": 0.0010309679427326485, "weight": 0.10103096794273266 }, "geometry": { "type": "LineString", "coordinates": [ [ -75.633673, 6.091077 ], [ -75.976807, 5.964198 ] ] } },
{ "type": "Feature", "properties": { "source": "CALDAS", "target": "SAN LUIS", "distance": 0.5, "betweenness": 0.00080462163383567215, "weight": 0.10080462163383568 }, "geometry": { "type": "LineString", "coordinates": [ [ -75.633673, 6.091077 ], [ -74.993619, 6.043017 ] ] } },
{ "type": "Feature", "properties": { "source": "CALDAS", "target": "BETANIA", "distance": 0.5, "betweenness": 0.00057364612511671324, "weight": 0.10057364612511673 }, "geometry": { "type": "LineString", "coordinates": [ [ -75.633673, 6.091077 ], [ -75.97679, 5.74615 ] ] } },
{ "type": "Feature", "properties": { "source": "CALDAS", "target": "LA UNIÓN", "distance": 0.33333333333333331, "betweenness": 0.00068335667600373485, "weight": 0.10068335667600374 }, "geometry": { "type": "LineString", "coordinates": [ [ -75.633673, 6.091077 ], [ -75.360874, 5.973845 ] ] } },
{ "type": "Feature", "properties": { "source": "CALDAS", "target": "CONCORDIA", "distance": 0.5, "betweenness": 0.00014005602240896358, "weight": 0.10014005602240897 }, "geometry": { "type": "LineString", "coordinates": [ [ -75.633673, 6.091077 ], [ -75.908448, 6.045738 ] ] } },
{ "type": "Feature", "properties": { "source": "CALDAS", "target": "JERICÓ", "distance": 0.5, "betweenness": 0.00017507002801120446, "weight": 0.10017507002801121 }, "geometry": { "type": "LineString", "coordinates": [ [ -75.633673, 6.091077 ], [ -75.785499, 5.789748 ] ] } },
{ "type": "Feature", "properties": { "source": "CALDAS", "target": "NARIÑO", "distance": 0.5, "betweenness": 0.00055428231898820132, "weight": 0.10055428231898821 }, "geometry": { "type": "LineString", "coordinates": [ [ -75.633673, 6.091077 ], [ -75.176262, 5.610777 ] ] } },
{ "type": "Feature", "properties": { "source": "CALDAS", "target": "LA ESTRELLA", "distance": 0.5, "betweenness": 0.00016806722689075628, "weight": 0.10016806722689076 }, "geometry": { "type": "LineString", "coordinates": [ [ -75.633673, 6.091077 ], [ -75.637708, 6.145238 ] ] } },
{ "type": "Feature", "properties": { "source": "CALDAS", "target": "BETULIA", "distance": 0.5, "betweenness": 0.00014005602240896358, "weight": 0.10014005602240897 }, "geometry": { "type": "LineString", "coordinates": [ [ -75.633673, 6.091077 ], [ -75.984452, 6.115208 ] ] } },
{ "type": "Feature", "properties": { "source": "CALDAS", "target": "ARGELIA", "distance": 0.5, "betweenness": 0.00079237793892076647, "weight": 0.10079237793892078 }, "geometry": { "type": "LineString", "coordinates": [ [ -75.633673, 6.091077 ], [ -75.14107, 5.731474 ] ] } },
{ "type": "Feature", "properties": { "source": "CALDAS", "target": "AMAGÁ", "distance": 0.5, "betweenness": 0.00015756302521008402, "weight": 0.10015756302521009 }, "geometry": { "type": "LineString", "coordinates": [ [ -75.633673, 6.091077 ], [ -75.702188, 6.038708 ] ] } },
{ "type": "Feature", "properties": { "source": "CALDAS", "target": "CARAMANTA", "distance": 0.5, "betweenness": 0.00062377236290279763, "weight": 0.10062377236290281 }, "geometry": { "type": "LineString", "coordinates": [ [ -75.633673, 6.091077 ], [ -75.643868, 5.54853 ] ] } },
{ "type": "Feature", "properties": { "source": "CALDAS", "target": "VENECIA", "distance": 0.5, "betweenness": 0.00014005602240896358, "weight": 0.10014005602240897 }, "geometry": { "type": "LineString", "coordinates": [ [ -75.633673, 6.091077 ], [ -75.735544, 5.964693 ] ] } },
{ "type": "Feature", "properties": { "source": "CALDAS", "target": "TITIRIBÍ", "distance": 0.5, "betweenness": 0.00016339869281045751, "weight": 0.10016339869281046 }, "geometry": { "type": "LineString", "coordinates": [ [ -75.633673, 6.091077 ], [ -75.791887, 6.062391 ] ] } },
{ "type": "Feature", "properties": { "source": "CALDAS", "target": "HISPANIA", "distance": 0.5, "betweenness": 0.00088598312483427412, "weight": 0.10088598312483428 }, "geometry": { "type": "LineString", "coordinates": [ [ -75.633673, 6.091077 ], [ -75.906587, 5.799461 ] ] } },
{ "type": "Feature", "properties": { "source": "CALDAS", "target": "LA PINTADA", "distance": 0.5, "betweenness": 0.00018674136321195143, "weight": 0.10018674136321196 }, "geometry": { "type": "LineString", "coordinates": [ [ -75.633673, 6.091077 ], [ -75.60781, 5.743808 ] ] } },
{ "type": "Feature", "properties": { "source": "COCORNÁ", "target": "EL SANTUARIO", "distance": 0.5, "betweenness": 0.00015406162464985996, "weight": 0.10015406162464986 }, "geometry": { "type": "LineString", "coordinates": [ [ -75.185483, 6.058295 ], [ -75.265465, 6.136871 ] ] } },
{ "type": "Feature", "properties": { "source": "COCORNÁ", "target": "SONSÓN", "distance": 0.5, "betweenness": 0.00016717124560261816, "weight": 0.10016717124560262 }, "geometry": { "type": "LineString", "coordinates": [ [ -75.185483, 6.058295 ], [ -75.309596, 5.714851 ] ] } },
{ "type": "Feature", "properties": { "source": "COCORNÁ", "target": "LA UNIÓN", "distance": 0.5, "betweenness": 0.00015109073932603344, "weight": 0.10015109073932604 }, "geometry": { "type": "LineString", "coordinates": [ [ -75.185483, 6.058295 ], [ -75.360874, 5.973845 ] ] } },
{ "type": "Feature", "properties": { "source": "COCORNÁ", "target": "ABEJORRAL", "distance": 0.5, "betweenness": 0.00021178168236991765, "weight": 0.10021178168236992 }, "geometry": { "type": "LineString", "coordinates": [ [ -75.185483, 6.058295 ], [ -75.428739, 5.789315 ] ] } },
{ "type": "Feature", "properties": { "source": "COCORNÁ", "target": "FREDONIA", "distance": 0.5, "betweenness": 0.00015109073932603344, "weight": 0.10015109073932604 }, "geometry": { "type": "LineString", "coordinates": [ [ -75.185483, 6.058295 ], [ -75.675072, 5.928039 ] ] } },
{ "type": "Feature", "properties": { "source": "COCORNÁ", "target": "NARIÑO", "distance": 0.5, "betweenness": 0.0002380952380952381, "weight": 0.10023809523809524 }, "geometry": { "type": "LineString", "coordinates": [ [ -75.185483, 6.058295 ], [ -75.176262, 5.610777 ] ] } },
{ "type": "Feature", "properties": { "source": "COCORNÁ", "target": "TÁMESIS", "distance": 0.5, "betweenness": 0.00029903628117913832, "weight": 0.10029903628117914 }, "geometry": { "type": "LineString", "coordinates": [ [ -75.185483, 6.058295 ], [ -75.714429, 5.664645 ] ] } },
{ "type": "Feature", "properties": { "source": "COCORNÁ", "target": "ARGELIA", "distance": 0.5, "betweenness": 0.00031879023018957248, "weight": 0.10031879023018958 }, "geometry": { "type": "LineString", "coordinates": [ [ -75.185483, 6.058295 ], [ -75.14107, 5.731474 ] ] } },
{ "type": "Feature", "properties": { "source": "COCORNÁ", "target": "JERICÓ", "distance": 0.5, "betweenness": 0.00034250063661828367, "weight": 0.10034250063661829 }, "geometry": { "type": "LineString", "coordinates": [ [ -75.185483, 6.058295 ], [ -75.785499, 5.789748 ] ] } },
{ "type": "Feature", "properties": { "source": "COCORNÁ", "target": "MACEO", "distance": 0.5, "betweenness": 0.00046435973532978655, "weight": 0.10046435973532979 }, "geometry": { "type": "LineString", "coordinates": [ [ -75.185483, 6.058295 ], [ -74.78716, 6.552116 ] ] } },
{ "type": "Feature", "properties": { "source": "COCORNÁ", "target": "SAN FRANCISCO", "distance": 0.5, "betweenness": 0.00015406162464985996, "weight": 0.10015406162464986 }, "geometry": { "type": "LineString", "coordinates": [ [ -75.185483, 6.058295 ], [ -75.101562, 5.963476 ] ] } },
{ "type": "Feature", "properties": { "source": "COCORNÁ", "target": "LA ESTRELLA", "distance": 0.5, "betweenness": 0.00027874726836664551, "weight": 0.10027874726836665 }, "geometry": { "type": "LineString", "coordinates": [ [ -75.185483, 6.058295 ], [ -75.637708, 6.145238 ] ] } },
{ "type": "Feature", "properties": { "source": "COCORNÁ", "target": "TITIRIBÍ", "distance": 0.5, "betweenness": 0.00017443340972752734, "weight": 0.10017443340972754 }, "geometry": { "type": "LineString", "coordinates": [ [ -75.185483, 6.058295 ], [ -75.791887, 6.062391 ] ] } },
{ "type": "Feature", "properties": { "source": "COCORNÁ", "target": "SANTA BÁRBARA", "distance": 0.5, "betweenness": 0.00016665251959369607, "weight": 0.1001666525195937 }, "geometry": { "type": "LineString", "coordinates": [ [ -75.185483, 6.058295 ], [ -75.567351, 5.875527 ] ] } },
{ "type": "Feature", "properties": { "source": "COCORNÁ", "target": "PUERTO NARE", "distance": 0.5, "betweenness": 0.00039673132965827615, "weight": 0.10039673132965828 }, "geometry": { "type": "LineString", "coordinates": [ [ -75.185483, 6.058295 ], [ -74.583012, 6.186025 ] ] } },
{ "type": "Feature", "properties": { "source": "COCORNÁ", "target": "SAN LUIS", "distance": 0.5, "betweenness": 0.00018527496468672937, "weight": 0.10018527496468674 }, "geometry": { "type": "LineString", "coordinates": [ [ -75.185483, 6.058295 ], [ -74.993619, 6.043017 ] ] } },
{ "type": "Feature", "properties": { "source": "COCORNÁ", "target": "MONTEBELLO", "distance": 0.5, "betweenness": 0.00017853336986968702, "weight": 0.10017853336986969 }, "geometry": { "type": "LineString", "coordinates": [ [ -75.185483, 6.058295 ], [ -75.523455, 5.946313 ] ] } },
{ "type": "Feature", "properties": { "source": "COCORNÁ", "target": "CARACOLÍ", "distance": 0.5, "betweenness": 0.00054237818278326112, "weight": 0.10054237818278326 }, "geometry": { "type": "LineString", "coordinates": [ [ -75.185483, 6.058295 ], [ -74.757421, 6.409829 ] ] } },
{ "type": "Feature", "properties": { "source": "COCORNÁ", "target": "VALPARAÍSO", "distance": 0.5, "betweenness": 0.00043887663543116883, "weight": 0.10043887663543118 }, "geometry": { "type": "LineString", "coordinates": [ [ -75.185483, 6.058295 ], [ -75.624452, 5.614555 ] ] } },
{ "type": "Feature", "properties": { "source": "COCORNÁ", "target": "VENECIA", "distance": 0.5, "betweenness": 0.00035422502334267041, "weight": 0.10035422502334268 }, "geometry": { "type": "LineString", "coordinates": [ [ -75.185483, 6.058295 ], [ -75.735544, 5.964693 ] ] } },
{ "type": "Feature", "properties": { "source": "COCORNÁ", "target": "AMAGÁ", "distance": 0.5, "betweenness": 0.00016859774212715388, "weight": 0.10016859774212716 }, "geometry": { "type": "LineString", "coordinates": [ [ -75.185483, 6.058295 ], [ -75.702188, 6.038708 ] ] } },
{ "type": "Feature", "properties": { "source": "COCORNÁ", "target": "PUERTO TRIUNFO", "distance": 0.5, "betweenness": 0.0011372604597394509, "weight": 0.10113726045973946 }, "geometry": { "type": "LineString", "coordinates": [ [ -75.185483, 6.058295 ], [ -74.64119, 5.871318 ] ] } },
{ "type": "Feature", "properties": { "source": "COCORNÁ", "target": "CARAMANTA", "distance": 0.5, "betweenness": 0.00055050412786985679, "weight": 0.10055050412786987 }, "geometry": { "type": "LineString", "coordinates": [ [ -75.185483, 6.058295 ], [ -75.643868, 5.54853 ] ] } },
{ "type": "Feature", "properties": { "source": "COCORNÁ", "target": "CONCORDIA", "distance": 1.0, "betweenness": 0.0, "weight": 0.1 }, "geometry": { "type": "LineString", "coordinates": [ [ -75.185483, 6.058295 ], [ -75.908448, 6.045738 ] ] } },
{ "type": "Feature", "properties": { "source": "COCORNÁ", "target": "TARSO", "distance": 1.0, "betweenness": 0.0, "weight": 0.1 }, "geometry": { "type": "LineString", "coordinates": [ [ -75.185483, 6.058295 ], [ -75.822956, 5.864542 ] ] } },
{ "type": "Feature", "properties": { "source": "COCORNÁ", "target": "LA PINTADA", "distance": 0.5, "betweenness": 0.0002661064425770308, "weight": 0.10026610644257704 }, "geometry": { "type": "LineString", "coordinates": [ [ -75.185483, 6.058295 ], [ -75.60781, 5.743808 ] ] } },
{ "type": "Feature", "properties": { "source": "COCORNÁ", "target": "PUERTO BERRÍO", "distance": 1.0, "betweenness": 1.0004001600640255e-05, "weight": 0.10001000400160065 }, "geometry": { "type": "LineString", "coordinates": [ [ -75.185483, 6.058295 ], [ -74.410016, 6.487028 ] ] } },
{ "type": "Feature", "properties": { "source": "EL SANTUARIO", "target": "SONSÓN", "distance": 0.5, "betweenness": 0.00017014213092644468, "weight": 0.10017014213092645 }, "geometry": { "type": "LineString", "coordinates": [ [ -75.265465, 6.136871 ], [ -75.309596, 5.714851 ] ] } },
{ "type": "Feature", "properties": { "source": "EL SANTUARIO", "target": "SAN FRANCISCO", "distance": 0.5, "betweenness": 0.00014005602240896358, "weight": 0.10014005602240897 }, "geometry": { "type": "LineString", "coordinates": [ [ -75.265465, 6.136871 ], [ -75.101562, 5.963476 ] ] } },
{ "type": "Feature", "properties": { "source": "EL SANTUARIO", "target": "SANTA BÁRBARA", "distance": 0.5, "betweenness": 0.00014005602240896358, "weight": 0.10014005602240897 }, "geometry": { "type": "LineString", "coordinates": [ [ -75.265465, 6.136871 ], [ -75.567351, 5.875527 ] ] } },
{ "type": "Feature", "properties": { "source": "EL SANTUARIO", "target": "SAN LUIS", "distance": 0.5, "betweenness": 0.00017763554528260408, "weight": 0.10017763554528261 }, "geometry": { "type": "LineString", "coordinates": [ [ -75.265465, 6.136871 ], [ -74.993619, 6.043017 ] ] } },
{ "type": "Feature", "properties": { "source": "EL SANTUARIO", "target": "FREDONIA", "distance": 0.5, "betweenness": 0.00014005602240896358, "weight": 0.10014005602240897 }, "geometry": { "type": "LineString", "coordinates": [ [ -75.265465, 6.136871 ], [ -75.675072, 5.928039 ] ] } },
{ "type": "Feature", "properties": { "source": "EL SANTUARIO", "target": "NARIÑO", "distance": 0.5, "betweenness": 0.00018907563025210084, "weight": 0.1001890756302521 }, "geometry": { "type": "LineString", "coordinates": [ [ -75.265465, 6.136871 ], [ -75.176262, 5.610777 ] ] } },
{ "type": "Feature", "properties": { "source": "EL SANTUARIO", "target": "ABEJORRAL", "distance": 0.5, "betweenness": 0.00020308123249299719, "weight": 0.100203081232493 }, "geometry": { "type": "LineString", "coordinates": [ [ -75.265465, 6.136871 ], [ -75.428739, 5.789315 ] ] } },
{ "type": "Feature", "properties": { "source": "EL SANTUARIO", "target": "LA UNIÓN", "distance": 0.5, "betweenness": 0.00015406162464985996, "weight": 0.10015406162464986 }, "geometry": { "type": "LineString", "coordinates": [ [ -75.265465, 6.136871 ], [ -75.360874, 5.973845 ] ] } },
{ "type": "Feature", "properties": { "source": "EL SANTUARIO", "target": "MACEO", "distance": 0.5, "betweenness": 0.00017507002801120446, "weight": 0.10017507002801121 }, "geometry": { "type": "LineString", "coordinates": [ [ -75.265465, 6.136871 ], [ -74.78716, 6.552116 ] ] } },
{ "type": "Feature", "properties": { "source": "EL SANTUARIO", "target": "VENECIA", "distance": 0.5, "betweenness": 0.00033088235294117651, "weight": 0.10033088235294119 }, "geometry": { "type": "LineString", "coordinates": [ [ -75.265465, 6.136871 ], [ -75.735544, 5.964693 ] ] } },
{ "type": "Feature", "properties": { "source": "EL SANTUARIO", "target": "JERICÓ", "distance": 0.5, "betweenness": 0.00016806722689075628, "weight": 0.10016806722689076 }, "geometry": { "type": "LineString", "coordinates": [ [ -75.265465, 6.136871 ], [ -75.785499, 5.789748 ] ] } },
{ "type": "Feature", "properties": { "source": "EL SANTUARIO", "target": "ARGELIA", "distance": 0.5, "betweenness": 0.00019792707011072615, "weight": 0.10019792707011073 }, "geometry": { "type": "LineString", "coordinates": [ [ -75.265465, 6.136871 ], [ -75.14107, 5.731474 ] ] } },
{ "type": "Feature", "properties": { "source": "EL SANTUARIO", "target": "TÁMESIS", "distance": 0.5, "betweenness": 0.00029770241429905291, "weight": 0.10029770241429906 }, "geometry": { "type": "LineString", "coordinates": [ [ -75.265465, 6.136871 ], [ -75.714429, 5.664645 ] ] } },
{ "type": "Feature", "properties": { "source": "EL SANTUARIO", "target": "VALPARAÍSO", "distance": 0.5, "betweenness": 0.00027080940854041255, "weight": 0.10027080940854041 }, "geometry": { "type": "LineString", "coordinates": [ [ -75.265465, 6.136871 ], [ -75.624452, 5.614555 ] ] } },
{ "type": "Feature", "properties": { "source": "EL SANTUARIO", "target": "CARACOLÍ", "distance": 0.5, "betweenness": 0.00037264362229239814, "weight": 0.10037264362229241 }, "geometry": { "type": "LineString", "coordinates": [ [ -75.265465, 6.136871 ], [ -74.757421, 6.409829 ] ] } },
{ "type": "Feature", "properties": { "source": "EL SANTUARIO", "target": "LA ESTRELLA", "distance": 0.5, "betweenness": 0.00024047943598116606, "weight": 0.10024047943598118 }, "geometry": { "type": "LineString", "coordinates": [ [ -75.265465, 6.136871 ], [ -75.637708, 6.145238 ] ] } },
{ "type": "Feature", "properties": { "source": "EL SANTUARIO", "target": "MONTEBELLO", "distance": 0.5, "betweenness": 0.00015830305552172558, "weight": 0.10015830305552173 }, "geometry": { "type": "LineString", "coordinates": [ [ -75.265465, 6.136871 ], [ -75.523455, 5.946313 ] ] } },
{ "type": "Feature", "properties": { "source": "EL SANTUARIO", "target": "CARAMANTA", "distance": 1.0, "betweenness": 0.0, "weight": 0.1 }, "geometry": { "type": "LineString", "coordinates": [ [ -75.265465, 6.136871 ], [ -75.643868, 5.54853 ] ] } },
{ "type": "Feature", "properties": { "source": "EL SANTUARIO", "target": "PUEBLORRICO", "distance": 1.0, "betweenness": 0.0, "weight": 0.1 }, "geometry": { "type": "LineString", "coordinates": [ [ -75.265465, 6.136871 ], [ -75.839903, 5.79158 ] ] } },
{ "type": "Feature", "properties": { "source": "EL SANTUARIO", "target": "TITIRIBÍ", "distance": 0.5, "betweenness": 0.00014005602240896358, "weight": 0.10014005602240897 }, "geometry": { "type": "LineString", "coordinates": [ [ -75.265465, 6.136871 ], [ -75.791887, 6.062391 ] ] } },
{ "type": "Feature", "properties": { "source": "EL SANTUARIO", "target": "TARSO", "distance": 0.5, "betweenness": 0.00024611191277857942, "weight": 0.10024611191277859 }, "geometry": { "type": "LineString", "coordinates": [ [ -75.265465, 6.136871 ], [ -75.822956, 5.864542 ] ] } },
{ "type": "Feature", "properties": { "source": "EL SANTUARIO", "target": "CONCORDIA", "distance": 0.5, "betweenness": 0.00032813125250100037, "weight": 0.10032813125250101 }, "geometry": { "type": "LineString", "coordinates": [ [ -75.265465, 6.136871 ], [ -75.908448, 6.045738 ] ] } },
{ "type": "Feature", "properties": { "source": "EL SANTUARIO", "target": "PUERTO NARE", "distance": 0.5, "betweenness": 0.00026562333090321855, "weight": 0.10026562333090322 }, "geometry": { "type": "LineString", "coordinates": [ [ -75.265465, 6.136871 ], [ -74.583012, 6.186025 ] ] } },
{ "type": "Feature", "properties": { "source": "EL SANTUARIO", "target": "AMAGÁ", "distance": 0.5, "betweenness": 0.00014005602240896358, "weight": 0.10014005602240897 }, "geometry": { "type": "LineString", "coordinates": [ [ -75.265465, 6.136871 ], [ -75.702188, 6.038708 ] ] } },
{ "type": "Feature", "properties": { "source": "EL SANTUARIO", "target": "PUERTO BERRÍO", "distance": 1.0, "betweenness": 1.0004001600640255e-05, "weight": 0.10001000400160065 }, "geometry": { "type": "LineString", "coordinates": [ [ -75.265465, 6.136871 ], [ -74.410016, 6.487028 ] ] } },
{ "type": "Feature", "properties": { "source": "EL SANTUARIO", "target": "BETULIA", "distance": 1.0, "betweenness": 0.0, "weight": 0.1 }, "geometry": { "type": "LineString", "coordinates": [ [ -75.265465, 6.136871 ], [ -75.984452, 6.115208 ] ] } },
{ "type": "Feature", "properties": { "source": "EL SANTUARIO", "target": "PUERTO TRIUNFO", "distance": 1.0, "betweenness": 1.4005602240896359e-05, "weight": 0.1000140056022409 }, "geometry": { "type": "LineString", "coordinates": [ [ -75.265465, 6.136871 ], [ -74.64119, 5.871318 ] ] } },
{ "type": "Feature", "properties": { "source": "LA ESTRELLA", "target": "SONSÓN", "distance": 0.5, "betweenness": 0.00024662320518594063, "weight": 0.10024662320518594 }, "geometry": { "type": "LineString", "coordinates": [ [ -75.637708, 6.145238 ], [ -75.309596, 5.714851 ] ] } },
{ "type": "Feature", "properties": { "source": "LA ESTRELLA", "target": "BETANIA", "distance": 0.5, "betweenness": 0.00021883753501400558, "weight": 0.10021883753501401 }, "geometry": { "type": "LineString", "coordinates": [ [ -75.637708, 6.145238 ], [ -75.97679, 5.74615 ] ] } },
{ "type": "Feature", "properties": { "source": "LA ESTRELLA", "target": "ARGELIA", "distance": 0.5, "betweenness": 0.0003941378347983095, "weight": 0.10039413783479831 }, "geometry": { "type": "LineString", "coordinates": [ [ -75.637708, 6.145238 ], [ -75.14107, 5.731474 ] ] } },
{ "type": "Feature", "properties": { "source": "LA ESTRELLA", "target": "PUEBLORRICO", "distance": 0.33333333333333331, "betweenness": 0.0010317460317460316, "weight": 0.10103174603174604 }, "geometry": { "type": "LineString", "coordinates": [ [ -75.637708, 6.145238 ], [ -75.839903, 5.79158 ] ] } },
{ "type": "Feature", "properties": { "source": "LA ESTRELLA", "target": "ABEJORRAL", "distance": 0.5, "betweenness": 0.00017443340972752734, "weight": 0.10017443340972754 }, "geometry": { "type": "LineString", "coordinates": [ [ -75.637708, 6.145238 ], [ -75.428739, 5.789315 ] ] } },
{ "type": "Feature", "properties": { "source": "LA ESTRELLA", "target": "CARAMANTA", "distance": 0.5, "betweenness": 0.00022694696607740084, "weight": 0.10022694696607741 }, "geometry": { "type": "LineString", "coordinates": [ [ -75.637708, 6.145238 ], [ -75.643868, 5.54853 ] ] } },
{ "type": "Feature", "properties": { "source": "LA ESTRELLA", "target": "BETULIA", "distance": 0.5, "betweenness": 0.00016006402561024409, "weight": 0.10016006402561024 }, "geometry": { "type": "LineString", "coordinates": [ [ -75.637708, 6.145238 ], [ -75.984452, 6.115208 ] ] } },
{ "type": "Feature", "properties": { "source": "LA ESTRELLA", "target": "SALGAR", "distance": 0.5, "betweenness": 0.00021008403361344536, "weight": 0.10021008403361345 }, "geometry": { "type": "LineString", "coordinates": [ [ -75.637708, 6.145238 ], [ -75.976807, 5.964198 ] ] } },
{ "type": "Feature", "properties": { "source": "LA ESTRELLA", "target": "JERICÓ", "distance": 0.33333333333333331, "betweenness": 0.00049486461251167129, "weight": 0.10049486461251168 }, "geometry": { "type": "LineString", "coordinates": [ [ -75.637708, 6.145238 ], [ -75.785499, 5.789748 ] ] } },
{ "type": "Feature", "properties": { "source": "LA ESTRELLA", "target": "SANTA BÁRBARA", "distance": 0.5, "betweenness": 0.00016806722689075628, "weight": 0.10016806722689076 }, "geometry": { "type": "LineString", "coordinates": [ [ -75.637708, 6.145238 ], [ -75.567351, 5.875527 ] ] } },
{ "type": "Feature", "properties": { "source": "LA ESTRELLA", "target": "JARDÍN", "distance": 0.5, "betweenness": 0.00017507002801120446, "weight": 0.10017507002801121 }, "geometry": { "type": "LineString", "coordinates": [ [ -75.637708, 6.145238 ], [ -75.818982, 5.597542 ] ] } },
{ "type": "Feature", "properties": { "source": "LA ESTRELLA", "target": "CIUDAD BOLÍVAR", "distance": 0.5, "betweenness": 0.00014005602240896358, "weight": 0.10014005602240897 }, "geometry": { "type": "LineString", "coordinates": [ [ -75.637708, 6.145238 ], [ -76.021509, 5.850273 ] ] } },
{ "type": "Feature", "properties": { "source": "LA ESTRELLA", "target": "TÁMESIS", "distance": 0.5, "betweenness": 0.0001995798319327731, "weight": 0.10019957983193278 }, "geometry": { "type": "LineString", "coordinates": [ [ -75.637708, 6.145238 ], [ -75.714429, 5.664645 ] ] } },
{ "type": "Feature", "properties": { "source": "LA ESTRELLA", "target": "VALPARAÍSO", "distance": 1.0, "betweenness": 0.0, "weight": 0.1 }, "geometry": { "type": "LineString", "coordinates": [ [ -75.637708, 6.145238 ], [ -75.624452, 5.614555 ] ] } },
{ "type": "Feature", "properties": { "source": "LA ESTRELLA", "target": "LA UNIÓN", "distance": 0.5, "betweenness": 0.00019411448477192421, "weight": 0.10019411448477193 }, "geometry": { "type": "LineString", "coordinates": [ [ -75.637708, 6.145238 ], [ -75.360874, 5.973845 ] ] } },
{ "type": "Feature", "properties": { "source": "LA ESTRELLA", "target": "MONTEBELLO", "distance": 0.5, "betweenness": 0.00019497995276541988, "weight": 0.10019497995276543 }, "geometry": { "type": "LineString", "coordinates": [ [ -75.637708, 6.145238 ], [ -75.523455, 5.946313 ] ] } },
{ "type": "Feature", "properties": { "source": "LA ESTRELLA", "target": "CONCORDIA", "distance": 0.5, "betweenness": 0.00014005602240896358, "weight": 0.10014005602240897 }, "geometry": { "type": "LineString", "coordinates": [ [ -75.637708, 6.145238 ], [ -75.908448, 6.045738 ] ] } },
{ "type": "Feature", "properties": { "source": "LA ESTRELLA", "target": "SAN LUIS", "distance": 0.5, "betweenness": 0.00049943836028858266, "weight": 0.10049943836028859 }, "geometry": { "type": "LineString", "coordinates": [ [ -75.637708, 6.145238 ], [ -74.993619, 6.043017 ] ] } },
{ "type": "Feature", "properties": { "source": "LA ESTRELLA", "target": "HISPANIA", "distance": 0.5, "betweenness": 0.00028591551158207675, "weight": 0.10028591551158209 }, "geometry": { "type": "LineString", "coordinates": [ [ -75.637708, 6.145238 ], [ -75.906587, 5.799461 ] ] } },
{ "type": "Feature", "properties": { "source": "LA ESTRELLA", "target": "VENECIA", "distance": 0.5, "betweenness": 0.00014005602240896358, "weight": 0.10014005602240897 }, "geometry": { "type": "LineString", "coordinates": [ [ -75.637708, 6.145238 ], [ -75.735544, 5.964693 ] ] } },
{ "type": "Feature", "properties": { "source": "LA ESTRELLA", "target": "ANDES", "distance": 0.5, "betweenness": 0.00027075969106447623, "weight": 0.10027075969106448 }, "geometry": { "type": "LineString", "coordinates": [ [ -75.637708, 6.145238 ], [ -75.878828, 5.657194 ] ] } },
{ "type": "Feature", "properties": { "source": "LA ESTRELLA", "target": "SAN FRANCISCO", "distance": 1.0, "betweenness": 0.0, "weight": 0.1 }, "geometry": { "type": "LineString", "coordinates": [ [ -75.637708, 6.145238 ], [ -75.101562, 5.963476 ] ] } },
{ "type": "Feature", "properties": { "source": "LA ESTRELLA", "target": "NARIÑO", "distance": 0.5, "betweenness": 0.00030840619075913185, "weight": 0.10030840619075913 }, "geometry": { "type": "LineString", "coordinates": [ [ -75.637708, 6.145238 ], [ -75.176262, 5.610777 ] ] } },
{ "type": "Feature", "properties": { "source": "LA ESTRELLA", "target": "TARSO", "distance": 0.5, "betweenness": 0.00021226504069641323, "weight": 0.10021226504069641 }, "geometry": { "type": "LineString", "coordinates": [ [ -75.637708, 6.145238 ], [ -75.822956, 5.864542 ] ] } },
{ "type": "Feature", "properties": { "source": "LA ESTRELLA", "target": "AMAGÁ", "distance": 0.5, "betweenness": 0.00016339869281045751, "weight": 0.10016339869281046 }, "geometry": { "type": "LineString", "coordinates": [ [ -75.637708, 6.145238 ], [ -75.702188, 6.038708 ] ] } },
{ "type": "Feature", "properties": { "source": "LA ESTRELLA", "target": "FREDONIA", "distance": 0.5, "betweenness": 0.00014005602240896358, "weight": 0.10014005602240897 }, "geometry": { "type": "LineString", "coordinates": [ [ -75.637708, 6.145238 ], [ -75.675072, 5.928039 ] ] } },
{ "type": "Feature", "properties": { "source": "LA ESTRELLA", "target": "TITIRIBÍ", "distance": 0.5, "betweenness": 0.00014005602240896358, "weight": 0.10014005602240897 }, "geometry": { "type": "LineString", "coordinates": [ [ -75.637708, 6.145238 ], [ -75.791887, 6.062391 ] ] } },
{ "type": "Feature", "properties": { "source": "CARACOLÍ", "target": "SAN LUIS", "distance": 0.5, "betweenness": 0.00020827963108187891, "weight": 0.10020827963108188 }, "geometry": { "type": "LineString", "coordinates": [ [ -74.757421, 6.409829 ], [ -74.993619, 6.043017 ] ] } },
{ "type": "Feature", "properties": { "source": "CARACOLÍ", "target": "SAN FRANCISCO", "distance": 0.5, "betweenness": 0.00017882884147811171, "weight": 0.10017882884147812 }, "geometry": { "type": "LineString", "coordinates": [ [ -74.757421, 6.409829 ], [ -75.101562, 5.963476 ] ] } },
{ "type": "Feature", "properties": { "source": "CARACOLÍ", "target": "PUERTO BERRÍO", "distance": 1.0, "betweenness": 8.2385895534684455e-06, "weight": 0.10000823858955347 }, "geometry": { "type": "LineString", "coordinates": [ [ -74.757421, 6.409829 ], [ -74.410016, 6.487028 ] ] } },
{ "type": "Feature", "properties": { "source": "CARACOLÍ", "target": "SONSÓN", "distance": 1.0, "betweenness": 7.7808901338313086e-06, "weight": 0.10000778089013383 }, "geometry": { "type": "LineString", "coordinates": [ [ -74.757421, 6.409829 ], [ -75.309596, 5.714851 ] ] } },
{ "type": "Feature", "properties": { "source": "CARACOLÍ", "target": "PUERTO NARE", "distance": 1.0, "betweenness": 7.371369600471767e-06, "weight": 0.10000737136960047 }, "geometry": { "type": "LineString", "coordinates": [ [ -74.757421, 6.409829 ], [ -74.583012, 6.186025 ] ] } },
{ "type": "Feature", "properties": { "source": "MACEO", "target": "SAN LUIS", "distance": 0.5, "betweenness": 0.00033107408300906755, "weight": 0.10033107408300908 }, "geometry": { "type": "LineString", "coordinates": [ [ -74.78716, 6.552116 ], [ -74.993619, 6.043017 ] ] } },
{ "type": "Feature", "properties": { "source": "MACEO", "target": "PUERTO BERRÍO", "distance": 1.0, "betweenness": 7.7808901338313086e-06, "weight": 0.10000778089013383 }, "geometry": { "type": "LineString", "coordinates": [ [ -74.78716, 6.552116 ], [ -74.410016, 6.487028 ] ] } },
{ "type": "Feature", "properties": { "source": "MACEO", "target": "SAN FRANCISCO", "distance": 0.5, "betweenness": 0.00021008403361344536, "weight": 0.10021008403361345 }, "geometry": { "type": "LineString", "coordinates": [ [ -74.78716, 6.552116 ], [ -75.101562, 5.963476 ] ] } },
{ "type": "Feature", "properties": { "source": "MACEO", "target": "PUERTO NARE", "distance": 0.5, "betweenness": 0.00068212967371108894, "weight": 0.1006821296737111 }, "geometry": { "type": "LineString", "coordinates": [ [ -74.78716, 6.552116 ], [ -74.583012, 6.186025 ] ] } },
{ "type": "Feature", "properties": { "source": "MACEO", "target": "PUERTO TRIUNFO", "distance": 1.0, "betweenness": 2.8011204481792718e-05, "weight": 0.10002801120448179 }, "geometry": { "type": "LineString", "coordinates": [ [ -74.78716, 6.552116 ], [ -74.64119, 5.871318 ] ] } },
{ "type": "Feature", "properties": { "source": "MACEO", "target": "SEGOVIA", "distance": 1.0, "betweenness": 0.0, "weight": 0.1 }, "geometry": { "type": "LineString", "coordinates": [ [ -74.78716, 6.552116 ], [ -74.701596, 7.079648 ] ] } },
{ "type": "Feature", "properties": { "source": "SAN LUIS", "target": "SONSÓN", "distance": 0.5, "betweenness": 0.00021859377539885038, "weight": 0.10021859377539885 }, "geometry": { "type": "LineString", "coordinates": [ [ -74.993619, 6.043017 ], [ -75.309596, 5.714851 ] ] } },
{ "type": "Feature", "properties": { "source": "SAN LUIS", "target": "NARIÑO", "distance": 0.5, "betweenness": 0.00036902431798625562, "weight": 0.10036902431798626 }, "geometry": { "type": "LineString", "coordinates": [ [ -74.993619, 6.043017 ], [ -75.176262, 5.610777 ] ] } },
{ "type": "Feature", "properties": { "source": "SAN LUIS", "target": "SAN FRANCISCO", "distance": 0.5, "betweenness": 0.00015278838808250569, "weight": 0.10015278838808252 }, "geometry": { "type": "LineString", "coordinates": [ [ -74.993619, 6.043017 ], [ -75.101562, 5.963476 ] ] } },
{ "type": "Feature", "properties": { "source": "SAN LUIS", "target": "LA UNIÓN", "distance": 0.5, "betweenness": 0.00021088413883767318, "weight": 0.10021088413883768 }, "geometry": { "type": "LineString", "coordinates": [ [ -74.993619, 6.043017 ], [ -75.360874, 5.973845 ] ] } },
{ "type": "Feature", "properties": { "source": "SAN LUIS", "target": "ARGELIA", "distance": 0.5, "betweenness": 0.00021919483647653173, "weight": 0.10021919483647654 }, "geometry": { "type": "LineString", "coordinates": [ [ -74.993619, 6.043017 ], [ -75.14107, 5.731474 ] ] } },
{ "type": "Feature", "properties": { "source": "SAN LUIS", "target": "ABEJORRAL", "distance": 0.5, "betweenness": 0.0004419765758124631, "weight": 0.10044197657581247 }, "geometry": { "type": "LineString", "coordinates": [ [ -74.993619, 6.043017 ], [ -75.428739, 5.789315 ] ] } },
{ "type": "Feature", "properties": { "source": "SAN LUIS", "target": "PUERTO BERRÍO", "distance": 0.5, "betweenness": 0.00035150136585602413, "weight": 0.10035150136585604 }, "geometry": { "type": "LineString", "coordinates": [ [ -74.993619, 6.043017 ], [ -74.410016, 6.487028 ] ] } },
{ "type": "Feature", "properties": { "source": "SAN LUIS", "target": "SANTA BÁRBARA", "distance": 0.5, "betweenness": 0.00019104286899640336, "weight": 0.10019104286899641 }, "geometry": { "type": "LineString", "coordinates": [ [ -74.993619, 6.043017 ], [ -75.567351, 5.875527 ] ] } },
{ "type": "Feature", "properties": { "source": "SAN LUIS", "target": "MONTEBELLO", "distance": 0.5, "betweenness": 0.00021395843618946415, "weight": 0.10021395843618947 }, "geometry": { "type": "LineString", "coordinates": [ [ -74.993619, 6.043017 ], [ -75.523455, 5.946313 ] ] } },
{ "type": "Feature", "properties": { "source": "SAN LUIS", "target": "PUERTO NARE", "distance": 0.5, "betweenness": 0.00017764369460425452, "weight": 0.10017764369460426 }, "geometry": { "type": "LineString", "coordinates": [ [ -74.993619, 6.043017 ], [ -74.583012, 6.186025 ] ] } },
{ "type": "Feature", "properties": { "source": "SAN LUIS", "target": "FREDONIA", "distance": 0.5, "betweenness": 0.00019104286899640334, "weight": 0.10019104286899641 }, "geometry": { "type": "LineString", "coordinates": [ [ -74.993619, 6.043017 ], [ -75.675072, 5.928039 ] ] } },
{ "type": "Feature", "properties": { "source": "SAN LUIS", "target": "PUERTO TRIUNFO", "distance": 1.0, "betweenness": 1.4005602240896359e-05, "weight": 0.1000140056022409 }, "geometry": { "type": "LineString", "coordinates": [ [ -74.993619, 6.043017 ], [ -74.64119, 5.871318 ] ] } },
{ "type": "Feature", "properties": { "source": "SAN LUIS", "target": "AMAGÁ", "distance": 1.0, "betweenness": 0.0, "weight": 0.1 }, "geometry": { "type": "LineString", "coordinates": [ [ -74.993619, 6.043017 ], [ -75.702188, 6.038708 ] ] } },
{ "type": "Feature", "properties": { "source": "BETULIA", "target": "BETANIA", "distance": 0.5, "betweenness": 0.00033221621982126181, "weight": 0.10033221621982127 }, "geometry": { "type": "LineString", "coordinates": [ [ -75.984452, 6.115208 ], [ -75.97679, 5.74615 ] ] } },
{ "type": "Feature", "properties": { "source": "BETULIA", "target": "CIUDAD BOLÍVAR", "distance": 0.5, "betweenness": 0.00020424836601307187, "weight": 0.10020424836601308 }, "geometry": { "type": "LineString", "coordinates": [ [ -75.984452, 6.115208 ], [ -76.021509, 5.850273 ] ] } },
{ "type": "Feature", "properties": { "source": "BETULIA", "target": "TITIRIBÍ", "distance": 0.5, "betweenness": 0.00018090569561157792, "weight": 0.10018090569561158 }, "geometry": { "type": "LineString", "coordinates": [ [ -75.984452, 6.115208 ], [ -75.791887, 6.062391 ] ] } },
{ "type": "Feature", "properties": { "source": "BETULIA", "target": "SALGAR", "distance": 0.5, "betweenness": 0.00015561780267662621, "weight": 0.10015561780267664 }, "geometry": { "type": "LineString", "coordinates": [ [ -75.984452, 6.115208 ], [ -75.976807, 5.964198 ] ] } },
{ "type": "Feature", "properties": { "source": "BETULIA", "target": "SANTA BÁRBARA", "distance": 0.5, "betweenness": 0.00018340669601173802, "weight": 0.10018340669601174 }, "geometry": { "type": "LineString", "coordinates": [ [ -75.984452, 6.115208 ], [ -75.567351, 5.875527 ] ] } },
{ "type": "Feature", "properties": { "source": "BETULIA", "target": "ABEJORRAL", "distance": 0.5, "betweenness": 0.00014005602240896358, "weight": 0.10014005602240897 }, "geometry": { "type": "LineString", "coordinates": [ [ -75.984452, 6.115208 ], [ -75.428739, 5.789315 ] ] } },
{ "type": "Feature", "properties": { "source": "BETULIA", "target": "TÁMESIS", "distance": 0.5, "betweenness": 0.00033535636476812953, "weight": 0.10033535636476813 }, "geometry": { "type": "LineString", "coordinates": [ [ -75.984452, 6.115208 ], [ -75.714429, 5.664645 ] ] } },
{ "type": "Feature", "properties": { "source": "BETULIA", "target": "VIGÍA DEL FUERTE", "distance": 0.5, "betweenness": 0.001216019681788342, "weight": 0.10121601968178835 }, "geometry": { "type": "LineString", "coordinates": [ [ -75.984452, 6.115208 ], [ -76.896004, 6.588164 ] ] } },
{ "type": "Feature", "properties": { "source": "BETULIA", "target": "JERICÓ", "distance": 0.5, "betweenness": 0.00014005602240896358, "weight": 0.10014005602240897 }, "geometry": { "type": "LineString", "coordinates": [ [ -75.984452, 6.115208 ], [ -75.785499, 5.789748 ] ] } },
{ "type": "Feature", "properties": { "source": "BETULIA", "target": "MONTEBELLO", "distance": 0.5, "betweenness": 0.00022165729036712718, "weight": 0.10022165729036714 }, "geometry": { "type": "LineString", "coordinates": [ [ -75.984452, 6.115208 ], [ -75.523455, 5.946313 ] ] } },
{ "type": "Feature", "properties": { "source": "BETULIA", "target": "CONCORDIA", "distance": 0.5, "betweenness": 0.00016339869281045751, "weight": 0.10016339869281046 }, "geometry": { "type": "LineString", "coordinates": [ [ -75.984452, 6.115208 ], [ -75.908448, 6.045738 ] ] } },
{ "type": "Feature", "properties": { "source": "BETULIA", "target": "PUEBLORRICO", "distance": 0.5, "betweenness": 0.00030734516028633671, "weight": 0.10030734516028635 }, "geometry": { "type": "LineString", "coordinates": [ [ -75.984452, 6.115208 ], [ -75.839903, 5.79158 ] ] } },
{ "type": "Feature", "properties": { "source": "BETULIA", "target": "TARSO", "distance": 0.5, "betweenness": 0.00031242294897757076, "weight": 0.10031242294897758 }, "geometry": { "type": "LineString", "coordinates": [ [ -75.984452, 6.115208 ], [ -75.822956, 5.864542 ] ] } },
{ "type": "Feature", "properties": { "source": "BETULIA", "target": "JARDÍN", "distance": 0.33333333333333331, "betweenness": 0.0038316993464052288, "weight": 0.10383169934640524 }, "geometry": { "type": "LineString", "coordinates": [ [ -75.984452, 6.115208 ], [ -75.818982, 5.597542 ] ] } },
{ "type": "Feature", "properties": { "source": "BETULIA", "target": "VENECIA", "distance": 0.5, "betweenness": 0.00018674136321195143, "weight": 0.10018674136321196 }, "geometry": { "type": "LineString", "coordinates": [ [ -75.984452, 6.115208 ], [ -75.735544, 5.964693 ] ] } },
{ "type": "Feature", "properties": { "source": "BETULIA", "target": "FREDONIA", "distance": 0.5, "betweenness": 7.0028011204481788e-05, "weight": 0.10007002801120449 }, "geometry": { "type": "LineString", "coordinates": [ [ -75.984452, 6.115208 ], [ -75.675072, 5.928039 ] ] } },
{ "type": "Feature", "properties": { "source": "BETULIA", "target": "AMAGÁ", "distance": 0.5, "betweenness": 0.00016006402561024409, "weight": 0.10016006402561024 }, "geometry": { "type": "LineString", "coordinates": [ [ -75.984452, 6.115208 ], [ -75.702188, 6.038708 ] ] } },
{ "type": "Feature", "properties": { "source": "BETULIA", "target": "ANDES", "distance": 0.5, "betweenness": 0.00039618995366725484, "weight": 0.10039618995366727 }, "geometry": { "type": "LineString", "coordinates": [ [ -75.984452, 6.115208 ], [ -75.878828, 5.657194 ] ] } },
{ "type": "Feature", "properties": { "source": "BETULIA", "target": "HISPANIA", "distance": 0.5, "betweenness": 0.00042795674575526359, "weight": 0.10042795674575528 }, "geometry": { "type": "LineString", "coordinates": [ [ -75.984452, 6.115208 ], [ -75.906587, 5.799461 ] ] } },
{ "type": "Feature", "properties": { "source": "BETULIA", "target": "LA UNIÓN", "distance": 0.5, "betweenness": 0.00026844070961718017, "weight": 0.10026844070961718 }, "geometry": { "type": "LineString", "coordinates": [ [ -75.984452, 6.115208 ], [ -75.360874, 5.973845 ] ] } },
{ "type": "Feature", "properties": { "source": "BETULIA", "target": "VALPARAÍSO", "distance": 0.5, "betweenness": 0.00046590695295699487, "weight": 0.100465906952957 }, "geometry": { "type": "LineString", "coordinates": [ [ -75.984452, 6.115208 ], [ -75.624452, 5.614555 ] ] } },
{ "type": "Feature", "properties": { "source": "BETULIA", "target": "CARAMANTA", "distance": 0.5, "betweenness": 0.00042202499728988588, "weight": 0.10042202499728989 }, "geometry": { "type": "LineString", "coordinates": [ [ -75.984452, 6.115208 ], [ -75.643868, 5.54853 ] ] } },
{ "type": "Feature", "properties": { "source": "BETULIA", "target": "LA PINTADA", "distance": 1.0, "betweenness": 0.0, "weight": 0.1 }, "geometry": { "type": "LineString", "coordinates": [ [ -75.984452, 6.115208 ], [ -75.60781, 5.743808 ] ] } },
{ "type": "Feature", "properties": { "source": "CONCORDIA", "target": "AMAGÁ", "distance": 0.5, "betweenness": 0.00014005602240896358, "weight": 0.10014005602240897 }, "geometry": { "type": "LineString", "coordinates": [ [ -75.908448, 6.045738 ], [ -75.702188, 6.038708 ] ] } },
{ "type": "Feature", "properties": { "source": "CONCORDIA", "target": "SANTA BÁRBARA", "distance": 0.5, "betweenness": 0.00016006402561024409, "weight": 0.10016006402561024 }, "geometry": { "type": "LineString", "coordinates": [ [ -75.908448, 6.045738 ], [ -75.567351, 5.875527 ] ] } },
{ "type": "Feature", "properties": { "source": "CONCORDIA", "target": "VIGÍA DEL FUERTE", "distance": 0.5, "betweenness": 0.001274642655636229, "weight": 0.10127464265563624 }, "geometry": { "type": "LineString", "coordinates": [ [ -75.908448, 6.045738 ], [ -76.896004, 6.588164 ] ] } },
{ "type": "Feature", "properties": { "source": "CONCORDIA", "target": "BETANIA", "distance": 0.5, "betweenness": 0.00016339869281045751, "weight": 0.10016339869281046 }, "geometry": { "type": "LineString", "coordinates": [ [ -75.908448, 6.045738 ], [ -75.97679, 5.74615 ] ] } },
{ "type": "Feature", "properties": { "source": "CONCORDIA", "target": "ABEJORRAL", "distance": 0.5, "betweenness": 0.00014005602240896358, "weight": 0.10014005602240897 }, "geometry": { "type": "LineString", "coordinates": [ [ -75.908448, 6.045738 ], [ -75.428739, 5.789315 ] ] } },
{ "type": "Feature", "properties": { "source": "CONCORDIA", "target": "JARDÍN", "distance": 0.5, "betweenness": 0.00014005602240896358, "weight": 0.10014005602240897 }, "geometry": { "type": "LineString", "coordinates": [ [ -75.908448, 6.045738 ], [ -75.818982, 5.597542 ] ] } },
{ "type": "Feature", "properties": { "source": "CONCORDIA", "target": "LA UNIÓN", "distance": 0.5, "betweenness": 0.00022175536881419231, "weight": 0.1002217553688142 }, "geometry": { "type": "LineString", "coordinates": [ [ -75.908448, 6.045738 ], [ -75.360874, 5.973845 ] ] } },
{ "type": "Feature", "properties": { "source": "CONCORDIA", "target": "ANDES", "distance": 0.5, "betweenness": 0.00021031432136305121, "weight": 0.10021031432136306 }, "geometry": { "type": "LineString", "coordinates": [ [ -75.908448, 6.045738 ], [ -75.878828, 5.657194 ] ] } },
{ "type": "Feature", "properties": { "source": "CONCORDIA", "target": "CIUDAD BOLÍVAR", "distance": 0.33333333333333331, "betweenness": 0.00051626206037970739, "weight": 0.10051626206037971 }, "geometry": { "type": "LineString", "coordinates": [ [ -75.908448, 6.045738 ], [ -76.021509, 5.850273 ] ] } },
{ "type": "Feature", "properties": { "source": "CONCORDIA", "target": "HISPANIA", "distance": 0.5, "betweenness": 0.00022551213154594352, "weight": 0.10022551213154594 }, "geometry": { "type": "LineString", "coordinates": [ [ -75.908448, 6.045738 ], [ -75.906587, 5.799461 ] ] } },
{ "type": "Feature", "properties": { "source": "CONCORDIA", "target": "TÁMESIS", "distance": 0.5, "betweenness": 0.00016806722689075628, "weight": 0.10016806722689076 }, "geometry": { "type": "LineString", "coordinates": [ [ -75.908448, 6.045738 ], [ -75.714429, 5.664645 ] ] } },
{ "type": "Feature", "properties": { "source": "CONCORDIA", "target": "SALGAR", "distance": 0.5, "betweenness": 0.00014005602240896358, "weight": 0.10014005602240897 }, "geometry": { "type": "LineString", "coordinates": [ [ -75.908448, 6.045738 ], [ -75.976807, 5.964198 ] ] } },
{ "type": "Feature", "properties": { "source": "CONCORDIA", "target": "TITIRIBÍ", "distance": 0.5, "betweenness": 0.00015756302521008402, "weight": 0.10015756302521009 }, "geometry": { "type": "LineString", "coordinates": [ [ -75.908448, 6.045738 ], [ -75.791887, 6.062391 ] ] } },
{ "type": "Feature", "properties": { "source": "CONCORDIA", "target": "PUEBLORRICO", "distance": 0.5, "betweenness": 0.00014005602240896358, "weight": 0.10014005602240897 }, "geometry": { "type": "LineString", "coordinates": [ [ -75.908448, 6.045738 ], [ -75.839903, 5.79158 ] ] } },
{ "type": "Feature", "properties": { "source": "CONCORDIA", "target": "JERICÓ", "distance": 0.5, "betweenness": 0.00014005602240896358, "weight": 0.10014005602240897 }, "geometry": { "type": "LineString", "coordinates": [ [ -75.908448, 6.045738 ], [ -75.785499, 5.789748 ] ] } },
{ "type": "Feature", "properties": { "source": "CONCORDIA", "target": "FREDONIA", "distance": 0.5, "betweenness": 0.00014005602240896358, "weight": 0.10014005602240897 }, "geometry": { "type": "LineString", "coordinates": [ [ -75.908448, 6.045738 ], [ -75.675072, 5.928039 ] ] } },
{ "type": "Feature", "properties": { "source": "CONCORDIA", "target": "VALPARAÍSO", "distance": 0.5, "betweenness": 0.00022664458134168214, "weight": 0.10022664458134169 }, "geometry": { "type": "LineString", "coordinates": [ [ -75.908448, 6.045738 ], [ -75.624452, 5.614555 ] ] } },
{ "type": "Feature", "properties": { "source": "CONCORDIA", "target": "MONTEBELLO", "distance": 0.5, "betweenness": 0.0001641833203869783, "weight": 0.10016418332038698 }, "geometry": { "type": "LineString", "coordinates": [ [ -75.908448, 6.045738 ], [ -75.523455, 5.946313 ] ] } },
{ "type": "Feature", "properties": { "source": "CONCORDIA", "target": "CARAMANTA", "distance": 0.5, "betweenness": 0.00020116742349113556, "weight": 0.10020116742349114 }, "geometry": { "type": "LineString", "coordinates": [ [ -75.908448, 6.045738 ], [ -75.643868, 5.54853 ] ] } },
{ "type": "Feature", "properties": { "source": "CONCORDIA", "target": "LA PINTADA", "distance": 0.5, "betweenness": 0.00014005602240896358, "weight": 0.10014005602240897 }, "geometry": { "type": "LineString", "coordinates": [ [ -75.908448, 6.045738 ], [ -75.60781, 5.743808 ] ] } },
{ "type": "Feature", "properties": { "source": "CONCORDIA", "target": "VENECIA", "distance": 0.5, "betweenness": 0.00014005602240896358, "weight": 0.10014005602240897 }, "geometry": { "type": "LineString", "coordinates": [ [ -75.908448, 6.045738 ], [ -75.735544, 5.964693 ] ] } },
{ "type": "Feature", "properties": { "source": "CONCORDIA", "target": "SONSÓN", "distance": 0.5, "betweenness": 0.00031245761975985095, "weight": 0.10031245761975986 }, "geometry": { "type": "LineString", "coordinates": [ [ -75.908448, 6.045738 ], [ -75.309596, 5.714851 ] ] } },
{ "type": "Feature", "properties": { "source": "CONCORDIA", "target": "TARSO", "distance": 0.5, "betweenness": 0.00016819859256834047, "weight": 0.10016819859256834 }, "geometry": { "type": "LineString", "coordinates": [ [ -75.908448, 6.045738 ], [ -75.822956, 5.864542 ] ] } },
{ "type": "Feature", "properties": { "source": "TITIRIBÍ", "target": "ABEJORRAL", "distance": 0.5, "betweenness": 0.00016339869281045751, "weight": 0.10016339869281046 }, "geometry": { "type": "LineString", "coordinates": [ [ -75.791887, 6.062391 ], [ -75.428739, 5.789315 ] ] } },
{ "type": "Feature", "properties": { "source": "TITIRIBÍ", "target": "LA UNIÓN", "distance": 0.5, "betweenness": 0.00016339869281045751, "weight": 0.10016339869281046 }, "geometry": { "type": "LineString", "coordinates": [ [ -75.791887, 6.062391 ], [ -75.360874, 5.973845 ] ] } },
{ "type": "Feature", "properties": { "source": "TITIRIBÍ", "target": "JERICÓ", "distance": 0.5, "betweenness": 0.00014005602240896358, "weight": 0.10014005602240897 }, "geometry": { "type": "LineString", "coordinates": [ [ -75.791887, 6.062391 ], [ -75.785499, 5.789748 ] ] } },
{ "type": "Feature", "properties": { "source": "TITIRIBÍ", "target": "SALGAR", "distance": 0.5, "betweenness": 0.00024315281668222844, "weight": 0.10024315281668224 }, "geometry": { "type": "LineString", "coordinates": [ [ -75.791887, 6.062391 ], [ -75.976807, 5.964198 ] ] } },
{ "type": "Feature", "properties": { "source": "TITIRIBÍ", "target": "TÁMESIS", "distance": 0.5, "betweenness": 0.00017507002801120446, "weight": 0.10017507002801121 }, "geometry": { "type": "LineString", "coordinates": [ [ -75.791887, 6.062391 ], [ -75.714429, 5.664645 ] ] } },
{ "type": "Feature", "properties": { "source": "TITIRIBÍ", "target": "JARDÍN", "distance": 0.5, "betweenness": 0.00016339869281045751, "weight": 0.10016339869281046 }, "geometry": { "type": "LineString", "coordinates": [ [ -75.791887, 6.062391 ], [ -75.818982, 5.597542 ] ] } },
{ "type": "Feature", "properties": { "source": "TITIRIBÍ", "target": "SANTA BÁRBARA", "distance": 0.5, "betweenness": 0.00016806722689075628, "weight": 0.10016806722689076 }, "geometry": { "type": "LineString", "coordinates": [ [ -75.791887, 6.062391 ], [ -75.567351, 5.875527 ] ] } },
{ "type": "Feature", "properties": { "source": "TITIRIBÍ", "target": "SONSÓN", "distance": 0.5, "betweenness": 0.00017800990127851907, "weight": 0.10017800990127852 }, "geometry": { "type": "LineString", "coordinates": [ [ -75.791887, 6.062391 ], [ -75.309596, 5.714851 ] ] } },
{ "type": "Feature", "properties": { "source": "TITIRIBÍ", "target": "CARAMANTA", "distance": 0.5, "betweenness": 0.00021194096367644044, "weight": 0.10021194096367644 }, "geometry": { "type": "LineString", "coordinates": [ [ -75.791887, 6.062391 ], [ -75.643868, 5.54853 ] ] } },
{ "type": "Feature", "properties": { "source": "TITIRIBÍ", "target": "CIUDAD BOLÍVAR", "distance": 0.5, "betweenness": 0.00015756302521008402, "weight": 0.10015756302521009 }, "geometry": { "type": "LineString", "coordinates": [ [ -75.791887, 6.062391 ], [ -76.021509, 5.850273 ] ] } },
{ "type": "Feature", "properties": { "source": "TITIRIBÍ", "target": "ANDES", "distance": 0.5, "betweenness": 0.00022212032581611448, "weight": 0.10022212032581612 }, "geometry": { "type": "LineString", "coordinates": [ [ -75.791887, 6.062391 ], [ -75.878828, 5.657194 ] ] } },
{ "type": "Feature", "properties": { "source": "TITIRIBÍ", "target": "MONTEBELLO", "distance": 0.5, "betweenness": 0.000148294611962432, "weight": 0.10014829461196244 }, "geometry": { "type": "LineString", "coordinates": [ [ -75.791887, 6.062391 ], [ -75.523455, 5.946313 ] ] } },
{ "type": "Feature", "properties": { "source": "TITIRIBÍ", "target": "VALPARAÍSO", "distance": 0.5, "betweenness": 0.00032918559774824469, "weight": 0.10032918559774825 }, "geometry": { "type": "LineString", "coordinates": [ [ -75.791887, 6.062391 ], [ -75.624452, 5.614555 ] ] } },
{ "type": "Feature", "properties": { "source": "TITIRIBÍ", "target": "PUEBLORRICO", "distance": 0.5, "betweenness": 0.00021008403361344539, "weight": 0.10021008403361345 }, "geometry": { "type": "LineString", "coordinates": [ [ -75.791887, 6.062391 ], [ -75.839903, 5.79158 ] ] } },
{ "type": "Feature", "properties": { "source": "TITIRIBÍ", "target": "FREDONIA", "distance": 0.5, "betweenness": 0.00016006402561024409, "weight": 0.10016006402561024 }, "geometry": { "type": "LineString", "coordinates": [ [ -75.791887, 6.062391 ], [ -75.675072, 5.928039 ] ] } },
{ "type": "Feature", "properties": { "source": "TITIRIBÍ", "target": "AMAGÁ", "distance": 0.5, "betweenness": 0.00014005602240896358, "weight": 0.10014005602240897 }, "geometry": { "type": "LineString", "coordinates": [ [ -75.791887, 6.062391 ], [ -75.702188, 6.038708 ] ] } },
{ "type": "Feature", "properties": { "source": "TITIRIBÍ", "target": "TARSO", "distance": 0.5, "betweenness": 0.0001890402625696743, "weight": 0.10018904026256968 }, "geometry": { "type": "LineString", "coordinates": [ [ -75.791887, 6.062391 ], [ -75.822956, 5.864542 ] ] } },
{ "type": "Feature", "properties": { "source": "TITIRIBÍ", "target": "VENECIA", "distance": 0.5, "betweenness": 0.00018674136321195143, "weight": 0.10018674136321196 }, "geometry": { "type": "LineString", "coordinates": [ [ -75.791887, 6.062391 ], [ -75.735544, 5.964693 ] ] } },
{ "type": "Feature", "properties": { "source": "TITIRIBÍ", "target": "BETANIA", "distance": 0.5, "betweenness": 0.00022133853541416565, "weight": 0.10022133853541416 }, "geometry": { "type": "LineString", "coordinates": [ [ -75.791887, 6.062391 ], [ -75.97679, 5.74615 ] ] } },
{ "type": "Feature", "properties": { "source": "TITIRIBÍ", "target": "HISPANIA", "distance": 0.5, "betweenness": 0.00032072193263809755, "weight": 0.10032072193263811 }, "geometry": { "type": "LineString", "coordinates": [ [ -75.791887, 6.062391 ], [ -75.906587, 5.799461 ] ] } },
{ "type": "Feature", "properties": { "source": "TITIRIBÍ", "target": "LA PINTADA", "distance": 1.0, "betweenness": 0.0, "weight": 0.1 }, "geometry": { "type": "LineString", "coordinates": [ [ -75.791887, 6.062391 ], [ -75.60781, 5.743808 ] ] } },
{ "type": "Feature", "properties": { "source": "AMAGÁ", "target": "ABEJORRAL", "distance": 0.5, "betweenness": 0.00014005602240896358, "weight": 0.10014005602240897 }, "geometry": { "type": "LineString", "coordinates": [ [ -75.702188, 6.038708 ], [ -75.428739, 5.789315 ] ] } },
{ "type": "Feature", "properties": { "source": "AMAGÁ", "target": "LA UNIÓN", "distance": 0.5, "betweenness": 0.00015756302521008402, "weight": 0.10015756302521009 }, "geometry": { "type": "LineString", "coordinates": [ [ -75.702188, 6.038708 ], [ -75.360874, 5.973845 ] ] } },
{ "type": "Feature", "properties": { "source": "AMAGÁ", "target": "SONSÓN", "distance": 0.5, "betweenness": 0.00017217423367814558, "weight": 0.10017217423367815 }, "geometry": { "type": "LineString", "coordinates": [ [ -75.702188, 6.038708 ], [ -75.309596, 5.714851 ] ] } },
{ "type": "Feature", "properties": { "source": "AMAGÁ", "target": "FREDONIA", "distance": 0.5, "betweenness": 0.00016006402561024409, "weight": 0.10016006402561024 }, "geometry": { "type": "LineString", "coordinates": [ [ -75.702188, 6.038708 ], [ -75.675072, 5.928039 ] ] } },
{ "type": "Feature", "properties": { "source": "AMAGÁ", "target": "NARIÑO", "distance": 0.5, "betweenness": 0.00017029539088362616, "weight": 0.10017029539088364 }, "geometry": { "type": "LineString", "coordinates": [ [ -75.702188, 6.038708 ], [ -75.176262, 5.610777 ] ] } },
{ "type": "Feature", "properties": { "source": "AMAGÁ", "target": "TÁMESIS", "distance": 0.5, "betweenness": 0.00016456582633053222, "weight": 0.10016456582633054 }, "geometry": { "type": "LineString", "coordinates": [ [ -75.702188, 6.038708 ], [ -75.714429, 5.664645 ] ] } },
{ "type": "Feature", "properties": { "source": "AMAGÁ", "target": "JARDÍN", "distance": 0.5, "betweenness": 0.00016339869281045751, "weight": 0.10016339869281046 }, "geometry": { "type": "LineString", "coordinates": [ [ -75.702188, 6.038708 ], [ -75.818982, 5.597542 ] ] } },
{ "type": "Feature", "properties": { "source": "AMAGÁ", "target": "SALGAR", "distance": 0.5, "betweenness": 0.00025093370681605973, "weight": 0.10025093370681606 }, "geometry": { "type": "LineString", "coordinates": [ [ -75.702188, 6.038708 ], [ -75.976807, 5.964198 ] ] } },
{ "type": "Feature", "properties": { "source": "AMAGÁ", "target": "CIUDAD BOLÍVAR", "distance": 0.5, "betweenness": 0.00014005602240896358, "weight": 0.10014005602240897 }, "geometry": { "type": "LineString", "coordinates": [ [ -75.702188, 6.038708 ], [ -76.021509, 5.850273 ] ] } },
{ "type": "Feature", "properties": { "source": "AMAGÁ", "target": "SANTA BÁRBARA", "distance": 0.5, "betweenness": 0.00014005602240896358, "weight": 0.10014005602240897 }, "geometry": { "type": "LineString", "coordinates": [ [ -75.702188, 6.038708 ], [ -75.567351, 5.875527 ] ] } },
{ "type": "Feature", "properties": { "source": "AMAGÁ", "target": "ANDES", "distance": 0.5, "betweenness": 0.000192493090306526, "weight": 0.10019249309030653 }, "geometry": { "type": "LineString", "coordinates": [ [ -75.702188, 6.038708 ], [ -75.878828, 5.657194 ] ] } },
{ "type": "Feature", "properties": { "source": "AMAGÁ", "target": "VENECIA", "distance": 0.5, "betweenness": 0.00014005602240896358, "weight": 0.10014005602240897 }, "geometry": { "type": "LineString", "coordinates": [ [ -75.702188, 6.038708 ], [ -75.735544, 5.964693 ] ] } },
{ "type": "Feature", "properties": { "source": "AMAGÁ", "target": "JERICÓ", "distance": 0.5, "betweenness": 0.00014005602240896358, "weight": 0.10014005602240897 }, "geometry": { "type": "LineString", "coordinates": [ [ -75.702188, 6.038708 ], [ -75.785499, 5.789748 ] ] } },
{ "type": "Feature", "properties": { "source": "AMAGÁ", "target": "BETANIA", "distance": 0.5, "betweenness": 0.00018632452981192475, "weight": 0.10018632452981192 }, "geometry": { "type": "LineString", "coordinates": [ [ -75.702188, 6.038708 ], [ -75.97679, 5.74615 ] ] } },
{ "type": "Feature", "properties": { "source": "AMAGÁ", "target": "PUEBLORRICO", "distance": 0.5, "betweenness": 0.00014005602240896358, "weight": 0.10014005602240897 }, "geometry": { "type": "LineString", "coordinates": [ [ -75.702188, 6.038708 ], [ -75.839903, 5.79158 ] ] } },
{ "type": "Feature", "properties": { "source": "AMAGÁ", "target": "CARAMANTA", "distance": 0.5, "betweenness": 0.00017692695807419956, "weight": 0.1001769269580742 }, "geometry": { "type": "LineString", "coordinates": [ [ -75.702188, 6.038708 ], [ -75.643868, 5.54853 ] ] } },
{ "type": "Feature", "properties": { "source": "AMAGÁ", "target": "TARSO", "distance": 0.5, "betweenness": 0.00015921351705665428, "weight": 0.10015921351705666 }, "geometry": { "type": "LineString", "coordinates": [ [ -75.702188, 6.038708 ], [ -75.822956, 5.864542 ] ] } },
{ "type": "Feature", "properties": { "source": "AMAGÁ", "target": "ARGELIA", "distance": 0.5, "betweenness": 0.00020297551128304481, "weight": 0.10020297551128306 }, "geometry": { "type": "LineString", "coordinates": [ [ -75.702188, 6.038708 ], [ -75.14107, 5.731474 ] ] } },
{ "type": "Feature", "properties": { "source": "AMAGÁ", "target": "MONTEBELLO", "distance": 0.5, "betweenness": 0.000148294611962432, "weight": 0.10014829461196244 }, "geometry": { "type": "LineString", "coordinates": [ [ -75.702188, 6.038708 ], [ -75.523455, 5.946313 ] ] } },
{ "type": "Feature", "properties": { "source": "AMAGÁ", "target": "HISPANIA", "distance": 0.5, "betweenness": 0.00027657844342147926, "weight": 0.10027657844342149 }, "geometry": { "type": "LineString", "coordinates": [ [ -75.702188, 6.038708 ], [ -75.906587, 5.799461 ] ] } },
{ "type": "Feature", "properties": { "source": "AMAGÁ", "target": "VALPARAÍSO", "distance": 1.0, "betweenness": 0.0, "weight": 0.1 }, "geometry": { "type": "LineString", "coordinates": [ [ -75.702188, 6.038708 ], [ -75.624452, 5.614555 ] ] } },
{ "type": "Feature", "properties": { "source": "AMAGÁ", "target": "LA PINTADA", "distance": 1.0, "betweenness": 0.0, "weight": 0.1 }, "geometry": { "type": "LineString", "coordinates": [ [ -75.702188, 6.038708 ], [ -75.60781, 5.743808 ] ] } },
{ "type": "Feature", "properties": { "source": "ZARAGOZA", "target": "SEGOVIA", "distance": 1.0, "betweenness": 4.6685340802987859e-05, "weight": 0.10004668534080299 }, "geometry": { "type": "LineString", "coordinates": [ [ -74.867075, 7.488583 ], [ -74.701596, 7.079648 ] ] } },
{ "type": "Feature", "properties": { "source": "VIGÍA DEL FUERTE", "target": "SALGAR", "distance": 0.5, "betweenness": 0.0012072152093160493, "weight": 0.10120721520931605 }, "geometry": { "type": "LineString", "coordinates": [ [ -76.896004, 6.588164 ], [ -75.976807, 5.964198 ] ] } },
{ "type": "Feature", "properties": { "source": "VIGÍA DEL FUERTE", "target": "CIUDAD BOLÍVAR", "distance": 1.0, "betweenness": 0.0, "weight": 0.1 }, "geometry": { "type": "LineString", "coordinates": [ [ -76.896004, 6.588164 ], [ -76.021509, 5.850273 ] ] } },
{ "type": "Feature", "properties": { "source": "SALGAR", "target": "ANDES", "distance": 0.5, "betweenness": 0.0004851742653406422, "weight": 0.10048517426534065 }, "geometry": { "type": "LineString", "coordinates": [ [ -75.976807, 5.964198 ], [ -75.878828, 5.657194 ] ] } },
{ "type": "Feature", "properties": { "source": "SALGAR", "target": "ABEJORRAL", "distance": 0.5, "betweenness": 0.0002567693744164332, "weight": 0.10025676937441644 }, "geometry": { "type": "LineString", "coordinates": [ [ -75.976807, 5.964198 ], [ -75.428739, 5.789315 ] ] } },
{ "type": "Feature", "properties": { "source": "SALGAR", "target": "CIUDAD BOLÍVAR", "distance": 0.33333333333333331, "betweenness": 0.0010091814503579209, "weight": 0.10100918145035792 }, "geometry": { "type": "LineString", "coordinates": [ [ -75.976807, 5.964198 ], [ -76.021509, 5.850273 ] ] } },
{ "type": "Feature", "properties": { "source": "SALGAR", "target": "JARDÍN", "distance": 0.5, "betweenness": 0.00035014005602240891, "weight": 0.10035014005602241 }, "geometry": { "type": "LineString", "coordinates": [ [ -75.976807, 5.964198 ], [ -75.818982, 5.597542 ] ] } },
{ "type": "Feature", "properties": { "source": "SALGAR", "target": "JERICÓ", "distance": 0.5, "betweenness": 0.00014005602240896358, "weight": 0.10014005602240897 }, "geometry": { "type": "LineString", "coordinates": [ [ -75.976807, 5.964198 ], [ -75.785499, 5.789748 ] ] } },
{ "type": "Feature", "properties": { "source": "SALGAR", "target": "FREDONIA", "distance": 0.5, "betweenness": 0.00024315281668222844, "weight": 0.10024315281668224 }, "geometry": { "type": "LineString", "coordinates": [ [ -75.976807, 5.964198 ], [ -75.675072, 5.928039 ] ] } },
{ "type": "Feature", "properties": { "source": "SALGAR", "target": "CARAMANTA", "distance": 0.5, "betweenness": 0.00044870233489159312, "weight": 0.1004487023348916 }, "geometry": { "type": "LineString", "coordinates": [ [ -75.976807, 5.964198 ], [ -75.643868, 5.54853 ] ] } },
{ "type": "Feature", "properties": { "source": "SALGAR", "target": "BETANIA", "distance": 0.5, "betweenness": 0.00042892156862745097, "weight": 0.10042892156862746 }, "geometry": { "type": "LineString", "coordinates": [ [ -75.976807, 5.964198 ], [ -75.97679, 5.74615 ] ] } },
{ "type": "Feature", "properties": { "source": "SALGAR", "target": "TÁMESIS", "distance": 0.5, "betweenness": 0.00026844070961718017, "weight": 0.10026844070961718 }, "geometry": { "type": "LineString", "coordinates": [ [ -75.976807, 5.964198 ], [ -75.714429, 5.664645 ] ] } },
{ "type": "Feature", "properties": { "source": "SALGAR", "target": "MONTEBELLO", "distance": 0.5, "betweenness": 0.00028501596717118218, "weight": 0.10028501596717118 }, "geometry": { "type": "LineString", "coordinates": [ [ -75.976807, 5.964198 ], [ -75.523455, 5.946313 ] ] } },
{ "type": "Feature", "properties": { "source": "SALGAR", "target": "TARSO", "distance": 0.5, "betweenness": 0.00031409028257767745, "weight": 0.10031409028257768 }, "geometry": { "type": "LineString", "coordinates": [ [ -75.976807, 5.964198 ], [ -75.822956, 5.864542 ] ] } },
{ "type": "Feature", "properties": { "source": "SALGAR", "target": "HISPANIA", "distance": 0.5, "betweenness": 0.00049939946425680561, "weight": 0.10049939946425682 }, "geometry": { "type": "LineString", "coordinates": [ [ -75.976807, 5.964198 ], [ -75.906587, 5.799461 ] ] } },
{ "type": "Feature", "properties": { "source": "SALGAR", "target": "PUEBLORRICO", "distance": 0.33333333333333331, "betweenness": 0.0015802987861811388, "weight": 0.10158029878618115 }, "geometry": { "type": "LineString", "coordinates": [ [ -75.976807, 5.964198 ], [ -75.839903, 5.79158 ] ] } },
{ "type": "Feature", "properties": { "source": "SALGAR", "target": "SANTA BÁRBARA", "distance": 0.5, "betweenness": 0.00029311724689875943, "weight": 0.10029311724689877 }, "geometry": { "type": "LineString", "coordinates": [ [ -75.976807, 5.964198 ], [ -75.567351, 5.875527 ] ] } },
{ "type": "Feature", "properties": { "source": "SALGAR", "target": "VENECIA", "distance": 0.5, "betweenness": 0.00014005602240896358, "weight": 0.10014005602240897 }, "geometry": { "type": "LineString", "coordinates": [ [ -75.976807, 5.964198 ], [ -75.735544, 5.964693 ] ] } },
{ "type": "Feature", "properties": { "source": "SALGAR", "target": "LA UNIÓN", "distance": 0.5, "betweenness": 0.00031979458450046689, "weight": 0.10031979458450047 }, "geometry": { "type": "LineString", "coordinates": [ [ -75.976807, 5.964198 ], [ -75.360874, 5.973845 ] ] } },
{ "type": "Feature", "properties": { "source": "SALGAR", "target": "VALPARAÍSO", "distance": 0.5, "betweenness": 0.00056844796936355755, "weight": 0.10056844796936357 }, "geometry": { "type": "LineString", "coordinates": [ [ -75.976807, 5.964198 ], [ -75.624452, 5.614555 ] ] } },
{ "type": "Feature", "properties": { "source": "SALGAR", "target": "LA PINTADA", "distance": 0.5, "betweenness": 0.00028011204481792715, "weight": 0.10028011204481793 }, "geometry": { "type": "LineString", "coordinates": [ [ -75.976807, 5.964198 ], [ -75.60781, 5.743808 ] ] } },
{ "type": "Feature", "properties": { "source": "SALGAR", "target": "SONSÓN", "distance": 0.5, "betweenness": 0.00051647862210018095, "weight": 0.10051647862210018 }, "geometry": { "type": "LineString", "coordinates": [ [ -75.976807, 5.964198 ], [ -75.309596, 5.714851 ] ] } },
{ "type": "Feature", "properties": { "source": "CIUDAD BOLÍVAR", "target": "BETANIA", "distance": 0.5, "betweenness": 0.00014005602240896358, "weight": 0.10014005602240897 }, "geometry": { "type": "LineString", "coordinates": [ [ -76.021509, 5.850273 ], [ -75.97679, 5.74615 ] ] } },
{ "type": "Feature", "properties": { "source": "CIUDAD BOLÍVAR", "target": "PUEBLORRICO", "distance": 0.5, "betweenness": 0.00014005602240896358, "weight": 0.10014005602240897 }, "geometry": { "type": "LineString", "coordinates": [ [ -76.021509, 5.850273 ], [ -75.839903, 5.79158 ] ] } },
{ "type": "Feature", "properties": { "source": "CIUDAD BOLÍVAR", "target": "JERICÓ", "distance": 0.5, "betweenness": 0.00014005602240896358, "weight": 0.10014005602240897 }, "geometry": { "type": "LineString", "coordinates": [ [ -76.021509, 5.850273 ], [ -75.785499, 5.789748 ] ] } },
{ "type": "Feature", "properties": { "source": "CIUDAD BOLÍVAR", "target": "SANTA BÁRBARA", "distance": 0.5, "betweenness": 0.00018674136321195143, "weight": 0.10018674136321196 }, "geometry": { "type": "LineString", "coordinates": [ [ -76.021509, 5.850273 ], [ -75.567351, 5.875527 ] ] } },
{ "type": "Feature", "properties": { "source": "CIUDAD BOLÍVAR", "target": "ANDES", "distance": 0.5, "betweenness": 0.00014924488313844056, "weight": 0.10014924488313845 }, "geometry": { "type": "LineString", "coordinates": [ [ -76.021509, 5.850273 ], [ -75.878828, 5.657194 ] ] } },
{ "type": "Feature", "properties": { "source": "CIUDAD BOLÍVAR", "target": "TÁMESIS", "distance": 0.5, "betweenness": 0.00014005602240896358, "weight": 0.10014005602240897 }, "geometry": { "type": "LineString", "coordinates": [ [ -76.021509, 5.850273 ], [ -75.714429, 5.664645 ] ] } },
{ "type": "Feature", "properties": { "source": "CIUDAD BOLÍVAR", "target": "ABEJORRAL", "distance": 0.33333333333333331, "betweenness": 0.0018841425459072516, "weight": 0.10188414254590726 }, "geometry": { "type": "LineString", "coordinates": [ [ -76.021509, 5.850273 ], [ -75.428739, 5.789315 ] ] } },
{ "type": "Feature", "properties": { "source": "CIUDAD BOLÍVAR", "target": "JARDÍN", "distance": 0.5, "betweenness": 0.00014005602240896358, "weight": 0.10014005602240897 }, "geometry": { "type": "LineString", "coordinates": [ [ -76.021509, 5.850273 ], [ -75.818982, 5.597542 ] ] } },
{ "type": "Feature", "properties": { "source": "CIUDAD BOLÍVAR", "target": "VALPARAÍSO", "distance": 0.5, "betweenness": 0.00016014641016685771, "weight": 0.10016014641016686 }, "geometry": { "type": "LineString", "coordinates": [ [ -76.021509, 5.850273 ], [ -75.624452, 5.614555 ] ] } },
{ "type": "Feature", "properties": { "source": "CIUDAD BOLÍVAR", "target": "CARAMANTA", "distance": 0.33333333333333331, "betweenness": 0.00086868080565559555, "weight": 0.1008686808056556 }, "geometry": { "type": "LineString", "coordinates": [ [ -76.021509, 5.850273 ], [ -75.643868, 5.54853 ] ] } },
{ "type": "Feature", "properties": { "source": "CIUDAD BOLÍVAR", "target": "MONTEBELLO", "distance": 0.5, "betweenness": 0.00014417531718569779, "weight": 0.10014417531718571 }, "geometry": { "type": "LineString", "coordinates": [ [ -76.021509, 5.850273 ], [ -75.523455, 5.946313 ] ] } },
{ "type": "Feature", "properties": { "source": "CIUDAD BOLÍVAR", "target": "VENECIA", "distance": 0.33333333333333331, "betweenness": 0.00095977279800809202, "weight": 0.10095977279800809 }, "geometry": { "type": "LineString", "coordinates": [ [ -76.021509, 5.850273 ], [ -75.735544, 5.964693 ] ] } },
{ "type": "Feature", "properties": { "source": "CIUDAD BOLÍVAR", "target": "FREDONIA", "distance": 0.5, "betweenness": 0.00018557422969187672, "weight": 0.10018557422969188 }, "geometry": { "type": "LineString", "coordinates": [ [ -76.021509, 5.850273 ], [ -75.675072, 5.928039 ] ] } },
{ "type": "Feature", "properties": { "source": "CIUDAD BOLÍVAR", "target": "TARSO", "distance": 0.33333333333333331, "betweenness": 0.00047307812013694362, "weight": 0.10047307812013695 }, "geometry": { "type": "LineString", "coordinates": [ [ -76.021509, 5.850273 ], [ -75.822956, 5.864542 ] ] } },
{ "type": "Feature", "properties": { "source": "CIUDAD BOLÍVAR", "target": "HISPANIA", "distance": 0.5, "betweenness": 0.00015961216368519133, "weight": 0.1001596121636852 }, "geometry": { "type": "LineString", "coordinates": [ [ -76.021509, 5.850273 ], [ -75.906587, 5.799461 ] ] } },
{ "type": "Feature", "properties": { "source": "CIUDAD BOLÍVAR", "target": "LA PINTADA", "distance": 0.5, "betweenness": 0.00014005602240896358, "weight": 0.10014005602240897 }, "geometry": { "type": "LineString", "coordinates": [ [ -76.021509, 5.850273 ], [ -75.60781, 5.743808 ] ] } },
{ "type": "Feature", "properties": { "source": "CIUDAD BOLÍVAR", "target": "SONSÓN", "distance": 1.0, "betweenness": 0.0, "weight": 0.1 }, "geometry": { "type": "LineString", "coordinates": [ [ -76.021509, 5.850273 ], [ -75.309596, 5.714851 ] ] } },
{ "type": "Feature", "properties": { "source": "CIUDAD BOLÍVAR", "target": "LA UNIÓN", "distance": 0.5, "betweenness": 0.00022408963585434174, "weight": 0.10022408963585434 }, "geometry": { "type": "LineString", "coordinates": [ [ -76.021509, 5.850273 ], [ -75.360874, 5.973845 ] ] } },
{ "type": "Feature", "properties": { "source": "ANDES", "target": "JARDÍN", "distance": 0.5, "betweenness": 0.000145442792501616, "weight": 0.10014544279250162 }, "geometry": { "type": "LineString", "coordinates": [ [ -75.878828, 5.657194 ], [ -75.818982, 5.597542 ] ] } },
{ "type": "Feature", "properties": { "source": "ANDES", "target": "CARAMANTA", "distance": 0.5, "betweenness": 0.0001501113265819148, "weight": 0.10015011132658191 }, "geometry": { "type": "LineString", "coordinates": [ [ -75.878828, 5.657194 ], [ -75.643868, 5.54853 ] ] } },
{ "type": "Feature", "properties": { "source": "ANDES", "target": "VENECIA", "distance": 0.5, "betweenness": 0.00037048095211791724, "weight": 0.10037048095211792 }, "geometry": { "type": "LineString", "coordinates": [ [ -75.878828, 5.657194 ], [ -75.735544, 5.964693 ] ] } },
{ "type": "Feature", "properties": { "source": "ANDES", "target": "NARIÑO", "distance": 0.5, "betweenness": 0.00022561924811059756, "weight": 0.1002256192481106 }, "geometry": { "type": "LineString", "coordinates": [ [ -75.878828, 5.657194 ], [ -75.176262, 5.610777 ] ] } },
{ "type": "Feature", "properties": { "source": "ANDES", "target": "SONSÓN", "distance": 0.5, "betweenness": 0.00025488482259857138, "weight": 0.10025488482259858 }, "geometry": { "type": "LineString", "coordinates": [ [ -75.878828, 5.657194 ], [ -75.309596, 5.714851 ] ] } },
{ "type": "Feature", "properties": { "source": "ANDES", "target": "PUEBLORRICO", "distance": 0.5, "betweenness": 0.00014405762304921967, "weight": 0.10014405762304923 }, "geometry": { "type": "LineString", "coordinates": [ [ -75.878828, 5.657194 ], [ -75.839903, 5.79158 ] ] } },
{ "type": "Feature", "properties": { "source": "ANDES", "target": "ABEJORRAL", "distance": 0.5, "betweenness": 0.0005093199299748552, "weight": 0.10050931992997486 }, "geometry": { "type": "LineString", "coordinates": [ [ -75.878828, 5.657194 ], [ -75.428739, 5.789315 ] ] } },
{ "type": "Feature", "properties": { "source": "ANDES", "target": "JERICÓ", "distance": 0.5, "betweenness": 0.00016756331782773391, "weight": 0.10016756331782774 }, "geometry": { "type": "LineString", "coordinates": [ [ -75.878828, 5.657194 ], [ -75.785499, 5.789748 ] ] } },
{ "type": "Feature", "properties": { "source": "ANDES", "target": "SANTA BÁRBARA", "distance": 0.5, "betweenness": 0.00026200618966391604, "weight": 0.10026200618966392 }, "geometry": { "type": "LineString", "coordinates": [ [ -75.878828, 5.657194 ], [ -75.567351, 5.875527 ] ] } },
{ "type": "Feature", "properties": { "source": "ANDES", "target": "TÁMESIS", "distance": 0.5, "betweenness": 0.00016273379981363175, "weight": 0.10016273379981364 }, "geometry": { "type": "LineString", "coordinates": [ [ -75.878828, 5.657194 ], [ -75.714429, 5.664645 ] ] } },
{ "type": "Feature", "properties": { "source": "ANDES", "target": "HISPANIA", "distance": 0.5, "betweenness": 0.00015752437204679683, "weight": 0.10015752437204681 }, "geometry": { "type": "LineString", "coordinates": [ [ -75.878828, 5.657194 ], [ -75.906587, 5.799461 ] ] } },
{ "type": "Feature", "properties": { "source": "ANDES", "target": "TARSO", "distance": 0.5, "betweenness": 0.00015786575572990138, "weight": 0.10015786575572991 }, "geometry": { "type": "LineString", "coordinates": [ [ -75.878828, 5.657194 ], [ -75.822956, 5.864542 ] ] } },
{ "type": "Feature", "properties": { "source": "ANDES", "target": "BETANIA", "distance": 0.5, "betweenness": 0.00014005602240896358, "weight": 0.10014005602240897 }, "geometry": { "type": "LineString", "coordinates": [ [ -75.878828, 5.657194 ], [ -75.97679, 5.74615 ] ] } },
{ "type": "Feature", "properties": { "source": "ANDES", "target": "FREDONIA", "distance": 0.5, "betweenness": 0.00027367752486466296, "weight": 0.10027367752486467 }, "geometry": { "type": "LineString", "coordinates": [ [ -75.878828, 5.657194 ], [ -75.675072, 5.928039 ] ] } },
{ "type": "Feature", "properties": { "source": "ANDES", "target": "LA PINTADA", "distance": 0.5, "betweenness": 0.00014910130718954245, "weight": 0.10014910130718954 }, "geometry": { "type": "LineString", "coordinates": [ [ -75.878828, 5.657194 ], [ -75.60781, 5.743808 ] ] } },
{ "type": "Feature", "properties": { "source": "ANDES", "target": "VALPARAÍSO", "distance": 0.5, "betweenness": 0.00016356171718747784, "weight": 0.10016356171718749 }, "geometry": { "type": "LineString", "coordinates": [ [ -75.878828, 5.657194 ], [ -75.624452, 5.614555 ] ] } },
{ "type": "Feature", "properties": { "source": "ANDES", "target": "MONTEBELLO", "distance": 0.5, "betweenness": 0.00019609747323616844, "weight": 0.10019609747323617 }, "geometry": { "type": "LineString", "coordinates": [ [ -75.878828, 5.657194 ], [ -75.523455, 5.946313 ] ] } },
{ "type": "Feature", "properties": { "source": "ANDES", "target": "LA UNIÓN", "distance": 0.5, "betweenness": 0.00029238871304363827, "weight": 0.10029238871304365 }, "geometry": { "type": "LineString", "coordinates": [ [ -75.878828, 5.657194 ], [ -75.360874, 5.973845 ] ] } },
{ "type": "Feature", "properties": { "source": "ANDES", "target": "ARGELIA", "distance": 1.0, "betweenness": 5.3867700926524459e-06, "weight": 0.10000538677009266 }, "geometry": { "type": "LineString", "coordinates": [ [ -75.878828, 5.657194 ], [ -75.14107, 5.731474 ] ] } },
{ "type": "Feature", "properties": { "source": "TARSO", "target": "BETANIA", "distance": 0.5, "betweenness": 0.00014005602240896358, "weight": 0.10014005602240897 }, "geometry": { "type": "LineString", "coordinates": [ [ -75.822956, 5.864542 ], [ -75.97679, 5.74615 ] ] } },
{ "type": "Feature", "properties": { "source": "TARSO", "target": "SONSÓN", "distance": 0.5, "betweenness": 0.0002358040627141371, "weight": 0.10023580406271414 }, "geometry": { "type": "LineString", "coordinates": [ [ -75.822956, 5.864542 ], [ -75.309596, 5.714851 ] ] } },
{ "type": "Feature", "properties": { "source": "TARSO", "target": "LA UNIÓN", "distance": 0.5, "betweenness": 0.00021810070829678672, "weight": 0.10021810070829679 }, "geometry": { "type": "LineString", "coordinates": [ [ -75.822956, 5.864542 ], [ -75.360874, 5.973845 ] ] } },
{ "type": "Feature", "properties": { "source": "TARSO", "target": "ABEJORRAL", "distance": 0.5, "betweenness": 0.00066437012515443874, "weight": 0.10066437012515445 }, "geometry": { "type": "LineString", "coordinates": [ [ -75.822956, 5.864542 ], [ -75.428739, 5.789315 ] ] } },
{ "type": "Feature", "properties": { "source": "TARSO", "target": "CARAMANTA", "distance": 0.5, "betweenness": 0.00014524328249818446, "weight": 0.10014524328249819 }, "geometry": { "type": "LineString", "coordinates": [ [ -75.822956, 5.864542 ], [ -75.643868, 5.54853 ] ] } },
{ "type": "Feature", "properties": { "source": "TARSO", "target": "JARDÍN", "distance": 0.5, "betweenness": 0.00014524328249818446, "weight": 0.10014524328249819 }, "geometry": { "type": "LineString", "coordinates": [ [ -75.822956, 5.864542 ], [ -75.818982, 5.597542 ] ] } },
{ "type": "Feature", "properties": { "source": "TARSO", "target": "TÁMESIS", "distance": 0.5, "betweenness": 0.00016858595289967839, "weight": 0.10016858595289968 }, "geometry": { "type": "LineString", "coordinates": [ [ -75.822956, 5.864542 ], [ -75.714429, 5.664645 ] ] } },
{ "type": "Feature", "properties": { "source": "TARSO", "target": "NARIÑO", "distance": 0.5, "betweenness": 0.00021463467541898914, "weight": 0.100214634675419 }, "geometry": { "type": "LineString", "coordinates": [ [ -75.822956, 5.864542 ], [ -75.176262, 5.610777 ] ] } },
{ "type": "Feature", "properties": { "source": "TARSO", "target": "VENECIA", "distance": 1.0, "betweenness": 0.0, "weight": 0.1 }, "geometry": { "type": "LineString", "coordinates": [ [ -75.822956, 5.864542 ], [ -75.735544, 5.964693 ] ] } },
{ "type": "Feature", "properties": { "source": "TARSO", "target": "JERICÓ", "distance": 0.5, "betweenness": 0.00014913372756510012, "weight": 0.10014913372756511 }, "geometry": { "type": "LineString", "coordinates": [ [ -75.822956, 5.864542 ], [ -75.785499, 5.789748 ] ] } },
{ "type": "Feature", "properties": { "source": "TARSO", "target": "SANTA BÁRBARA", "distance": 0.5, "betweenness": 0.00022977204349753367, "weight": 0.10022977204349753 }, "geometry": { "type": "LineString", "coordinates": [ [ -75.822956, 5.864542 ], [ -75.567351, 5.875527 ] ] } },
{ "type": "Feature", "properties": { "source": "TARSO", "target": "MONTEBELLO", "distance": 0.5, "betweenness": 0.00016386332706978609, "weight": 0.10016386332706979 }, "geometry": { "type": "LineString", "coordinates": [ [ -75.822956, 5.864542 ], [ -75.523455, 5.946313 ] ] } },
{ "type": "Feature", "properties": { "source": "TARSO", "target": "FREDONIA", "distance": 0.5, "betweenness": 0.00022276924237708552, "weight": 0.10022276924237709 }, "geometry": { "type": "LineString", "coordinates": [ [ -75.822956, 5.864542 ], [ -75.675072, 5.928039 ] ] } },
{ "type": "Feature", "properties": { "source": "TARSO", "target": "VALPARAÍSO", "distance": 0.5, "betweenness": 0.00016533367025607857, "weight": 0.10016533367025608 }, "geometry": { "type": "LineString", "coordinates": [ [ -75.822956, 5.864542 ], [ -75.624452, 5.614555 ] ] } },
{ "type": "Feature", "properties": { "source": "TARSO", "target": "PUEBLORRICO", "distance": 0.5, "betweenness": 0.00014005602240896358, "weight": 0.10014005602240897 }, "geometry": { "type": "LineString", "coordinates": [ [ -75.822956, 5.864542 ], [ -75.839903, 5.79158 ] ] } },
{ "type": "Feature", "properties": { "source": "TARSO", "target": "ARGELIA", "distance": 1.0, "betweenness": 5.187260089220873e-06, "weight": 0.10000518726008922 }, "geometry": { "type": "LineString", "coordinates": [ [ -75.822956, 5.864542 ], [ -75.14107, 5.731474 ] ] } },
{ "type": "Feature", "properties": { "source": "TARSO", "target": "HISPANIA", "distance": 0.5, "betweenness": 0.00017018619386706464, "weight": 0.10017018619386707 }, "geometry": { "type": "LineString", "coordinates": [ [ -75.822956, 5.864542 ], [ -75.906587, 5.799461 ] ] } },
{ "type": "Feature", "properties": { "source": "BETANIA", "target": "TÁMESIS", "distance": 0.33333333333333331, "betweenness": 0.00076113778844871273, "weight": 0.10076113778844872 }, "geometry": { "type": "LineString", "coordinates": [ [ -75.97679, 5.74615 ], [ -75.714429, 5.664645 ] ] } },
{ "type": "Feature", "properties": { "source": "BETANIA", "target": "JARDÍN", "distance": 0.5, "betweenness": 0.00014005602240896358, "weight": 0.10014005602240897 }, "geometry": { "type": "LineString", "coordinates": [ [ -75.97679, 5.74615 ], [ -75.818982, 5.597542 ] ] } },
{ "type": "Feature", "properties": { "source": "BETANIA", "target": "ABEJORRAL", "distance": 0.5, "betweenness": 0.0005228758169934641, "weight": 0.10052287581699347 }, "geometry": { "type": "LineString", "coordinates": [ [ -75.97679, 5.74615 ], [ -75.428739, 5.789315 ] ] } },
{ "type": "Feature", "properties": { "source": "BETANIA", "target": "MONTEBELLO", "distance": 0.5, "betweenness": 0.00014417531718569779, "weight": 0.10014417531718571 }, "geometry": { "type": "LineString", "coordinates": [ [ -75.97679, 5.74615 ], [ -75.523455, 5.946313 ] ] } },
{ "type": "Feature", "properties": { "source": "BETANIA", "target": "SANTA BÁRBARA", "distance": 0.5, "betweenness": 0.00018674136321195143, "weight": 0.10018674136321196 }, "geometry": { "type": "LineString", "coordinates": [ [ -75.97679, 5.74615 ], [ -75.567351, 5.875527 ] ] } },
{ "type": "Feature", "properties": { "source": "BETANIA", "target": "VALPARAÍSO", "distance": 0.5, "betweenness": 0.00014926229112334588, "weight": 0.10014926229112335 }, "geometry": { "type": "LineString", "coordinates": [ [ -75.97679, 5.74615 ], [ -75.624452, 5.614555 ] ] } },
{ "type": "Feature", "properties": { "source": "BETANIA", "target": "JERICÓ", "distance": 0.5, "betweenness": 0.00014005602240896358, "weight": 0.10014005602240897 }, "geometry": { "type": "LineString", "coordinates": [ [ -75.97679, 5.74615 ], [ -75.785499, 5.789748 ] ] } },
{ "type": "Feature", "properties": { "source": "BETANIA", "target": "SONSÓN", "distance": 0.5, "betweenness": 0.00024120759414877061, "weight": 0.10024120759414877 }, "geometry": { "type": "LineString", "coordinates": [ [ -75.97679, 5.74615 ], [ -75.309596, 5.714851 ] ] } },
{ "type": "Feature", "properties": { "source": "BETANIA", "target": "LA UNIÓN", "distance": 0.5, "betweenness": 0.0002380952380952381, "weight": 0.10023809523809524 }, "geometry": { "type": "LineString", "coordinates": [ [ -75.97679, 5.74615 ], [ -75.360874, 5.973845 ] ] } },
{ "type": "Feature", "properties": { "source": "BETANIA", "target": "CARAMANTA", "distance": 0.5, "betweenness": 0.00014005602240896358, "weight": 0.10014005602240897 }, "geometry": { "type": "LineString", "coordinates": [ [ -75.97679, 5.74615 ], [ -75.643868, 5.54853 ] ] } },
{ "type": "Feature", "properties": { "source": "BETANIA", "target": "FREDONIA", "distance": 0.5, "betweenness": 0.00021008403361344536, "weight": 0.10021008403361345 }, "geometry": { "type": "LineString", "coordinates": [ [ -75.97679, 5.74615 ], [ -75.675072, 5.928039 ] ] } },
{ "type": "Feature", "properties": { "source": "BETANIA", "target": "VENECIA", "distance": 0.5, "betweenness": 0.00021008403361344536, "weight": 0.10021008403361345 }, "geometry": { "type": "LineString", "coordinates": [ [ -75.97679, 5.74615 ], [ -75.735544, 5.964693 ] ] } },
{ "type": "Feature", "properties": { "source": "BETANIA", "target": "HISPANIA", "distance": 0.5, "betweenness": 0.00020020811220952859, "weight": 0.10020020811220953 }, "geometry": { "type": "LineString", "coordinates": [ [ -75.97679, 5.74615 ], [ -75.906587, 5.799461 ] ] } },
{ "type": "Feature", "properties": { "source": "BETANIA", "target": "PUEBLORRICO", "distance": 0.33333333333333331, "betweenness": 0.00041099773242630382, "weight": 0.10041099773242632 }, "geometry": { "type": "LineString", "coordinates": [ [ -75.97679, 5.74615 ], [ -75.839903, 5.79158 ] ] } },
{ "type": "Feature", "properties": { "source": "BETANIA", "target": "LA PINTADA", "distance": 1.0, "betweenness": 0.0, "weight": 0.1 }, "geometry": { "type": "LineString", "coordinates": [ [ -75.97679, 5.74615 ], [ -75.60781, 5.743808 ] ] } },
{ "type": "Feature", "properties": { "source": "PUEBLORRICO", "target": "JARDÍN", "distance": 0.5, "betweenness": 0.00014005602240896358, "weight": 0.10014005602240897 }, "geometry": { "type": "LineString", "coordinates": [ [ -75.839903, 5.79158 ], [ -75.818982, 5.597542 ] ] } },
{ "type": "Feature", "properties": { "source": "PUEBLORRICO", "target": "ABEJORRAL", "distance": 0.5, "betweenness": 0.00048686141123115915, "weight": 0.10048686141123117 }, "geometry": { "type": "LineString", "coordinates": [ [ -75.839903, 5.79158 ], [ -75.428739, 5.789315 ] ] } },
{ "type": "Feature", "properties": { "source": "PUEBLORRICO", "target": "JERICÓ", "distance": 0.5, "betweenness": 0.00014005602240896358, "weight": 0.10014005602240897 }, "geometry": { "type": "LineString", "coordinates": [ [ -75.839903, 5.79158 ], [ -75.785499, 5.789748 ] ] } },
{ "type": "Feature", "properties": { "source": "PUEBLORRICO", "target": "SONSÓN", "distance": 0.5, "betweenness": 0.0001631763816637766, "weight": 0.10016317638166378 }, "geometry": { "type": "LineString", "coordinates": [ [ -75.839903, 5.79158 ], [ -75.309596, 5.714851 ] ] } },
{ "type": "Feature", "properties": { "source": "PUEBLORRICO", "target": "TÁMESIS", "distance": 0.5, "betweenness": 0.00014005602240896358, "weight": 0.10014005602240897 }, "geometry": { "type": "LineString", "coordinates": [ [ -75.839903, 5.79158 ], [ -75.714429, 5.664645 ] ] } },
{ "type": "Feature", "properties": { "source": "PUEBLORRICO", "target": "CARAMANTA", "distance": 0.5, "betweenness": 0.00014005602240896358, "weight": 0.10014005602240897 }, "geometry": { "type": "LineString", "coordinates": [ [ -75.839903, 5.79158 ], [ -75.643868, 5.54853 ] ] } },
{ "type": "Feature", "properties": { "source": "PUEBLORRICO", "target": "LA UNIÓN", "distance": 0.5, "betweenness": 0.00016006402561024409, "weight": 0.10016006402561024 }, "geometry": { "type": "LineString", "coordinates": [ [ -75.839903, 5.79158 ], [ -75.360874, 5.973845 ] ] } },
{ "type": "Feature", "properties": { "source": "PUEBLORRICO", "target": "SANTA BÁRBARA", "distance": 0.5, "betweenness": 0.00017507002801120446, "weight": 0.10017507002801121 }, "geometry": { "type": "LineString", "coordinates": [ [ -75.839903, 5.79158 ], [ -75.567351, 5.875527 ] ] } },
{ "type": "Feature", "properties": { "source": "PUEBLORRICO", "target": "MONTEBELLO", "distance": 0.5, "betweenness": 0.00014417531718569779, "weight": 0.10014417531718571 }, "geometry": { "type": "LineString", "coordinates": [ [ -75.839903, 5.79158 ], [ -75.523455, 5.946313 ] ] } },
{ "type": "Feature", "properties": { "source": "PUEBLORRICO", "target": "FREDONIA", "distance": 0.5, "betweenness": 0.00018674136321195143, "weight": 0.10018674136321196 }, "geometry": { "type": "LineString", "coordinates": [ [ -75.839903, 5.79158 ], [ -75.675072, 5.928039 ] ] } },
{ "type": "Feature", "properties": { "source": "PUEBLORRICO", "target": "NARIÑO", "distance": 0.33333333333333331, "betweenness": 0.0015266106442577028, "weight": 0.10152661064425771 }, "geometry": { "type": "LineString", "coordinates": [ [ -75.839903, 5.79158 ], [ -75.176262, 5.610777 ] ] } },
{ "type": "Feature", "properties": { "source": "PUEBLORRICO", "target": "VENECIA", "distance": 0.5, "betweenness": 0.00023809523809523807, "weight": 0.10023809523809524 }, "geometry": { "type": "LineString", "coordinates": [ [ -75.839903, 5.79158 ], [ -75.735544, 5.964693 ] ] } },
{ "type": "Feature", "properties": { "source": "PUEBLORRICO", "target": "ARGELIA", "distance": 1.0, "betweenness": 0.0, "weight": 0.1 }, "geometry": { "type": "LineString", "coordinates": [ [ -75.839903, 5.79158 ], [ -75.14107, 5.731474 ] ] } },
{ "type": "Feature", "properties": { "source": "PUEBLORRICO", "target": "VALPARAÍSO", "distance": 0.5, "betweenness": 0.00018879423293232753, "weight": 0.10018879423293234 }, "geometry": { "type": "LineString", "coordinates": [ [ -75.839903, 5.79158 ], [ -75.624452, 5.614555 ] ] } },
{ "type": "Feature", "properties": { "source": "PUEBLORRICO", "target": "HISPANIA", "distance": 0.5, "betweenness": 0.00029357879381550428, "weight": 0.10029357879381551 }, "geometry": { "type": "LineString", "coordinates": [ [ -75.839903, 5.79158 ], [ -75.906587, 5.799461 ] ] } },
{ "type": "Feature", "properties": { "source": "PUEBLORRICO", "target": "LA PINTADA", "distance": 1.0, "betweenness": 0.0, "weight": 0.1 }, "geometry": { "type": "LineString", "coordinates": [ [ -75.839903, 5.79158 ], [ -75.60781, 5.743808 ] ] } },
{ "type": "Feature", "properties": { "source": "HISPANIA", "target": "SONSÓN", "distance": 0.5, "betweenness": 0.00027999623038108158, "weight": 0.10027999623038109 }, "geometry": { "type": "LineString", "coordinates": [ [ -75.906587, 5.799461 ], [ -75.309596, 5.714851 ] ] } },
{ "type": "Feature", "properties": { "source": "HISPANIA", "target": "JERICÓ", "distance": 0.5, "betweenness": 0.00018322112411830934, "weight": 0.10018322112411832 }, "geometry": { "type": "LineString", "coordinates": [ [ -75.906587, 5.799461 ], [ -75.785499, 5.789748 ] ] } },
{ "type": "Feature", "properties": { "source": "HISPANIA", "target": "LA UNIÓN", "distance": 0.5, "betweenness": 0.0003083873522257139, "weight": 0.10030838735222572 }, "geometry": { "type": "LineString", "coordinates": [ [ -75.906587, 5.799461 ], [ -75.360874, 5.973845 ] ] } },
{ "type": "Feature", "properties": { "source": "HISPANIA", "target": "FREDONIA", "distance": 0.5, "betweenness": 0.00029307929663632837, "weight": 0.10029307929663633 }, "geometry": { "type": "LineString", "coordinates": [ [ -75.906587, 5.799461 ], [ -75.675072, 5.928039 ] ] } },
{ "type": "Feature", "properties": { "source": "HISPANIA", "target": "ABEJORRAL", "distance": 0.5, "betweenness": 0.00060742110714182181, "weight": 0.10060742110714183 }, "geometry": { "type": "LineString", "coordinates": [ [ -75.906587, 5.799461 ], [ -75.428739, 5.789315 ] ] } },
{ "type": "Feature", "properties": { "source": "HISPANIA", "target": "CARAMANTA", "distance": 0.5, "betweenness": 0.00020942772844003069, "weight": 0.10020942772844003 }, "geometry": { "type": "LineString", "coordinates": [ [ -75.906587, 5.799461 ], [ -75.643868, 5.54853 ] ] } },
{ "type": "Feature", "properties": { "source": "HISPANIA", "target": "SANTA BÁRBARA", "distance": 0.5, "betweenness": 0.00028140796143558144, "weight": 0.10028140796143559 }, "geometry": { "type": "LineString", "coordinates": [ [ -75.906587, 5.799461 ], [ -75.567351, 5.875527 ] ] } },
{ "type": "Feature", "properties": { "source": "HISPANIA", "target": "TÁMESIS", "distance": 1.0, "betweenness": 0.0, "weight": 0.1 }, "geometry": { "type": "LineString", "coordinates": [ [ -75.906587, 5.799461 ], [ -75.714429, 5.664645 ] ] } },
{ "type": "Feature", "properties": { "source": "HISPANIA", "target": "JARDÍN", "distance": 0.5, "betweenness": 0.00015637620480027175, "weight": 0.10015637620480028 }, "geometry": { "type": "LineString", "coordinates": [ [ -75.906587, 5.799461 ], [ -75.818982, 5.597542 ] ] } },
{ "type": "Feature", "properties": { "source": "HISPANIA", "target": "VALPARAÍSO", "distance": 1.0, "betweenness": 4.8295180141021924e-06, "weight": 0.10000482951801411 }, "geometry": { "type": "LineString", "coordinates": [ [ -75.906587, 5.799461 ], [ -75.624452, 5.614555 ] ] } },
{ "type": "Feature", "properties": { "source": "HISPANIA", "target": "VENECIA", "distance": 1.0, "betweenness": 0.0, "weight": 0.1 }, "geometry": { "type": "LineString", "coordinates": [ [ -75.906587, 5.799461 ], [ -75.735544, 5.964693 ] ] } },
{ "type": "Feature", "properties": { "source": "HISPANIA", "target": "MONTEBELLO", "distance": 1.0, "betweenness": 4.1192947767342228e-06, "weight": 0.10000411929477673 }, "geometry": { "type": "LineString", "coordinates": [ [ -75.906587, 5.799461 ], [ -75.523455, 5.946313 ] ] } },
{ "type": "Feature", "properties": { "source": "FREDONIA", "target": "NARIÑO", "distance": 0.5, "betweenness": 0.00022175536881419231, "weight": 0.1002217553688142 }, "geometry": { "type": "LineString", "coordinates": [ [ -75.675072, 5.928039 ], [ -75.176262, 5.610777 ] ] } },
{ "type": "Feature", "properties": { "source": "FREDONIA", "target": "SONSÓN", "distance": 0.5, "betweenness": 0.00014799789647659828, "weight": 0.1001479978964766 }, "geometry": { "type": "LineString", "coordinates": [ [ -75.675072, 5.928039 ], [ -75.309596, 5.714851 ] ] } },
{ "type": "Feature", "properties": { "source": "FREDONIA", "target": "LA UNIÓN", "distance": 0.5, "betweenness": 0.00014005602240896358, "weight": 0.10014005602240897 }, "geometry": { "type": "LineString", "coordinates": [ [ -75.675072, 5.928039 ], [ -75.360874, 5.973845 ] ] } },
{ "type": "Feature", "properties": { "source": "FREDONIA", "target": "JERICÓ", "distance": 0.5, "betweenness": 0.00014005602240896358, "weight": 0.10014005602240897 }, "geometry": { "type": "LineString", "coordinates": [ [ -75.675072, 5.928039 ], [ -75.785499, 5.789748 ] ] } },
{ "type": "Feature", "properties": { "source": "FREDONIA", "target": "ARGELIA", "distance": 0.5, "betweenness": 0.00024472297950110122, "weight": 0.10024472297950111 }, "geometry": { "type": "LineString", "coordinates": [ [ -75.675072, 5.928039 ], [ -75.14107, 5.731474 ] ] } },
{ "type": "Feature", "properties": { "source": "FREDONIA", "target": "ABEJORRAL", "distance": 0.5, "betweenness": 0.00014005602240896358, "weight": 0.10014005602240897 }, "geometry": { "type": "LineString", "coordinates": [ [ -75.675072, 5.928039 ], [ -75.428739, 5.789315 ] ] } },
{ "type": "Feature", "properties": { "source": "FREDONIA", "target": "JARDÍN", "distance": 0.5, "betweenness": 0.00017507002801120446, "weight": 0.10017507002801121 }, "geometry": { "type": "LineString", "coordinates": [ [ -75.675072, 5.928039 ], [ -75.818982, 5.597542 ] ] } },
{ "type": "Feature", "properties": { "source": "FREDONIA", "target": "SANTA BÁRBARA", "distance": 0.5, "betweenness": 0.00014005602240896358, "weight": 0.10014005602240897 }, "geometry": { "type": "LineString", "coordinates": [ [ -75.675072, 5.928039 ], [ -75.567351, 5.875527 ] ] } },
{ "type": "Feature", "properties": { "source": "FREDONIA", "target": "MONTEBELLO", "distance": 0.5, "betweenness": 0.00014417531718569779, "weight": 0.10014417531718571 }, "geometry": { "type": "LineString", "coordinates": [ [ -75.675072, 5.928039 ], [ -75.523455, 5.946313 ] ] } },
{ "type": "Feature", "properties": { "source": "FREDONIA", "target": "TÁMESIS", "distance": 0.5, "betweenness": 0.00020891690009337068, "weight": 0.10020891690009337 }, "geometry": { "type": "LineString", "coordinates": [ [ -75.675072, 5.928039 ], [ -75.714429, 5.664645 ] ] } },
{ "type": "Feature", "properties": { "source": "FREDONIA", "target": "VENECIA", "distance": 0.5, "betweenness": 0.00014005602240896358, "weight": 0.10014005602240897 }, "geometry": { "type": "LineString", "coordinates": [ [ -75.675072, 5.928039 ], [ -75.735544, 5.964693 ] ] } },
{ "type": "Feature", "properties": { "source": "FREDONIA", "target": "CARAMANTA", "distance": 0.5, "betweenness": 0.00021617342589209596, "weight": 0.1002161734258921 }, "geometry": { "type": "LineString", "coordinates": [ [ -75.675072, 5.928039 ], [ -75.643868, 5.54853 ] ] } },
{ "type": "Feature", "properties": { "source": "FREDONIA", "target": "VALPARAÍSO", "distance": 0.5, "betweenness": 0.00029298398259926126, "weight": 0.10029298398259927 }, "geometry": { "type": "LineString", "coordinates": [ [ -75.675072, 5.928039 ], [ -75.624452, 5.614555 ] ] } },
{ "type": "Feature", "properties": { "source": "FREDONIA", "target": "SAN FRANCISCO", "distance": 0.5, "betweenness": 0.00014005602240896358, "weight": 0.10014005602240897 }, "geometry": { "type": "LineString", "coordinates": [ [ -75.675072, 5.928039 ], [ -75.101562, 5.963476 ] ] } },
{ "type": "Feature", "properties": { "source": "VENECIA", "target": "JARDÍN", "distance": 0.5, "betweenness": 0.00031512605042016803, "weight": 0.10031512605042017 }, "geometry": { "type": "LineString", "coordinates": [ [ -75.735544, 5.964693 ], [ -75.818982, 5.597542 ] ] } },
{ "type": "Feature", "properties": { "source": "VENECIA", "target": "SANTA BÁRBARA", "distance": 0.5, "betweenness": 0.00014005602240896358, "weight": 0.10014005602240897 }, "geometry": { "type": "LineString", "coordinates": [ [ -75.735544, 5.964693 ], [ -75.567351, 5.875527 ] ] } },
{ "type": "Feature", "properties": { "source": "VENECIA", "target": "ABEJORRAL", "distance": 0.5, "betweenness": 0.0001488095238095238, "weight": 0.10014880952380953 }, "geometry": { "type": "LineString", "coordinates": [ [ -75.735544, 5.964693 ], [ -75.428739, 5.789315 ] ] } },
{ "type": "Feature", "properties": { "source": "VENECIA", "target": "LA UNIÓN", "distance": 0.5, "betweenness": 0.0001488095238095238, "weight": 0.10014880952380953 }, "geometry": { "type": "LineString", "coordinates": [ [ -75.735544, 5.964693 ], [ -75.360874, 5.973845 ] ] } },
{ "type": "Feature", "properties": { "source": "VENECIA", "target": "SONSÓN", "distance": 0.5, "betweenness": 0.00071697548751301283, "weight": 0.10071697548751302 }, "geometry": { "type": "LineString", "coordinates": [ [ -75.735544, 5.964693 ], [ -75.309596, 5.714851 ] ] } },
{ "type": "Feature", "properties": { "source": "VENECIA", "target": "VALPARAÍSO", "distance": 0.5, "betweenness": 0.00070951014135879229, "weight": 0.1007095101413588 }, "geometry": { "type": "LineString", "coordinates": [ [ -75.735544, 5.964693 ], [ -75.624452, 5.614555 ] ] } },
{ "type": "Feature", "properties": { "source": "VENECIA", "target": "MONTEBELLO", "distance": 0.5, "betweenness": 0.00014005602240896358, "weight": 0.10014005602240897 }, "geometry": { "type": "LineString", "coordinates": [ [ -75.735544, 5.964693 ], [ -75.523455, 5.946313 ] ] } },
{ "type": "Feature", "properties": { "source": "VENECIA", "target": "TÁMESIS", "distance": 0.5, "betweenness": 0.0002567693744164332, "weight": 0.10025676937441644 }, "geometry": { "type": "LineString", "coordinates": [ [ -75.735544, 5.964693 ], [ -75.714429, 5.664645 ] ] } },
{ "type": "Feature", "properties": { "source": "VENECIA", "target": "CARAMANTA", "distance": 0.5, "betweenness": 0.00034122344590009911, "weight": 0.1003412234459001 }, "geometry": { "type": "LineString", "coordinates": [ [ -75.735544, 5.964693 ], [ -75.643868, 5.54853 ] ] } },
{ "type": "Feature", "properties": { "source": "VENECIA", "target": "JERICÓ", "distance": 0.5, "betweenness": 0.00014005602240896358, "weight": 0.10014005602240897 }, "geometry": { "type": "LineString", "coordinates": [ [ -75.735544, 5.964693 ], [ -75.785499, 5.789748 ] ] } },
{ "type": "Feature", "properties": { "source": "VENECIA", "target": "NARIÑO", "distance": 0.33333333333333331, "betweenness": 0.0031623482726423906, "weight": 0.1031623482726424 }, "geometry": { "type": "LineString", "coordinates": [ [ -75.735544, 5.964693 ], [ -75.176262, 5.610777 ] ] } },
{ "type": "Feature", "properties": { "source": "VENECIA", "target": "ARGELIA", "distance": 0.5, "betweenness": 0.00082448461124931701, "weight": 0.10082448461124932 }, "geometry": { "type": "LineString", "coordinates": [ [ -75.735544, 5.964693 ], [ -75.14107, 5.731474 ] ] } },
{ "type": "Feature", "properties": { "source": "JERICÓ", "target": "TÁMESIS", "distance": 0.5, "betweenness": 0.00014005602240896358, "weight": 0.10014005602240897 }, "geometry": { "type": "LineString", "coordinates": [ [ -75.785499, 5.789748 ], [ -75.714429, 5.664645 ] ] } },
{ "type": "Feature", "properties": { "source": "JERICÓ", "target": "NARIÑO", "distance": 0.5, "betweenness": 0.0012138188608776844, "weight": 0.10121381886087769 }, "geometry": { "type": "LineString", "coordinates": [ [ -75.785499, 5.789748 ], [ -75.176262, 5.610777 ] ] } },
{ "type": "Feature", "properties": { "source": "JERICÓ", "target": "SONSÓN", "distance": 0.5, "betweenness": 0.0011469032057267352, "weight": 0.10114690320572674 }, "geometry": { "type": "LineString", "coordinates": [ [ -75.785499, 5.789748 ], [ -75.309596, 5.714851 ] ] } },
{ "type": "Feature", "properties": { "source": "JERICÓ", "target": "MONTEBELLO", "distance": 0.5, "betweenness": 0.00014417531718569779, "weight": 0.10014417531718571 }, "geometry": { "type": "LineString", "coordinates": [ [ -75.785499, 5.789748 ], [ -75.523455, 5.946313 ] ] } },
{ "type": "Feature", "properties": { "source": "JERICÓ", "target": "ABEJORRAL", "distance": 0.5, "betweenness": 0.00014005602240896358, "weight": 0.10014005602240897 }, "geometry": { "type": "LineString", "coordinates": [ [ -75.785499, 5.789748 ], [ -75.428739, 5.789315 ] ] } },
{ "type": "Feature", "properties": { "source": "JERICÓ", "target": "LA UNIÓN", "distance": 0.5, "betweenness": 0.00016339869281045751, "weight": 0.10016339869281046 }, "geometry": { "type": "LineString", "coordinates": [ [ -75.785499, 5.789748 ], [ -75.360874, 5.973845 ] ] } },
{ "type": "Feature", "properties": { "source": "JERICÓ", "target": "CARAMANTA", "distance": 0.5, "betweenness": 0.00014005602240896358, "weight": 0.10014005602240897 }, "geometry": { "type": "LineString", "coordinates": [ [ -75.785499, 5.789748 ], [ -75.643868, 5.54853 ] ] } },
{ "type": "Feature", "properties": { "source": "JERICÓ", "target": "JARDÍN", "distance": 0.5, "betweenness": 0.00014005602240896358, "weight": 0.10014005602240897 }, "geometry": { "type": "LineString", "coordinates": [ [ -75.785499, 5.789748 ], [ -75.818982, 5.597542 ] ] } },
{ "type": "Feature", "properties": { "source": "JERICÓ", "target": "VALPARAÍSO", "distance": 0.5, "betweenness": 0.00019418100302498001, "weight": 0.10019418100302499 }, "geometry": { "type": "LineString", "coordinates": [ [ -75.785499, 5.789748 ], [ -75.624452, 5.614555 ] ] } },
{ "type": "Feature", "properties": { "source": "JERICÓ", "target": "ARGELIA", "distance": 0.5, "betweenness": 0.0015207889614494358, "weight": 0.10152078896144943 }, "geometry": { "type": "LineString", "coordinates": [ [ -75.785499, 5.789748 ], [ -75.14107, 5.731474 ] ] } },
{ "type": "Feature", "properties": { "source": "JERICÓ", "target": "SANTA BÁRBARA", "distance": 0.5, "betweenness": 0.00014005602240896358, "weight": 0.10014005602240897 }, "geometry": { "type": "LineString", "coordinates": [ [ -75.785499, 5.789748 ], [ -75.567351, 5.875527 ] ] } },
{ "type": "Feature", "properties": { "source": "JERICÓ", "target": "LA PINTADA", "distance": 1.0, "betweenness": 0.0, "weight": 0.1 }, "geometry": { "type": "LineString", "coordinates": [ [ -75.785499, 5.789748 ], [ -75.60781, 5.743808 ] ] } },
{ "type": "Feature", "properties": { "source": "ABEJORRAL", "target": "SONSÓN", "distance": 0.5, "betweenness": 0.0004606286959228135, "weight": 0.10046062869592282 }, "geometry": { "type": "LineString", "coordinates": [ [ -75.428739, 5.789315 ], [ -75.309596, 5.714851 ] ] } },
{ "type": "Feature", "properties": { "source": "ABEJORRAL", "target": "SANTA BÁRBARA", "distance": 0.5, "betweenness": 0.00016806722689075628, "weight": 0.10016806722689076 }, "geometry": { "type": "LineString", "coordinates": [ [ -75.428739, 5.789315 ], [ -75.567351, 5.875527 ] ] } },
{ "type": "Feature", "properties": { "source": "ABEJORRAL", "target": "NARIÑO", "distance": 0.5, "betweenness": 0.00050887021475256764, "weight": 0.10050887021475258 }, "geometry": { "type": "LineString", "coordinates": [ [ -75.428739, 5.789315 ], [ -75.176262, 5.610777 ] ] } },
{ "type": "Feature", "properties": { "source": "ABEJORRAL", "target": "LA UNIÓN", "distance": 0.5, "betweenness": 0.00015406162464985996, "weight": 0.10015406162464986 }, "geometry": { "type": "LineString", "coordinates": [ [ -75.428739, 5.789315 ], [ -75.360874, 5.973845 ] ] } },
{ "type": "Feature", "properties": { "source": "ABEJORRAL", "target": "JARDÍN", "distance": 0.5, "betweenness": 0.00030012004801920766, "weight": 0.10030012004801922 }, "geometry": { "type": "LineString", "coordinates": [ [ -75.428739, 5.789315 ], [ -75.818982, 5.597542 ] ] } },
{ "type": "Feature", "properties": { "source": "ABEJORRAL", "target": "TÁMESIS", "distance": 0.5, "betweenness": 0.00053571428571428563, "weight": 0.1005357142857143 }, "geometry": { "type": "LineString", "coordinates": [ [ -75.428739, 5.789315 ], [ -75.714429, 5.664645 ] ] } },
{ "type": "Feature", "properties": { "source": "ABEJORRAL", "target": "MONTEBELLO", "distance": 0.5, "betweenness": 0.00022029272066883019, "weight": 0.10022029272066883 }, "geometry": { "type": "LineString", "coordinates": [ [ -75.428739, 5.789315 ], [ -75.523455, 5.946313 ] ] } },
{ "type": "Feature", "properties": { "source": "ABEJORRAL", "target": "SAN FRANCISCO", "distance": 0.5, "betweenness": 0.00051353874883286639, "weight": 0.10051353874883287 }, "geometry": { "type": "LineString", "coordinates": [ [ -75.428739, 5.789315 ], [ -75.101562, 5.963476 ] ] } },
{ "type": "Feature", "properties": { "source": "ABEJORRAL", "target": "ARGELIA", "distance": 0.5, "betweenness": 0.00064777308843356313, "weight": 0.10064777308843356 }, "geometry": { "type": "LineString", "coordinates": [ [ -75.428739, 5.789315 ], [ -75.14107, 5.731474 ] ] } },
{ "type": "Feature", "properties": { "source": "ABEJORRAL", "target": "CARAMANTA", "distance": 0.5, "betweenness": 0.00050770308123249293, "weight": 0.1005077030812325 }, "geometry": { "type": "LineString", "coordinates": [ [ -75.428739, 5.789315 ], [ -75.643868, 5.54853 ] ] } },
{ "type": "Feature", "properties": { "source": "ABEJORRAL", "target": "VALPARAÍSO", "distance": 0.5, "betweenness": 0.00065634540094789166, "weight": 0.10065634540094789 }, "geometry": { "type": "LineString", "coordinates": [ [ -75.428739, 5.789315 ], [ -75.624452, 5.614555 ] ] } },
{ "type": "Feature", "properties": { "source": "ABEJORRAL", "target": "PUERTO NARE", "distance": 0.5, "betweenness": 0.0012774059997297119, "weight": 0.10127740599972972 }, "geometry": { "type": "LineString", "coordinates": [ [ -75.428739, 5.789315 ], [ -74.583012, 6.186025 ] ] } },
{ "type": "Feature", "properties": { "source": "ABEJORRAL", "target": "LA PINTADA", "distance": 0.5, "betweenness": 0.00018674136321195143, "weight": 0.10018674136321196 }, "geometry": { "type": "LineString", "coordinates": [ [ -75.428739, 5.789315 ], [ -75.60781, 5.743808 ] ] } },
{ "type": "Feature", "properties": { "source": "ABEJORRAL", "target": "PUERTO TRIUNFO", "distance": 1.0, "betweenness": 1.4005602240896359e-05, "weight": 0.1000140056022409 }, "geometry": { "type": "LineString", "coordinates": [ [ -75.428739, 5.789315 ], [ -74.64119, 5.871318 ] ] } },
{ "type": "Feature", "properties": { "source": "JARDÍN", "target": "SONSÓN", "distance": 0.5, "betweenness": 0.00027561024409763905, "weight": 0.10027561024409765 }, "geometry": { "type": "LineString", "coordinates": [ [ -75.818982, 5.597542 ], [ -75.309596, 5.714851 ] ] } },
{ "type": "Feature", "properties": { "source": "JARDÍN", "target": "SANTA BÁRBARA", "distance": 0.5, "betweenness": 0.00018674136321195143, "weight": 0.10018674136321196 }, "geometry": { "type": "LineString", "coordinates": [ [ -75.818982, 5.597542 ], [ -75.567351, 5.875527 ] ] } },
{ "type": "Feature", "properties": { "source": "JARDÍN", "target": "TÁMESIS", "distance": 0.5, "betweenness": 0.00014005602240896358, "weight": 0.10014005602240897 }, "geometry": { "type": "LineString", "coordinates": [ [ -75.818982, 5.597542 ], [ -75.714429, 5.664645 ] ] } },
{ "type": "Feature", "properties": { "source": "JARDÍN", "target": "LA UNIÓN", "distance": 0.5, "betweenness": 0.00024309723889555821, "weight": 0.10024309723889556 }, "geometry": { "type": "LineString", "coordinates": [ [ -75.818982, 5.597542 ], [ -75.360874, 5.973845 ] ] } },
{ "type": "Feature", "properties": { "source": "JARDÍN", "target": "CARAMANTA", "distance": 0.5, "betweenness": 0.00014005602240896358, "weight": 0.10014005602240897 }, "geometry": { "type": "LineString", "coordinates": [ [ -75.818982, 5.597542 ], [ -75.643868, 5.54853 ] ] } },
{ "type": "Feature", "properties": { "source": "JARDÍN", "target": "NARIÑO", "distance": 0.5, "betweenness": 0.00021475256769374414, "weight": 0.10021475256769374 }, "geometry": { "type": "LineString", "coordinates": [ [ -75.818982, 5.597542 ], [ -75.176262, 5.610777 ] ] } },
{ "type": "Feature", "properties": { "source": "JARDÍN", "target": "MONTEBELLO", "distance": 0.5, "betweenness": 0.00014417531718569779, "weight": 0.10014417531718571 }, "geometry": { "type": "LineString", "coordinates": [ [ -75.818982, 5.597542 ], [ -75.523455, 5.946313 ] ] } },
{ "type": "Feature", "properties": { "source": "JARDÍN", "target": "VALPARAÍSO", "distance": 0.5, "betweenness": 0.00014488554042306579, "weight": 0.10014488554042307 }, "geometry": { "type": "LineString", "coordinates": [ [ -75.818982, 5.597542 ], [ -75.624452, 5.614555 ] ] } },
{ "type": "Feature", "properties": { "source": "JARDÍN", "target": "ARGELIA", "distance": 0.5, "betweenness": 0.00034607665228334551, "weight": 0.10034607665228334 }, "geometry": { "type": "LineString", "coordinates": [ [ -75.818982, 5.597542 ], [ -75.14107, 5.731474 ] ] } },
{ "type": "Feature", "properties": { "source": "JARDÍN", "target": "LA PINTADA", "distance": 0.5, "betweenness": 0.00014005602240896358, "weight": 0.10014005602240897 }, "geometry": { "type": "LineString", "coordinates": [ [ -75.818982, 5.597542 ], [ -75.60781, 5.743808 ] ] } },
{ "type": "Feature", "properties": { "source": "CARAMANTA", "target": "SONSÓN", "distance": 0.5, "betweenness": 0.00021825396825396825, "weight": 0.10021825396825397 }, "geometry": { "type": "LineString", "coordinates": [ [ -75.643868, 5.54853 ], [ -75.309596, 5.714851 ] ] } },
{ "type": "Feature", "properties": { "source": "CARAMANTA", "target": "LA UNIÓN", "distance": 0.5, "betweenness": 0.00023601469573336577, "weight": 0.10023601469573337 }, "geometry": { "type": "LineString", "coordinates": [ [ -75.643868, 5.54853 ], [ -75.360874, 5.973845 ] ] } },
{ "type": "Feature", "properties": { "source": "CARAMANTA", "target": "NARIÑO", "distance": 0.5, "betweenness": 0.00018674136321195143, "weight": 0.10018674136321196 }, "geometry": { "type": "LineString", "coordinates": [ [ -75.643868, 5.54853 ], [ -75.176262, 5.610777 ] ] } },
{ "type": "Feature", "properties": { "source": "CARAMANTA", "target": "SANTA BÁRBARA", "distance": 0.5, "betweenness": 0.000192830755490602, "weight": 0.10019283075549061 }, "geometry": { "type": "LineString", "coordinates": [ [ -75.643868, 5.54853 ], [ -75.567351, 5.875527 ] ] } },
{ "type": "Feature", "properties": { "source": "CARAMANTA", "target": "TÁMESIS", "distance": 0.33333333333333331, "betweenness": 0.000510204081632653, "weight": 0.10051020408163266 }, "geometry": { "type": "LineString", "coordinates": [ [ -75.643868, 5.54853 ], [ -75.714429, 5.664645 ] ] } },
{ "type": "Feature", "properties": { "source": "CARAMANTA", "target": "ARGELIA", "distance": 0.5, "betweenness": 0.00024553643619691087, "weight": 0.10024553643619692 }, "geometry": { "type": "LineString", "coordinates": [ [ -75.643868, 5.54853 ], [ -75.14107, 5.731474 ] ] } },
{ "type": "Feature", "properties": { "source": "CARAMANTA", "target": "VALPARAÍSO", "distance": 0.5, "betweenness": 0.00014488554042306579, "weight": 0.10014488554042307 }, "geometry": { "type": "LineString", "coordinates": [ [ -75.643868, 5.54853 ], [ -75.624452, 5.614555 ] ] } },
{ "type": "Feature", "properties": { "source": "CARAMANTA", "target": "MONTEBELLO", "distance": 0.5, "betweenness": 0.0001502647094643484, "weight": 0.10015026470946435 }, "geometry": { "type": "LineString", "coordinates": [ [ -75.643868, 5.54853 ], [ -75.523455, 5.946313 ] ] } },
{ "type": "Feature", "properties": { "source": "CARAMANTA", "target": "LA PINTADA", "distance": 1.0, "betweenness": 0.0, "weight": 0.1 }, "geometry": { "type": "LineString", "coordinates": [ [ -75.643868, 5.54853 ], [ -75.60781, 5.743808 ] ] } },
{ "type": "Feature", "properties": { "source": "CARAMANTA", "target": "SAN FRANCISCO", "distance": 1.0, "betweenness": 0.0, "weight": 0.1 }, "geometry": { "type": "LineString", "coordinates": [ [ -75.643868, 5.54853 ], [ -75.101562, 5.963476 ] ] } },
{ "type": "Feature", "properties": { "source": "TÁMESIS", "target": "SONSÓN", "distance": 0.5, "betweenness": 0.00018943688586545726, "weight": 0.10018943688586546 }, "geometry": { "type": "LineString", "coordinates": [ [ -75.714429, 5.664645 ], [ -75.309596, 5.714851 ] ] } },
{ "type": "Feature", "properties": { "source": "TÁMESIS", "target": "SANTA BÁRBARA", "distance": 0.5, "betweenness": 0.00021591970121381883, "weight": 0.10021591970121382 }, "geometry": { "type": "LineString", "coordinates": [ [ -75.714429, 5.664645 ], [ -75.567351, 5.875527 ] ] } },
{ "type": "Feature", "properties": { "source": "TÁMESIS", "target": "ARGELIA", "distance": 0.5, "betweenness": 0.00030952694468100629, "weight": 0.10030952694468101 }, "geometry": { "type": "LineString", "coordinates": [ [ -75.714429, 5.664645 ], [ -75.14107, 5.731474 ] ] } },
{ "type": "Feature", "properties": { "source": "TÁMESIS", "target": "LA UNIÓN", "distance": 0.5, "betweenness": 0.00019632853141256503, "weight": 0.10019632853141257 }, "geometry": { "type": "LineString", "coordinates": [ [ -75.714429, 5.664645 ], [ -75.360874, 5.973845 ] ] } },
{ "type": "Feature", "properties": { "source": "TÁMESIS", "target": "NARIÑO", "distance": 0.5, "betweenness": 0.00022192210217420298, "weight": 0.1002219221021742 }, "geometry": { "type": "LineString", "coordinates": [ [ -75.714429, 5.664645 ], [ -75.176262, 5.610777 ] ] } },
{ "type": "Feature", "properties": { "source": "TÁMESIS", "target": "MONTEBELLO", "distance": 0.5, "betweenness": 0.00014589169000933706, "weight": 0.10014589169000934 }, "geometry": { "type": "LineString", "coordinates": [ [ -75.714429, 5.664645 ], [ -75.523455, 5.946313 ] ] } },
{ "type": "Feature", "properties": { "source": "TÁMESIS", "target": "VALPARAÍSO", "distance": 0.5, "betweenness": 0.00014895070931598444, "weight": 0.100148950709316 }, "geometry": { "type": "LineString", "coordinates": [ [ -75.714429, 5.664645 ], [ -75.624452, 5.614555 ] ] } },
{ "type": "Feature", "properties": { "source": "TÁMESIS", "target": "LA PINTADA", "distance": 0.5, "betweenness": 0.00014005602240896358, "weight": 0.10014005602240897 }, "geometry": { "type": "LineString", "coordinates": [ [ -75.714429, 5.664645 ], [ -75.60781, 5.743808 ] ] } },
{ "type": "Feature", "properties": { "source": "MONTEBELLO", "target": "SONSÓN", "distance": 0.5, "betweenness": 0.00017376836379964574, "weight": 0.10017376836379965 }, "geometry": { "type": "LineString", "coordinates": [ [ -75.523455, 5.946313 ], [ -75.309596, 5.714851 ] ] } },
{ "type": "Feature", "properties": { "source": "MONTEBELLO", "target": "ARGELIA", "distance": 0.5, "betweenness": 0.00018897477124246094, "weight": 0.10018897477124247 }, "geometry": { "type": "LineString", "coordinates": [ [ -75.523455, 5.946313 ], [ -75.14107, 5.731474 ] ] } },
{ "type": "Feature", "properties": { "source": "MONTEBELLO", "target": "NARIÑO", "distance": 0.5, "betweenness": 0.00015561780267662621, "weight": 0.10015561780267664 }, "geometry": { "type": "LineString", "coordinates": [ [ -75.523455, 5.946313 ], [ -75.176262, 5.610777 ] ] } },
{ "type": "Feature", "properties": { "source": "MONTEBELLO", "target": "LA UNIÓN", "distance": 0.5, "betweenness": 0.00017020324043229111, "weight": 0.1001702032404323 }, "geometry": { "type": "LineString", "coordinates": [ [ -75.523455, 5.946313 ], [ -75.360874, 5.973845 ] ] } },
{ "type": "Feature", "properties": { "source": "MONTEBELLO", "target": "VALPARAÍSO", "distance": 0.5, "betweenness": 0.00018741241337871152, "weight": 0.10018741241337872 }, "geometry": { "type": "LineString", "coordinates": [ [ -75.523455, 5.946313 ], [ -75.624452, 5.614555 ] ] } },
{ "type": "Feature", "properties": { "source": "MONTEBELLO", "target": "SANTA BÁRBARA", "distance": 0.5, "betweenness": 0.00014417531718569779, "weight": 0.10014417531718571 }, "geometry": { "type": "LineString", "coordinates": [ [ -75.523455, 5.946313 ], [ -75.567351, 5.875527 ] ] } },
{ "type": "Feature", "properties": { "source": "MONTEBELLO", "target": "SAN FRANCISCO", "distance": 0.5, "betweenness": 0.00015392630482144549, "weight": 0.10015392630482145 }, "geometry": { "type": "LineString", "coordinates": [ [ -75.523455, 5.946313 ], [ -75.101562, 5.963476 ] ] } },
{ "type": "Feature", "properties": { "source": "MONTEBELLO", "target": "LA PINTADA", "distance": 1.0, "betweenness": 0.0, "weight": 0.1 }, "geometry": { "type": "LineString", "coordinates": [ [ -75.523455, 5.946313 ], [ -75.60781, 5.743808 ] ] } },
{ "type": "Feature", "properties": { "source": "SANTA BÁRBARA", "target": "SONSÓN", "distance": 0.5, "betweenness": 0.00016355967674426091, "weight": 0.10016355967674427 }, "geometry": { "type": "LineString", "coordinates": [ [ -75.567351, 5.875527 ], [ -75.309596, 5.714851 ] ] } },
{ "type": "Feature", "properties": { "source": "SANTA BÁRBARA", "target": "LA UNIÓN", "distance": 0.5, "betweenness": 0.00015561780267662621, "weight": 0.10015561780267664 }, "geometry": { "type": "LineString", "coordinates": [ [ -75.567351, 5.875527 ], [ -75.360874, 5.973845 ] ] } },
{ "type": "Feature", "properties": { "source": "SANTA BÁRBARA", "target": "VALPARAÍSO", "distance": 0.5, "betweenness": 0.0002696413121977673, "weight": 0.10026964131219777 }, "geometry": { "type": "LineString", "coordinates": [ [ -75.567351, 5.875527 ], [ -75.624452, 5.614555 ] ] } },
{ "type": "Feature", "properties": { "source": "SANTA BÁRBARA", "target": "SAN FRANCISCO", "distance": 0.5, "betweenness": 0.00014005602240896358, "weight": 0.10014005602240897 }, "geometry": { "type": "LineString", "coordinates": [ [ -75.567351, 5.875527 ], [ -75.101562, 5.963476 ] ] } },
{ "type": "Feature", "properties": { "source": "SANTA BÁRBARA", "target": "ARGELIA", "distance": 0.5, "betweenness": 0.00026028475976876386, "weight": 0.10026028475976877 }, "geometry": { "type": "LineString", "coordinates": [ [ -75.567351, 5.875527 ], [ -75.14107, 5.731474 ] ] } },
{ "type": "Feature", "properties": { "source": "SANTA BÁRBARA", "target": "NARIÑO", "distance": 0.5, "betweenness": 0.00020230314347961404, "weight": 0.10020230314347962 }, "geometry": { "type": "LineString", "coordinates": [ [ -75.567351, 5.875527 ], [ -75.176262, 5.610777 ] ] } },
{ "type": "Feature", "properties": { "source": "SANTA BÁRBARA", "target": "LA PINTADA", "distance": 1.0, "betweenness": 0.0, "weight": 0.1 }, "geometry": { "type": "LineString", "coordinates": [ [ -75.567351, 5.875527 ], [ -75.60781, 5.743808 ] ] } },
{ "type": "Feature", "properties": { "source": "NARIÑO", "target": "SONSÓN", "distance": 0.5, "betweenness": 0.00014005602240896358, "weight": 0.10014005602240897 }, "geometry": { "type": "LineString", "coordinates": [ [ -75.176262, 5.610777 ], [ -75.309596, 5.714851 ] ] } },
{ "type": "Feature", "properties": { "source": "NARIÑO", "target": "LA UNIÓN", "distance": 0.5, "betweenness": 0.00014005602240896358, "weight": 0.10014005602240897 }, "geometry": { "type": "LineString", "coordinates": [ [ -75.176262, 5.610777 ], [ -75.360874, 5.973845 ] ] } },
{ "type": "Feature", "properties": { "source": "NARIÑO", "target": "ARGELIA", "distance": 0.5, "betweenness": 0.00019731539339382475, "weight": 0.10019731539339383 }, "geometry": { "type": "LineString", "coordinates": [ [ -75.176262, 5.610777 ], [ -75.14107, 5.731474 ] ] } },
{ "type": "Feature", "properties": { "source": "NARIÑO", "target": "SAN FRANCISCO", "distance": 0.5, "betweenness": 0.00020074696545284779, "weight": 0.10020074696545285 }, "geometry": { "type": "LineString", "coordinates": [ [ -75.176262, 5.610777 ], [ -75.101562, 5.963476 ] ] } },
{ "type": "Feature", "properties": { "source": "NARIÑO", "target": "PUERTO TRIUNFO", "distance": 0.5, "betweenness": 0.0010889077853363568, "weight": 0.10108890778533636 }, "geometry": { "type": "LineString", "coordinates": [ [ -75.176262, 5.610777 ], [ -74.64119, 5.871318 ] ] } },
{ "type": "Feature", "properties": { "source": "NARIÑO", "target": "VALPARAÍSO", "distance": 0.5, "betweenness": 0.00021356495814700148, "weight": 0.10021356495814701 }, "geometry": { "type": "LineString", "coordinates": [ [ -75.176262, 5.610777 ], [ -75.624452, 5.614555 ] ] } },
{ "type": "Feature", "properties": { "source": "NARIÑO", "target": "PUERTO NARE", "distance": 1.0, "betweenness": 0.0, "weight": 0.1 }, "geometry": { "type": "LineString", "coordinates": [ [ -75.176262, 5.610777 ], [ -74.583012, 6.186025 ] ] } },
{ "type": "Feature", "properties": { "source": "NARIÑO", "target": "LA PINTADA", "distance": 0.5, "betweenness": 0.00016806722689075631, "weight": 0.10016806722689076 }, "geometry": { "type": "LineString", "coordinates": [ [ -75.176262, 5.610777 ], [ -75.60781, 5.743808 ] ] } },
{ "type": "Feature", "properties": { "source": "SONSÓN", "target": "LA UNIÓN", "distance": 0.5, "betweenness": 0.00014835563855171698, "weight": 0.10014835563855172 }, "geometry": { "type": "LineString", "coordinates": [ [ -75.309596, 5.714851 ], [ -75.360874, 5.973845 ] ] } },
{ "type": "Feature", "properties": { "source": "SONSÓN", "target": "ARGELIA", "distance": 0.5, "betweenness": 0.00016833493636113996, "weight": 0.10016833493636114 }, "geometry": { "type": "LineString", "coordinates": [ [ -75.309596, 5.714851 ], [ -75.14107, 5.731474 ] ] } },
{ "type": "Feature", "properties": { "source": "SONSÓN", "target": "SAN FRANCISCO", "distance": 0.5, "betweenness": 0.00016184251478369125, "weight": 0.1001618425147837 }, "geometry": { "type": "LineString", "coordinates": [ [ -75.309596, 5.714851 ], [ -75.101562, 5.963476 ] ] } },
{ "type": "Feature", "properties": { "source": "SONSÓN", "target": "VALPARAÍSO", "distance": 0.5, "betweenness": 0.00022549024389304436, "weight": 0.10022549024389305 }, "geometry": { "type": "LineString", "coordinates": [ [ -75.309596, 5.714851 ], [ -75.624452, 5.614555 ] ] } },
{ "type": "Feature", "properties": { "source": "SONSÓN", "target": "LA PINTADA", "distance": 0.5, "betweenness": 0.00016806722689075631, "weight": 0.10016806722689076 }, "geometry": { "type": "LineString", "coordinates": [ [ -75.309596, 5.714851 ], [ -75.60781, 5.743808 ] ] } },
{ "type": "Feature", "properties": { "source": "SONSÓN", "target": "PUERTO NARE", "distance": 0.5, "betweenness": 0.00035933506765317751, "weight": 0.10035933506765318 }, "geometry": { "type": "LineString", "coordinates": [ [ -75.309596, 5.714851 ], [ -74.583012, 6.186025 ] ] } },
{ "type": "Feature", "properties": { "source": "SONSÓN", "target": "PUERTO TRIUNFO", "distance": 0.5, "betweenness": 0.0010448623894002043, "weight": 0.10104486238940021 }, "geometry": { "type": "LineString", "coordinates": [ [ -75.309596, 5.714851 ], [ -74.64119, 5.871318 ] ] } },
{ "type": "Feature", "properties": { "source": "LA UNIÓN", "target": "ARGELIA", "distance": 0.5, "betweenness": 0.00018667560596231374, "weight": 0.10018667560596232 }, "geometry": { "type": "LineString", "coordinates": [ [ -75.360874, 5.973845 ], [ -75.14107, 5.731474 ] ] } },
{ "type": "Feature", "properties": { "source": "LA UNIÓN", "target": "SAN FRANCISCO", "distance": 0.5, "betweenness": 0.00015406162464985996, "weight": 0.10015406162464986 }, "geometry": { "type": "LineString", "coordinates": [ [ -75.360874, 5.973845 ], [ -75.101562, 5.963476 ] ] } },
{ "type": "Feature", "properties": { "source": "LA UNIÓN", "target": "VALPARAÍSO", "distance": 0.5, "betweenness": 0.00026396759135376775, "weight": 0.10026396759135377 }, "geometry": { "type": "LineString", "coordinates": [ [ -75.360874, 5.973845 ], [ -75.624452, 5.614555 ] ] } },
{ "type": "Feature", "properties": { "source": "LA UNIÓN", "target": "LA PINTADA", "distance": 0.5, "betweenness": 0.00016806722689075631, "weight": 0.10016806722689076 }, "geometry": { "type": "LineString", "coordinates": [ [ -75.360874, 5.973845 ], [ -75.60781, 5.743808 ] ] } },
{ "type": "Feature", "properties": { "source": "LA UNIÓN", "target": "PUERTO NARE", "distance": 0.5, "betweenness": 0.00046338957190254228, "weight": 0.10046338957190255 }, "geometry": { "type": "LineString", "coordinates": [ [ -75.360874, 5.973845 ], [ -74.583012, 6.186025 ] ] } },
{ "type": "Feature", "properties": { "source": "LA UNIÓN", "target": "PUERTO TRIUNFO", "distance": 0.5, "betweenness": 0.0033795184740562888, "weight": 0.1033795184740563 }, "geometry": { "type": "LineString", "coordinates": [ [ -75.360874, 5.973845 ], [ -74.64119, 5.871318 ] ] } },
{ "type": "Feature", "properties": { "source": "ARGELIA", "target": "PUERTO TRIUNFO", "distance": 0.5, "betweenness": 0.00054833044328842645, "weight": 0.10054833044328843 }, "geometry": { "type": "LineString", "coordinates": [ [ -75.14107, 5.731474 ], [ -74.64119, 5.871318 ] ] } },
{ "type": "Feature", "properties": { "source": "ARGELIA", "target": "SAN FRANCISCO", "distance": 0.5, "betweenness": 0.0001743991404203315, "weight": 0.10017439914042034 }, "geometry": { "type": "LineString", "coordinates": [ [ -75.14107, 5.731474 ], [ -75.101562, 5.963476 ] ] } },
{ "type": "Feature", "properties": { "source": "ARGELIA", "target": "VALPARAÍSO", "distance": 0.5, "betweenness": 0.00020859768408788013, "weight": 0.10020859768408788 }, "geometry": { "type": "LineString", "coordinates": [ [ -75.14107, 5.731474 ], [ -75.624452, 5.614555 ] ] } },
{ "type": "Feature", "properties": { "source": "ARGELIA", "target": "PUERTO NARE", "distance": 0.5, "betweenness": 0.00025277754931572977, "weight": 0.10025277754931573 }, "geometry": { "type": "LineString", "coordinates": [ [ -75.14107, 5.731474 ], [ -74.583012, 6.186025 ] ] } },
{ "type": "Feature", "properties": { "source": "ARGELIA", "target": "LA PINTADA", "distance": 1.0, "betweenness": 0.0, "weight": 0.1 }, "geometry": { "type": "LineString", "coordinates": [ [ -75.14107, 5.731474 ], [ -75.60781, 5.743808 ] ] } },
{ "type": "Feature", "properties": { "source": "PUERTO BERRÍO", "target": "SAN FRANCISCO", "distance": 1.0, "betweenness": 1.2732365673542144e-05, "weight": 0.10001273236567355 }, "geometry": { "type": "LineString", "coordinates": [ [ -74.410016, 6.487028 ], [ -75.101562, 5.963476 ] ] } },
{ "type": "Feature", "properties": { "source": "PUERTO BERRÍO", "target": "PUERTO NARE", "distance": 1.0, "betweenness": 1.1671335200746965e-05, "weight": 0.10001167133520075 }, "geometry": { "type": "LineString", "coordinates": [ [ -74.410016, 6.487028 ], [ -74.583012, 6.186025 ] ] } },
{ "type": "Feature", "properties": { "source": "SAN FRANCISCO", "target": "PUERTO TRIUNFO", "distance": 1.0, "betweenness": 1.4005602240896359e-05, "weight": 0.1000140056022409 }, "geometry": { "type": "LineString", "coordinates": [ [ -75.101562, 5.963476 ], [ -74.64119, 5.871318 ] ] } },
{ "type": "Feature", "properties": { "source": "SAN FRANCISCO", "target": "PUERTO NARE", "distance": 0.5, "betweenness": 0.00022821332957286651, "weight": 0.10022821332957287 }, "geometry": { "type": "LineString", "coordinates": [ [ -75.101562, 5.963476 ], [ -74.583012, 6.186025 ] ] } },
{ "type": "Feature", "properties": { "source": "SEGOVIA", "target": "EL BAGRE", "distance": 1.0, "betweenness": 0.00061644158862143405, "weight": 0.10061644158862144 }, "geometry": { "type": "LineString", "coordinates": [ [ -74.701596, 7.079648 ], [ -74.799097, 7.5975 ] ] } },
{ "type": "Feature", "properties": { "source": "PUERTO NARE", "target": "PUERTO TRIUNFO", "distance": 1.0, "betweenness": 1.5561780267662617e-05, "weight": 0.10001556178026767 }, "geometry": { "type": "LineString", "coordinates": [ [ -74.583012, 6.186025 ], [ -74.64119, 5.871318 ] ] } }
]
}
