{
"type": "FeatureCollection",
"name": "fig2_undirected_Pperuviana_25km_10steps_10reps_municipalities_network_v2_edges",
"crs": { "type": "name", "properties": { "name": "urn:ogc:def:crs:OGC:1.3:CRS84" } },
"features": [
{ "type": "Feature", "properties": { "source": "ITUANGO", "target": "BRICEÑO", "distance": 0.5, "betweenness": 0.0031531531531531535, "weight": 0.10315315315315315 }, "geometry": { "type": "LineString", "coordinates": [ [ -75.764673, 7.171629 ], [ -75.55036, 7.112803 ] ] } },
{ "type": "Feature", "properties": { "source": "ITUANGO", "target": "TARAZÁ", "distance": 0.5, "betweenness": 0.0072393822393822388, "weight": 0.10723938223938224 }, "geometry": { "type": "LineString", "coordinates": [ [ -75.764673, 7.171629 ], [ -75.401407, 7.580127 ] ] } },
{ "type": "Feature", "properties": { "source": "ITUANGO", "target": "VALDIVIA", "distance": 0.5, "betweenness": 0.002010939510939511, "weight": 0.10201093951093952 }, "geometry": { "type": "LineString", "coordinates": [ [ -75.764673, 7.171629 ], [ -75.439274, 7.1652 ] ] } },
{ "type": "Feature", "properties": { "source": "ITUANGO", "target": "PEQUE", "distance": 0.5, "betweenness": 0.00037537537537537532, "weight": 0.10037537537537539 }, "geometry": { "type": "LineString", "coordinates": [ [ -75.764673, 7.171629 ], [ -75.910357, 7.021029 ] ] } },
{ "type": "Feature", "properties": { "source": "ITUANGO", "target": "TOLEDO", "distance": 0.5, "betweenness": 0.0020913770913770914, "weight": 0.1020913770913771 }, "geometry": { "type": "LineString", "coordinates": [ [ -75.764673, 7.171629 ], [ -75.692281, 7.010328 ] ] } },
{ "type": "Feature", "properties": { "source": "ITUANGO", "target": "YARUMAL", "distance": 0.33333333333333331, "betweenness": 0.022093522093522094, "weight": 0.1220935220935221 }, "geometry": { "type": "LineString", "coordinates": [ [ -75.764673, 7.171629 ], [ -75.418828, 6.963832 ] ] } },
{ "type": "Feature", "properties": { "source": "ITUANGO", "target": "DABEIBA", "distance": 0.5, "betweenness": 0.00052820677820677813, "weight": 0.10052820677820679 }, "geometry": { "type": "LineString", "coordinates": [ [ -75.764673, 7.171629 ], [ -76.261614, 6.998112 ] ] } },
{ "type": "Feature", "properties": { "source": "ITUANGO", "target": "SAN ANDRÉS DE CUERQUÍA", "distance": 0.5, "betweenness": 0.0033783783783783781, "weight": 0.10337837837837838 }, "geometry": { "type": "LineString", "coordinates": [ [ -75.764673, 7.171629 ], [ -75.674564, 6.916676 ] ] } },
{ "type": "Feature", "properties": { "source": "ITUANGO", "target": "SABANALARGA", "distance": 0.5, "betweenness": 0.00032175032175032174, "weight": 0.10032175032175032 }, "geometry": { "type": "LineString", "coordinates": [ [ -75.764673, 7.171629 ], [ -75.816645, 6.850028 ] ] } },
{ "type": "Feature", "properties": { "source": "ITUANGO", "target": "MUTATÁ", "distance": 0.25, "betweenness": 0.033668489918489919, "weight": 0.13366848991848992 }, "geometry": { "type": "LineString", "coordinates": [ [ -75.764673, 7.171629 ], [ -76.435875, 7.242875 ] ] } },
{ "type": "Feature", "properties": { "source": "ITUANGO", "target": "URAMITA", "distance": 0.083333333333333329, "betweenness": 0.017294079794079792, "weight": 0.1172940797940798 }, "geometry": { "type": "LineString", "coordinates": [ [ -75.764673, 7.171629 ], [ -76.173284, 6.898393 ] ] } },
{ "type": "Feature", "properties": { "source": "ITUANGO", "target": "BURITICÁ", "distance": 0.25, "betweenness": 0.013513513513513513, "weight": 0.11351351351351352 }, "geometry": { "type": "LineString", "coordinates": [ [ -75.764673, 7.171629 ], [ -75.907, 6.720759 ] ] } },
{ "type": "Feature", "properties": { "source": "ITUANGO", "target": "CAÑASGORDAS", "distance": 0.16666666666666666, "betweenness": 0.066339553839553825, "weight": 0.16633955383955384 }, "geometry": { "type": "LineString", "coordinates": [ [ -75.764673, 7.171629 ], [ -76.028228, 6.753859 ] ] } },
{ "type": "Feature", "properties": { "source": "ITUANGO", "target": "CAMPAMENTO", "distance": 1.0, "betweenness": 0.0, "weight": 0.1 }, "geometry": { "type": "LineString", "coordinates": [ [ -75.764673, 7.171629 ], [ -75.298091, 6.979771 ] ] } },
{ "type": "Feature", "properties": { "source": "ITUANGO", "target": "ANORÍ", "distance": 0.5, "betweenness": 0.0080973830973830978, "weight": 0.10809738309738311 }, "geometry": { "type": "LineString", "coordinates": [ [ -75.764673, 7.171629 ], [ -75.148355, 7.074703 ] ] } },
{ "type": "Feature", "properties": { "source": "BRICEÑO", "target": "YARUMAL", "distance": 0.5, "betweenness": 0.00048262548262548264, "weight": 0.10048262548262549 }, "geometry": { "type": "LineString", "coordinates": [ [ -75.55036, 7.112803 ], [ -75.418828, 6.963832 ] ] } },
{ "type": "Feature", "properties": { "source": "BRICEÑO", "target": "VALDIVIA", "distance": 0.5, "betweenness": 0.00016087516087516087, "weight": 0.10016087516087517 }, "geometry": { "type": "LineString", "coordinates": [ [ -75.55036, 7.112803 ], [ -75.439274, 7.1652 ] ] } },
{ "type": "Feature", "properties": { "source": "BRICEÑO", "target": "TOLEDO", "distance": 0.33333333333333331, "betweenness": 0.00048262548262548264, "weight": 0.10048262548262549 }, "geometry": { "type": "LineString", "coordinates": [ [ -75.55036, 7.112803 ], [ -75.692281, 7.010328 ] ] } },
{ "type": "Feature", "properties": { "source": "BRICEÑO", "target": "SANTA ROSA DE OSOS", "distance": 0.5, "betweenness": 0.0021718146718146718, "weight": 0.10217181467181467 }, "geometry": { "type": "LineString", "coordinates": [ [ -75.55036, 7.112803 ], [ -75.460723, 6.643366 ] ] } },
{ "type": "Feature", "properties": { "source": "BRICEÑO", "target": "SABANALARGA", "distance": 0.5, "betweenness": 0.0013191763191763191, "weight": 0.10131917631917632 }, "geometry": { "type": "LineString", "coordinates": [ [ -75.55036, 7.112803 ], [ -75.816645, 6.850028 ] ] } },
{ "type": "Feature", "properties": { "source": "BRICEÑO", "target": "SAN ANDRÉS DE CUERQUÍA", "distance": 0.5, "betweenness": 0.00096525096525096527, "weight": 0.10096525096525097 }, "geometry": { "type": "LineString", "coordinates": [ [ -75.55036, 7.112803 ], [ -75.674564, 6.916676 ] ] } },
{ "type": "Feature", "properties": { "source": "BRICEÑO", "target": "PEQUE", "distance": 0.5, "betweenness": 0.00056842556842556834, "weight": 0.10056842556842557 }, "geometry": { "type": "LineString", "coordinates": [ [ -75.55036, 7.112803 ], [ -75.910357, 7.021029 ] ] } },
{ "type": "Feature", "properties": { "source": "BRICEÑO", "target": "SAN JOSÉ DE LA MONTAÑA", "distance": 0.5, "betweenness": 0.00012065637065637066, "weight": 0.10012065637065638 }, "geometry": { "type": "LineString", "coordinates": [ [ -75.55036, 7.112803 ], [ -75.683352, 6.85009 ] ] } },
{ "type": "Feature", "properties": { "source": "BRICEÑO", "target": "ANGOSTURA", "distance": 0.33333333333333331, "betweenness": 0.016087516087516088, "weight": 0.11608751608751609 }, "geometry": { "type": "LineString", "coordinates": [ [ -75.55036, 7.112803 ], [ -75.335116, 6.885175 ] ] } },
{ "type": "Feature", "properties": { "source": "BRICEÑO", "target": "CAMPAMENTO", "distance": 0.5, "betweenness": 0.00016087516087516087, "weight": 0.10016087516087517 }, "geometry": { "type": "LineString", "coordinates": [ [ -75.55036, 7.112803 ], [ -75.298091, 6.979771 ] ] } },
{ "type": "Feature", "properties": { "source": "BRICEÑO", "target": "TARAZÁ", "distance": 0.25, "betweenness": 0.0085666023166023168, "weight": 0.10856660231660233 }, "geometry": { "type": "LineString", "coordinates": [ [ -75.55036, 7.112803 ], [ -75.401407, 7.580127 ] ] } },
{ "type": "Feature", "properties": { "source": "BRICEÑO", "target": "ANORÍ", "distance": 0.5, "betweenness": 0.00021450021450021448, "weight": 0.10021450021450022 }, "geometry": { "type": "LineString", "coordinates": [ [ -75.55036, 7.112803 ], [ -75.148355, 7.074703 ] ] } },
{ "type": "Feature", "properties": { "source": "TARAZÁ", "target": "VALDIVIA", "distance": 0.5, "betweenness": 0.00024131274131274132, "weight": 0.10024131274131275 }, "geometry": { "type": "LineString", "coordinates": [ [ -75.401407, 7.580127 ], [ -75.439274, 7.1652 ] ] } },
{ "type": "Feature", "properties": { "source": "TARAZÁ", "target": "YARUMAL", "distance": 0.5, "betweenness": 0.0016355641355641356, "weight": 0.10163556413556414 }, "geometry": { "type": "LineString", "coordinates": [ [ -75.401407, 7.580127 ], [ -75.418828, 6.963832 ] ] } },
{ "type": "Feature", "properties": { "source": "TARAZÁ", "target": "ANORÍ", "distance": 0.5, "betweenness": 0.00058987558987558979, "weight": 0.1005898755898756 }, "geometry": { "type": "LineString", "coordinates": [ [ -75.401407, 7.580127 ], [ -75.148355, 7.074703 ] ] } },
{ "type": "Feature", "properties": { "source": "TARAZÁ", "target": "CÁCERES", "distance": 1.0, "betweenness": 0.0041827541827541828, "weight": 0.10418275418275419 }, "geometry": { "type": "LineString", "coordinates": [ [ -75.401407, 7.580127 ], [ -75.35205, 7.578366 ] ] } },
{ "type": "Feature", "properties": { "source": "TARAZÁ", "target": "CAMPAMENTO", "distance": 0.5, "betweenness": 0.0034454096954096951, "weight": 0.1034454096954097 }, "geometry": { "type": "LineString", "coordinates": [ [ -75.401407, 7.580127 ], [ -75.298091, 6.979771 ] ] } },
{ "type": "Feature", "properties": { "source": "VALDIVIA", "target": "YARUMAL", "distance": 0.33333333333333331, "betweenness": 0.0016891891891891891, "weight": 0.10168918918918919 }, "geometry": { "type": "LineString", "coordinates": [ [ -75.439274, 7.1652 ], [ -75.418828, 6.963832 ] ] } },
{ "type": "Feature", "properties": { "source": "VALDIVIA", "target": "ANORÍ", "distance": 0.5, "betweenness": 0.00024131274131274132, "weight": 0.10024131274131275 }, "geometry": { "type": "LineString", "coordinates": [ [ -75.439274, 7.1652 ], [ -75.148355, 7.074703 ] ] } },
{ "type": "Feature", "properties": { "source": "VALDIVIA", "target": "CAMPAMENTO", "distance": 0.5, "betweenness": 0.00016087516087516087, "weight": 0.10016087516087517 }, "geometry": { "type": "LineString", "coordinates": [ [ -75.439274, 7.1652 ], [ -75.298091, 6.979771 ] ] } },
{ "type": "Feature", "properties": { "source": "VALDIVIA", "target": "SAN ANDRÉS DE CUERQUÍA", "distance": 0.33333333333333331, "betweenness": 0.009974259974259974, "weight": 0.10997425997425998 }, "geometry": { "type": "LineString", "coordinates": [ [ -75.439274, 7.1652 ], [ -75.674564, 6.916676 ] ] } },
{ "type": "Feature", "properties": { "source": "VALDIVIA", "target": "TOLEDO", "distance": 0.33333333333333331, "betweenness": 0.0021718146718146718, "weight": 0.10217181467181467 }, "geometry": { "type": "LineString", "coordinates": [ [ -75.439274, 7.1652 ], [ -75.692281, 7.010328 ] ] } },
{ "type": "Feature", "properties": { "source": "VALDIVIA", "target": "ANGOSTURA", "distance": 0.5, "betweenness": 0.00024131274131274132, "weight": 0.10024131274131275 }, "geometry": { "type": "LineString", "coordinates": [ [ -75.439274, 7.1652 ], [ -75.335116, 6.885175 ] ] } },
{ "type": "Feature", "properties": { "source": "VALDIVIA", "target": "SANTA ROSA DE OSOS", "distance": 0.5, "betweenness": 0.00096525096525096527, "weight": 0.10096525096525097 }, "geometry": { "type": "LineString", "coordinates": [ [ -75.439274, 7.1652 ], [ -75.460723, 6.643366 ] ] } },
{ "type": "Feature", "properties": { "source": "PEQUE", "target": "DABEIBA", "distance": 0.5, "betweenness": 0.00083655083655083656, "weight": 0.10083655083655084 }, "geometry": { "type": "LineString", "coordinates": [ [ -75.910357, 7.021029 ], [ -76.261614, 6.998112 ] ] } },
{ "type": "Feature", "properties": { "source": "PEQUE", "target": "TOLEDO", "distance": 0.33333333333333331, "betweenness": 0.0007239382239382239, "weight": 0.10072393822393823 }, "geometry": { "type": "LineString", "coordinates": [ [ -75.910357, 7.021029 ], [ -75.692281, 7.010328 ] ] } },
{ "type": "Feature", "properties": { "source": "PEQUE", "target": "BURITICÁ", "distance": 0.5, "betweenness": 0.00016087516087516087, "weight": 0.10016087516087517 }, "geometry": { "type": "LineString", "coordinates": [ [ -75.910357, 7.021029 ], [ -75.907, 6.720759 ] ] } },
{ "type": "Feature", "properties": { "source": "PEQUE", "target": "CAÑASGORDAS", "distance": 0.5, "betweenness": 0.0026544401544401543, "weight": 0.10265444015444015 }, "geometry": { "type": "LineString", "coordinates": [ [ -75.910357, 7.021029 ], [ -76.028228, 6.753859 ] ] } },
{ "type": "Feature", "properties": { "source": "PEQUE", "target": "URAMITA", "distance": 0.5, "betweenness": 0.00016087516087516087, "weight": 0.10016087516087517 }, "geometry": { "type": "LineString", "coordinates": [ [ -75.910357, 7.021029 ], [ -76.173284, 6.898393 ] ] } },
{ "type": "Feature", "properties": { "source": "PEQUE", "target": "SABANALARGA", "distance": 0.5, "betweenness": 0.00048262548262548264, "weight": 0.10048262548262549 }, "geometry": { "type": "LineString", "coordinates": [ [ -75.910357, 7.021029 ], [ -75.816645, 6.850028 ] ] } },
{ "type": "Feature", "properties": { "source": "PEQUE", "target": "SAN ANDRÉS DE CUERQUÍA", "distance": 0.33333333333333331, "betweenness": 0.0073198198198198196, "weight": 0.10731981981981982 }, "geometry": { "type": "LineString", "coordinates": [ [ -75.910357, 7.021029 ], [ -75.674564, 6.916676 ] ] } },
{ "type": "Feature", "properties": { "source": "PEQUE", "target": "YARUMAL", "distance": 0.5, "betweenness": 0.0013406263406263406, "weight": 0.10134062634062635 }, "geometry": { "type": "LineString", "coordinates": [ [ -75.910357, 7.021029 ], [ -75.418828, 6.963832 ] ] } },
{ "type": "Feature", "properties": { "source": "PEQUE", "target": "SAN JOSÉ DE LA MONTAÑA", "distance": 0.5, "betweenness": 0.00016087516087516087, "weight": 0.10016087516087517 }, "geometry": { "type": "LineString", "coordinates": [ [ -75.910357, 7.021029 ], [ -75.683352, 6.85009 ] ] } },
{ "type": "Feature", "properties": { "source": "PEQUE", "target": "LIBORINA", "distance": 0.5, "betweenness": 0.00016087516087516087, "weight": 0.10016087516087517 }, "geometry": { "type": "LineString", "coordinates": [ [ -75.910357, 7.021029 ], [ -75.812838, 6.677316 ] ] } },
{ "type": "Feature", "properties": { "source": "PEQUE", "target": "BELMIRA", "distance": 0.5, "betweenness": 0.0027348777348777348, "weight": 0.10273487773487774 }, "geometry": { "type": "LineString", "coordinates": [ [ -75.910357, 7.021029 ], [ -75.667779, 6.606319 ] ] } },
{ "type": "Feature", "properties": { "source": "PEQUE", "target": "GIRALDO", "distance": 0.5, "betweenness": 0.00024131274131274132, "weight": 0.10024131274131275 }, "geometry": { "type": "LineString", "coordinates": [ [ -75.910357, 7.021029 ], [ -75.952158, 6.680808 ] ] } },
{ "type": "Feature", "properties": { "source": "TOLEDO", "target": "SAN ANDRÉS DE CUERQUÍA", "distance": 0.5, "betweenness": 0.00016087516087516087, "weight": 0.10016087516087517 }, "geometry": { "type": "LineString", "coordinates": [ [ -75.692281, 7.010328 ], [ -75.674564, 6.916676 ] ] } },
{ "type": "Feature", "properties": { "source": "TOLEDO", "target": "SABANALARGA", "distance": 0.5, "betweenness": 0.00032175032175032174, "weight": 0.10032175032175032 }, "geometry": { "type": "LineString", "coordinates": [ [ -75.692281, 7.010328 ], [ -75.816645, 6.850028 ] ] } },
{ "type": "Feature", "properties": { "source": "TOLEDO", "target": "SAN JOSÉ DE LA MONTAÑA", "distance": 0.5, "betweenness": 0.0, "weight": 0.1 }, "geometry": { "type": "LineString", "coordinates": [ [ -75.692281, 7.010328 ], [ -75.683352, 6.85009 ] ] } },
{ "type": "Feature", "properties": { "source": "TOLEDO", "target": "YARUMAL", "distance": 0.5, "betweenness": 0.00032175032175032174, "weight": 0.10032175032175032 }, "geometry": { "type": "LineString", "coordinates": [ [ -75.692281, 7.010328 ], [ -75.418828, 6.963832 ] ] } },
{ "type": "Feature", "properties": { "source": "TOLEDO", "target": "BURITICÁ", "distance": 0.5, "betweenness": 0.0, "weight": 0.1 }, "geometry": { "type": "LineString", "coordinates": [ [ -75.692281, 7.010328 ], [ -75.907, 6.720759 ] ] } },
{ "type": "Feature", "properties": { "source": "TOLEDO", "target": "SANTA ROSA DE OSOS", "distance": 0.33333333333333331, "betweenness": 0.0025740025740025739, "weight": 0.10257400257400258 }, "geometry": { "type": "LineString", "coordinates": [ [ -75.692281, 7.010328 ], [ -75.460723, 6.643366 ] ] } },
{ "type": "Feature", "properties": { "source": "TOLEDO", "target": "LIBORINA", "distance": 0.5, "betweenness": 0.00016087516087516087, "weight": 0.10016087516087517 }, "geometry": { "type": "LineString", "coordinates": [ [ -75.692281, 7.010328 ], [ -75.812838, 6.677316 ] ] } },
{ "type": "Feature", "properties": { "source": "TOLEDO", "target": "BELMIRA", "distance": 0.2, "betweenness": 0.014157014157014156, "weight": 0.11415701415701417 }, "geometry": { "type": "LineString", "coordinates": [ [ -75.692281, 7.010328 ], [ -75.667779, 6.606319 ] ] } },
{ "type": "Feature", "properties": { "source": "YARUMAL", "target": "CAMPAMENTO", "distance": 0.5, "betweenness": 0.0011261261261261261, "weight": 0.10112612612612613 }, "geometry": { "type": "LineString", "coordinates": [ [ -75.418828, 6.963832 ], [ -75.298091, 6.979771 ] ] } },
{ "type": "Feature", "properties": { "source": "YARUMAL", "target": "SAN ANDRÉS DE CUERQUÍA", "distance": 0.33333333333333331, "betweenness": 0.0028957528957528956, "weight": 0.1028957528957529 }, "geometry": { "type": "LineString", "coordinates": [ [ -75.418828, 6.963832 ], [ -75.674564, 6.916676 ] ] } },
{ "type": "Feature", "properties": { "source": "YARUMAL", "target": "ANGOSTURA", "distance": 0.5, "betweenness": 0.0, "weight": 0.1 }, "geometry": { "type": "LineString", "coordinates": [ [ -75.418828, 6.963832 ], [ -75.335116, 6.885175 ] ] } },
{ "type": "Feature", "properties": { "source": "YARUMAL", "target": "ANORÍ", "distance": 0.5, "betweenness": 0.00053625053625053621, "weight": 0.10053625053625054 }, "geometry": { "type": "LineString", "coordinates": [ [ -75.418828, 6.963832 ], [ -75.148355, 7.074703 ] ] } },
{ "type": "Feature", "properties": { "source": "YARUMAL", "target": "SANTA ROSA DE OSOS", "distance": 0.5, "betweenness": 0.00048262548262548264, "weight": 0.10048262548262549 }, "geometry": { "type": "LineString", "coordinates": [ [ -75.418828, 6.963832 ], [ -75.460723, 6.643366 ] ] } },
{ "type": "Feature", "properties": { "source": "YARUMAL", "target": "GUADALUPE", "distance": 0.5, "betweenness": 0.0029493779493779491, "weight": 0.10294937794937796 }, "geometry": { "type": "LineString", "coordinates": [ [ -75.418828, 6.963832 ], [ -75.239862, 6.815069 ] ] } },
{ "type": "Feature", "properties": { "source": "YARUMAL", "target": "BELMIRA", "distance": 0.33333333333333331, "betweenness": 0.0064350064350064346, "weight": 0.10643500643500645 }, "geometry": { "type": "LineString", "coordinates": [ [ -75.418828, 6.963832 ], [ -75.667779, 6.606319 ] ] } },
{ "type": "Feature", "properties": { "source": "YARUMAL", "target": "SAN JOSÉ DE LA MONTAÑA", "distance": 0.33333333333333331, "betweenness": 0.0010456885456885457, "weight": 0.10104568854568854 }, "geometry": { "type": "LineString", "coordinates": [ [ -75.418828, 6.963832 ], [ -75.683352, 6.85009 ] ] } },
{ "type": "Feature", "properties": { "source": "YARUMAL", "target": "CAROLINA", "distance": 0.2, "betweenness": 0.0084459459459459464, "weight": 0.10844594594594595 }, "geometry": { "type": "LineString", "coordinates": [ [ -75.418828, 6.963832 ], [ -75.283192, 6.725995 ] ] } },
{ "type": "Feature", "properties": { "source": "YARUMAL", "target": "SABANALARGA", "distance": 0.5, "betweenness": 0.00032175032175032174, "weight": 0.10032175032175032 }, "geometry": { "type": "LineString", "coordinates": [ [ -75.418828, 6.963832 ], [ -75.816645, 6.850028 ] ] } },
{ "type": "Feature", "properties": { "source": "YARUMAL", "target": "LIBORINA", "distance": 0.25, "betweenness": 0.0044240669240669236, "weight": 0.10442406692406693 }, "geometry": { "type": "LineString", "coordinates": [ [ -75.418828, 6.963832 ], [ -75.812838, 6.677316 ] ] } },
{ "type": "Feature", "properties": { "source": "YARUMAL", "target": "ENTRERRÍOS", "distance": 0.5, "betweenness": 0.0, "weight": 0.1 }, "geometry": { "type": "LineString", "coordinates": [ [ -75.418828, 6.963832 ], [ -75.517685, 6.566273 ] ] } },
{ "type": "Feature", "properties": { "source": "YARUMAL", "target": "GÓMEZ PLATA", "distance": 0.5, "betweenness": 0.0030298155298155295, "weight": 0.10302981552981554 }, "geometry": { "type": "LineString", "coordinates": [ [ -75.418828, 6.963832 ], [ -75.220018, 6.683269 ] ] } },
{ "type": "Feature", "properties": { "source": "YARUMAL", "target": "AMALFI", "distance": 0.33333333333333331, "betweenness": 0.011636636636636638, "weight": 0.11163663663663664 }, "geometry": { "type": "LineString", "coordinates": [ [ -75.418828, 6.963832 ], [ -75.077501, 6.909655 ] ] } },
{ "type": "Feature", "properties": { "source": "DABEIBA", "target": "URAMITA", "distance": 0.5, "betweenness": 0.00024131274131274132, "weight": 0.10024131274131275 }, "geometry": { "type": "LineString", "coordinates": [ [ -76.261614, 6.998112 ], [ -76.173284, 6.898393 ] ] } },
{ "type": "Feature", "properties": { "source": "DABEIBA", "target": "MUTATÁ", "distance": 0.25, "betweenness": 0.0027804590304590293, "weight": 0.10278045903045903 }, "geometry": { "type": "LineString", "coordinates": [ [ -76.261614, 6.998112 ], [ -76.435875, 7.242875 ] ] } },
{ "type": "Feature", "properties": { "source": "DABEIBA", "target": "BURITICÁ", "distance": 0.33333333333333331, "betweenness": 0.0062473187473187468, "weight": 0.10624731874731876 }, "geometry": { "type": "LineString", "coordinates": [ [ -76.261614, 6.998112 ], [ -75.907, 6.720759 ] ] } },
{ "type": "Feature", "properties": { "source": "DABEIBA", "target": "CAÑASGORDAS", "distance": 0.33333333333333331, "betweenness": 0.0034373659373659366, "weight": 0.10343736593736594 }, "geometry": { "type": "LineString", "coordinates": [ [ -76.261614, 6.998112 ], [ -76.028228, 6.753859 ] ] } },
{ "type": "Feature", "properties": { "source": "DABEIBA", "target": "SABANALARGA", "distance": 0.5, "betweenness": 0.002820677820677821, "weight": 0.10282067782067783 }, "geometry": { "type": "LineString", "coordinates": [ [ -76.261614, 6.998112 ], [ -75.816645, 6.850028 ] ] } },
{ "type": "Feature", "properties": { "source": "DABEIBA", "target": "FRONTINO", "distance": 0.5, "betweenness": 0.00056306306306306306, "weight": 0.10056306306306306 }, "geometry": { "type": "LineString", "coordinates": [ [ -76.261614, 6.998112 ], [ -76.130765, 6.776066 ] ] } },
{ "type": "Feature", "properties": { "source": "DABEIBA", "target": "MURINDÓ", "distance": 0.5, "betweenness": 0.0061668811668811668, "weight": 0.10616688116688117 }, "geometry": { "type": "LineString", "coordinates": [ [ -76.261614, 6.998112 ], [ -76.817485, 6.97771 ] ] } },
{ "type": "Feature", "properties": { "source": "DABEIBA", "target": "ABRIAQUÍ", "distance": 0.25, "betweenness": 0.011314886314886316, "weight": 0.11131488631488633 }, "geometry": { "type": "LineString", "coordinates": [ [ -76.261614, 6.998112 ], [ -76.064304, 6.632282 ] ] } },
{ "type": "Feature", "properties": { "source": "DABEIBA", "target": "VIGÍA DEL FUERTE", "distance": 0.5, "betweenness": 0.0023326898326898327, "weight": 0.10233268983268984 }, "geometry": { "type": "LineString", "coordinates": [ [ -76.261614, 6.998112 ], [ -76.896004, 6.588164 ] ] } },
{ "type": "Feature", "properties": { "source": "ANORÍ", "target": "AMALFI", "distance": 0.5, "betweenness": 0.00091162591162591148, "weight": 0.10091162591162592 }, "geometry": { "type": "LineString", "coordinates": [ [ -75.148355, 7.074703 ], [ -75.077501, 6.909655 ] ] } },
{ "type": "Feature", "properties": { "source": "ANORÍ", "target": "CAMPAMENTO", "distance": 0.5, "betweenness": 0.0021718146718146718, "weight": 0.10217181467181467 }, "geometry": { "type": "LineString", "coordinates": [ [ -75.148355, 7.074703 ], [ -75.298091, 6.979771 ] ] } },
{ "type": "Feature", "properties": { "source": "ANORÍ", "target": "CAROLINA", "distance": 0.5, "betweenness": 0.00080437580437580432, "weight": 0.1008043758043758 }, "geometry": { "type": "LineString", "coordinates": [ [ -75.148355, 7.074703 ], [ -75.283192, 6.725995 ] ] } },
{ "type": "Feature", "properties": { "source": "ANORÍ", "target": "ANGOSTURA", "distance": 0.5, "betweenness": 0.011100386100386101, "weight": 0.11110038610038611 }, "geometry": { "type": "LineString", "coordinates": [ [ -75.148355, 7.074703 ], [ -75.335116, 6.885175 ] ] } },
{ "type": "Feature", "properties": { "source": "ANORÍ", "target": "GUADALUPE", "distance": 0.5, "betweenness": 0.00037537537537537532, "weight": 0.10037537537537539 }, "geometry": { "type": "LineString", "coordinates": [ [ -75.148355, 7.074703 ], [ -75.239862, 6.815069 ] ] } },
{ "type": "Feature", "properties": { "source": "ANORÍ", "target": "GÓMEZ PLATA", "distance": 0.5, "betweenness": 0.0019305019305019301, "weight": 0.10193050193050193 }, "geometry": { "type": "LineString", "coordinates": [ [ -75.148355, 7.074703 ], [ -75.220018, 6.683269 ] ] } },
{ "type": "Feature", "properties": { "source": "ANORÍ", "target": "YOLOMBÓ", "distance": 0.5, "betweenness": 0.0076683826683826666, "weight": 0.10766838266838268 }, "geometry": { "type": "LineString", "coordinates": [ [ -75.148355, 7.074703 ], [ -75.013385, 6.594511 ] ] } },
{ "type": "Feature", "properties": { "source": "ANORÍ", "target": "CÁCERES", "distance": 1.0, "betweenness": 0.013674388674388674, "weight": 0.11367438867438868 }, "geometry": { "type": "LineString", "coordinates": [ [ -75.148355, 7.074703 ], [ -75.35205, 7.578366 ] ] } },
{ "type": "Feature", "properties": { "source": "CAMPAMENTO", "target": "ANGOSTURA", "distance": 0.5, "betweenness": 0.00088481338481338474, "weight": 0.10088481338481339 }, "geometry": { "type": "LineString", "coordinates": [ [ -75.298091, 6.979771 ], [ -75.335116, 6.885175 ] ] } },
{ "type": "Feature", "properties": { "source": "CAMPAMENTO", "target": "GUADALUPE", "distance": 0.5, "betweenness": 0.00021450021450021448, "weight": 0.10021450021450022 }, "geometry": { "type": "LineString", "coordinates": [ [ -75.298091, 6.979771 ], [ -75.239862, 6.815069 ] ] } },
{ "type": "Feature", "properties": { "source": "CAMPAMENTO", "target": "AMALFI", "distance": 0.5, "betweenness": 0.00056306306306306306, "weight": 0.10056306306306306 }, "geometry": { "type": "LineString", "coordinates": [ [ -75.298091, 6.979771 ], [ -75.077501, 6.909655 ] ] } },
{ "type": "Feature", "properties": { "source": "CAMPAMENTO", "target": "CAROLINA", "distance": 0.5, "betweenness": 0.00016087516087516087, "weight": 0.10016087516087517 }, "geometry": { "type": "LineString", "coordinates": [ [ -75.298091, 6.979771 ], [ -75.283192, 6.725995 ] ] } },
{ "type": "Feature", "properties": { "source": "CAMPAMENTO", "target": "GÓMEZ PLATA", "distance": 0.5, "betweenness": 0.00045581295581295585, "weight": 0.10045581295581296 }, "geometry": { "type": "LineString", "coordinates": [ [ -75.298091, 6.979771 ], [ -75.220018, 6.683269 ] ] } },
{ "type": "Feature", "properties": { "source": "CAMPAMENTO", "target": "SANTA ROSA DE OSOS", "distance": 0.2, "betweenness": 0.018782175032175032, "weight": 0.11878217503217503 }, "geometry": { "type": "LineString", "coordinates": [ [ -75.298091, 6.979771 ], [ -75.460723, 6.643366 ] ] } },
{ "type": "Feature", "properties": { "source": "CAMPAMENTO", "target": "YOLOMBÓ", "distance": 1.0, "betweenness": 0.0, "weight": 0.1 }, "geometry": { "type": "LineString", "coordinates": [ [ -75.298091, 6.979771 ], [ -75.013385, 6.594511 ] ] } },
{ "type": "Feature", "properties": { "source": "SAN ANDRÉS DE CUERQUÍA", "target": "SAN JOSÉ DE LA MONTAÑA", "distance": 0.5, "betweenness": 0.0, "weight": 0.1 }, "geometry": { "type": "LineString", "coordinates": [ [ -75.674564, 6.916676 ], [ -75.683352, 6.85009 ] ] } },
{ "type": "Feature", "properties": { "source": "SAN ANDRÉS DE CUERQUÍA", "target": "SANTA ROSA DE OSOS", "distance": 0.5, "betweenness": 0.00044240669240669237, "weight": 0.1004424066924067 }, "geometry": { "type": "LineString", "coordinates": [ [ -75.674564, 6.916676 ], [ -75.460723, 6.643366 ] ] } },
{ "type": "Feature", "properties": { "source": "SAN ANDRÉS DE CUERQUÍA", "target": "SABANALARGA", "distance": 0.5, "betweenness": 0.0, "weight": 0.1 }, "geometry": { "type": "LineString", "coordinates": [ [ -75.674564, 6.916676 ], [ -75.816645, 6.850028 ] ] } },
{ "type": "Feature", "properties": { "source": "SAN ANDRÉS DE CUERQUÍA", "target": "BELMIRA", "distance": 0.5, "betweenness": 0.0, "weight": 0.1 }, "geometry": { "type": "LineString", "coordinates": [ [ -75.674564, 6.916676 ], [ -75.667779, 6.606319 ] ] } },
{ "type": "Feature", "properties": { "source": "SAN ANDRÉS DE CUERQUÍA", "target": "ANGOSTURA", "distance": 0.5, "betweenness": 0.0, "weight": 0.1 }, "geometry": { "type": "LineString", "coordinates": [ [ -75.674564, 6.916676 ], [ -75.335116, 6.885175 ] ] } },
{ "type": "Feature", "properties": { "source": "SAN ANDRÉS DE CUERQUÍA", "target": "LIBORINA", "distance": 0.5, "betweenness": 0.00016087516087516087, "weight": 0.10016087516087517 }, "geometry": { "type": "LineString", "coordinates": [ [ -75.674564, 6.916676 ], [ -75.812838, 6.677316 ] ] } },
{ "type": "Feature", "properties": { "source": "SAN ANDRÉS DE CUERQUÍA", "target": "BURITICÁ", "distance": 0.5, "betweenness": 0.00016087516087516087, "weight": 0.10016087516087517 }, "geometry": { "type": "LineString", "coordinates": [ [ -75.674564, 6.916676 ], [ -75.907, 6.720759 ] ] } },
{ "type": "Feature", "properties": { "source": "SAN ANDRÉS DE CUERQUÍA", "target": "ENTRERRÍOS", "distance": 0.058823529411764705, "betweenness": 0.063706563706563704, "weight": 0.16370656370656372 }, "geometry": { "type": "LineString", "coordinates": [ [ -75.674564, 6.916676 ], [ -75.517685, 6.566273 ] ] } },
{ "type": "Feature", "properties": { "source": "SAN ANDRÉS DE CUERQUÍA", "target": "OLAYA", "distance": 0.25, "betweenness": 0.0064350064350064346, "weight": 0.10643500643500645 }, "geometry": { "type": "LineString", "coordinates": [ [ -75.674564, 6.916676 ], [ -75.811773, 6.626492 ] ] } },
{ "type": "Feature", "properties": { "source": "SAN ANDRÉS DE CUERQUÍA", "target": "GIRALDO", "distance": 0.2, "betweenness": 0.010456885456885457, "weight": 0.11045688545688546 }, "geometry": { "type": "LineString", "coordinates": [ [ -75.674564, 6.916676 ], [ -75.952158, 6.680808 ] ] } },
{ "type": "Feature", "properties": { "source": "SAN ANDRÉS DE CUERQUÍA", "target": "CAÑASGORDAS", "distance": 0.33333333333333331, "betweenness": 0.021919240669240669, "weight": 0.12191924066924067 }, "geometry": { "type": "LineString", "coordinates": [ [ -75.674564, 6.916676 ], [ -76.028228, 6.753859 ] ] } },
{ "type": "Feature", "properties": { "source": "SAN ANDRÉS DE CUERQUÍA", "target": "SOPETRÁN", "distance": 0.33333333333333331, "betweenness": 0.0011261261261261261, "weight": 0.10112612612612613 }, "geometry": { "type": "LineString", "coordinates": [ [ -75.674564, 6.916676 ], [ -75.747378, 6.500745 ] ] } },
{ "type": "Feature", "properties": { "source": "SAN ANDRÉS DE CUERQUÍA", "target": "SANTA FÉ DE ANTIOQUIA", "distance": 1.0, "betweenness": 0.0, "weight": 0.1 }, "geometry": { "type": "LineString", "coordinates": [ [ -75.674564, 6.916676 ], [ -75.826648, 6.556484 ] ] } },
{ "type": "Feature", "properties": { "source": "SABANALARGA", "target": "CAÑASGORDAS", "distance": 0.5, "betweenness": 0.0034588159588159586, "weight": 0.10345881595881597 }, "geometry": { "type": "LineString", "coordinates": [ [ -75.816645, 6.850028 ], [ -76.028228, 6.753859 ] ] } },
{ "type": "Feature", "properties": { "source": "SABANALARGA", "target": "SAN JOSÉ DE LA MONTAÑA", "distance": 0.5, "betweenness": 0.0, "weight": 0.1 }, "geometry": { "type": "LineString", "coordinates": [ [ -75.816645, 6.850028 ], [ -75.683352, 6.85009 ] ] } },
{ "type": "Feature", "properties": { "source": "SABANALARGA", "target": "BURITICÁ", "distance": 0.5, "betweenness": 0.0, "weight": 0.1 }, "geometry": { "type": "LineString", "coordinates": [ [ -75.816645, 6.850028 ], [ -75.907, 6.720759 ] ] } },
{ "type": "Feature", "properties": { "source": "SABANALARGA", "target": "URAMITA", "distance": 0.5, "betweenness": 0.00064350064350064348, "weight": 0.10064350064350065 }, "geometry": { "type": "LineString", "coordinates": [ [ -75.816645, 6.850028 ], [ -76.173284, 6.898393 ] ] } },
{ "type": "Feature", "properties": { "source": "SABANALARGA", "target": "SANTA ROSA DE OSOS", "distance": 0.5, "betweenness": 0.00032175032175032174, "weight": 0.10032175032175032 }, "geometry": { "type": "LineString", "coordinates": [ [ -75.816645, 6.850028 ], [ -75.460723, 6.643366 ] ] } },
{ "type": "Feature", "properties": { "source": "SABANALARGA", "target": "LIBORINA", "distance": 0.5, "betweenness": 0.00016087516087516087, "weight": 0.10016087516087517 }, "geometry": { "type": "LineString", "coordinates": [ [ -75.816645, 6.850028 ], [ -75.812838, 6.677316 ] ] } },
{ "type": "Feature", "properties": { "source": "SABANALARGA", "target": "BELMIRA", "distance": 0.33333333333333331, "betweenness": 0.0017696267696267695, "weight": 0.10176962676962678 }, "geometry": { "type": "LineString", "coordinates": [ [ -75.816645, 6.850028 ], [ -75.667779, 6.606319 ] ] } },
{ "type": "Feature", "properties": { "source": "SABANALARGA", "target": "OLAYA", "distance": 0.33333333333333331, "betweenness": 0.00077756327756327759, "weight": 0.10077756327756328 }, "geometry": { "type": "LineString", "coordinates": [ [ -75.816645, 6.850028 ], [ -75.811773, 6.626492 ] ] } },
{ "type": "Feature", "properties": { "source": "SABANALARGA", "target": "GIRALDO", "distance": 0.5, "betweenness": 0.00016087516087516087, "weight": 0.10016087516087517 }, "geometry": { "type": "LineString", "coordinates": [ [ -75.816645, 6.850028 ], [ -75.952158, 6.680808 ] ] } },
{ "type": "Feature", "properties": { "source": "SABANALARGA", "target": "SANTA FÉ DE ANTIOQUIA", "distance": 0.5, "betweenness": 0.0, "weight": 0.1 }, "geometry": { "type": "LineString", "coordinates": [ [ -75.816645, 6.850028 ], [ -75.826648, 6.556484 ] ] } },
{ "type": "Feature", "properties": { "source": "SABANALARGA", "target": "SOPETRÁN", "distance": 0.14285714285714285, "betweenness": 0.011100386100386101, "weight": 0.11110038610038611 }, "geometry": { "type": "LineString", "coordinates": [ [ -75.816645, 6.850028 ], [ -75.747378, 6.500745 ] ] } },
{ "type": "Feature", "properties": { "source": "SABANALARGA", "target": "ENTRERRÍOS", "distance": 0.25, "betweenness": 0.0061132561132561129, "weight": 0.10611325611325612 }, "geometry": { "type": "LineString", "coordinates": [ [ -75.816645, 6.850028 ], [ -75.517685, 6.566273 ] ] } },
{ "type": "Feature", "properties": { "source": "MUTATÁ", "target": "URAMITA", "distance": 0.5, "betweenness": 0.0, "weight": 0.1 }, "geometry": { "type": "LineString", "coordinates": [ [ -76.435875, 7.242875 ], [ -76.173284, 6.898393 ] ] } },
{ "type": "Feature", "properties": { "source": "MUTATÁ", "target": "CHIGORODÓ", "distance": 1.0, "betweenness": 0.017857142857142856, "weight": 0.11785714285714285 }, "geometry": { "type": "LineString", "coordinates": [ [ -76.435875, 7.242875 ], [ -76.681531, 7.666147 ] ] } },
{ "type": "Feature", "properties": { "source": "URAMITA", "target": "CAÑASGORDAS", "distance": 0.5, "betweenness": 0.0, "weight": 0.1 }, "geometry": { "type": "LineString", "coordinates": [ [ -76.173284, 6.898393 ], [ -76.028228, 6.753859 ] ] } },
{ "type": "Feature", "properties": { "source": "URAMITA", "target": "FRONTINO", "distance": 0.5, "betweenness": 0.00096525096525096527, "weight": 0.10096525096525097 }, "geometry": { "type": "LineString", "coordinates": [ [ -76.173284, 6.898393 ], [ -76.130765, 6.776066 ] ] } },
{ "type": "Feature", "properties": { "source": "URAMITA", "target": "BURITICÁ", "distance": 0.5, "betweenness": 0.0, "weight": 0.1 }, "geometry": { "type": "LineString", "coordinates": [ [ -76.173284, 6.898393 ], [ -75.907, 6.720759 ] ] } },
{ "type": "Feature", "properties": { "source": "URAMITA", "target": "ABRIAQUÍ", "distance": 0.5, "betweenness": 0.00016087516087516087, "weight": 0.10016087516087517 }, "geometry": { "type": "LineString", "coordinates": [ [ -76.173284, 6.898393 ], [ -76.064304, 6.632282 ] ] } },
{ "type": "Feature", "properties": { "source": "URAMITA", "target": "GIRALDO", "distance": 0.5, "betweenness": 0.00064350064350064348, "weight": 0.10064350064350065 }, "geometry": { "type": "LineString", "coordinates": [ [ -76.173284, 6.898393 ], [ -75.952158, 6.680808 ] ] } },
{ "type": "Feature", "properties": { "source": "BURITICÁ", "target": "LIBORINA", "distance": 0.5, "betweenness": 0.00016087516087516087, "weight": 0.10016087516087517 }, "geometry": { "type": "LineString", "coordinates": [ [ -75.907, 6.720759 ], [ -75.812838, 6.677316 ] ] } },
{ "type": "Feature", "properties": { "source": "BURITICÁ", "target": "CAÑASGORDAS", "distance": 0.5, "betweenness": 0.0, "weight": 0.1 }, "geometry": { "type": "LineString", "coordinates": [ [ -75.907, 6.720759 ], [ -76.028228, 6.753859 ] ] } },
{ "type": "Feature", "properties": { "source": "BURITICÁ", "target": "SAN JOSÉ DE LA MONTAÑA", "distance": 0.5, "betweenness": 0.0, "weight": 0.1 }, "geometry": { "type": "LineString", "coordinates": [ [ -75.907, 6.720759 ], [ -75.683352, 6.85009 ] ] } },
{ "type": "Feature", "properties": { "source": "BURITICÁ", "target": "FRONTINO", "distance": 0.5, "betweenness": 0.00024131274131274132, "weight": 0.10024131274131275 }, "geometry": { "type": "LineString", "coordinates": [ [ -75.907, 6.720759 ], [ -76.130765, 6.776066 ] ] } },
{ "type": "Feature", "properties": { "source": "BURITICÁ", "target": "GIRALDO", "distance": 0.5, "betweenness": 0.00016087516087516087, "weight": 0.10016087516087517 }, "geometry": { "type": "LineString", "coordinates": [ [ -75.907, 6.720759 ], [ -75.952158, 6.680808 ] ] } },
{ "type": "Feature", "properties": { "source": "BURITICÁ", "target": "ABRIAQUÍ", "distance": 0.5, "betweenness": 0.0010456885456885457, "weight": 0.10104568854568854 }, "geometry": { "type": "LineString", "coordinates": [ [ -75.907, 6.720759 ], [ -76.064304, 6.632282 ] ] } },
{ "type": "Feature", "properties": { "source": "BURITICÁ", "target": "SANTA FÉ DE ANTIOQUIA", "distance": 0.5, "betweenness": 0.00016087516087516087, "weight": 0.10016087516087517 }, "geometry": { "type": "LineString", "coordinates": [ [ -75.907, 6.720759 ], [ -75.826648, 6.556484 ] ] } },
{ "type": "Feature", "properties": { "source": "BURITICÁ", "target": "BELMIRA", "distance": 0.25, "betweenness": 0.025176962676962678, "weight": 0.12517696267696268 }, "geometry": { "type": "LineString", "coordinates": [ [ -75.907, 6.720759 ], [ -75.667779, 6.606319 ] ] } },
{ "type": "Feature", "properties": { "source": "BURITICÁ", "target": "OLAYA", "distance": 0.5, "betweenness": 0.00021450021450021448, "weight": 0.10021450021450022 }, "geometry": { "type": "LineString", "coordinates": [ [ -75.907, 6.720759 ], [ -75.811773, 6.626492 ] ] } },
{ "type": "Feature", "properties": { "source": "BURITICÁ", "target": "SOPETRÁN", "distance": 0.33333333333333331, "betweenness": 0.0033783783783783781, "weight": 0.10337837837837838 }, "geometry": { "type": "LineString", "coordinates": [ [ -75.907, 6.720759 ], [ -75.747378, 6.500745 ] ] } },
{ "type": "Feature", "properties": { "source": "BURITICÁ", "target": "CAICEDO", "distance": 1.0, "betweenness": 0.0, "weight": 0.1 }, "geometry": { "type": "LineString", "coordinates": [ [ -75.907, 6.720759 ], [ -75.98293, 6.405607 ] ] } },
{ "type": "Feature", "properties": { "source": "CAÑASGORDAS", "target": "ABRIAQUÍ", "distance": 0.33333333333333331, "betweenness": 0.0, "weight": 0.1 }, "geometry": { "type": "LineString", "coordinates": [ [ -76.028228, 6.753859 ], [ -76.064304, 6.632282 ] ] } },
{ "type": "Feature", "properties": { "source": "CAÑASGORDAS", "target": "GIRALDO", "distance": 0.5, "betweenness": 0.0, "weight": 0.1 }, "geometry": { "type": "LineString", "coordinates": [ [ -76.028228, 6.753859 ], [ -75.952158, 6.680808 ] ] } },
{ "type": "Feature", "properties": { "source": "CAÑASGORDAS", "target": "FRONTINO", "distance": 0.5, "betweenness": 0.00016087516087516087, "weight": 0.10016087516087517 }, "geometry": { "type": "LineString", "coordinates": [ [ -76.028228, 6.753859 ], [ -76.130765, 6.776066 ] ] } },
{ "type": "Feature", "properties": { "source": "CAÑASGORDAS", "target": "LIBORINA", "distance": 0.5, "betweenness": 0.0015283140283140282, "weight": 0.10152831402831404 }, "geometry": { "type": "LineString", "coordinates": [ [ -76.028228, 6.753859 ], [ -75.812838, 6.677316 ] ] } },
{ "type": "Feature", "properties": { "source": "CAÑASGORDAS", "target": "SANTA FÉ DE ANTIOQUIA", "distance": 0.5, "betweenness": 0.0007239382239382239, "weight": 0.10072393822393823 }, "geometry": { "type": "LineString", "coordinates": [ [ -76.028228, 6.753859 ], [ -75.826648, 6.556484 ] ] } },
{ "type": "Feature", "properties": { "source": "CAÑASGORDAS", "target": "OLAYA", "distance": 0.5, "betweenness": 0.0033917846417846416, "weight": 0.10339178464178465 }, "geometry": { "type": "LineString", "coordinates": [ [ -76.028228, 6.753859 ], [ -75.811773, 6.626492 ] ] } },
{ "type": "Feature", "properties": { "source": "CAÑASGORDAS", "target": "URRAO", "distance": 0.14285714285714285, "betweenness": 0.085237022737022716, "weight": 0.18523702273702272 }, "geometry": { "type": "LineString", "coordinates": [ [ -76.028228, 6.753859 ], [ -76.133951, 6.317343 ] ] } },
{ "type": "Feature", "properties": { "source": "CAÑASGORDAS", "target": "CAICEDO", "distance": 0.33333333333333331, "betweenness": 0.0037805662805662802, "weight": 0.10378056628056628 }, "geometry": { "type": "LineString", "coordinates": [ [ -76.028228, 6.753859 ], [ -75.98293, 6.405607 ] ] } },
{ "type": "Feature", "properties": { "source": "SANTA ROSA DE OSOS", "target": "BELMIRA", "distance": 0.33333333333333331, "betweenness": 0.003539253539253539, "weight": 0.10353925353925354 }, "geometry": { "type": "LineString", "coordinates": [ [ -75.460723, 6.643366 ], [ -75.667779, 6.606319 ] ] } },
{ "type": "Feature", "properties": { "source": "SANTA ROSA DE OSOS", "target": "SAN JOSÉ DE LA MONTAÑA", "distance": 0.5, "betweenness": 0.00015417202917202916, "weight": 0.10015417202917204 }, "geometry": { "type": "LineString", "coordinates": [ [ -75.460723, 6.643366 ], [ -75.683352, 6.85009 ] ] } },
{ "type": "Feature", "properties": { "source": "SANTA ROSA DE OSOS", "target": "ANGOSTURA", "distance": 0.33333333333333331, "betweenness": 0.0016422672672672671, "weight": 0.10164226726726727 }, "geometry": { "type": "LineString", "coordinates": [ [ -75.460723, 6.643366 ], [ -75.335116, 6.885175 ] ] } },
{ "type": "Feature", "properties": { "source": "SANTA ROSA DE OSOS", "target": "LIBORINA", "distance": 0.5, "betweenness": 0.00252037752037752, "weight": 0.10252037752037753 }, "geometry": { "type": "LineString", "coordinates": [ [ -75.460723, 6.643366 ], [ -75.812838, 6.677316 ] ] } },
{ "type": "Feature", "properties": { "source": "SANTA ROSA DE OSOS", "target": "ENTRERRÍOS", "distance": 0.5, "betweenness": 0.00024131274131274132, "weight": 0.10024131274131275 }, "geometry": { "type": "LineString", "coordinates": [ [ -75.460723, 6.643366 ], [ -75.517685, 6.566273 ] ] } },
{ "type": "Feature", "properties": { "source": "SANTA ROSA DE OSOS", "target": "CAROLINA", "distance": 0.5, "betweenness": 0.00032175032175032174, "weight": 0.10032175032175032 }, "geometry": { "type": "LineString", "coordinates": [ [ -75.460723, 6.643366 ], [ -75.283192, 6.725995 ] ] } },
{ "type": "Feature", "properties": { "source": "SANTA ROSA DE OSOS", "target": "SAN PEDRO DE LOS MILAGROS", "distance": 0.5, "betweenness": 0.00043436293436293439, "weight": 0.10043436293436293 }, "geometry": { "type": "LineString", "coordinates": [ [ -75.460723, 6.643366 ], [ -75.556743, 6.46012 ] ] } },
{ "type": "Feature", "properties": { "source": "SANTA ROSA DE OSOS", "target": "DONMATÍAS", "distance": 0.5, "betweenness": 0.00036196911196911195, "weight": 0.10036196911196912 }, "geometry": { "type": "LineString", "coordinates": [ [ -75.460723, 6.643366 ], [ -75.39263, 6.485603 ] ] } },
{ "type": "Feature", "properties": { "source": "SANTA ROSA DE OSOS", "target": "SOPETRÁN", "distance": 0.5, "betweenness": 0.00040218790218790216, "weight": 0.10040218790218791 }, "geometry": { "type": "LineString", "coordinates": [ [ -75.460723, 6.643366 ], [ -75.747378, 6.500745 ] ] } },
{ "type": "Feature", "properties": { "source": "SANTA ROSA DE OSOS", "target": "OLAYA", "distance": 0.33333333333333331, "betweenness": 0.0042229729729729732, "weight": 0.10422297297297298 }, "geometry": { "type": "LineString", "coordinates": [ [ -75.460723, 6.643366 ], [ -75.811773, 6.626492 ] ] } },
{ "type": "Feature", "properties": { "source": "SANTA ROSA DE OSOS", "target": "SAN JERÓNIMO", "distance": 0.25, "betweenness": 0.0066526347776347788, "weight": 0.10665263477763479 }, "geometry": { "type": "LineString", "coordinates": [ [ -75.460723, 6.643366 ], [ -75.726975, 6.44809 ] ] } },
{ "type": "Feature", "properties": { "source": "SANTA ROSA DE OSOS", "target": "GÓMEZ PLATA", "distance": 0.5, "betweenness": 0.0010255791505791507, "weight": 0.10102557915057915 }, "geometry": { "type": "LineString", "coordinates": [ [ -75.460723, 6.643366 ], [ -75.220018, 6.683269 ] ] } },
{ "type": "Feature", "properties": { "source": "SANTA ROSA DE OSOS", "target": "GUADALUPE", "distance": 0.5, "betweenness": 0.0044106606606606601, "weight": 0.10441066066066067 }, "geometry": { "type": "LineString", "coordinates": [ [ -75.460723, 6.643366 ], [ -75.239862, 6.815069 ] ] } },
{ "type": "Feature", "properties": { "source": "SANTA ROSA DE OSOS", "target": "BARBOSA", "distance": 0.5, "betweenness": 0.00032175032175032174, "weight": 0.10032175032175032 }, "geometry": { "type": "LineString", "coordinates": [ [ -75.460723, 6.643366 ], [ -75.331627, 6.439195 ] ] } },
{ "type": "Feature", "properties": { "source": "SANTA ROSA DE OSOS", "target": "GIRARDOTA", "distance": 0.5, "betweenness": 0.00037537537537537532, "weight": 0.10037537537537539 }, "geometry": { "type": "LineString", "coordinates": [ [ -75.460723, 6.643366 ], [ -75.444238, 6.379472 ] ] } },
{ "type": "Feature", "properties": { "source": "SANTA ROSA DE OSOS", "target": "SAN VICENTE FERRER", "distance": 0.5, "betweenness": 0.00099206349206349201, "weight": 0.10099206349206349 }, "geometry": { "type": "LineString", "coordinates": [ [ -75.460723, 6.643366 ], [ -75.332616, 6.282164 ] ] } },
{ "type": "Feature", "properties": { "source": "SANTA ROSA DE OSOS", "target": "COPACABANA", "distance": 0.5, "betweenness": 0.00075075075075075074, "weight": 0.10075075075075075 }, "geometry": { "type": "LineString", "coordinates": [ [ -75.460723, 6.643366 ], [ -75.509384, 6.348557 ] ] } },
{ "type": "Feature", "properties": { "source": "SANTA ROSA DE OSOS", "target": "BELLO", "distance": 0.5, "betweenness": 0.00048262548262548264, "weight": 0.10048262548262549 }, "geometry": { "type": "LineString", "coordinates": [ [ -75.460723, 6.643366 ], [ -75.555245, 6.333587 ] ] } },
{ "type": "Feature", "properties": { "source": "SANTA ROSA DE OSOS", "target": "CONCEPCIÓN", "distance": 0.5, "betweenness": 0.00016087516087516087, "weight": 0.10016087516087517 }, "geometry": { "type": "LineString", "coordinates": [ [ -75.460723, 6.643366 ], [ -75.257587, 6.394348 ] ] } },
{ "type": "Feature", "properties": { "source": "SANTA ROSA DE OSOS", "target": "GUARNE", "distance": 0.25, "betweenness": 0.032680895180895182, "weight": 0.13268089518089518 }, "geometry": { "type": "LineString", "coordinates": [ [ -75.460723, 6.643366 ], [ -75.441612, 6.27787 ] ] } },
{ "type": "Feature", "properties": { "source": "SANTA ROSA DE OSOS", "target": "SANTO DOMINGO", "distance": 0.5, "betweenness": 0.0015953453453453452, "weight": 0.10159534534534535 }, "geometry": { "type": "LineString", "coordinates": [ [ -75.460723, 6.643366 ], [ -75.164903, 6.473032 ] ] } },
{ "type": "Feature", "properties": { "source": "SANTA ROSA DE OSOS", "target": "YOLOMBÓ", "distance": 0.33333333333333331, "betweenness": 0.0036733161733161729, "weight": 0.10367331617331618 }, "geometry": { "type": "LineString", "coordinates": [ [ -75.460723, 6.643366 ], [ -75.013385, 6.594511 ] ] } },
{ "type": "Feature", "properties": { "source": "SANTA ROSA DE OSOS", "target": "AMALFI", "distance": 1.0, "betweenness": 0.0, "weight": 0.1 }, "geometry": { "type": "LineString", "coordinates": [ [ -75.460723, 6.643366 ], [ -75.077501, 6.909655 ] ] } },
{ "type": "Feature", "properties": { "source": "SANTA ROSA DE OSOS", "target": "CISNEROS", "distance": 0.33333333333333331, "betweenness": 0.0077809952809952806, "weight": 0.10778099528099529 }, "geometry": { "type": "LineString", "coordinates": [ [ -75.460723, 6.643366 ], [ -75.087047, 6.537829 ] ] } },
{ "type": "Feature", "properties": { "source": "SANTA ROSA DE OSOS", "target": "SAN ROQUE", "distance": 0.5, "betweenness": 0.0025740025740025739, "weight": 0.10257400257400258 }, "geometry": { "type": "LineString", "coordinates": [ [ -75.460723, 6.643366 ], [ -75.019109, 6.485939 ] ] } },
{ "type": "Feature", "properties": { "source": "SANTA ROSA DE OSOS", "target": "ALEJANDRÍA", "distance": 1.0, "betweenness": 0.0, "weight": 0.1 }, "geometry": { "type": "LineString", "coordinates": [ [ -75.460723, 6.643366 ], [ -75.141346, 6.376061 ] ] } },
{ "type": "Feature", "properties": { "source": "SAN JOSÉ DE LA MONTAÑA", "target": "BELMIRA", "distance": 0.2, "betweenness": 0.0094111969111969115, "weight": 0.10941119691119691 }, "geometry": { "type": "LineString", "coordinates": [ [ -75.683352, 6.85009 ], [ -75.667779, 6.606319 ] ] } },
{ "type": "Feature", "properties": { "source": "SAN JOSÉ DE LA MONTAÑA", "target": "ENTRERRÍOS", "distance": 0.5, "betweenness": 0.0, "weight": 0.1 }, "geometry": { "type": "LineString", "coordinates": [ [ -75.683352, 6.85009 ], [ -75.517685, 6.566273 ] ] } },
{ "type": "Feature", "properties": { "source": "SAN JOSÉ DE LA MONTAÑA", "target": "LIBORINA", "distance": 0.5, "betweenness": 0.00016087516087516087, "weight": 0.10016087516087517 }, "geometry": { "type": "LineString", "coordinates": [ [ -75.683352, 6.85009 ], [ -75.812838, 6.677316 ] ] } },
{ "type": "Feature", "properties": { "source": "SAN JOSÉ DE LA MONTAÑA", "target": "OLAYA", "distance": 0.5, "betweenness": 0.00016087516087516087, "weight": 0.10016087516087517 }, "geometry": { "type": "LineString", "coordinates": [ [ -75.683352, 6.85009 ], [ -75.811773, 6.626492 ] ] } },
{ "type": "Feature", "properties": { "source": "SAN JOSÉ DE LA MONTAÑA", "target": "ANGOSTURA", "distance": 0.16666666666666666, "betweenness": 0.0064081939081939085, "weight": 0.10640819390819392 }, "geometry": { "type": "LineString", "coordinates": [ [ -75.683352, 6.85009 ], [ -75.335116, 6.885175 ] ] } },
{ "type": "Feature", "properties": { "source": "SAN JOSÉ DE LA MONTAÑA", "target": "SOPETRÁN", "distance": 0.33333333333333331, "betweenness": 0.0016824860574860573, "weight": 0.10168248605748606 }, "geometry": { "type": "LineString", "coordinates": [ [ -75.683352, 6.85009 ], [ -75.747378, 6.500745 ] ] } },
{ "type": "Feature", "properties": { "source": "SAN JOSÉ DE LA MONTAÑA", "target": "GIRALDO", "distance": 1.0, "betweenness": 0.0, "weight": 0.1 }, "geometry": { "type": "LineString", "coordinates": [ [ -75.683352, 6.85009 ], [ -75.952158, 6.680808 ] ] } },
{ "type": "Feature", "properties": { "source": "SAN JOSÉ DE LA MONTAÑA", "target": "SANTA FÉ DE ANTIOQUIA", "distance": 1.0, "betweenness": 0.0, "weight": 0.1 }, "geometry": { "type": "LineString", "coordinates": [ [ -75.683352, 6.85009 ], [ -75.826648, 6.556484 ] ] } },
{ "type": "Feature", "properties": { "source": "FRONTINO", "target": "GIRALDO", "distance": 0.5, "betweenness": 0.00032175032175032174, "weight": 0.10032175032175032 }, "geometry": { "type": "LineString", "coordinates": [ [ -76.130765, 6.776066 ], [ -75.952158, 6.680808 ] ] } },
{ "type": "Feature", "properties": { "source": "FRONTINO", "target": "SANTA FÉ DE ANTIOQUIA", "distance": 0.25, "betweenness": 0.019834566709566709, "weight": 0.11983456670956671 }, "geometry": { "type": "LineString", "coordinates": [ [ -76.130765, 6.776066 ], [ -75.826648, 6.556484 ] ] } },
{ "type": "Feature", "properties": { "source": "FRONTINO", "target": "ABRIAQUÍ", "distance": 0.33333333333333331, "betweenness": 0.0023192835692835692, "weight": 0.10231928356928358 }, "geometry": { "type": "LineString", "coordinates": [ [ -76.130765, 6.776066 ], [ -76.064304, 6.632282 ] ] } },
{ "type": "Feature", "properties": { "source": "FRONTINO", "target": "URRAO", "distance": 0.5, "betweenness": 0.0, "weight": 0.1 }, "geometry": { "type": "LineString", "coordinates": [ [ -76.130765, 6.776066 ], [ -76.133951, 6.317343 ] ] } },
{ "type": "Feature", "properties": { "source": "FRONTINO", "target": "CAICEDO", "distance": 0.25, "betweenness": 0.0089888996138996133, "weight": 0.10898889961389963 }, "geometry": { "type": "LineString", "coordinates": [ [ -76.130765, 6.776066 ], [ -75.98293, 6.405607 ] ] } },
{ "type": "Feature", "properties": { "source": "FRONTINO", "target": "VIGÍA DEL FUERTE", "distance": 0.5, "betweenness": 0.0038610038610038611, "weight": 0.10386100386100387 }, "geometry": { "type": "LineString", "coordinates": [ [ -76.130765, 6.776066 ], [ -76.896004, 6.588164 ] ] } },
{ "type": "Feature", "properties": { "source": "FRONTINO", "target": "MURINDÓ", "distance": 0.5, "betweenness": 0.01169026169026169, "weight": 0.11169026169026169 }, "geometry": { "type": "LineString", "coordinates": [ [ -76.130765, 6.776066 ], [ -76.817485, 6.97771 ] ] } },
{ "type": "Feature", "properties": { "source": "ANGOSTURA", "target": "GUADALUPE", "distance": 0.5, "betweenness": 0.0056306306306306304, "weight": 0.10563063063063063 }, "geometry": { "type": "LineString", "coordinates": [ [ -75.335116, 6.885175 ], [ -75.239862, 6.815069 ] ] } },
{ "type": "Feature", "properties": { "source": "ANGOSTURA", "target": "CAROLINA", "distance": 0.5, "betweenness": 8.0437580437580435e-05, "weight": 0.10008043758043758 }, "geometry": { "type": "LineString", "coordinates": [ [ -75.335116, 6.885175 ], [ -75.283192, 6.725995 ] ] } },
{ "type": "Feature", "properties": { "source": "ANGOSTURA", "target": "GÓMEZ PLATA", "distance": 0.5, "betweenness": 0.0041827541827541828, "weight": 0.10418275418275419 }, "geometry": { "type": "LineString", "coordinates": [ [ -75.335116, 6.885175 ], [ -75.220018, 6.683269 ] ] } },
{ "type": "Feature", "properties": { "source": "ANGOSTURA", "target": "AMALFI", "distance": 0.33333333333333331, "betweenness": 0.025096525096525095, "weight": 0.12509652509652511 }, "geometry": { "type": "LineString", "coordinates": [ [ -75.335116, 6.885175 ], [ -75.077501, 6.909655 ] ] } },
{ "type": "Feature", "properties": { "source": "ANGOSTURA", "target": "ENTRERRÍOS", "distance": 0.16666666666666666, "betweenness": 0.030023326898326898, "weight": 0.13002332689832691 }, "geometry": { "type": "LineString", "coordinates": [ [ -75.335116, 6.885175 ], [ -75.517685, 6.566273 ] ] } },
{ "type": "Feature", "properties": { "source": "ANGOSTURA", "target": "BELMIRA", "distance": 0.125, "betweenness": 0.052445302445302447, "weight": 0.15244530244530247 }, "geometry": { "type": "LineString", "coordinates": [ [ -75.335116, 6.885175 ], [ -75.667779, 6.606319 ] ] } },
{ "type": "Feature", "properties": { "source": "ANGOSTURA", "target": "YOLOMBÓ", "distance": 0.5, "betweenness": 0.0014478764478764478, "weight": 0.10144787644787645 }, "geometry": { "type": "LineString", "coordinates": [ [ -75.335116, 6.885175 ], [ -75.013385, 6.594511 ] ] } },
{ "type": "Feature", "properties": { "source": "GUADALUPE", "target": "AMALFI", "distance": 0.5, "betweenness": 0.00045581295581295574, "weight": 0.10045581295581296 }, "geometry": { "type": "LineString", "coordinates": [ [ -75.239862, 6.815069 ], [ -75.077501, 6.909655 ] ] } },
{ "type": "Feature", "properties": { "source": "GUADALUPE", "target": "CAROLINA", "distance": 0.5, "betweenness": 0.00032175032175032174, "weight": 0.10032175032175032 }, "geometry": { "type": "LineString", "coordinates": [ [ -75.239862, 6.815069 ], [ -75.283192, 6.725995 ] ] } },
{ "type": "Feature", "properties": { "source": "GUADALUPE", "target": "GÓMEZ PLATA", "distance": 0.5, "betweenness": 0.00077756327756327748, "weight": 0.10077756327756328 }, "geometry": { "type": "LineString", "coordinates": [ [ -75.239862, 6.815069 ], [ -75.220018, 6.683269 ] ] } },
{ "type": "Feature", "properties": { "source": "GUADALUPE", "target": "YOLOMBÓ", "distance": 0.5, "betweenness": 0.0027214714714714709, "weight": 0.10272147147147148 }, "geometry": { "type": "LineString", "coordinates": [ [ -75.239862, 6.815069 ], [ -75.013385, 6.594511 ] ] } },
{ "type": "Feature", "properties": { "source": "BELMIRA", "target": "ENTRERRÍOS", "distance": 0.33333333333333331, "betweenness": 0.0, "weight": 0.1 }, "geometry": { "type": "LineString", "coordinates": [ [ -75.667779, 6.606319 ], [ -75.517685, 6.566273 ] ] } },
{ "type": "Feature", "properties": { "source": "BELMIRA", "target": "SAN PEDRO DE LOS MILAGROS", "distance": 0.5, "betweenness": 0.00032175032175032174, "weight": 0.10032175032175032 }, "geometry": { "type": "LineString", "coordinates": [ [ -75.667779, 6.606319 ], [ -75.556743, 6.46012 ] ] } },
{ "type": "Feature", "properties": { "source": "BELMIRA", "target": "SAN JERÓNIMO", "distance": 0.5, "betweenness": 0.00080437580437580432, "weight": 0.1008043758043758 }, "geometry": { "type": "LineString", "coordinates": [ [ -75.667779, 6.606319 ], [ -75.726975, 6.44809 ] ] } },
{ "type": "Feature", "properties": { "source": "BELMIRA", "target": "SOPETRÁN", "distance": 0.5, "betweenness": 0.0, "weight": 0.1 }, "geometry": { "type": "LineString", "coordinates": [ [ -75.667779, 6.606319 ], [ -75.747378, 6.500745 ] ] } },
{ "type": "Feature", "properties": { "source": "BELMIRA", "target": "BELLO", "distance": 0.25, "betweenness": 0.014639639639639639, "weight": 0.11463963963963965 }, "geometry": { "type": "LineString", "coordinates": [ [ -75.667779, 6.606319 ], [ -75.555245, 6.333587 ] ] } },
{ "type": "Feature", "properties": { "source": "BELMIRA", "target": "LIBORINA", "distance": 0.5, "betweenness": 0.0020913770913770914, "weight": 0.1020913770913771 }, "geometry": { "type": "LineString", "coordinates": [ [ -75.667779, 6.606319 ], [ -75.812838, 6.677316 ] ] } },
{ "type": "Feature", "properties": { "source": "BELMIRA", "target": "DONMATÍAS", "distance": 0.5, "betweenness": 0.00048262548262548264, "weight": 0.10048262548262549 }, "geometry": { "type": "LineString", "coordinates": [ [ -75.667779, 6.606319 ], [ -75.39263, 6.485603 ] ] } },
{ "type": "Feature", "properties": { "source": "BELMIRA", "target": "OLAYA", "distance": 0.5, "betweenness": 0.00064350064350064348, "weight": 0.10064350064350065 }, "geometry": { "type": "LineString", "coordinates": [ [ -75.667779, 6.606319 ], [ -75.811773, 6.626492 ] ] } },
{ "type": "Feature", "properties": { "source": "BELMIRA", "target": "SANTA FÉ DE ANTIOQUIA", "distance": 0.5, "betweenness": 0.0, "weight": 0.1 }, "geometry": { "type": "LineString", "coordinates": [ [ -75.667779, 6.606319 ], [ -75.826648, 6.556484 ] ] } },
{ "type": "Feature", "properties": { "source": "BELMIRA", "target": "MEDELLÍN", "distance": 0.2, "betweenness": 0.070463320463320461, "weight": 0.17046332046332047 }, "geometry": { "type": "LineString", "coordinates": [ [ -75.667779, 6.606319 ], [ -75.581775, 6.246631 ] ] } },
{ "type": "Feature", "properties": { "source": "BELMIRA", "target": "GIRARDOTA", "distance": 0.33333333333333331, "betweenness": 0.0091430716430716437, "weight": 0.10914307164307165 }, "geometry": { "type": "LineString", "coordinates": [ [ -75.667779, 6.606319 ], [ -75.444238, 6.379472 ] ] } },
{ "type": "Feature", "properties": { "source": "BELMIRA", "target": "COPACABANA", "distance": 0.5, "betweenness": 0.0017964392964392967, "weight": 0.10179643929643931 }, "geometry": { "type": "LineString", "coordinates": [ [ -75.667779, 6.606319 ], [ -75.509384, 6.348557 ] ] } },
{ "type": "Feature", "properties": { "source": "BELMIRA", "target": "GIRALDO", "distance": 0.33333333333333331, "betweenness": 0.0047458172458172453, "weight": 0.10474581724581725 }, "geometry": { "type": "LineString", "coordinates": [ [ -75.667779, 6.606319 ], [ -75.952158, 6.680808 ] ] } },
{ "type": "Feature", "properties": { "source": "BELMIRA", "target": "EBÉJICO", "distance": 0.5, "betweenness": 0.0024935649935649935, "weight": 0.102493564993565 }, "geometry": { "type": "LineString", "coordinates": [ [ -75.667779, 6.606319 ], [ -75.766413, 6.325615 ] ] } },
{ "type": "Feature", "properties": { "source": "BELMIRA", "target": "BARBOSA", "distance": 0.5, "betweenness": 0.0011261261261261261, "weight": 0.10112612612612613 }, "geometry": { "type": "LineString", "coordinates": [ [ -75.667779, 6.606319 ], [ -75.331627, 6.439195 ] ] } },
{ "type": "Feature", "properties": { "source": "CAROLINA", "target": "AMALFI", "distance": 0.5, "betweenness": 0.00054965679965679958, "weight": 0.1005496567996568 }, "geometry": { "type": "LineString", "coordinates": [ [ -75.283192, 6.725995 ], [ -75.077501, 6.909655 ] ] } },
{ "type": "Feature", "properties": { "source": "CAROLINA", "target": "GÓMEZ PLATA", "distance": 0.5, "betweenness": 0.00033515658515658511, "weight": 0.10033515658515658 }, "geometry": { "type": "LineString", "coordinates": [ [ -75.283192, 6.725995 ], [ -75.220018, 6.683269 ] ] } },
{ "type": "Feature", "properties": { "source": "CAROLINA", "target": "YOLOMBÓ", "distance": 0.5, "betweenness": 0.00077756327756327748, "weight": 0.10077756327756328 }, "geometry": { "type": "LineString", "coordinates": [ [ -75.283192, 6.725995 ], [ -75.013385, 6.594511 ] ] } },
{ "type": "Feature", "properties": { "source": "CAROLINA", "target": "DONMATÍAS", "distance": 0.5, "betweenness": 0.00063009438009438, "weight": 0.10063009438009439 }, "geometry": { "type": "LineString", "coordinates": [ [ -75.283192, 6.725995 ], [ -75.39263, 6.485603 ] ] } },
{ "type": "Feature", "properties": { "source": "CAROLINA", "target": "SANTO DOMINGO", "distance": 0.5, "betweenness": 0.0026008151008151004, "weight": 0.1026008151008151 }, "geometry": { "type": "LineString", "coordinates": [ [ -75.283192, 6.725995 ], [ -75.164903, 6.473032 ] ] } },
{ "type": "Feature", "properties": { "source": "CAROLINA", "target": "ENTRERRÍOS", "distance": 0.33333333333333331, "betweenness": 0.0050656523870809579, "weight": 0.10506565238708096 }, "geometry": { "type": "LineString", "coordinates": [ [ -75.283192, 6.725995 ], [ -75.517685, 6.566273 ] ] } },
{ "type": "Feature", "properties": { "source": "CAROLINA", "target": "BARBOSA", "distance": 0.33333333333333331, "betweenness": 0.0062090151375865663, "weight": 0.10620901513758657 }, "geometry": { "type": "LineString", "coordinates": [ [ -75.283192, 6.725995 ], [ -75.331627, 6.439195 ] ] } },
{ "type": "Feature", "properties": { "source": "CAROLINA", "target": "CISNEROS", "distance": 0.5, "betweenness": 0.0010725010725010724, "weight": 0.10107250107250108 }, "geometry": { "type": "LineString", "coordinates": [ [ -75.283192, 6.725995 ], [ -75.087047, 6.537829 ] ] } },
{ "type": "Feature", "properties": { "source": "LIBORINA", "target": "ENTRERRÍOS", "distance": 0.5, "betweenness": 0.002010939510939511, "weight": 0.10201093951093952 }, "geometry": { "type": "LineString", "coordinates": [ [ -75.812838, 6.677316 ], [ -75.517685, 6.566273 ] ] } },
{ "type": "Feature", "properties": { "source": "LIBORINA", "target": "SANTA FÉ DE ANTIOQUIA", "distance": 0.5, "betweenness": 0.00065690690690690685, "weight": 0.10065690690690692 }, "geometry": { "type": "LineString", "coordinates": [ [ -75.812838, 6.677316 ], [ -75.826648, 6.556484 ] ] } },
{ "type": "Feature", "properties": { "source": "LIBORINA", "target": "SOPETRÁN", "distance": 0.5, "betweenness": 0.00052284427284427285, "weight": 0.10052284427284428 }, "geometry": { "type": "LineString", "coordinates": [ [ -75.812838, 6.677316 ], [ -75.747378, 6.500745 ] ] } },
{ "type": "Feature", "properties": { "source": "LIBORINA", "target": "GIRALDO", "distance": 0.5, "betweenness": 0.00024131274131274132, "weight": 0.10024131274131275 }, "geometry": { "type": "LineString", "coordinates": [ [ -75.812838, 6.677316 ], [ -75.952158, 6.680808 ] ] } },
{ "type": "Feature", "properties": { "source": "LIBORINA", "target": "OLAYA", "distance": 0.5, "betweenness": 0.00016087516087516087, "weight": 0.10016087516087517 }, "geometry": { "type": "LineString", "coordinates": [ [ -75.812838, 6.677316 ], [ -75.811773, 6.626492 ] ] } },
{ "type": "Feature", "properties": { "source": "LIBORINA", "target": "SAN JERÓNIMO", "distance": 0.5, "betweenness": 0.00060328185328185327, "weight": 0.10060328185328186 }, "geometry": { "type": "LineString", "coordinates": [ [ -75.812838, 6.677316 ], [ -75.726975, 6.44809 ] ] } },
{ "type": "Feature", "properties": { "source": "LIBORINA", "target": "ABRIAQUÍ", "distance": 0.5, "betweenness": 0.0034185971685971686, "weight": 0.10341859716859718 }, "geometry": { "type": "LineString", "coordinates": [ [ -75.812838, 6.677316 ], [ -76.064304, 6.632282 ] ] } },
{ "type": "Feature", "properties": { "source": "LIBORINA", "target": "SAN PEDRO DE LOS MILAGROS", "distance": 0.5, "betweenness": 0.0022522522522522518, "weight": 0.10225225225225226 }, "geometry": { "type": "LineString", "coordinates": [ [ -75.812838, 6.677316 ], [ -75.556743, 6.46012 ] ] } },
{ "type": "Feature", "properties": { "source": "ENTRERRÍOS", "target": "DONMATÍAS", "distance": 0.5, "betweenness": 0.00016087516087516087, "weight": 0.10016087516087517 }, "geometry": { "type": "LineString", "coordinates": [ [ -75.517685, 6.566273 ], [ -75.39263, 6.485603 ] ] } },
{ "type": "Feature", "properties": { "source": "ENTRERRÍOS", "target": "SAN PEDRO DE LOS MILAGROS", "distance": 0.33333333333333331, "betweenness": 0.0032605947784519213, "weight": 0.10326059477845193 }, "geometry": { "type": "LineString", "coordinates": [ [ -75.517685, 6.566273 ], [ -75.556743, 6.46012 ] ] } },
{ "type": "Feature", "properties": { "source": "ENTRERRÍOS", "target": "BELLO", "distance": 0.5, "betweenness": 0.00096525096525096527, "weight": 0.10096525096525097 }, "geometry": { "type": "LineString", "coordinates": [ [ -75.517685, 6.566273 ], [ -75.555245, 6.333587 ] ] } },
{ "type": "Feature", "properties": { "source": "ENTRERRÍOS", "target": "SOPETRÁN", "distance": 0.5, "betweenness": 0.0, "weight": 0.1 }, "geometry": { "type": "LineString", "coordinates": [ [ -75.517685, 6.566273 ], [ -75.747378, 6.500745 ] ] } },
{ "type": "Feature", "properties": { "source": "ENTRERRÍOS", "target": "SAN JERÓNIMO", "distance": 0.5, "betweenness": 0.00086872586872586857, "weight": 0.10086872586872588 }, "geometry": { "type": "LineString", "coordinates": [ [ -75.517685, 6.566273 ], [ -75.726975, 6.44809 ] ] } },
{ "type": "Feature", "properties": { "source": "ENTRERRÍOS", "target": "BARBOSA", "distance": 0.5, "betweenness": 0.0017696267696267695, "weight": 0.10176962676962678 }, "geometry": { "type": "LineString", "coordinates": [ [ -75.517685, 6.566273 ], [ -75.331627, 6.439195 ] ] } },
{ "type": "Feature", "properties": { "source": "ENTRERRÍOS", "target": "OLAYA", "distance": 0.5, "betweenness": 0.0, "weight": 0.1 }, "geometry": { "type": "LineString", "coordinates": [ [ -75.517685, 6.566273 ], [ -75.811773, 6.626492 ] ] } },
{ "type": "Feature", "properties": { "source": "ENTRERRÍOS", "target": "GIRARDOTA", "distance": 0.33333333333333331, "betweenness": 0.010848539866397007, "weight": 0.11084853986639701 }, "geometry": { "type": "LineString", "coordinates": [ [ -75.517685, 6.566273 ], [ -75.444238, 6.379472 ] ] } },
{ "type": "Feature", "properties": { "source": "ENTRERRÍOS", "target": "COPACABANA", "distance": 0.5, "betweenness": 0.0025902816081387506, "weight": 0.10259028160813875 }, "geometry": { "type": "LineString", "coordinates": [ [ -75.517685, 6.566273 ], [ -75.509384, 6.348557 ] ] } },
{ "type": "Feature", "properties": { "source": "ENTRERRÍOS", "target": "SANTA FÉ DE ANTIOQUIA", "distance": 0.2, "betweenness": 0.028394465894465894, "weight": 0.1283944658944659 }, "geometry": { "type": "LineString", "coordinates": [ [ -75.517685, 6.566273 ], [ -75.826648, 6.556484 ] ] } },
{ "type": "Feature", "properties": { "source": "ENTRERRÍOS", "target": "MEDELLÍN", "distance": 0.5, "betweenness": 0.0, "weight": 0.1 }, "geometry": { "type": "LineString", "coordinates": [ [ -75.517685, 6.566273 ], [ -75.581775, 6.246631 ] ] } },
{ "type": "Feature", "properties": { "source": "ENTRERRÍOS", "target": "SAN VICENTE FERRER", "distance": 0.5, "betweenness": 0.003539253539253539, "weight": 0.10353925353925354 }, "geometry": { "type": "LineString", "coordinates": [ [ -75.517685, 6.566273 ], [ -75.332616, 6.282164 ] ] } },
{ "type": "Feature", "properties": { "source": "ENTRERRÍOS", "target": "GUARNE", "distance": 0.33333333333333331, "betweenness": 0.016177529570386713, "weight": 0.11617752957038671 }, "geometry": { "type": "LineString", "coordinates": [ [ -75.517685, 6.566273 ], [ -75.441612, 6.27787 ] ] } },
{ "type": "Feature", "properties": { "source": "ENTRERRÍOS", "target": "SANTO DOMINGO", "distance": 1.0, "betweenness": 0.0, "weight": 0.1 }, "geometry": { "type": "LineString", "coordinates": [ [ -75.517685, 6.566273 ], [ -75.164903, 6.473032 ] ] } },
{ "type": "Feature", "properties": { "source": "ENTRERRÍOS", "target": "CONCEPCIÓN", "distance": 0.2, "betweenness": 0.059950128700128703, "weight": 0.1599501287001287 }, "geometry": { "type": "LineString", "coordinates": [ [ -75.517685, 6.566273 ], [ -75.257587, 6.394348 ] ] } },
{ "type": "Feature", "properties": { "source": "OLAYA", "target": "GIRALDO", "distance": 0.5, "betweenness": 0.0, "weight": 0.1 }, "geometry": { "type": "LineString", "coordinates": [ [ -75.811773, 6.626492 ], [ -75.952158, 6.680808 ] ] } },
{ "type": "Feature", "properties": { "source": "OLAYA", "target": "SOPETRÁN", "distance": 0.5, "betweenness": 0.0, "weight": 0.1 }, "geometry": { "type": "LineString", "coordinates": [ [ -75.811773, 6.626492 ], [ -75.747378, 6.500745 ] ] } },
{ "type": "Feature", "properties": { "source": "OLAYA", "target": "SAN PEDRO DE LOS MILAGROS", "distance": 0.5, "betweenness": 0.00036196911196911195, "weight": 0.10036196911196912 }, "geometry": { "type": "LineString", "coordinates": [ [ -75.811773, 6.626492 ], [ -75.556743, 6.46012 ] ] } },
{ "type": "Feature", "properties": { "source": "OLAYA", "target": "SANTA FÉ DE ANTIOQUIA", "distance": 0.5, "betweenness": 0.00044240669240669237, "weight": 0.1004424066924067 }, "geometry": { "type": "LineString", "coordinates": [ [ -75.811773, 6.626492 ], [ -75.826648, 6.556484 ] ] } },
{ "type": "Feature", "properties": { "source": "OLAYA", "target": "SAN JERÓNIMO", "distance": 0.5, "betweenness": 0.00036196911196911195, "weight": 0.10036196911196912 }, "geometry": { "type": "LineString", "coordinates": [ [ -75.811773, 6.626492 ], [ -75.726975, 6.44809 ] ] } },
{ "type": "Feature", "properties": { "source": "OLAYA", "target": "CAICEDO", "distance": 0.5, "betweenness": 0.0010859073359073359, "weight": 0.10108590733590735 }, "geometry": { "type": "LineString", "coordinates": [ [ -75.811773, 6.626492 ], [ -75.98293, 6.405607 ] ] } },
{ "type": "Feature", "properties": { "source": "OLAYA", "target": "MEDELLÍN", "distance": 1.0, "betweenness": 0.0, "weight": 0.1 }, "geometry": { "type": "LineString", "coordinates": [ [ -75.811773, 6.626492 ], [ -75.581775, 6.246631 ] ] } },
{ "type": "Feature", "properties": { "source": "OLAYA", "target": "EBÉJICO", "distance": 1.0, "betweenness": 0.0, "weight": 0.1 }, "geometry": { "type": "LineString", "coordinates": [ [ -75.811773, 6.626492 ], [ -75.766413, 6.325615 ] ] } },
{ "type": "Feature", "properties": { "source": "SOPETRÁN", "target": "SANTA FÉ DE ANTIOQUIA", "distance": 0.5, "betweenness": 0.00048262548262548264, "weight": 0.10048262548262549 }, "geometry": { "type": "LineString", "coordinates": [ [ -75.747378, 6.500745 ], [ -75.826648, 6.556484 ] ] } },
{ "type": "Feature", "properties": { "source": "SOPETRÁN", "target": "SAN JERÓNIMO", "distance": 0.5, "betweenness": 0.00032175032175032174, "weight": 0.10032175032175032 }, "geometry": { "type": "LineString", "coordinates": [ [ -75.747378, 6.500745 ], [ -75.726975, 6.44809 ] ] } },
{ "type": "Feature", "properties": { "source": "SOPETRÁN", "target": "SAN PEDRO DE LOS MILAGROS", "distance": 0.33333333333333331, "betweenness": 0.0013728013728013728, "weight": 0.10137280137280137 }, "geometry": { "type": "LineString", "coordinates": [ [ -75.747378, 6.500745 ], [ -75.556743, 6.46012 ] ] } },
{ "type": "Feature", "properties": { "source": "SOPETRÁN", "target": "GIRALDO", "distance": 0.5, "betweenness": 0.00032175032175032174, "weight": 0.10032175032175032 }, "geometry": { "type": "LineString", "coordinates": [ [ -75.747378, 6.500745 ], [ -75.952158, 6.680808 ] ] } },
{ "type": "Feature", "properties": { "source": "SOPETRÁN", "target": "BELLO", "distance": 0.5, "betweenness": 0.00032175032175032174, "weight": 0.10032175032175032 }, "geometry": { "type": "LineString", "coordinates": [ [ -75.747378, 6.500745 ], [ -75.555245, 6.333587 ] ] } },
{ "type": "Feature", "properties": { "source": "SOPETRÁN", "target": "MEDELLÍN", "distance": 0.5, "betweenness": 0.00040218790218790211, "weight": 0.10040218790218791 }, "geometry": { "type": "LineString", "coordinates": [ [ -75.747378, 6.500745 ], [ -75.581775, 6.246631 ] ] } },
{ "type": "Feature", "properties": { "source": "SOPETRÁN", "target": "EBÉJICO", "distance": 0.5, "betweenness": 0.0008580008580008579, "weight": 0.10085800085800087 }, "geometry": { "type": "LineString", "coordinates": [ [ -75.747378, 6.500745 ], [ -75.766413, 6.325615 ] ] } },
{ "type": "Feature", "properties": { "source": "SOPETRÁN", "target": "COPACABANA", "distance": 0.5, "betweenness": 0.001287001287001287, "weight": 0.1012870012870013 }, "geometry": { "type": "LineString", "coordinates": [ [ -75.747378, 6.500745 ], [ -75.509384, 6.348557 ] ] } },
{ "type": "Feature", "properties": { "source": "SOPETRÁN", "target": "DONMATÍAS", "distance": 0.16666666666666666, "betweenness": 0.014241473616473614, "weight": 0.11424147361647362 }, "geometry": { "type": "LineString", "coordinates": [ [ -75.747378, 6.500745 ], [ -75.39263, 6.485603 ] ] } },
{ "type": "Feature", "properties": { "source": "SOPETRÁN", "target": "CAICEDO", "distance": 0.5, "betweenness": 0.0017294079794079793, "weight": 0.10172940797940798 }, "geometry": { "type": "LineString", "coordinates": [ [ -75.747378, 6.500745 ], [ -75.98293, 6.405607 ] ] } },
{ "type": "Feature", "properties": { "source": "SOPETRÁN", "target": "GIRARDOTA", "distance": 0.33333333333333331, "betweenness": 0.0068961818961818964, "weight": 0.1068961818961819 }, "geometry": { "type": "LineString", "coordinates": [ [ -75.747378, 6.500745 ], [ -75.444238, 6.379472 ] ] } },
{ "type": "Feature", "properties": { "source": "SOPETRÁN", "target": "URRAO", "distance": 1.0, "betweenness": 0.0, "weight": 0.1 }, "geometry": { "type": "LineString", "coordinates": [ [ -75.747378, 6.500745 ], [ -76.133951, 6.317343 ] ] } },
{ "type": "Feature", "properties": { "source": "SOPETRÁN", "target": "ANZÁ", "distance": 0.5, "betweenness": 0.001823251823251823, "weight": 0.10182325182325183 }, "geometry": { "type": "LineString", "coordinates": [ [ -75.747378, 6.500745 ], [ -75.854442, 6.302641 ] ] } },
{ "type": "Feature", "properties": { "source": "SOPETRÁN", "target": "BETULIA", "distance": 1.0, "betweenness": 0.0, "weight": 0.1 }, "geometry": { "type": "LineString", "coordinates": [ [ -75.747378, 6.500745 ], [ -75.984452, 6.115208 ] ] } },
{ "type": "Feature", "properties": { "source": "SOPETRÁN", "target": "HELICONIA", "distance": 1.0, "betweenness": 0.0, "weight": 0.1 }, "geometry": { "type": "LineString", "coordinates": [ [ -75.747378, 6.500745 ], [ -75.734322, 6.206757 ] ] } },
{ "type": "Feature", "properties": { "source": "ABRIAQUÍ", "target": "SANTA FÉ DE ANTIOQUIA", "distance": 0.5, "betweenness": 0.00024131274131274132, "weight": 0.10024131274131275 }, "geometry": { "type": "LineString", "coordinates": [ [ -76.064304, 6.632282 ], [ -75.826648, 6.556484 ] ] } },
{ "type": "Feature", "properties": { "source": "ABRIAQUÍ", "target": "URRAO", "distance": 0.14285714285714285, "betweenness": 0.026128807378807382, "weight": 0.12612880737880738 }, "geometry": { "type": "LineString", "coordinates": [ [ -76.064304, 6.632282 ], [ -76.133951, 6.317343 ] ] } },
{ "type": "Feature", "properties": { "source": "ABRIAQUÍ", "target": "GIRALDO", "distance": 0.5, "betweenness": 0.0, "weight": 0.1 }, "geometry": { "type": "LineString", "coordinates": [ [ -76.064304, 6.632282 ], [ -75.952158, 6.680808 ] ] } },
{ "type": "Feature", "properties": { "source": "ABRIAQUÍ", "target": "CAICEDO", "distance": 0.5, "betweenness": 0.00016087516087516087, "weight": 0.10016087516087517 }, "geometry": { "type": "LineString", "coordinates": [ [ -76.064304, 6.632282 ], [ -75.98293, 6.405607 ] ] } },
{ "type": "Feature", "properties": { "source": "ABRIAQUÍ", "target": "ANZÁ", "distance": 0.5, "betweenness": 0.00073734448734448738, "weight": 0.10073734448734449 }, "geometry": { "type": "LineString", "coordinates": [ [ -76.064304, 6.632282 ], [ -75.854442, 6.302641 ] ] } },
{ "type": "Feature", "properties": { "source": "GIRALDO", "target": "SANTA FÉ DE ANTIOQUIA", "distance": 0.5, "betweenness": 0.0, "weight": 0.1 }, "geometry": { "type": "LineString", "coordinates": [ [ -75.952158, 6.680808 ], [ -75.826648, 6.556484 ] ] } },
{ "type": "Feature", "properties": { "source": "GIRALDO", "target": "URRAO", "distance": 0.33333333333333331, "betweenness": 0.0057110682110682112, "weight": 0.10571106821106821 }, "geometry": { "type": "LineString", "coordinates": [ [ -75.952158, 6.680808 ], [ -76.133951, 6.317343 ] ] } },
{ "type": "Feature", "properties": { "source": "GIRALDO", "target": "CAICEDO", "distance": 0.33333333333333331, "betweenness": 0.003539253539253539, "weight": 0.10353925353925354 }, "geometry": { "type": "LineString", "coordinates": [ [ -75.952158, 6.680808 ], [ -75.98293, 6.405607 ] ] } },
{ "type": "Feature", "properties": { "source": "SANTA FÉ DE ANTIOQUIA", "target": "URRAO", "distance": 0.5, "betweenness": 0.0020042363792363792, "weight": 0.10200423637923639 }, "geometry": { "type": "LineString", "coordinates": [ [ -75.826648, 6.556484 ], [ -76.133951, 6.317343 ] ] } },
{ "type": "Feature", "properties": { "source": "SANTA FÉ DE ANTIOQUIA", "target": "CAICEDO", "distance": 0.5, "betweenness": 0.00015417202917202916, "weight": 0.10015417202917204 }, "geometry": { "type": "LineString", "coordinates": [ [ -75.826648, 6.556484 ], [ -75.98293, 6.405607 ] ] } },
{ "type": "Feature", "properties": { "source": "SANTA FÉ DE ANTIOQUIA", "target": "ANZÁ", "distance": 0.5, "betweenness": 0.0008378914628914628, "weight": 0.10083789146289147 }, "geometry": { "type": "LineString", "coordinates": [ [ -75.826648, 6.556484 ], [ -75.854442, 6.302641 ] ] } },
{ "type": "Feature", "properties": { "source": "SANTA FÉ DE ANTIOQUIA", "target": "SAN JERÓNIMO", "distance": 0.5, "betweenness": 0.00043436293436293439, "weight": 0.10043436293436293 }, "geometry": { "type": "LineString", "coordinates": [ [ -75.826648, 6.556484 ], [ -75.726975, 6.44809 ] ] } },
{ "type": "Feature", "properties": { "source": "SANTA FÉ DE ANTIOQUIA", "target": "EBÉJICO", "distance": 0.5, "betweenness": 0.00085666023166023155, "weight": 0.10085666023166023 }, "geometry": { "type": "LineString", "coordinates": [ [ -75.826648, 6.556484 ], [ -75.766413, 6.325615 ] ] } },
{ "type": "Feature", "properties": { "source": "SANTA FÉ DE ANTIOQUIA", "target": "BETULIA", "distance": 0.5, "betweenness": 0.0021034427284427281, "weight": 0.10210344272844274 }, "geometry": { "type": "LineString", "coordinates": [ [ -75.826648, 6.556484 ], [ -75.984452, 6.115208 ] ] } },
{ "type": "Feature", "properties": { "source": "SANTA FÉ DE ANTIOQUIA", "target": "HELICONIA", "distance": 0.5, "betweenness": 0.0010309416559416559, "weight": 0.10103094165594166 }, "geometry": { "type": "LineString", "coordinates": [ [ -75.826648, 6.556484 ], [ -75.734322, 6.206757 ] ] } },
{ "type": "Feature", "properties": { "source": "SANTA FÉ DE ANTIOQUIA", "target": "SAN PEDRO DE LOS MILAGROS", "distance": 0.5, "betweenness": 0.00068371943371943369, "weight": 0.10068371943371944 }, "geometry": { "type": "LineString", "coordinates": [ [ -75.826648, 6.556484 ], [ -75.556743, 6.46012 ] ] } },
{ "type": "Feature", "properties": { "source": "SANTA FÉ DE ANTIOQUIA", "target": "MEDELLÍN", "distance": 0.5, "betweenness": 0.0029480373230373227, "weight": 0.10294803732303733 }, "geometry": { "type": "LineString", "coordinates": [ [ -75.826648, 6.556484 ], [ -75.581775, 6.246631 ] ] } },
{ "type": "Feature", "properties": { "source": "SANTA FÉ DE ANTIOQUIA", "target": "BELLO", "distance": 1.0, "betweenness": 0.0, "weight": 0.1 }, "geometry": { "type": "LineString", "coordinates": [ [ -75.826648, 6.556484 ], [ -75.555245, 6.333587 ] ] } },
{ "type": "Feature", "properties": { "source": "SAN JERÓNIMO", "target": "SAN PEDRO DE LOS MILAGROS", "distance": 0.5, "betweenness": 0.00016087516087516087, "weight": 0.10016087516087517 }, "geometry": { "type": "LineString", "coordinates": [ [ -75.726975, 6.44809 ], [ -75.556743, 6.46012 ] ] } },
{ "type": "Feature", "properties": { "source": "SAN JERÓNIMO", "target": "MEDELLÍN", "distance": 0.5, "betweenness": 0.00073172662458376734, "weight": 0.10073172662458377 }, "geometry": { "type": "LineString", "coordinates": [ [ -75.726975, 6.44809 ], [ -75.581775, 6.246631 ] ] } },
{ "type": "Feature", "properties": { "source": "SAN JERÓNIMO", "target": "GIRARDOTA", "distance": 0.5, "betweenness": 0.0014407264407264404, "weight": 0.10144072644072645 }, "geometry": { "type": "LineString", "coordinates": [ [ -75.726975, 6.44809 ], [ -75.444238, 6.379472 ] ] } },
{ "type": "Feature", "properties": { "source": "SAN JERÓNIMO", "target": "EBÉJICO", "distance": 0.5, "betweenness": 0.0015334211762783191, "weight": 0.10153342117627832 }, "geometry": { "type": "LineString", "coordinates": [ [ -75.726975, 6.44809 ], [ -75.766413, 6.325615 ] ] } },
{ "type": "Feature", "properties": { "source": "SAN JERÓNIMO", "target": "BELLO", "distance": 0.5, "betweenness": 0.00032175032175032174, "weight": 0.10032175032175032 }, "geometry": { "type": "LineString", "coordinates": [ [ -75.726975, 6.44809 ], [ -75.555245, 6.333587 ] ] } },
{ "type": "Feature", "properties": { "source": "SAN JERÓNIMO", "target": "COPACABANA", "distance": 0.5, "betweenness": 0.0012503575003575003, "weight": 0.1012503575003575 }, "geometry": { "type": "LineString", "coordinates": [ [ -75.726975, 6.44809 ], [ -75.509384, 6.348557 ] ] } },
{ "type": "Feature", "properties": { "source": "SAN JERÓNIMO", "target": "DONMATÍAS", "distance": 0.5, "betweenness": 0.00024131274131274132, "weight": 0.10024131274131275 }, "geometry": { "type": "LineString", "coordinates": [ [ -75.726975, 6.44809 ], [ -75.39263, 6.485603 ] ] } },
{ "type": "Feature", "properties": { "source": "SAN JERÓNIMO", "target": "ANZÁ", "distance": 0.5, "betweenness": 0.00086757676043390313, "weight": 0.10086757676043391 }, "geometry": { "type": "LineString", "coordinates": [ [ -75.726975, 6.44809 ], [ -75.854442, 6.302641 ] ] } },
{ "type": "Feature", "properties": { "source": "SAN JERÓNIMO", "target": "CAICEDO", "distance": 0.5, "betweenness": 0.0017121713550284977, "weight": 0.1017121713550285 }, "geometry": { "type": "LineString", "coordinates": [ [ -75.726975, 6.44809 ], [ -75.98293, 6.405607 ] ] } },
{ "type": "Feature", "properties": { "source": "SAN JERÓNIMO", "target": "HELICONIA", "distance": 0.5, "betweenness": 0.00060838900124614412, "weight": 0.10060838900124615 }, "geometry": { "type": "LineString", "coordinates": [ [ -75.726975, 6.44809 ], [ -75.734322, 6.206757 ] ] } },
{ "type": "Feature", "properties": { "source": "SAN JERÓNIMO", "target": "GUARNE", "distance": 0.5, "betweenness": 0.0011091448591448588, "weight": 0.10110914485914486 }, "geometry": { "type": "LineString", "coordinates": [ [ -75.726975, 6.44809 ], [ -75.441612, 6.27787 ] ] } },
{ "type": "Feature", "properties": { "source": "SAN JERÓNIMO", "target": "BARBOSA", "distance": 0.5, "betweenness": 0.00053625053625053621, "weight": 0.10053625053625054 }, "geometry": { "type": "LineString", "coordinates": [ [ -75.726975, 6.44809 ], [ -75.331627, 6.439195 ] ] } },
{ "type": "Feature", "properties": { "source": "SAN JERÓNIMO", "target": "ANGELÓPOLIS", "distance": 0.5, "betweenness": 0.00049756389042103326, "weight": 0.10049756389042104 }, "geometry": { "type": "LineString", "coordinates": [ [ -75.726975, 6.44809 ], [ -75.711389, 6.109719 ] ] } },
{ "type": "Feature", "properties": { "source": "SAN JERÓNIMO", "target": "LA ESTRELLA", "distance": 0.5, "betweenness": 0.0015150992829564257, "weight": 0.10151509928295643 }, "geometry": { "type": "LineString", "coordinates": [ [ -75.726975, 6.44809 ], [ -75.637708, 6.145238 ] ] } },
{ "type": "Feature", "properties": { "source": "SAN JERÓNIMO", "target": "ARMENIA", "distance": 1.0, "betweenness": 0.0, "weight": 0.1 }, "geometry": { "type": "LineString", "coordinates": [ [ -75.726975, 6.44809 ], [ -75.786647, 6.155667 ] ] } },
{ "type": "Feature", "properties": { "source": "SAN JERÓNIMO", "target": "ITAGÜÍ", "distance": 1.0, "betweenness": 0.0, "weight": 0.1 }, "geometry": { "type": "LineString", "coordinates": [ [ -75.726975, 6.44809 ], [ -75.612056, 6.175079 ] ] } },
{ "type": "Feature", "properties": { "source": "GÓMEZ PLATA", "target": "AMALFI", "distance": 0.33333333333333331, "betweenness": 0.0047592235092235088, "weight": 0.10475922350922351 }, "geometry": { "type": "LineString", "coordinates": [ [ -75.220018, 6.683269 ], [ -75.077501, 6.909655 ] ] } },
{ "type": "Feature", "properties": { "source": "GÓMEZ PLATA", "target": "YOLOMBÓ", "distance": 0.5, "betweenness": 0.00016087516087516087, "weight": 0.10016087516087517 }, "geometry": { "type": "LineString", "coordinates": [ [ -75.220018, 6.683269 ], [ -75.013385, 6.594511 ] ] } },
{ "type": "Feature", "properties": { "source": "GÓMEZ PLATA", "target": "DONMATÍAS", "distance": 0.5, "betweenness": 0.0012199699699699698, "weight": 0.10121996996996997 }, "geometry": { "type": "LineString", "coordinates": [ [ -75.220018, 6.683269 ], [ -75.39263, 6.485603 ] ] } },
{ "type": "Feature", "properties": { "source": "GÓMEZ PLATA", "target": "SANTO DOMINGO", "distance": 0.5, "betweenness": 0.00076415701415701411, "weight": 0.10076415701415702 }, "geometry": { "type": "LineString", "coordinates": [ [ -75.220018, 6.683269 ], [ -75.164903, 6.473032 ] ] } },
{ "type": "Feature", "properties": { "source": "GÓMEZ PLATA", "target": "CISNEROS", "distance": 0.5, "betweenness": 0.00063009438009438, "weight": 0.10063009438009439 }, "geometry": { "type": "LineString", "coordinates": [ [ -75.220018, 6.683269 ], [ -75.087047, 6.537829 ] ] } },
{ "type": "Feature", "properties": { "source": "GÓMEZ PLATA", "target": "BARBOSA", "distance": 0.5, "betweenness": 0.00089821964821964811, "weight": 0.10089821964821966 }, "geometry": { "type": "LineString", "coordinates": [ [ -75.220018, 6.683269 ], [ -75.331627, 6.439195 ] ] } },
{ "type": "Feature", "properties": { "source": "GÓMEZ PLATA", "target": "YALÍ", "distance": 0.5, "betweenness": 0.00071053196053196053, "weight": 0.10071053196053197 }, "geometry": { "type": "LineString", "coordinates": [ [ -75.220018, 6.683269 ], [ -74.840059, 6.676554 ] ] } },
{ "type": "Feature", "properties": { "source": "GÓMEZ PLATA", "target": "CONCEPCIÓN", "distance": 0.5, "betweenness": 0.00096525096525096538, "weight": 0.10096525096525097 }, "geometry": { "type": "LineString", "coordinates": [ [ -75.220018, 6.683269 ], [ -75.257587, 6.394348 ] ] } },
{ "type": "Feature", "properties": { "source": "GÓMEZ PLATA", "target": "SAN ROQUE", "distance": 0.33333333333333331, "betweenness": 0.0090827434577434567, "weight": 0.10908274345774346 }, "geometry": { "type": "LineString", "coordinates": [ [ -75.220018, 6.683269 ], [ -75.019109, 6.485939 ] ] } },
{ "type": "Feature", "properties": { "source": "GÓMEZ PLATA", "target": "ALEJANDRÍA", "distance": 0.5, "betweenness": 0.0021315958815958814, "weight": 0.10213159588159589 }, "geometry": { "type": "LineString", "coordinates": [ [ -75.220018, 6.683269 ], [ -75.141346, 6.376061 ] ] } },
{ "type": "Feature", "properties": { "source": "AMALFI", "target": "VEGACHÍ", "distance": 0.5, "betweenness": 0.0064886314886314885, "weight": 0.1064886314886315 }, "geometry": { "type": "LineString", "coordinates": [ [ -75.077501, 6.909655 ], [ -74.798714, 6.773525 ] ] } },
{ "type": "Feature", "properties": { "source": "AMALFI", "target": "YOLOMBÓ", "distance": 0.5, "betweenness": 0.00069712569712569706, "weight": 0.1006971256971257 }, "geometry": { "type": "LineString", "coordinates": [ [ -75.077501, 6.909655 ], [ -75.013385, 6.594511 ] ] } },
{ "type": "Feature", "properties": { "source": "AMALFI", "target": "REMEDIOS", "distance": 0.5, "betweenness": 0.017334298584298583, "weight": 0.11733429858429859 }, "geometry": { "type": "LineString", "coordinates": [ [ -75.077501, 6.909655 ], [ -74.698135, 7.029424 ] ] } },
{ "type": "Feature", "properties": { "source": "AMALFI", "target": "YALÍ", "distance": 0.5, "betweenness": 0.0043570356070356071, "weight": 0.10435703560703562 }, "geometry": { "type": "LineString", "coordinates": [ [ -75.077501, 6.909655 ], [ -74.840059, 6.676554 ] ] } },
{ "type": "Feature", "properties": { "source": "AMALFI", "target": "CISNEROS", "distance": 1.0, "betweenness": 0.0, "weight": 0.1 }, "geometry": { "type": "LineString", "coordinates": [ [ -75.077501, 6.909655 ], [ -75.087047, 6.537829 ] ] } },
{ "type": "Feature", "properties": { "source": "VEGACHÍ", "target": "REMEDIOS", "distance": 0.5, "betweenness": 0.00052284427284427285, "weight": 0.10052284427284428 }, "geometry": { "type": "LineString", "coordinates": [ [ -74.798714, 6.773525 ], [ -74.698135, 7.029424 ] ] } },
{ "type": "Feature", "properties": { "source": "VEGACHÍ", "target": "YOLOMBÓ", "distance": 0.5, "betweenness": 0.011033354783354783, "weight": 0.11103335478335478 }, "geometry": { "type": "LineString", "coordinates": [ [ -74.798714, 6.773525 ], [ -75.013385, 6.594511 ] ] } },
{ "type": "Feature", "properties": { "source": "VEGACHÍ", "target": "YALÍ", "distance": 0.5, "betweenness": 0.00053625053625053621, "weight": 0.10053625053625054 }, "geometry": { "type": "LineString", "coordinates": [ [ -74.798714, 6.773525 ], [ -74.840059, 6.676554 ] ] } },
{ "type": "Feature", "properties": { "source": "YOLOMBÓ", "target": "ALEJANDRÍA", "distance": 0.5, "betweenness": 0.0007239382239382239, "weight": 0.10072393822393823 }, "geometry": { "type": "LineString", "coordinates": [ [ -75.013385, 6.594511 ], [ -75.141346, 6.376061 ] ] } },
{ "type": "Feature", "properties": { "source": "YOLOMBÓ", "target": "SANTO DOMINGO", "distance": 0.5, "betweenness": 0.00052284427284427274, "weight": 0.10052284427284428 }, "geometry": { "type": "LineString", "coordinates": [ [ -75.013385, 6.594511 ], [ -75.164903, 6.473032 ] ] } },
{ "type": "Feature", "properties": { "source": "YOLOMBÓ", "target": "SAN ROQUE", "distance": 0.5, "betweenness": 0.00046921921921921916, "weight": 0.10046921921921922 }, "geometry": { "type": "LineString", "coordinates": [ [ -75.013385, 6.594511 ], [ -75.019109, 6.485939 ] ] } },
{ "type": "Feature", "properties": { "source": "YOLOMBÓ", "target": "CONCEPCIÓN", "distance": 0.25, "betweenness": 0.028193371943371934, "weight": 0.12819337194337194 }, "geometry": { "type": "LineString", "coordinates": [ [ -75.013385, 6.594511 ], [ -75.257587, 6.394348 ] ] } },
{ "type": "Feature", "properties": { "source": "YOLOMBÓ", "target": "BARBOSA", "distance": 0.33333333333333331, "betweenness": 0.0035660660660660659, "weight": 0.10356606606606607 }, "geometry": { "type": "LineString", "coordinates": [ [ -75.013385, 6.594511 ], [ -75.331627, 6.439195 ] ] } },
{ "type": "Feature", "properties": { "source": "YOLOMBÓ", "target": "DONMATÍAS", "distance": 0.5, "betweenness": 0.001059094809094809, "weight": 0.10105909480909482 }, "geometry": { "type": "LineString", "coordinates": [ [ -75.013385, 6.594511 ], [ -75.39263, 6.485603 ] ] } },
{ "type": "Feature", "properties": { "source": "YOLOMBÓ", "target": "CISNEROS", "distance": 0.5, "betweenness": 0.00052284427284427274, "weight": 0.10052284427284428 }, "geometry": { "type": "LineString", "coordinates": [ [ -75.013385, 6.594511 ], [ -75.087047, 6.537829 ] ] } },
{ "type": "Feature", "properties": { "source": "YOLOMBÓ", "target": "YALÍ", "distance": 0.5, "betweenness": 0.0047055984555984557, "weight": 0.10470559845559846 }, "geometry": { "type": "LineString", "coordinates": [ [ -75.013385, 6.594511 ], [ -74.840059, 6.676554 ] ] } },
{ "type": "Feature", "properties": { "source": "YOLOMBÓ", "target": "SAN RAFAEL", "distance": 0.5, "betweenness": 0.0029895967395967395, "weight": 0.10298959673959675 }, "geometry": { "type": "LineString", "coordinates": [ [ -75.013385, 6.594511 ], [ -75.02849, 6.293759 ] ] } },
{ "type": "Feature", "properties": { "source": "YOLOMBÓ", "target": "MACEO", "distance": 0.5, "betweenness": 0.0072393822393822388, "weight": 0.10723938223938224 }, "geometry": { "type": "LineString", "coordinates": [ [ -75.013385, 6.594511 ], [ -74.78716, 6.552116 ] ] } },
{ "type": "Feature", "properties": { "source": "YOLOMBÓ", "target": "CARACOLÍ", "distance": 1.0, "betweenness": 9.3843843843843829e-05, "weight": 0.10009384384384384 }, "geometry": { "type": "LineString", "coordinates": [ [ -75.013385, 6.594511 ], [ -74.757421, 6.409829 ] ] } },
{ "type": "Feature", "properties": { "source": "SAN PEDRO DE LOS MILAGROS", "target": "BARBOSA", "distance": 0.33333333333333331, "betweenness": 0.00073887663173377452, "weight": 0.10073887663173378 }, "geometry": { "type": "LineString", "coordinates": [ [ -75.556743, 6.46012 ], [ -75.331627, 6.439195 ] ] } },
{ "type": "Feature", "properties": { "source": "SAN PEDRO DE LOS MILAGROS", "target": "DONMATÍAS", "distance": 0.5, "betweenness": 0.0001126126126126126, "weight": 0.10011261261261262 }, "geometry": { "type": "LineString", "coordinates": [ [ -75.556743, 6.46012 ], [ -75.39263, 6.485603 ] ] } },
{ "type": "Feature", "properties": { "source": "SAN PEDRO DE LOS MILAGROS", "target": "GIRARDOTA", "distance": 0.5, "betweenness": 8.0437580437580435e-05, "weight": 0.10008043758043758 }, "geometry": { "type": "LineString", "coordinates": [ [ -75.556743, 6.46012 ], [ -75.444238, 6.379472 ] ] } },
{ "type": "Feature", "properties": { "source": "SAN PEDRO DE LOS MILAGROS", "target": "BELLO", "distance": 0.5, "betweenness": 0.00016087516087516087, "weight": 0.10016087516087517 }, "geometry": { "type": "LineString", "coordinates": [ [ -75.556743, 6.46012 ], [ -75.555245, 6.333587 ] ] } },
{ "type": "Feature", "properties": { "source": "SAN PEDRO DE LOS MILAGROS", "target": "SAN VICENTE FERRER", "distance": 0.33333333333333331, "betweenness": 0.0017347704847704847, "weight": 0.10173477048477049 }, "geometry": { "type": "LineString", "coordinates": [ [ -75.556743, 6.46012 ], [ -75.332616, 6.282164 ] ] } },
{ "type": "Feature", "properties": { "source": "SAN PEDRO DE LOS MILAGROS", "target": "MEDELLÍN", "distance": 0.5, "betweenness": 0.00040218790218790216, "weight": 0.10040218790218791 }, "geometry": { "type": "LineString", "coordinates": [ [ -75.556743, 6.46012 ], [ -75.581775, 6.246631 ] ] } },
{ "type": "Feature", "properties": { "source": "SAN PEDRO DE LOS MILAGROS", "target": "GUARNE", "distance": 0.33333333333333331, "betweenness": 0.0011625145553716982, "weight": 0.1011625145553717 }, "geometry": { "type": "LineString", "coordinates": [ [ -75.556743, 6.46012 ], [ -75.441612, 6.27787 ] ] } },
{ "type": "Feature", "properties": { "source": "SAN PEDRO DE LOS MILAGROS", "target": "CONCEPCIÓN", "distance": 0.33333333333333331, "betweenness": 0.0023399675185389467, "weight": 0.10233996751853895 }, "geometry": { "type": "LineString", "coordinates": [ [ -75.556743, 6.46012 ], [ -75.257587, 6.394348 ] ] } },
{ "type": "Feature", "properties": { "source": "SAN PEDRO DE LOS MILAGROS", "target": "COPACABANA", "distance": 0.5, "betweenness": 0.00032175032175032174, "weight": 0.10032175032175032 }, "geometry": { "type": "LineString", "coordinates": [ [ -75.556743, 6.46012 ], [ -75.509384, 6.348557 ] ] } },
{ "type": "Feature", "properties": { "source": "SAN PEDRO DE LOS MILAGROS", "target": "EBÉJICO", "distance": 0.5, "betweenness": 0.00071053196053196043, "weight": 0.10071053196053197 }, "geometry": { "type": "LineString", "coordinates": [ [ -75.556743, 6.46012 ], [ -75.766413, 6.325615 ] ] } },
{ "type": "Feature", "properties": { "source": "SAN PEDRO DE LOS MILAGROS", "target": "HELICONIA", "distance": 0.5, "betweenness": 0.00034051909051909044, "weight": 0.1003405190905191 }, "geometry": { "type": "LineString", "coordinates": [ [ -75.556743, 6.46012 ], [ -75.734322, 6.206757 ] ] } },
{ "type": "Feature", "properties": { "source": "SAN PEDRO DE LOS MILAGROS", "target": "ITAGÜÍ", "distance": 0.5, "betweenness": 0.00084363700435129, "weight": 0.1008436370043513 }, "geometry": { "type": "LineString", "coordinates": [ [ -75.556743, 6.46012 ], [ -75.612056, 6.175079 ] ] } },
{ "type": "Feature", "properties": { "source": "SAN PEDRO DE LOS MILAGROS", "target": "ENVIGADO", "distance": 0.33333333333333331, "betweenness": 0.0063162652448366741, "weight": 0.10631626524483669 }, "geometry": { "type": "LineString", "coordinates": [ [ -75.556743, 6.46012 ], [ -75.582192, 6.166695 ] ] } },
{ "type": "Feature", "properties": { "source": "SAN PEDRO DE LOS MILAGROS", "target": "RIONEGRO", "distance": 1.0, "betweenness": 0.0, "weight": 0.1 }, "geometry": { "type": "LineString", "coordinates": [ [ -75.556743, 6.46012 ], [ -75.377316, 6.147148 ] ] } },
{ "type": "Feature", "properties": { "source": "DONMATÍAS", "target": "BARBOSA", "distance": 0.5, "betweenness": 0.0002949377949377949, "weight": 0.1002949377949378 }, "geometry": { "type": "LineString", "coordinates": [ [ -75.39263, 6.485603 ], [ -75.331627, 6.439195 ] ] } },
{ "type": "Feature", "properties": { "source": "DONMATÍAS", "target": "SAN VICENTE FERRER", "distance": 0.5, "betweenness": 0.0002949377949377949, "weight": 0.1002949377949378 }, "geometry": { "type": "LineString", "coordinates": [ [ -75.39263, 6.485603 ], [ -75.332616, 6.282164 ] ] } },
{ "type": "Feature", "properties": { "source": "DONMATÍAS", "target": "COPACABANA", "distance": 0.5, "betweenness": 0.0008177820677820678, "weight": 0.10081778206778208 }, "geometry": { "type": "LineString", "coordinates": [ [ -75.39263, 6.485603 ], [ -75.509384, 6.348557 ] ] } },
{ "type": "Feature", "properties": { "source": "DONMATÍAS", "target": "CONCEPCIÓN", "distance": 0.5, "betweenness": 0.00024131274131274132, "weight": 0.10024131274131275 }, "geometry": { "type": "LineString", "coordinates": [ [ -75.39263, 6.485603 ], [ -75.257587, 6.394348 ] ] } },
{ "type": "Feature", "properties": { "source": "DONMATÍAS", "target": "GIRARDOTA", "distance": 0.5, "betweenness": 0.00046117546117546108, "weight": 0.10046117546117547 }, "geometry": { "type": "LineString", "coordinates": [ [ -75.39263, 6.485603 ], [ -75.444238, 6.379472 ] ] } },
{ "type": "Feature", "properties": { "source": "DONMATÍAS", "target": "GUARNE", "distance": 0.33333333333333331, "betweenness": 0.0043463105963105963, "weight": 0.1043463105963106 }, "geometry": { "type": "LineString", "coordinates": [ [ -75.39263, 6.485603 ], [ -75.441612, 6.27787 ] ] } },
{ "type": "Feature", "properties": { "source": "DONMATÍAS", "target": "BELLO", "distance": 0.5, "betweenness": 0.0002949377949377949, "weight": 0.1002949377949378 }, "geometry": { "type": "LineString", "coordinates": [ [ -75.39263, 6.485603 ], [ -75.555245, 6.333587 ] ] } },
{ "type": "Feature", "properties": { "source": "DONMATÍAS", "target": "SANTO DOMINGO", "distance": 0.5, "betweenness": 0.0011730480480480481, "weight": 0.10117304804804805 }, "geometry": { "type": "LineString", "coordinates": [ [ -75.39263, 6.485603 ], [ -75.164903, 6.473032 ] ] } },
{ "type": "Feature", "properties": { "source": "DONMATÍAS", "target": "MEDELLÍN", "distance": 0.5, "betweenness": 0.0012668918918918922, "weight": 0.10126689189189189 }, "geometry": { "type": "LineString", "coordinates": [ [ -75.39263, 6.485603 ], [ -75.581775, 6.246631 ] ] } },
{ "type": "Feature", "properties": { "source": "DONMATÍAS", "target": "CISNEROS", "distance": 0.33333333333333331, "betweenness": 0.0028059309309309307, "weight": 0.10280593093093093 }, "geometry": { "type": "LineString", "coordinates": [ [ -75.39263, 6.485603 ], [ -75.087047, 6.537829 ] ] } },
{ "type": "Feature", "properties": { "source": "DONMATÍAS", "target": "SAN ROQUE", "distance": 0.5, "betweenness": 0.0012333762333762333, "weight": 0.10123337623337623 }, "geometry": { "type": "LineString", "coordinates": [ [ -75.39263, 6.485603 ], [ -75.019109, 6.485939 ] ] } },
{ "type": "Feature", "properties": { "source": "DONMATÍAS", "target": "ALEJANDRÍA", "distance": 0.5, "betweenness": 0.0029493779493779495, "weight": 0.10294937794937796 }, "geometry": { "type": "LineString", "coordinates": [ [ -75.39263, 6.485603 ], [ -75.141346, 6.376061 ] ] } },
{ "type": "Feature", "properties": { "source": "DONMATÍAS", "target": "PEÑOL", "distance": 0.5, "betweenness": 0.0018232518232518234, "weight": 0.10182325182325183 }, "geometry": { "type": "LineString", "coordinates": [ [ -75.39263, 6.485603 ], [ -75.242693, 6.219349 ] ] } },
{ "type": "Feature", "properties": { "source": "DONMATÍAS", "target": "RIONEGRO", "distance": 1.0, "betweenness": 0.0, "weight": 0.1 }, "geometry": { "type": "LineString", "coordinates": [ [ -75.39263, 6.485603 ], [ -75.377316, 6.147148 ] ] } },
{ "type": "Feature", "properties": { "source": "DONMATÍAS", "target": "MARINILLA", "distance": 1.0, "betweenness": 0.0, "weight": 0.1 }, "geometry": { "type": "LineString", "coordinates": [ [ -75.39263, 6.485603 ], [ -75.339345, 6.173995 ] ] } },
{ "type": "Feature", "properties": { "source": "SANTO DOMINGO", "target": "ALEJANDRÍA", "distance": 0.5, "betweenness": 0.00016087516087516087, "weight": 0.10016087516087517 }, "geometry": { "type": "LineString", "coordinates": [ [ -75.164903, 6.473032 ], [ -75.141346, 6.376061 ] ] } },
{ "type": "Feature", "properties": { "source": "SANTO DOMINGO", "target": "BARBOSA", "distance": 0.5, "betweenness": 0.00022790647790647787, "weight": 0.10022790647790648 }, "geometry": { "type": "LineString", "coordinates": [ [ -75.164903, 6.473032 ], [ -75.331627, 6.439195 ] ] } },
{ "type": "Feature", "properties": { "source": "SANTO DOMINGO", "target": "CONCEPCIÓN", "distance": 0.5, "betweenness": 0.00016087516087516087, "weight": 0.10016087516087517 }, "geometry": { "type": "LineString", "coordinates": [ [ -75.164903, 6.473032 ], [ -75.257587, 6.394348 ] ] } },
{ "type": "Feature", "properties": { "source": "SANTO DOMINGO", "target": "SAN RAFAEL", "distance": 0.33333333333333331, "betweenness": 0.001949270699270699, "weight": 0.10194927069927071 }, "geometry": { "type": "LineString", "coordinates": [ [ -75.164903, 6.473032 ], [ -75.02849, 6.293759 ] ] } },
{ "type": "Feature", "properties": { "source": "SANTO DOMINGO", "target": "PEÑOL", "distance": 0.5, "betweenness": 0.00030030030030030029, "weight": 0.10030030030030031 }, "geometry": { "type": "LineString", "coordinates": [ [ -75.164903, 6.473032 ], [ -75.242693, 6.219349 ] ] } },
{ "type": "Feature", "properties": { "source": "SANTO DOMINGO", "target": "GUATAPÉ", "distance": 0.5, "betweenness": 0.00018385732671446955, "weight": 0.10018385732671448 }, "geometry": { "type": "LineString", "coordinates": [ [ -75.164903, 6.473032 ], [ -75.160041, 6.232461 ] ] } },
{ "type": "Feature", "properties": { "source": "SANTO DOMINGO", "target": "SAN ROQUE", "distance": 0.5, "betweenness": 0.00021450021450021448, "weight": 0.10021450021450022 }, "geometry": { "type": "LineString", "coordinates": [ [ -75.164903, 6.473032 ], [ -75.019109, 6.485939 ] ] } },
{ "type": "Feature", "properties": { "source": "SANTO DOMINGO", "target": "SAN VICENTE FERRER", "distance": 0.5, "betweenness": 0.00024131274131274132, "weight": 0.10024131274131275 }, "geometry": { "type": "LineString", "coordinates": [ [ -75.164903, 6.473032 ], [ -75.332616, 6.282164 ] ] } },
{ "type": "Feature", "properties": { "source": "SANTO DOMINGO", "target": "CISNEROS", "distance": 0.5, "betweenness": 0.00018385732671446955, "weight": 0.10018385732671448 }, "geometry": { "type": "LineString", "coordinates": [ [ -75.164903, 6.473032 ], [ -75.087047, 6.537829 ] ] } },
{ "type": "Feature", "properties": { "source": "SANTO DOMINGO", "target": "SAN CARLOS", "distance": 0.5, "betweenness": 0.0011261261261261261, "weight": 0.10112612612612613 }, "geometry": { "type": "LineString", "coordinates": [ [ -75.164903, 6.473032 ], [ -74.988097, 6.187746 ] ] } },
{ "type": "Feature", "properties": { "source": "SANTO DOMINGO", "target": "GIRARDOTA", "distance": 0.5, "betweenness": 0.001097972972972973, "weight": 0.10109797297297297 }, "geometry": { "type": "LineString", "coordinates": [ [ -75.164903, 6.473032 ], [ -75.444238, 6.379472 ] ] } },
{ "type": "Feature", "properties": { "source": "SANTO DOMINGO", "target": "GUARNE", "distance": 0.33333333333333331, "betweenness": 0.0071656477906477901, "weight": 0.1071656477906478 }, "geometry": { "type": "LineString", "coordinates": [ [ -75.164903, 6.473032 ], [ -75.441612, 6.27787 ] ] } },
{ "type": "Feature", "properties": { "source": "SANTO DOMINGO", "target": "MARINILLA", "distance": 0.5, "betweenness": 0.00022790647790647787, "weight": 0.10022790647790648 }, "geometry": { "type": "LineString", "coordinates": [ [ -75.164903, 6.473032 ], [ -75.339345, 6.173995 ] ] } },
{ "type": "Feature", "properties": { "source": "SANTO DOMINGO", "target": "GRANADA", "distance": 0.33333333333333331, "betweenness": 0.0016261797511797509, "weight": 0.10162617975117975 }, "geometry": { "type": "LineString", "coordinates": [ [ -75.164903, 6.473032 ], [ -75.184446, 6.142892 ] ] } },
{ "type": "Feature", "properties": { "source": "URRAO", "target": "CAICEDO", "distance": 0.5, "betweenness": 0.0, "weight": 0.1 }, "geometry": { "type": "LineString", "coordinates": [ [ -76.133951, 6.317343 ], [ -75.98293, 6.405607 ] ] } },
{ "type": "Feature", "properties": { "source": "URRAO", "target": "ANZÁ", "distance": 0.5, "betweenness": 0.0014076576576576576, "weight": 0.10140765765765766 }, "geometry": { "type": "LineString", "coordinates": [ [ -76.133951, 6.317343 ], [ -75.854442, 6.302641 ] ] } },
{ "type": "Feature", "properties": { "source": "URRAO", "target": "BETULIA", "distance": 0.5, "betweenness": 0.002010939510939511, "weight": 0.10201093951093952 }, "geometry": { "type": "LineString", "coordinates": [ [ -76.133951, 6.317343 ], [ -75.984452, 6.115208 ] ] } },
{ "type": "Feature", "properties": { "source": "URRAO", "target": "SALGAR", "distance": 0.33333333333333331, "betweenness": 0.0066361003861003858, "weight": 0.10663610038610039 }, "geometry": { "type": "LineString", "coordinates": [ [ -76.133951, 6.317343 ], [ -75.976807, 5.964198 ] ] } },
{ "type": "Feature", "properties": { "source": "URRAO", "target": "CONCORDIA", "distance": 0.5, "betweenness": 0.0025136743886743887, "weight": 0.1025136743886744 }, "geometry": { "type": "LineString", "coordinates": [ [ -76.133951, 6.317343 ], [ -75.908448, 6.045738 ] ] } },
{ "type": "Feature", "properties": { "source": "URRAO", "target": "VIGÍA DEL FUERTE", "distance": 0.5, "betweenness": 0.011663449163449163, "weight": 0.11166344916344917 }, "geometry": { "type": "LineString", "coordinates": [ [ -76.133951, 6.317343 ], [ -76.896004, 6.588164 ] ] } },
{ "type": "Feature", "properties": { "source": "URRAO", "target": "EBÉJICO", "distance": 0.33333333333333331, "betweenness": 0.0098267910767910766, "weight": 0.10982679107679108 }, "geometry": { "type": "LineString", "coordinates": [ [ -76.133951, 6.317343 ], [ -75.766413, 6.325615 ] ] } },
{ "type": "Feature", "properties": { "source": "URRAO", "target": "ARMENIA", "distance": 0.25, "betweenness": 0.034883097383097382, "weight": 0.13488309738309739 }, "geometry": { "type": "LineString", "coordinates": [ [ -76.133951, 6.317343 ], [ -75.786647, 6.155667 ] ] } },
{ "type": "Feature", "properties": { "source": "URRAO", "target": "CIUDAD BOLÍVAR", "distance": 0.16666666666666666, "betweenness": 0.069865401115401113, "weight": 0.1698654011154011 }, "geometry": { "type": "LineString", "coordinates": [ [ -76.133951, 6.317343 ], [ -76.021509, 5.850273 ] ] } },
{ "type": "Feature", "properties": { "source": "URRAO", "target": "HELICONIA", "distance": 0.5, "betweenness": 0.0021637709137709137, "weight": 0.10216377091377092 }, "geometry": { "type": "LineString", "coordinates": [ [ -76.133951, 6.317343 ], [ -75.734322, 6.206757 ] ] } },
{ "type": "Feature", "properties": { "source": "URRAO", "target": "TITIRIBÍ", "distance": 0.5, "betweenness": 0.0010456885456885457, "weight": 0.10104568854568854 }, "geometry": { "type": "LineString", "coordinates": [ [ -76.133951, 6.317343 ], [ -75.791887, 6.062391 ] ] } },
{ "type": "Feature", "properties": { "source": "CAICEDO", "target": "ANZÁ", "distance": 0.5, "betweenness": 0.00037537537537537532, "weight": 0.10037537537537539 }, "geometry": { "type": "LineString", "coordinates": [ [ -75.98293, 6.405607 ], [ -75.854442, 6.302641 ] ] } },
{ "type": "Feature", "properties": { "source": "CAICEDO", "target": "EBÉJICO", "distance": 0.5, "betweenness": 0.00032175032175032174, "weight": 0.10032175032175032 }, "geometry": { "type": "LineString", "coordinates": [ [ -75.98293, 6.405607 ], [ -75.766413, 6.325615 ] ] } },
{ "type": "Feature", "properties": { "source": "CAICEDO", "target": "BETULIA", "distance": 0.5, "betweenness": 0.00048262548262548264, "weight": 0.10048262548262549 }, "geometry": { "type": "LineString", "coordinates": [ [ -75.98293, 6.405607 ], [ -75.984452, 6.115208 ] ] } },
{ "type": "Feature", "properties": { "source": "CAICEDO", "target": "HELICONIA", "distance": 0.5, "betweenness": 0.00052284427284427285, "weight": 0.10052284427284428 }, "geometry": { "type": "LineString", "coordinates": [ [ -75.98293, 6.405607 ], [ -75.734322, 6.206757 ] ] } },
{ "type": "Feature", "properties": { "source": "CAICEDO", "target": "ARMENIA", "distance": 0.25, "betweenness": 0.015725546975546977, "weight": 0.11572554697554699 }, "geometry": { "type": "LineString", "coordinates": [ [ -75.98293, 6.405607 ], [ -75.786647, 6.155667 ] ] } },
{ "type": "Feature", "properties": { "source": "CAICEDO", "target": "CONCORDIA", "distance": 0.5, "betweenness": 0.0011491082919654347, "weight": 0.10114910829196544 }, "geometry": { "type": "LineString", "coordinates": [ [ -75.98293, 6.405607 ], [ -75.908448, 6.045738 ] ] } },
{ "type": "Feature", "properties": { "source": "CAICEDO", "target": "MEDELLÍN", "distance": 1.0, "betweenness": 0.0, "weight": 0.1 }, "geometry": { "type": "LineString", "coordinates": [ [ -75.98293, 6.405607 ], [ -75.581775, 6.246631 ] ] } },
{ "type": "Feature", "properties": { "source": "ANZÁ", "target": "BETULIA", "distance": 0.33333333333333331, "betweenness": 0.00093843843843843854, "weight": 0.10093843843843844 }, "geometry": { "type": "LineString", "coordinates": [ [ -75.854442, 6.302641 ], [ -75.984452, 6.115208 ] ] } },
{ "type": "Feature", "properties": { "source": "ANZÁ", "target": "EBÉJICO", "distance": 0.5, "betweenness": 0.00026812526812526811, "weight": 0.10026812526812527 }, "geometry": { "type": "LineString", "coordinates": [ [ -75.854442, 6.302641 ], [ -75.766413, 6.325615 ] ] } },
{ "type": "Feature", "properties": { "source": "ANZÁ", "target": "HELICONIA", "distance": 0.5, "betweenness": 0.00026812526812526811, "weight": 0.10026812526812527 }, "geometry": { "type": "LineString", "coordinates": [ [ -75.854442, 6.302641 ], [ -75.734322, 6.206757 ] ] } },
{ "type": "Feature", "properties": { "source": "ANZÁ", "target": "MEDELLÍN", "distance": 0.33333333333333331, "betweenness": 0.0099742599742599723, "weight": 0.10997425997425998 }, "geometry": { "type": "LineString", "coordinates": [ [ -75.854442, 6.302641 ], [ -75.581775, 6.246631 ] ] } },
{ "type": "Feature", "properties": { "source": "ANZÁ", "target": "BELLO", "distance": 1.0, "betweenness": 0.0, "weight": 0.1 }, "geometry": { "type": "LineString", "coordinates": [ [ -75.854442, 6.302641 ], [ -75.555245, 6.333587 ] ] } },
{ "type": "Feature", "properties": { "source": "ANZÁ", "target": "ARMENIA", "distance": 0.5, "betweenness": 0.00016087516087516087, "weight": 0.10016087516087517 }, "geometry": { "type": "LineString", "coordinates": [ [ -75.854442, 6.302641 ], [ -75.786647, 6.155667 ] ] } },
{ "type": "Feature", "properties": { "source": "ANZÁ", "target": "CONCORDIA", "distance": 0.5, "betweenness": 0.00052571704357418634, "weight": 0.10052571704357419 }, "geometry": { "type": "LineString", "coordinates": [ [ -75.854442, 6.302641 ], [ -75.908448, 6.045738 ] ] } },
{ "type": "Feature", "properties": { "source": "ANZÁ", "target": "SALGAR", "distance": 0.5, "betweenness": 0.0014076576576576576, "weight": 0.10140765765765766 }, "geometry": { "type": "LineString", "coordinates": [ [ -75.854442, 6.302641 ], [ -75.976807, 5.964198 ] ] } },
{ "type": "Feature", "properties": { "source": "ANZÁ", "target": "TITIRIBÍ", "distance": 0.5, "betweenness": 0.00073734448734448727, "weight": 0.10073734448734449 }, "geometry": { "type": "LineString", "coordinates": [ [ -75.854442, 6.302641 ], [ -75.791887, 6.062391 ] ] } },
{ "type": "Feature", "properties": { "source": "ANZÁ", "target": "ANGELÓPOLIS", "distance": 0.5, "betweenness": 0.00032175032175032174, "weight": 0.10032175032175032 }, "geometry": { "type": "LineString", "coordinates": [ [ -75.854442, 6.302641 ], [ -75.711389, 6.109719 ] ] } },
{ "type": "Feature", "properties": { "source": "ANZÁ", "target": "LA ESTRELLA", "distance": 1.0, "betweenness": 0.0, "weight": 0.1 }, "geometry": { "type": "LineString", "coordinates": [ [ -75.854442, 6.302641 ], [ -75.637708, 6.145238 ] ] } },
{ "type": "Feature", "properties": { "source": "BETULIA", "target": "CONCORDIA", "distance": 0.5, "betweenness": 0.00021315958815958818, "weight": 0.1002131595881596 }, "geometry": { "type": "LineString", "coordinates": [ [ -75.984452, 6.115208 ], [ -75.908448, 6.045738 ] ] } },
{ "type": "Feature", "properties": { "source": "BETULIA", "target": "SALGAR", "distance": 0.5, "betweenness": 0.0002734877734877735, "weight": 0.10027348777348778 }, "geometry": { "type": "LineString", "coordinates": [ [ -75.984452, 6.115208 ], [ -75.976807, 5.964198 ] ] } },
{ "type": "Feature", "properties": { "source": "BETULIA", "target": "HELICONIA", "distance": 0.5, "betweenness": 0.00031504719004719, "weight": 0.10031504719004719 }, "geometry": { "type": "LineString", "coordinates": [ [ -75.984452, 6.115208 ], [ -75.734322, 6.206757 ] ] } },
{ "type": "Feature", "properties": { "source": "BETULIA", "target": "ARMENIA", "distance": 0.5, "betweenness": 0.0011837730587730588, "weight": 0.10118377305877306 }, "geometry": { "type": "LineString", "coordinates": [ [ -75.984452, 6.115208 ], [ -75.786647, 6.155667 ] ] } },
{ "type": "Feature", "properties": { "source": "BETULIA", "target": "EBÉJICO", "distance": 0.5, "betweenness": 0.00031504719004719, "weight": 0.10031504719004719 }, "geometry": { "type": "LineString", "coordinates": [ [ -75.984452, 6.115208 ], [ -75.766413, 6.325615 ] ] } },
{ "type": "Feature", "properties": { "source": "BETULIA", "target": "TITIRIBÍ", "distance": 0.5, "betweenness": 0.0030391999141999144, "weight": 0.10303919991419992 }, "geometry": { "type": "LineString", "coordinates": [ [ -75.984452, 6.115208 ], [ -75.791887, 6.062391 ] ] } },
{ "type": "Feature", "properties": { "source": "BETULIA", "target": "ANGELÓPOLIS", "distance": 0.5, "betweenness": 0.00058317245817245816, "weight": 0.10058317245817247 }, "geometry": { "type": "LineString", "coordinates": [ [ -75.984452, 6.115208 ], [ -75.711389, 6.109719 ] ] } },
{ "type": "Feature", "properties": { "source": "BETULIA", "target": "CIUDAD BOLÍVAR", "distance": 0.5, "betweenness": 0.0010242385242385241, "weight": 0.10102423852423853 }, "geometry": { "type": "LineString", "coordinates": [ [ -75.984452, 6.115208 ], [ -76.021509, 5.850273 ] ] } },
{ "type": "Feature", "properties": { "source": "BETULIA", "target": "MEDELLÍN", "distance": 0.5, "betweenness": 0.0040956134706134706, "weight": 0.10409561347061348 }, "geometry": { "type": "LineString", "coordinates": [ [ -75.984452, 6.115208 ], [ -75.581775, 6.246631 ] ] } },
{ "type": "Feature", "properties": { "source": "BETULIA", "target": "AMAGÁ", "distance": 0.5, "betweenness": 0.00097731660231660218, "weight": 0.10097731660231661 }, "geometry": { "type": "LineString", "coordinates": [ [ -75.984452, 6.115208 ], [ -75.702188, 6.038708 ] ] } },
{ "type": "Feature", "properties": { "source": "BETULIA", "target": "LA ESTRELLA", "distance": 0.5, "betweenness": 0.00032040969540969539, "weight": 0.1003204096954097 }, "geometry": { "type": "LineString", "coordinates": [ [ -75.984452, 6.115208 ], [ -75.637708, 6.145238 ] ] } },
{ "type": "Feature", "properties": { "source": "BETULIA", "target": "VENECIA", "distance": 0.5, "betweenness": 0.00070248820248820256, "weight": 0.10070248820248821 }, "geometry": { "type": "LineString", "coordinates": [ [ -75.984452, 6.115208 ], [ -75.735544, 5.964693 ] ] } },
{ "type": "Feature", "properties": { "source": "SALGAR", "target": "CONCORDIA", "distance": 0.5, "betweenness": 0.00016087516087516087, "weight": 0.10016087516087517 }, "geometry": { "type": "LineString", "coordinates": [ [ -75.976807, 5.964198 ], [ -75.908448, 6.045738 ] ] } },
{ "type": "Feature", "properties": { "source": "SALGAR", "target": "CIUDAD BOLÍVAR", "distance": 0.33333333333333331, "betweenness": 0.00037537537537537532, "weight": 0.10037537537537539 }, "geometry": { "type": "LineString", "coordinates": [ [ -75.976807, 5.964198 ], [ -76.021509, 5.850273 ] ] } },
{ "type": "Feature", "properties": { "source": "SALGAR", "target": "TITIRIBÍ", "distance": 0.5, "betweenness": 0.0042658730158730155, "weight": 0.10426587301587302 }, "geometry": { "type": "LineString", "coordinates": [ [ -75.976807, 5.964198 ], [ -75.791887, 6.062391 ] ] } },
{ "type": "Feature", "properties": { "source": "SALGAR", "target": "PUEBLORRICO", "distance": 0.5, "betweenness": 0.00024131274131274132, "weight": 0.10024131274131275 }, "geometry": { "type": "LineString", "coordinates": [ [ -75.976807, 5.964198 ], [ -75.839903, 5.79158 ] ] } },
{ "type": "Feature", "properties": { "source": "SALGAR", "target": "VENECIA", "distance": 0.5, "betweenness": 0.00065690690690690696, "weight": 0.10065690690690692 }, "geometry": { "type": "LineString", "coordinates": [ [ -75.976807, 5.964198 ], [ -75.735544, 5.964693 ] ] } },
{ "type": "Feature", "properties": { "source": "SALGAR", "target": "HISPANIA", "distance": 0.5, "betweenness": 0.00021450021450021448, "weight": 0.10021450021450022 }, "geometry": { "type": "LineString", "coordinates": [ [ -75.976807, 5.964198 ], [ -75.906587, 5.799461 ] ] } },
{ "type": "Feature", "properties": { "source": "SALGAR", "target": "BETANIA", "distance": 0.5, "betweenness": 0.00021450021450021448, "weight": 0.10021450021450022 }, "geometry": { "type": "LineString", "coordinates": [ [ -75.976807, 5.964198 ], [ -75.97679, 5.74615 ] ] } },
{ "type": "Feature", "properties": { "source": "SALGAR", "target": "AMAGÁ", "distance": 0.5, "betweenness": 0.00020109395109395108, "weight": 0.10020109395109396 }, "geometry": { "type": "LineString", "coordinates": [ [ -75.976807, 5.964198 ], [ -75.702188, 6.038708 ] ] } },
{ "type": "Feature", "properties": { "source": "SALGAR", "target": "ARMENIA", "distance": 0.5, "betweenness": 0.0014451951951951953, "weight": 0.1014451951951952 }, "geometry": { "type": "LineString", "coordinates": [ [ -75.976807, 5.964198 ], [ -75.786647, 6.155667 ] ] } },
{ "type": "Feature", "properties": { "source": "SALGAR", "target": "JERICÓ", "distance": 0.5, "betweenness": 0.00039414414414414418, "weight": 0.10039414414414415 }, "geometry": { "type": "LineString", "coordinates": [ [ -75.976807, 5.964198 ], [ -75.785499, 5.789748 ] ] } },
{ "type": "Feature", "properties": { "source": "SALGAR", "target": "ANDES", "distance": 0.5, "betweenness": 0.00052284427284427285, "weight": 0.10052284427284428 }, "geometry": { "type": "LineString", "coordinates": [ [ -75.976807, 5.964198 ], [ -75.878828, 5.657194 ] ] } },
{ "type": "Feature", "properties": { "source": "SALGAR", "target": "TARSO", "distance": 0.5, "betweenness": 0.00042900042900042895, "weight": 0.10042900042900044 }, "geometry": { "type": "LineString", "coordinates": [ [ -75.976807, 5.964198 ], [ -75.822956, 5.864542 ] ] } },
{ "type": "Feature", "properties": { "source": "SALGAR", "target": "FREDONIA", "distance": 0.5, "betweenness": 0.0015283140283140282, "weight": 0.10152831402831404 }, "geometry": { "type": "LineString", "coordinates": [ [ -75.976807, 5.964198 ], [ -75.675072, 5.928039 ] ] } },
{ "type": "Feature", "properties": { "source": "SALGAR", "target": "ANGELÓPOLIS", "distance": 1.0, "betweenness": 0.0, "weight": 0.1 }, "geometry": { "type": "LineString", "coordinates": [ [ -75.976807, 5.964198 ], [ -75.711389, 6.109719 ] ] } },
{ "type": "Feature", "properties": { "source": "CONCORDIA", "target": "ANGELÓPOLIS", "distance": 0.5, "betweenness": 0.00066916406202120488, "weight": 0.10066916406202121 }, "geometry": { "type": "LineString", "coordinates": [ [ -75.908448, 6.045738 ], [ -75.711389, 6.109719 ] ] } },
{ "type": "Feature", "properties": { "source": "CONCORDIA", "target": "EBÉJICO", "distance": 0.5, "betweenness": 0.00035411687197401477, "weight": 0.10035411687197401 }, "geometry": { "type": "LineString", "coordinates": [ [ -75.908448, 6.045738 ], [ -75.766413, 6.325615 ] ] } },
{ "type": "Feature", "properties": { "source": "CONCORDIA", "target": "TITIRIBÍ", "distance": 0.5, "betweenness": 0.0015712140712140709, "weight": 0.10157121407121408 }, "geometry": { "type": "LineString", "coordinates": [ [ -75.908448, 6.045738 ], [ -75.791887, 6.062391 ] ] } },
{ "type": "Feature", "properties": { "source": "CONCORDIA", "target": "AMAGÁ", "distance": 0.5, "betweenness": 0.00017696267696267696, "weight": 0.10017696267696269 }, "geometry": { "type": "LineString", "coordinates": [ [ -75.908448, 6.045738 ], [ -75.702188, 6.038708 ] ] } },
{ "type": "Feature", "properties": { "source": "CONCORDIA", "target": "MEDELLÍN", "distance": 0.5, "betweenness": 0.0057300284978856406, "weight": 0.10573002849788565 }, "geometry": { "type": "LineString", "coordinates": [ [ -75.908448, 6.045738 ], [ -75.581775, 6.246631 ] ] } },
{ "type": "Feature", "properties": { "source": "CONCORDIA", "target": "ARMENIA", "distance": 0.5, "betweenness": 0.00087408837408837396, "weight": 0.10087408837408839 }, "geometry": { "type": "LineString", "coordinates": [ [ -75.908448, 6.045738 ], [ -75.786647, 6.155667 ] ] } },
{ "type": "Feature", "properties": { "source": "CONCORDIA", "target": "HELICONIA", "distance": 0.5, "betweenness": 0.00044527946313660597, "weight": 0.10044527946313661 }, "geometry": { "type": "LineString", "coordinates": [ [ -75.908448, 6.045738 ], [ -75.734322, 6.206757 ] ] } },
{ "type": "Feature", "properties": { "source": "CONCORDIA", "target": "VENECIA", "distance": 0.5, "betweenness": 0.00024131274131274132, "weight": 0.10024131274131275 }, "geometry": { "type": "LineString", "coordinates": [ [ -75.908448, 6.045738 ], [ -75.735544, 5.964693 ] ] } },
{ "type": "Feature", "properties": { "source": "CONCORDIA", "target": "LA ESTRELLA", "distance": 0.5, "betweenness": 0.00024016363302077588, "weight": 0.10024016363302078 }, "geometry": { "type": "LineString", "coordinates": [ [ -75.908448, 6.045738 ], [ -75.637708, 6.145238 ] ] } },
{ "type": "Feature", "properties": { "source": "CONCORDIA", "target": "FREDONIA", "distance": 0.5, "betweenness": 0.00055233805233805228, "weight": 0.10055233805233806 }, "geometry": { "type": "LineString", "coordinates": [ [ -75.908448, 6.045738 ], [ -75.675072, 5.928039 ] ] } },
{ "type": "Feature", "properties": { "source": "CONCORDIA", "target": "PUEBLORRICO", "distance": 0.5, "betweenness": 0.00032711282711282708, "weight": 0.10032711282711283 }, "geometry": { "type": "LineString", "coordinates": [ [ -75.908448, 6.045738 ], [ -75.839903, 5.79158 ] ] } },
{ "type": "Feature", "properties": { "source": "CONCORDIA", "target": "CIUDAD BOLÍVAR", "distance": 0.5, "betweenness": 0.00032175032175032174, "weight": 0.10032175032175032 }, "geometry": { "type": "LineString", "coordinates": [ [ -75.908448, 6.045738 ], [ -76.021509, 5.850273 ] ] } },
{ "type": "Feature", "properties": { "source": "CONCORDIA", "target": "TARSO", "distance": 0.5, "betweenness": 0.00061668811668811664, "weight": 0.10061668811668813 }, "geometry": { "type": "LineString", "coordinates": [ [ -75.908448, 6.045738 ], [ -75.822956, 5.864542 ] ] } },
{ "type": "Feature", "properties": { "source": "CONCORDIA", "target": "JERICÓ", "distance": 0.5, "betweenness": 0.00092235092235092237, "weight": 0.10092235092235093 }, "geometry": { "type": "LineString", "coordinates": [ [ -75.908448, 6.045738 ], [ -75.785499, 5.789748 ] ] } },
{ "type": "Feature", "properties": { "source": "CONCORDIA", "target": "CALDAS", "distance": 0.5, "betweenness": 0.0023219648219648219, "weight": 0.10232196482196483 }, "geometry": { "type": "LineString", "coordinates": [ [ -75.908448, 6.045738 ], [ -75.633673, 6.091077 ] ] } },
{ "type": "Feature", "properties": { "source": "CONCORDIA", "target": "HISPANIA", "distance": 0.5, "betweenness": 0.00034856284856284853, "weight": 0.10034856284856285 }, "geometry": { "type": "LineString", "coordinates": [ [ -75.908448, 6.045738 ], [ -75.906587, 5.799461 ] ] } },
{ "type": "Feature", "properties": { "source": "CONCORDIA", "target": "BETANIA", "distance": 0.5, "betweenness": 0.00093843843843843854, "weight": 0.10093843843843844 }, "geometry": { "type": "LineString", "coordinates": [ [ -75.908448, 6.045738 ], [ -75.97679, 5.74615 ] ] } },
{ "type": "Feature", "properties": { "source": "CONCORDIA", "target": "ANDES", "distance": 1.0, "betweenness": 0.0, "weight": 0.1 }, "geometry": { "type": "LineString", "coordinates": [ [ -75.908448, 6.045738 ], [ -75.878828, 5.657194 ] ] } },
{ "type": "Feature", "properties": { "source": "BARBOSA", "target": "CONCEPCIÓN", "distance": 0.5, "betweenness": 0.00016087516087516087, "weight": 0.10016087516087517 }, "geometry": { "type": "LineString", "coordinates": [ [ -75.331627, 6.439195 ], [ -75.257587, 6.394348 ] ] } },
{ "type": "Feature", "properties": { "source": "BARBOSA", "target": "GUARNE", "distance": 0.5, "betweenness": 0.00028153153153153153, "weight": 0.10028153153153153 }, "geometry": { "type": "LineString", "coordinates": [ [ -75.331627, 6.439195 ], [ -75.441612, 6.27787 ] ] } },
{ "type": "Feature", "properties": { "source": "BARBOSA", "target": "SAN VICENTE FERRER", "distance": 0.5, "betweenness": 0.00040218790218790216, "weight": 0.10040218790218791 }, "geometry": { "type": "LineString", "coordinates": [ [ -75.331627, 6.439195 ], [ -75.332616, 6.282164 ] ] } },
{ "type": "Feature", "properties": { "source": "BARBOSA", "target": "PEÑOL", "distance": 0.5, "betweenness": 0.00058987558987558979, "weight": 0.1005898755898756 }, "geometry": { "type": "LineString", "coordinates": [ [ -75.331627, 6.439195 ], [ -75.242693, 6.219349 ] ] } },
{ "type": "Feature", "properties": { "source": "BARBOSA", "target": "GIRARDOTA", "distance": 0.5, "betweenness": 0.00016087516087516087, "weight": 0.10016087516087517 }, "geometry": { "type": "LineString", "coordinates": [ [ -75.331627, 6.439195 ], [ -75.444238, 6.379472 ] ] } },
{ "type": "Feature", "properties": { "source": "BARBOSA", "target": "COPACABANA", "distance": 0.5, "betweenness": 0.00076032665318379598, "weight": 0.1007603266531838 }, "geometry": { "type": "LineString", "coordinates": [ [ -75.331627, 6.439195 ], [ -75.509384, 6.348557 ] ] } },
{ "type": "Feature", "properties": { "source": "BARBOSA", "target": "ALEJANDRÍA", "distance": 0.5, "betweenness": 0.00099206349206349201, "weight": 0.10099206349206349 }, "geometry": { "type": "LineString", "coordinates": [ [ -75.331627, 6.439195 ], [ -75.141346, 6.376061 ] ] } },
{ "type": "Feature", "properties": { "source": "BARBOSA", "target": "GUATAPÉ", "distance": 0.5, "betweenness": 0.00067988907274621555, "weight": 0.10067988907274622 }, "geometry": { "type": "LineString", "coordinates": [ [ -75.331627, 6.439195 ], [ -75.160041, 6.232461 ] ] } },
{ "type": "Feature", "properties": { "source": "BARBOSA", "target": "MARINILLA", "distance": 0.33333333333333331, "betweenness": 0.0021315958815958814, "weight": 0.10213159588159589 }, "geometry": { "type": "LineString", "coordinates": [ [ -75.331627, 6.439195 ], [ -75.339345, 6.173995 ] ] } },
{ "type": "Feature", "properties": { "source": "BARBOSA", "target": "RIONEGRO", "distance": 0.5, "betweenness": 0.00053625053625053621, "weight": 0.10053625053625054 }, "geometry": { "type": "LineString", "coordinates": [ [ -75.331627, 6.439195 ], [ -75.377316, 6.147148 ] ] } },
{ "type": "Feature", "properties": { "source": "BARBOSA", "target": "SAN RAFAEL", "distance": 0.5, "betweenness": 0.00096525096525096527, "weight": 0.10096525096525097 }, "geometry": { "type": "LineString", "coordinates": [ [ -75.331627, 6.439195 ], [ -75.02849, 6.293759 ] ] } },
{ "type": "Feature", "properties": { "source": "BARBOSA", "target": "SAN ROQUE", "distance": 0.5, "betweenness": 0.00036196911196911195, "weight": 0.10036196911196912 }, "geometry": { "type": "LineString", "coordinates": [ [ -75.331627, 6.439195 ], [ -75.019109, 6.485939 ] ] } },
{ "type": "Feature", "properties": { "source": "BARBOSA", "target": "CISNEROS", "distance": 0.5, "betweenness": 0.00066514218299932584, "weight": 0.10066514218299934 }, "geometry": { "type": "LineString", "coordinates": [ [ -75.331627, 6.439195 ], [ -75.087047, 6.537829 ] ] } },
{ "type": "Feature", "properties": { "source": "BARBOSA", "target": "BELLO", "distance": 0.5, "betweenness": 0.00040218790218790216, "weight": 0.10040218790218791 }, "geometry": { "type": "LineString", "coordinates": [ [ -75.331627, 6.439195 ], [ -75.555245, 6.333587 ] ] } },
{ "type": "Feature", "properties": { "source": "BARBOSA", "target": "MEDELLÍN", "distance": 0.33333333333333331, "betweenness": 0.0060356913035484469, "weight": 0.10603569130354845 }, "geometry": { "type": "LineString", "coordinates": [ [ -75.331627, 6.439195 ], [ -75.581775, 6.246631 ] ] } },
{ "type": "Feature", "properties": { "source": "BARBOSA", "target": "ENVIGADO", "distance": 0.5, "betweenness": 0.0049469111969111966, "weight": 0.1049469111969112 }, "geometry": { "type": "LineString", "coordinates": [ [ -75.331627, 6.439195 ], [ -75.582192, 6.166695 ] ] } },
{ "type": "Feature", "properties": { "source": "BELLO", "target": "ENVIGADO", "distance": 0.33333333333333331, "betweenness": 0.0028153153153153152, "weight": 0.10281531531531532 }, "geometry": { "type": "LineString", "coordinates": [ [ -75.555245, 6.333587 ], [ -75.582192, 6.166695 ] ] } },
{ "type": "Feature", "properties": { "source": "BELLO", "target": "MEDELLÍN", "distance": 0.25, "betweenness": 0.0016355641355641352, "weight": 0.10163556413556414 }, "geometry": { "type": "LineString", "coordinates": [ [ -75.555245, 6.333587 ], [ -75.581775, 6.246631 ] ] } },
{ "type": "Feature", "properties": { "source": "BELLO", "target": "GUARNE", "distance": 0.5, "betweenness": 0.00024131274131274132, "weight": 0.10024131274131275 }, "geometry": { "type": "LineString", "coordinates": [ [ -75.555245, 6.333587 ], [ -75.441612, 6.27787 ] ] } },
{ "type": "Feature", "properties": { "source": "BELLO", "target": "RIONEGRO", "distance": 0.33333333333333331, "betweenness": 0.0057646932646932634, "weight": 0.10576469326469327 }, "geometry": { "type": "LineString", "coordinates": [ [ -75.555245, 6.333587 ], [ -75.377316, 6.147148 ] ] } },
{ "type": "Feature", "properties": { "source": "BELLO", "target": "GIRARDOTA", "distance": 0.5, "betweenness": 8.0437580437580435e-05, "weight": 0.10008043758043758 }, "geometry": { "type": "LineString", "coordinates": [ [ -75.555245, 6.333587 ], [ -75.444238, 6.379472 ] ] } },
{ "type": "Feature", "properties": { "source": "BELLO", "target": "COPACABANA", "distance": 0.5, "betweenness": 8.0437580437580435e-05, "weight": 0.10008043758043758 }, "geometry": { "type": "LineString", "coordinates": [ [ -75.555245, 6.333587 ], [ -75.509384, 6.348557 ] ] } },
{ "type": "Feature", "properties": { "source": "BELLO", "target": "SAN VICENTE FERRER", "distance": 0.33333333333333331, "betweenness": 0.0023648648648648646, "weight": 0.10236486486486487 }, "geometry": { "type": "LineString", "coordinates": [ [ -75.555245, 6.333587 ], [ -75.332616, 6.282164 ] ] } },
{ "type": "Feature", "properties": { "source": "BELLO", "target": "HELICONIA", "distance": 0.5, "betweenness": 0.00019305019305019305, "weight": 0.10019305019305019 }, "geometry": { "type": "LineString", "coordinates": [ [ -75.555245, 6.333587 ], [ -75.734322, 6.206757 ] ] } },
{ "type": "Feature", "properties": { "source": "BELLO", "target": "EBÉJICO", "distance": 0.5, "betweenness": 0.00060328185328185327, "weight": 0.10060328185328186 }, "geometry": { "type": "LineString", "coordinates": [ [ -75.555245, 6.333587 ], [ -75.766413, 6.325615 ] ] } },
{ "type": "Feature", "properties": { "source": "BELLO", "target": "LA ESTRELLA", "distance": 0.5, "betweenness": 0.00016087516087516087, "weight": 0.10016087516087517 }, "geometry": { "type": "LineString", "coordinates": [ [ -75.555245, 6.333587 ], [ -75.637708, 6.145238 ] ] } },
{ "type": "Feature", "properties": { "source": "BELLO", "target": "ITAGÜÍ", "distance": 0.5, "betweenness": 0.00020109395109395108, "weight": 0.10020109395109396 }, "geometry": { "type": "LineString", "coordinates": [ [ -75.555245, 6.333587 ], [ -75.612056, 6.175079 ] ] } },
{ "type": "Feature", "properties": { "source": "BELLO", "target": "ANGELÓPOLIS", "distance": 0.25, "betweenness": 0.0038073788073788068, "weight": 0.10380737880737881 }, "geometry": { "type": "LineString", "coordinates": [ [ -75.555245, 6.333587 ], [ -75.711389, 6.109719 ] ] } },
{ "type": "Feature", "properties": { "source": "BELLO", "target": "ARMENIA", "distance": 1.0, "betweenness": 0.0, "weight": 0.1 }, "geometry": { "type": "LineString", "coordinates": [ [ -75.555245, 6.333587 ], [ -75.786647, 6.155667 ] ] } },
{ "type": "Feature", "properties": { "source": "BELLO", "target": "SABANETA", "distance": 0.33333333333333331, "betweenness": 0.003539253539253539, "weight": 0.10353925353925354 }, "geometry": { "type": "LineString", "coordinates": [ [ -75.555245, 6.333587 ], [ -75.615479, 6.149903 ] ] } },
{ "type": "Feature", "properties": { "source": "BELLO", "target": "RETIRO", "distance": 0.5, "betweenness": 0.00021450021450021448, "weight": 0.10021450021450022 }, "geometry": { "type": "LineString", "coordinates": [ [ -75.555245, 6.333587 ], [ -75.501301, 6.062454 ] ] } },
{ "type": "Feature", "properties": { "source": "BELLO", "target": "CALDAS", "distance": 0.5, "betweenness": 0.00024131274131274132, "weight": 0.10024131274131275 }, "geometry": { "type": "LineString", "coordinates": [ [ -75.555245, 6.333587 ], [ -75.633673, 6.091077 ] ] } },
{ "type": "Feature", "properties": { "source": "BELLO", "target": "MARINILLA", "distance": 1.0, "betweenness": 0.0, "weight": 0.1 }, "geometry": { "type": "LineString", "coordinates": [ [ -75.555245, 6.333587 ], [ -75.339345, 6.173995 ] ] } },
{ "type": "Feature", "properties": { "source": "GIRARDOTA", "target": "SAN VICENTE FERRER", "distance": 0.5, "betweenness": 8.0437580437580435e-05, "weight": 0.10008043758043758 }, "geometry": { "type": "LineString", "coordinates": [ [ -75.444238, 6.379472 ], [ -75.332616, 6.282164 ] ] } },
{ "type": "Feature", "properties": { "source": "GIRARDOTA", "target": "MEDELLÍN", "distance": 0.5, "betweenness": 0.00016087516087516087, "weight": 0.10016087516087517 }, "geometry": { "type": "LineString", "coordinates": [ [ -75.444238, 6.379472 ], [ -75.581775, 6.246631 ] ] } },
{ "type": "Feature", "properties": { "source": "GIRARDOTA", "target": "COPACABANA", "distance": 0.33333333333333331, "betweenness": 0.00088557945700802826, "weight": 0.10088557945700803 }, "geometry": { "type": "LineString", "coordinates": [ [ -75.444238, 6.379472 ], [ -75.509384, 6.348557 ] ] } },
{ "type": "Feature", "properties": { "source": "GIRARDOTA", "target": "GUARNE", "distance": 0.5, "betweenness": 8.0437580437580435e-05, "weight": 0.10008043758043758 }, "geometry": { "type": "LineString", "coordinates": [ [ -75.444238, 6.379472 ], [ -75.441612, 6.27787 ] ] } },
{ "type": "Feature", "properties": { "source": "GIRARDOTA", "target": "CONCEPCIÓN", "distance": 0.5, "betweenness": 0.00067031317031317021, "weight": 0.10067031317031318 }, "geometry": { "type": "LineString", "coordinates": [ [ -75.444238, 6.379472 ], [ -75.257587, 6.394348 ] ] } },
{ "type": "Feature", "properties": { "source": "GIRARDOTA", "target": "RIONEGRO", "distance": 0.5, "betweenness": 0.0, "weight": 0.1 }, "geometry": { "type": "LineString", "coordinates": [ [ -75.444238, 6.379472 ], [ -75.377316, 6.147148 ] ] } },
{ "type": "Feature", "properties": { "source": "GIRARDOTA", "target": "PEÑOL", "distance": 0.5, "betweenness": 0.00085531960531960521, "weight": 0.10085531960531961 }, "geometry": { "type": "LineString", "coordinates": [ [ -75.444238, 6.379472 ], [ -75.242693, 6.219349 ] ] } },
{ "type": "Feature", "properties": { "source": "GIRARDOTA", "target": "MARINILLA", "distance": 0.5, "betweenness": 0.00013406263406263405, "weight": 0.10013406263406265 }, "geometry": { "type": "LineString", "coordinates": [ [ -75.444238, 6.379472 ], [ -75.339345, 6.173995 ] ] } },
{ "type": "Feature", "properties": { "source": "GIRARDOTA", "target": "ENVIGADO", "distance": 0.16666666666666666, "betweenness": 0.030057161753590318, "weight": 0.13005716175359033 }, "geometry": { "type": "LineString", "coordinates": [ [ -75.444238, 6.379472 ], [ -75.582192, 6.166695 ] ] } },
{ "type": "Feature", "properties": { "source": "GIRARDOTA", "target": "RETIRO", "distance": 0.33333333333333331, "betweenness": 0.0024131274131274131, "weight": 0.10241312741312741 }, "geometry": { "type": "LineString", "coordinates": [ [ -75.444238, 6.379472 ], [ -75.501301, 6.062454 ] ] } },
{ "type": "Feature", "properties": { "source": "GIRARDOTA", "target": "EL SANTUARIO", "distance": 1.0, "betweenness": 0.0, "weight": 0.1 }, "geometry": { "type": "LineString", "coordinates": [ [ -75.444238, 6.379472 ], [ -75.265465, 6.136871 ] ] } },
{ "type": "Feature", "properties": { "source": "GIRARDOTA", "target": "EL CARMEN DE VIBORAL", "distance": 1.0, "betweenness": 0.0, "weight": 0.1 }, "geometry": { "type": "LineString", "coordinates": [ [ -75.444238, 6.379472 ], [ -75.333901, 6.082885 ] ] } },
{ "type": "Feature", "properties": { "source": "GIRARDOTA", "target": "ITAGÜÍ", "distance": 0.5, "betweenness": 0.00036484188269902555, "weight": 0.10036484188269904 }, "geometry": { "type": "LineString", "coordinates": [ [ -75.444238, 6.379472 ], [ -75.612056, 6.175079 ] ] } },
{ "type": "Feature", "properties": { "source": "COPACABANA", "target": "MEDELLÍN", "distance": 0.5, "betweenness": 0.00021450021450021448, "weight": 0.10021450021450022 }, "geometry": { "type": "LineString", "coordinates": [ [ -75.509384, 6.348557 ], [ -75.581775, 6.246631 ] ] } },
{ "type": "Feature", "properties": { "source": "COPACABANA", "target": "GUARNE", "distance": 0.5, "betweenness": 0.00014746889746889745, "weight": 0.10014746889746891 }, "geometry": { "type": "LineString", "coordinates": [ [ -75.509384, 6.348557 ], [ -75.441612, 6.27787 ] ] } },
{ "type": "Feature", "properties": { "source": "COPACABANA", "target": "SAN VICENTE FERRER", "distance": 0.5, "betweenness": 0.00039414414414414418, "weight": 0.10039414414414415 }, "geometry": { "type": "LineString", "coordinates": [ [ -75.509384, 6.348557 ], [ -75.332616, 6.282164 ] ] } },
{ "type": "Feature", "properties": { "source": "COPACABANA", "target": "EBÉJICO", "distance": 0.33333333333333331, "betweenness": 0.0035526598026598025, "weight": 0.1035526598026598 }, "geometry": { "type": "LineString", "coordinates": [ [ -75.509384, 6.348557 ], [ -75.766413, 6.325615 ] ] } },
{ "type": "Feature", "properties": { "source": "COPACABANA", "target": "RIONEGRO", "distance": 0.5, "betweenness": 0.00026812526812526811, "weight": 0.10026812526812527 }, "geometry": { "type": "LineString", "coordinates": [ [ -75.509384, 6.348557 ], [ -75.377316, 6.147148 ] ] } },
{ "type": "Feature", "properties": { "source": "COPACABANA", "target": "ENVIGADO", "distance": 0.5, "betweenness": 0.00028229760372617516, "weight": 0.10028229760372619 }, "geometry": { "type": "LineString", "coordinates": [ [ -75.509384, 6.348557 ], [ -75.582192, 6.166695 ] ] } },
{ "type": "Feature", "properties": { "source": "COPACABANA", "target": "CONCEPCIÓN", "distance": 0.5, "betweenness": 0.0007239382239382239, "weight": 0.10072393822393823 }, "geometry": { "type": "LineString", "coordinates": [ [ -75.509384, 6.348557 ], [ -75.257587, 6.394348 ] ] } },
{ "type": "Feature", "properties": { "source": "COPACABANA", "target": "MARINILLA", "distance": 0.5, "betweenness": 0.00048262548262548253, "weight": 0.10048262548262549 }, "geometry": { "type": "LineString", "coordinates": [ [ -75.509384, 6.348557 ], [ -75.339345, 6.173995 ] ] } },
{ "type": "Feature", "properties": { "source": "COPACABANA", "target": "RETIRO", "distance": 0.5, "betweenness": 0.00026889134031991173, "weight": 0.10026889134031992 }, "geometry": { "type": "LineString", "coordinates": [ [ -75.509384, 6.348557 ], [ -75.501301, 6.062454 ] ] } },
{ "type": "Feature", "properties": { "source": "COPACABANA", "target": "ITAGÜÍ", "distance": 0.33333333333333331, "betweenness": 0.0021708570815713673, "weight": 0.10217085708157138 }, "geometry": { "type": "LineString", "coordinates": [ [ -75.509384, 6.348557 ], [ -75.612056, 6.175079 ] ] } },
{ "type": "Feature", "properties": { "source": "COPACABANA", "target": "LA ESTRELLA", "distance": 0.33333333333333331, "betweenness": 0.0025136743886743887, "weight": 0.1025136743886744 }, "geometry": { "type": "LineString", "coordinates": [ [ -75.509384, 6.348557 ], [ -75.637708, 6.145238 ] ] } },
{ "type": "Feature", "properties": { "source": "COPACABANA", "target": "PEÑOL", "distance": 0.33333333333333331, "betweenness": 0.0079928142428142418, "weight": 0.10799281424281425 }, "geometry": { "type": "LineString", "coordinates": [ [ -75.509384, 6.348557 ], [ -75.242693, 6.219349 ] ] } },
{ "type": "Feature", "properties": { "source": "COPACABANA", "target": "SABANETA", "distance": 0.16666666666666666, "betweenness": 0.0087048783477354907, "weight": 0.1087048783477355 }, "geometry": { "type": "LineString", "coordinates": [ [ -75.509384, 6.348557 ], [ -75.615479, 6.149903 ] ] } },
{ "type": "Feature", "properties": { "source": "COPACABANA", "target": "CALDAS", "distance": 0.33333333333333331, "betweenness": 0.0013591397519968943, "weight": 0.1013591397519969 }, "geometry": { "type": "LineString", "coordinates": [ [ -75.509384, 6.348557 ], [ -75.633673, 6.091077 ] ] } },
{ "type": "Feature", "properties": { "source": "COPACABANA", "target": "HELICONIA", "distance": 0.33333333333333331, "betweenness": 0.0013044294294294295, "weight": 0.10130442942942944 }, "geometry": { "type": "LineString", "coordinates": [ [ -75.509384, 6.348557 ], [ -75.734322, 6.206757 ] ] } },
{ "type": "Feature", "properties": { "source": "COPACABANA", "target": "ANGELÓPOLIS", "distance": 1.0, "betweenness": 0.0, "weight": 0.1 }, "geometry": { "type": "LineString", "coordinates": [ [ -75.509384, 6.348557 ], [ -75.711389, 6.109719 ] ] } },
{ "type": "Feature", "properties": { "source": "MEDELLÍN", "target": "ENVIGADO", "distance": 0.5, "betweenness": 0.00016087516087516087, "weight": 0.10016087516087517 }, "geometry": { "type": "LineString", "coordinates": [ [ -75.581775, 6.246631 ], [ -75.582192, 6.166695 ] ] } },
{ "type": "Feature", "properties": { "source": "MEDELLÍN", "target": "HELICONIA", "distance": 0.33333333333333331, "betweenness": 0.0044763513513513507, "weight": 0.10447635135135136 }, "geometry": { "type": "LineString", "coordinates": [ [ -75.581775, 6.246631 ], [ -75.734322, 6.206757 ] ] } },
{ "type": "Feature", "properties": { "source": "MEDELLÍN", "target": "GUARNE", "distance": 0.5, "betweenness": 0.00030834405834405832, "weight": 0.10030834405834406 }, "geometry": { "type": "LineString", "coordinates": [ [ -75.581775, 6.246631 ], [ -75.441612, 6.27787 ] ] } },
{ "type": "Feature", "properties": { "source": "MEDELLÍN", "target": "ARMENIA", "distance": 0.5, "betweenness": 0.0, "weight": 0.1 }, "geometry": { "type": "LineString", "coordinates": [ [ -75.581775, 6.246631 ], [ -75.786647, 6.155667 ] ] } },
{ "type": "Feature", "properties": { "source": "MEDELLÍN", "target": "EBÉJICO", "distance": 0.5, "betweenness": 0.00026812526812526811, "weight": 0.10026812526812527 }, "geometry": { "type": "LineString", "coordinates": [ [ -75.581775, 6.246631 ], [ -75.766413, 6.325615 ] ] } },
{ "type": "Feature", "properties": { "source": "MEDELLÍN", "target": "LA ESTRELLA", "distance": 0.5, "betweenness": 0.0025927713427713428, "weight": 0.10259277134277135 }, "geometry": { "type": "LineString", "coordinates": [ [ -75.581775, 6.246631 ], [ -75.637708, 6.145238 ] ] } },
{ "type": "Feature", "properties": { "source": "MEDELLÍN", "target": "ITAGÜÍ", "distance": 0.5, "betweenness": 0.0027806505485076911, "weight": 0.1027806505485077 }, "geometry": { "type": "LineString", "coordinates": [ [ -75.581775, 6.246631 ], [ -75.612056, 6.175079 ] ] } },
{ "type": "Feature", "properties": { "source": "MEDELLÍN", "target": "ANGELÓPOLIS", "distance": 0.5, "betweenness": 5.3625053625053619e-05, "weight": 0.10005362505362506 }, "geometry": { "type": "LineString", "coordinates": [ [ -75.581775, 6.246631 ], [ -75.711389, 6.109719 ] ] } },
{ "type": "Feature", "properties": { "source": "MEDELLÍN", "target": "SABANETA", "distance": 0.5, "betweenness": 0.00032175032175032174, "weight": 0.10032175032175032 }, "geometry": { "type": "LineString", "coordinates": [ [ -75.581775, 6.246631 ], [ -75.615479, 6.149903 ] ] } },
{ "type": "Feature", "properties": { "source": "MEDELLÍN", "target": "SAN VICENTE FERRER", "distance": 0.5, "betweenness": 0.00035392535392535392, "weight": 0.10035392535392536 }, "geometry": { "type": "LineString", "coordinates": [ [ -75.581775, 6.246631 ], [ -75.332616, 6.282164 ] ] } },
{ "type": "Feature", "properties": { "source": "MEDELLÍN", "target": "RIONEGRO", "distance": 0.5, "betweenness": 0.00048262548262548264, "weight": 0.10048262548262549 }, "geometry": { "type": "LineString", "coordinates": [ [ -75.581775, 6.246631 ], [ -75.377316, 6.147148 ] ] } },
{ "type": "Feature", "properties": { "source": "MEDELLÍN", "target": "CALDAS", "distance": 0.5, "betweenness": 0.0015417202917202917, "weight": 0.1015417202917203 }, "geometry": { "type": "LineString", "coordinates": [ [ -75.581775, 6.246631 ], [ -75.633673, 6.091077 ] ] } },
{ "type": "Feature", "properties": { "source": "MEDELLÍN", "target": "MARINILLA", "distance": 0.33333333333333331, "betweenness": 0.0058585371085371069, "weight": 0.10585853710853711 }, "geometry": { "type": "LineString", "coordinates": [ [ -75.581775, 6.246631 ], [ -75.339345, 6.173995 ] ] } },
{ "type": "Feature", "properties": { "source": "MEDELLÍN", "target": "RETIRO", "distance": 0.25, "betweenness": 0.019841269841269844, "weight": 0.11984126984126985 }, "geometry": { "type": "LineString", "coordinates": [ [ -75.581775, 6.246631 ], [ -75.501301, 6.062454 ] ] } },
{ "type": "Feature", "properties": { "source": "MEDELLÍN", "target": "LA CEJA", "distance": 0.5, "betweenness": 0.0017803517803517803, "weight": 0.10178035178035179 }, "geometry": { "type": "LineString", "coordinates": [ [ -75.581775, 6.246631 ], [ -75.429433, 6.028062 ] ] } },
{ "type": "Feature", "properties": { "source": "MEDELLÍN", "target": "EL CARMEN DE VIBORAL", "distance": 0.5, "betweenness": 0.002312133562133562, "weight": 0.10231213356213356 }, "geometry": { "type": "LineString", "coordinates": [ [ -75.581775, 6.246631 ], [ -75.333901, 6.082885 ] ] } },
{ "type": "Feature", "properties": { "source": "MEDELLÍN", "target": "PEÑOL", "distance": 0.33333333333333331, "betweenness": 0.018711121836121836, "weight": 0.11871112183612184 }, "geometry": { "type": "LineString", "coordinates": [ [ -75.581775, 6.246631 ], [ -75.242693, 6.219349 ] ] } },
{ "type": "Feature", "properties": { "source": "MEDELLÍN", "target": "TITIRIBÍ", "distance": 0.5, "betweenness": 0.00020109395109395108, "weight": 0.10020109395109396 }, "geometry": { "type": "LineString", "coordinates": [ [ -75.581775, 6.246631 ], [ -75.791887, 6.062391 ] ] } },
{ "type": "Feature", "properties": { "source": "MEDELLÍN", "target": "AMAGÁ", "distance": 0.5, "betweenness": 0.0052472114972114958, "weight": 0.1052472114972115 }, "geometry": { "type": "LineString", "coordinates": [ [ -75.581775, 6.246631 ], [ -75.702188, 6.038708 ] ] } },
{ "type": "Feature", "properties": { "source": "MEDELLÍN", "target": "EL SANTUARIO", "distance": 0.5, "betweenness": 0.0032657657657657658, "weight": 0.10326576576576577 }, "geometry": { "type": "LineString", "coordinates": [ [ -75.581775, 6.246631 ], [ -75.265465, 6.136871 ] ] } },
{ "type": "Feature", "properties": { "source": "MEDELLÍN", "target": "FREDONIA", "distance": 0.5, "betweenness": 0.0043570356070356071, "weight": 0.10435703560703562 }, "geometry": { "type": "LineString", "coordinates": [ [ -75.581775, 6.246631 ], [ -75.675072, 5.928039 ] ] } },
{ "type": "Feature", "properties": { "source": "MEDELLÍN", "target": "MONTEBELLO", "distance": 1.0, "betweenness": 0.0, "weight": 0.1 }, "geometry": { "type": "LineString", "coordinates": [ [ -75.581775, 6.246631 ], [ -75.523455, 5.946313 ] ] } },
{ "type": "Feature", "properties": { "source": "MEDELLÍN", "target": "SANTA BÁRBARA", "distance": 0.5, "betweenness": 0.0044616044616044613, "weight": 0.10446160446160446 }, "geometry": { "type": "LineString", "coordinates": [ [ -75.581775, 6.246631 ], [ -75.567351, 5.875527 ] ] } },
{ "type": "Feature", "properties": { "source": "MEDELLÍN", "target": "VENECIA", "distance": 0.5, "betweenness": 0.0052445302445302449, "weight": 0.10524453024453025 }, "geometry": { "type": "LineString", "coordinates": [ [ -75.581775, 6.246631 ], [ -75.735544, 5.964693 ] ] } },
{ "type": "Feature", "properties": { "source": "MEDELLÍN", "target": "LA UNIÓN", "distance": 0.5, "betweenness": 0.0068881381381381383, "weight": 0.10688813813813815 }, "geometry": { "type": "LineString", "coordinates": [ [ -75.581775, 6.246631 ], [ -75.360874, 5.973845 ] ] } },
{ "type": "Feature", "properties": { "source": "SAN VICENTE FERRER", "target": "CONCEPCIÓN", "distance": 0.5, "betweenness": 0.00048262548262548264, "weight": 0.10048262548262549 }, "geometry": { "type": "LineString", "coordinates": [ [ -75.332616, 6.282164 ], [ -75.257587, 6.394348 ] ] } },
{ "type": "Feature", "properties": { "source": "SAN VICENTE FERRER", "target": "MARINILLA", "distance": 0.5, "betweenness": 0.00016087516087516087, "weight": 0.10016087516087517 }, "geometry": { "type": "LineString", "coordinates": [ [ -75.332616, 6.282164 ], [ -75.339345, 6.173995 ] ] } },
{ "type": "Feature", "properties": { "source": "SAN VICENTE FERRER", "target": "GUARNE", "distance": 0.5, "betweenness": 0.00016087516087516087, "weight": 0.10016087516087517 }, "geometry": { "type": "LineString", "coordinates": [ [ -75.332616, 6.282164 ], [ -75.441612, 6.27787 ] ] } },
{ "type": "Feature", "properties": { "source": "SAN VICENTE FERRER", "target": "GUATAPÉ", "distance": 0.5, "betweenness": 0.00052284427284427285, "weight": 0.10052284427284428 }, "geometry": { "type": "LineString", "coordinates": [ [ -75.332616, 6.282164 ], [ -75.160041, 6.232461 ] ] } },
{ "type": "Feature", "properties": { "source": "SAN VICENTE FERRER", "target": "PEÑOL", "distance": 0.33333333333333331, "betweenness": 0.0011556199056199055, "weight": 0.10115561990561991 }, "geometry": { "type": "LineString", "coordinates": [ [ -75.332616, 6.282164 ], [ -75.242693, 6.219349 ] ] } },
{ "type": "Feature", "properties": { "source": "SAN VICENTE FERRER", "target": "RIONEGRO", "distance": 0.5, "betweenness": 0.00016087516087516087, "weight": 0.10016087516087517 }, "geometry": { "type": "LineString", "coordinates": [ [ -75.332616, 6.282164 ], [ -75.377316, 6.147148 ] ] } },
{ "type": "Feature", "properties": { "source": "SAN VICENTE FERRER", "target": "ALEJANDRÍA", "distance": 0.33333333333333331, "betweenness": 0.0012266731016731015, "weight": 0.1012266731016731 }, "geometry": { "type": "LineString", "coordinates": [ [ -75.332616, 6.282164 ], [ -75.141346, 6.376061 ] ] } },
{ "type": "Feature", "properties": { "source": "SAN VICENTE FERRER", "target": "GRANADA", "distance": 0.5, "betweenness": 0.00026812526812526811, "weight": 0.10026812526812527 }, "geometry": { "type": "LineString", "coordinates": [ [ -75.332616, 6.282164 ], [ -75.184446, 6.142892 ] ] } },
{ "type": "Feature", "properties": { "source": "SAN VICENTE FERRER", "target": "SAN RAFAEL", "distance": 0.5, "betweenness": 0.00045581295581295585, "weight": 0.10045581295581296 }, "geometry": { "type": "LineString", "coordinates": [ [ -75.332616, 6.282164 ], [ -75.02849, 6.293759 ] ] } },
{ "type": "Feature", "properties": { "source": "SAN VICENTE FERRER", "target": "EL SANTUARIO", "distance": 0.5, "betweenness": 0.00018768768768768769, "weight": 0.1001876876876877 }, "geometry": { "type": "LineString", "coordinates": [ [ -75.332616, 6.282164 ], [ -75.265465, 6.136871 ] ] } },
{ "type": "Feature", "properties": { "source": "SAN VICENTE FERRER", "target": "EL CARMEN DE VIBORAL", "distance": 0.5, "betweenness": 0.00026812526812526811, "weight": 0.10026812526812527 }, "geometry": { "type": "LineString", "coordinates": [ [ -75.332616, 6.282164 ], [ -75.333901, 6.082885 ] ] } },
{ "type": "Feature", "properties": { "source": "SAN VICENTE FERRER", "target": "COCORNÁ", "distance": 0.5, "betweenness": 0.00018768768768768769, "weight": 0.1001876876876877 }, "geometry": { "type": "LineString", "coordinates": [ [ -75.332616, 6.282164 ], [ -75.185483, 6.058295 ] ] } },
{ "type": "Feature", "properties": { "source": "SAN VICENTE FERRER", "target": "SAN CARLOS", "distance": 0.5, "betweenness": 0.0013138138138138137, "weight": 0.10131381381381382 }, "geometry": { "type": "LineString", "coordinates": [ [ -75.332616, 6.282164 ], [ -74.988097, 6.187746 ] ] } },
{ "type": "Feature", "properties": { "source": "SAN VICENTE FERRER", "target": "RETIRO", "distance": 0.5, "betweenness": 0.00096525096525096527, "weight": 0.10096525096525097 }, "geometry": { "type": "LineString", "coordinates": [ [ -75.332616, 6.282164 ], [ -75.501301, 6.062454 ] ] } },
{ "type": "Feature", "properties": { "source": "SAN VICENTE FERRER", "target": "ENVIGADO", "distance": 0.33333333333333331, "betweenness": 0.0018312955812955813, "weight": 0.10183129558129558 }, "geometry": { "type": "LineString", "coordinates": [ [ -75.332616, 6.282164 ], [ -75.582192, 6.166695 ] ] } },
{ "type": "Feature", "properties": { "source": "SAN VICENTE FERRER", "target": "LA CEJA", "distance": 0.25, "betweenness": 0.0040553946803946793, "weight": 0.10405539468039468 }, "geometry": { "type": "LineString", "coordinates": [ [ -75.332616, 6.282164 ], [ -75.429433, 6.028062 ] ] } },
{ "type": "Feature", "properties": { "source": "SAN VICENTE FERRER", "target": "LA UNIÓN", "distance": 0.5, "betweenness": 0.00050943800943800948, "weight": 0.10050943800943801 }, "geometry": { "type": "LineString", "coordinates": [ [ -75.332616, 6.282164 ], [ -75.360874, 5.973845 ] ] } },
{ "type": "Feature", "properties": { "source": "SAN VICENTE FERRER", "target": "SAN ROQUE", "distance": 1.0, "betweenness": 0.0, "weight": 0.1 }, "geometry": { "type": "LineString", "coordinates": [ [ -75.332616, 6.282164 ], [ -75.019109, 6.485939 ] ] } },
{ "type": "Feature", "properties": { "source": "CONCEPCIÓN", "target": "MARINILLA", "distance": 0.5, "betweenness": 0.00064350064350064348, "weight": 0.10064350064350065 }, "geometry": { "type": "LineString", "coordinates": [ [ -75.257587, 6.394348 ], [ -75.339345, 6.173995 ] ] } },
{ "type": "Feature", "properties": { "source": "CONCEPCIÓN", "target": "ALEJANDRÍA", "distance": 0.5, "betweenness": 0.0023058773058773057, "weight": 0.10230587730587731 }, "geometry": { "type": "LineString", "coordinates": [ [ -75.257587, 6.394348 ], [ -75.141346, 6.376061 ] ] } },
{ "type": "Feature", "properties": { "source": "CONCEPCIÓN", "target": "SAN ROQUE", "distance": 0.33333333333333331, "betweenness": 0.0081295581295581301, "weight": 0.10812955812955813 }, "geometry": { "type": "LineString", "coordinates": [ [ -75.257587, 6.394348 ], [ -75.019109, 6.485939 ] ] } },
{ "type": "Feature", "properties": { "source": "CONCEPCIÓN", "target": "PEÑOL", "distance": 0.5, "betweenness": 0.00035928785928785931, "weight": 0.10035928785928787 }, "geometry": { "type": "LineString", "coordinates": [ [ -75.257587, 6.394348 ], [ -75.242693, 6.219349 ] ] } },
{ "type": "Feature", "properties": { "source": "CONCEPCIÓN", "target": "CISNEROS", "distance": 0.5, "betweenness": 0.0015030336458907885, "weight": 0.10150303364589079 }, "geometry": { "type": "LineString", "coordinates": [ [ -75.257587, 6.394348 ], [ -75.087047, 6.537829 ] ] } },
{ "type": "Feature", "properties": { "source": "CONCEPCIÓN", "target": "SAN RAFAEL", "distance": 0.5, "betweenness": 0.0036572286572286571, "weight": 0.10365722865722866 }, "geometry": { "type": "LineString", "coordinates": [ [ -75.257587, 6.394348 ], [ -75.02849, 6.293759 ] ] } },
{ "type": "Feature", "properties": { "source": "CONCEPCIÓN", "target": "GUARNE", "distance": 0.25, "betweenness": 0.011923530673530672, "weight": 0.11192353067353068 }, "geometry": { "type": "LineString", "coordinates": [ [ -75.257587, 6.394348 ], [ -75.441612, 6.27787 ] ] } },
{ "type": "Feature", "properties": { "source": "CONCEPCIÓN", "target": "SAN CARLOS", "distance": 0.5, "betweenness": 0.010923423423423425, "weight": 0.11092342342342343 }, "geometry": { "type": "LineString", "coordinates": [ [ -75.257587, 6.394348 ], [ -74.988097, 6.187746 ] ] } },
{ "type": "Feature", "properties": { "source": "CONCEPCIÓN", "target": "GUATAPÉ", "distance": 0.5, "betweenness": 0.004406830299687442, "weight": 0.10440683029968745 }, "geometry": { "type": "LineString", "coordinates": [ [ -75.257587, 6.394348 ], [ -75.160041, 6.232461 ] ] } },
{ "type": "Feature", "properties": { "source": "CONCEPCIÓN", "target": "GRANADA", "distance": 0.33333333333333331, "betweenness": 0.013600845743702883, "weight": 0.11360084574370288 }, "geometry": { "type": "LineString", "coordinates": [ [ -75.257587, 6.394348 ], [ -75.184446, 6.142892 ] ] } },
{ "type": "Feature", "properties": { "source": "CONCEPCIÓN", "target": "RIONEGRO", "distance": 0.5, "betweenness": 0.0013674388674388674, "weight": 0.10136743886743887 }, "geometry": { "type": "LineString", "coordinates": [ [ -75.257587, 6.394348 ], [ -75.377316, 6.147148 ] ] } },
{ "type": "Feature", "properties": { "source": "CONCEPCIÓN", "target": "EL SANTUARIO", "distance": 0.33333333333333331, "betweenness": 0.0061201507630079055, "weight": 0.10612015076300792 }, "geometry": { "type": "LineString", "coordinates": [ [ -75.257587, 6.394348 ], [ -75.265465, 6.136871 ] ] } },
{ "type": "Feature", "properties": { "source": "CONCEPCIÓN", "target": "COCORNÁ", "distance": 0.33333333333333331, "betweenness": 0.0069379328307899741, "weight": 0.10693793283078998 }, "geometry": { "type": "LineString", "coordinates": [ [ -75.257587, 6.394348 ], [ -75.185483, 6.058295 ] ] } },
{ "type": "Feature", "properties": { "source": "CONCEPCIÓN", "target": "EL CARMEN DE VIBORAL", "distance": 0.5, "betweenness": 0.0023863148863148861, "weight": 0.10238631488631489 }, "geometry": { "type": "LineString", "coordinates": [ [ -75.257587, 6.394348 ], [ -75.333901, 6.082885 ] ] } },
{ "type": "Feature", "properties": { "source": "GUARNE", "target": "ENVIGADO", "distance": 0.33333333333333331, "betweenness": 0.0087194337194337161, "weight": 0.10871943371943373 }, "geometry": { "type": "LineString", "coordinates": [ [ -75.441612, 6.27787 ], [ -75.582192, 6.166695 ] ] } },
{ "type": "Feature", "properties": { "source": "GUARNE", "target": "EL SANTUARIO", "distance": 0.5, "betweenness": 0.0017106392106392104, "weight": 0.10171063921063922 }, "geometry": { "type": "LineString", "coordinates": [ [ -75.441612, 6.27787 ], [ -75.265465, 6.136871 ] ] } },
{ "type": "Feature", "properties": { "source": "GUARNE", "target": "PEÑOL", "distance": 0.33333333333333331, "betweenness": 0.0054590304590304596, "weight": 0.10545903045903046 }, "geometry": { "type": "LineString", "coordinates": [ [ -75.441612, 6.27787 ], [ -75.242693, 6.219349 ] ] } },
{ "type": "Feature", "properties": { "source": "GUARNE", "target": "RIONEGRO", "distance": 0.5, "betweenness": 0.00053625053625053621, "weight": 0.10053625053625054 }, "geometry": { "type": "LineString", "coordinates": [ [ -75.441612, 6.27787 ], [ -75.377316, 6.147148 ] ] } },
{ "type": "Feature", "properties": { "source": "GUARNE", "target": "MARINILLA", "distance": 0.5, "betweenness": 0.00053625053625053621, "weight": 0.10053625053625054 }, "geometry": { "type": "LineString", "coordinates": [ [ -75.441612, 6.27787 ], [ -75.339345, 6.173995 ] ] } },
{ "type": "Feature", "properties": { "source": "GUARNE", "target": "RETIRO", "distance": 0.5, "betweenness": 0.0014277670527670528, "weight": 0.10142776705276706 }, "geometry": { "type": "LineString", "coordinates": [ [ -75.441612, 6.27787 ], [ -75.501301, 6.062454 ] ] } },
{ "type": "Feature", "properties": { "source": "GUARNE", "target": "EL CARMEN DE VIBORAL", "distance": 0.5, "betweenness": 0.0003583941083941083, "weight": 0.10035839410839412 }, "geometry": { "type": "LineString", "coordinates": [ [ -75.441612, 6.27787 ], [ -75.333901, 6.082885 ] ] } },
{ "type": "Feature", "properties": { "source": "GUARNE", "target": "ITAGÜÍ", "distance": 0.5, "betweenness": 0.0019199684378255805, "weight": 0.10191996843782558 }, "geometry": { "type": "LineString", "coordinates": [ [ -75.441612, 6.27787 ], [ -75.612056, 6.175079 ] ] } },
{ "type": "Feature", "properties": { "source": "GUARNE", "target": "GUATAPÉ", "distance": 0.5, "betweenness": 0.001488095238095238, "weight": 0.10148809523809524 }, "geometry": { "type": "LineString", "coordinates": [ [ -75.441612, 6.27787 ], [ -75.160041, 6.232461 ] ] } },
{ "type": "Feature", "properties": { "source": "GUARNE", "target": "CALDAS", "distance": 0.33333333333333331, "betweenness": 0.0067156442156442158, "weight": 0.10671564421564422 }, "geometry": { "type": "LineString", "coordinates": [ [ -75.441612, 6.27787 ], [ -75.633673, 6.091077 ] ] } },
{ "type": "Feature", "properties": { "source": "GUARNE", "target": "LA CEJA", "distance": 0.33333333333333331, "betweenness": 0.011096364221364218, "weight": 0.11109636422136422 }, "geometry": { "type": "LineString", "coordinates": [ [ -75.441612, 6.27787 ], [ -75.429433, 6.028062 ] ] } },
{ "type": "Feature", "properties": { "source": "GUARNE", "target": "LA ESTRELLA", "distance": 0.5, "betweenness": 0.0016757829257829256, "weight": 0.10167578292578293 }, "geometry": { "type": "LineString", "coordinates": [ [ -75.441612, 6.27787 ], [ -75.637708, 6.145238 ] ] } },
{ "type": "Feature", "properties": { "source": "GUARNE", "target": "SABANETA", "distance": 0.33333333333333331, "betweenness": 0.010354997854997857, "weight": 0.11035499785499786 }, "geometry": { "type": "LineString", "coordinates": [ [ -75.441612, 6.27787 ], [ -75.615479, 6.149903 ] ] } },
{ "type": "Feature", "properties": { "source": "GUARNE", "target": "HELICONIA", "distance": 0.5, "betweenness": 0.0010590948090948092, "weight": 0.10105909480909482 }, "geometry": { "type": "LineString", "coordinates": [ [ -75.441612, 6.27787 ], [ -75.734322, 6.206757 ] ] } },
{ "type": "Feature", "properties": { "source": "GUARNE", "target": "COCORNÁ", "distance": 0.5, "betweenness": 0.0007239382239382239, "weight": 0.10072393822393823 }, "geometry": { "type": "LineString", "coordinates": [ [ -75.441612, 6.27787 ], [ -75.185483, 6.058295 ] ] } },
{ "type": "Feature", "properties": { "source": "GUARNE", "target": "LA UNIÓN", "distance": 0.33333333333333331, "betweenness": 0.015319528712385851, "weight": 0.11531952871238585 }, "geometry": { "type": "LineString", "coordinates": [ [ -75.441612, 6.27787 ], [ -75.360874, 5.973845 ] ] } },
{ "type": "Feature", "properties": { "source": "GUARNE", "target": "GRANADA", "distance": 0.5, "betweenness": 0.001287001287001287, "weight": 0.1012870012870013 }, "geometry": { "type": "LineString", "coordinates": [ [ -75.441612, 6.27787 ], [ -75.184446, 6.142892 ] ] } },
{ "type": "Feature", "properties": { "source": "GUARNE", "target": "ANGELÓPOLIS", "distance": 0.33333333333333331, "betweenness": 0.0051748176748176757, "weight": 0.10517481767481768 }, "geometry": { "type": "LineString", "coordinates": [ [ -75.441612, 6.27787 ], [ -75.711389, 6.109719 ] ] } },
{ "type": "Feature", "properties": { "source": "GUARNE", "target": "EBÉJICO", "distance": 1.0, "betweenness": 0.0, "weight": 0.1 }, "geometry": { "type": "LineString", "coordinates": [ [ -75.441612, 6.27787 ], [ -75.766413, 6.325615 ] ] } },
{ "type": "Feature", "properties": { "source": "PEÑOL", "target": "GUATAPÉ", "distance": 0.5, "betweenness": 0.0002949377949377949, "weight": 0.1002949377949378 }, "geometry": { "type": "LineString", "coordinates": [ [ -75.242693, 6.219349 ], [ -75.160041, 6.232461 ] ] } },
{ "type": "Feature", "properties": { "source": "PEÑOL", "target": "GRANADA", "distance": 0.5, "betweenness": 0.00038878163878163874, "weight": 0.10038878163878165 }, "geometry": { "type": "LineString", "coordinates": [ [ -75.242693, 6.219349 ], [ -75.184446, 6.142892 ] ] } },
{ "type": "Feature", "properties": { "source": "PEÑOL", "target": "RIONEGRO", "distance": 0.5, "betweenness": 0.00040218790218790216, "weight": 0.10040218790218791 }, "geometry": { "type": "LineString", "coordinates": [ [ -75.242693, 6.219349 ], [ -75.377316, 6.147148 ] ] } },
{ "type": "Feature", "properties": { "source": "PEÑOL", "target": "EL SANTUARIO", "distance": 0.5, "betweenness": 0.00018768768768768769, "weight": 0.1001876876876877 }, "geometry": { "type": "LineString", "coordinates": [ [ -75.242693, 6.219349 ], [ -75.265465, 6.136871 ] ] } },
{ "type": "Feature", "properties": { "source": "PEÑOL", "target": "COCORNÁ", "distance": 0.5, "betweenness": 0.00016087516087516087, "weight": 0.10016087516087517 }, "geometry": { "type": "LineString", "coordinates": [ [ -75.242693, 6.219349 ], [ -75.185483, 6.058295 ] ] } },
{ "type": "Feature", "properties": { "source": "PEÑOL", "target": "EL CARMEN DE VIBORAL", "distance": 0.33333333333333331, "betweenness": 0.0019988738738738738, "weight": 0.10199887387387388 }, "geometry": { "type": "LineString", "coordinates": [ [ -75.242693, 6.219349 ], [ -75.333901, 6.082885 ] ] } },
{ "type": "Feature", "properties": { "source": "PEÑOL", "target": "MARINILLA", "distance": 0.5, "betweenness": 0.00032175032175032174, "weight": 0.10032175032175032 }, "geometry": { "type": "LineString", "coordinates": [ [ -75.242693, 6.219349 ], [ -75.339345, 6.173995 ] ] } },
{ "type": "Feature", "properties": { "source": "PEÑOL", "target": "SAN RAFAEL", "distance": 0.5, "betweenness": 0.0002949377949377949, "weight": 0.1002949377949378 }, "geometry": { "type": "LineString", "coordinates": [ [ -75.242693, 6.219349 ], [ -75.02849, 6.293759 ] ] } },
{ "type": "Feature", "properties": { "source": "PEÑOL", "target": "SAN CARLOS", "distance": 0.5, "betweenness": 0.00064350064350064348, "weight": 0.10064350064350065 }, "geometry": { "type": "LineString", "coordinates": [ [ -75.242693, 6.219349 ], [ -74.988097, 6.187746 ] ] } },
{ "type": "Feature", "properties": { "source": "PEÑOL", "target": "ALEJANDRÍA", "distance": 0.5, "betweenness": 0.00020109395109395108, "weight": 0.10020109395109396 }, "geometry": { "type": "LineString", "coordinates": [ [ -75.242693, 6.219349 ], [ -75.141346, 6.376061 ] ] } },
{ "type": "Feature", "properties": { "source": "PEÑOL", "target": "SAN ROQUE", "distance": 0.25, "betweenness": 0.022123909623909629, "weight": 0.12212390962390964 }, "geometry": { "type": "LineString", "coordinates": [ [ -75.242693, 6.219349 ], [ -75.019109, 6.485939 ] ] } },
{ "type": "Feature", "properties": { "source": "PEÑOL", "target": "SAN LUIS", "distance": 0.33333333333333331, "betweenness": 0.023958907887479317, "weight": 0.12395890788747932 }, "geometry": { "type": "LineString", "coordinates": [ [ -75.242693, 6.219349 ], [ -74.993619, 6.043017 ] ] } },
{ "type": "Feature", "properties": { "source": "PEÑOL", "target": "LA UNIÓN", "distance": 0.5, "betweenness": 0.0015283140283140282, "weight": 0.10152831402831404 }, "geometry": { "type": "LineString", "coordinates": [ [ -75.242693, 6.219349 ], [ -75.360874, 5.973845 ] ] } },
{ "type": "Feature", "properties": { "source": "PEÑOL", "target": "LA CEJA", "distance": 0.33333333333333331, "betweenness": 0.014462804641376068, "weight": 0.11446280464137608 }, "geometry": { "type": "LineString", "coordinates": [ [ -75.242693, 6.219349 ], [ -75.429433, 6.028062 ] ] } },
{ "type": "Feature", "properties": { "source": "PEÑOL", "target": "ENVIGADO", "distance": 1.0, "betweenness": 0.0, "weight": 0.1 }, "geometry": { "type": "LineString", "coordinates": [ [ -75.242693, 6.219349 ], [ -75.582192, 6.166695 ] ] } },
{ "type": "Feature", "properties": { "source": "ALEJANDRÍA", "target": "GUATAPÉ", "distance": 0.5, "betweenness": 0.00018385732671446955, "weight": 0.10018385732671448 }, "geometry": { "type": "LineString", "coordinates": [ [ -75.141346, 6.376061 ], [ -75.160041, 6.232461 ] ] } },
{ "type": "Feature", "properties": { "source": "ALEJANDRÍA", "target": "SAN RAFAEL", "distance": 0.5, "betweenness": 0.00021450021450021448, "weight": 0.10021450021450022 }, "geometry": { "type": "LineString", "coordinates": [ [ -75.141346, 6.376061 ], [ -75.02849, 6.293759 ] ] } },
{ "type": "Feature", "properties": { "source": "ALEJANDRÍA", "target": "CISNEROS", "distance": 0.5, "betweenness": 0.0014440460869032297, "weight": 0.10144404608690323 }, "geometry": { "type": "LineString", "coordinates": [ [ -75.141346, 6.376061 ], [ -75.087047, 6.537829 ] ] } },
{ "type": "Feature", "properties": { "source": "ALEJANDRÍA", "target": "SAN CARLOS", "distance": 0.5, "betweenness": 0.0, "weight": 0.1 }, "geometry": { "type": "LineString", "coordinates": [ [ -75.141346, 6.376061 ], [ -74.988097, 6.187746 ] ] } },
{ "type": "Feature", "properties": { "source": "ALEJANDRÍA", "target": "SAN ROQUE", "distance": 0.5, "betweenness": 0.00026812526812526811, "weight": 0.10026812526812527 }, "geometry": { "type": "LineString", "coordinates": [ [ -75.141346, 6.376061 ], [ -75.019109, 6.485939 ] ] } },
{ "type": "Feature", "properties": { "source": "ALEJANDRÍA", "target": "MARINILLA", "distance": 0.5, "betweenness": 0.00016087516087516087, "weight": 0.10016087516087517 }, "geometry": { "type": "LineString", "coordinates": [ [ -75.141346, 6.376061 ], [ -75.339345, 6.173995 ] ] } },
{ "type": "Feature", "properties": { "source": "ALEJANDRÍA", "target": "GRANADA", "distance": 0.25, "betweenness": 0.0028823466323466317, "weight": 0.10288234663234663 }, "geometry": { "type": "LineString", "coordinates": [ [ -75.141346, 6.376061 ], [ -75.184446, 6.142892 ] ] } },
{ "type": "Feature", "properties": { "source": "ALEJANDRÍA", "target": "RIONEGRO", "distance": 0.33333333333333331, "betweenness": 0.0030700343200343208, "weight": 0.10307003432003432 }, "geometry": { "type": "LineString", "coordinates": [ [ -75.141346, 6.376061 ], [ -75.377316, 6.147148 ] ] } },
{ "type": "Feature", "properties": { "source": "ALEJANDRÍA", "target": "EL SANTUARIO", "distance": 0.25, "betweenness": 0.0068036786786786754, "weight": 0.10680367867867868 }, "geometry": { "type": "LineString", "coordinates": [ [ -75.141346, 6.376061 ], [ -75.265465, 6.136871 ] ] } },
{ "type": "Feature", "properties": { "source": "ALEJANDRÍA", "target": "COCORNÁ", "distance": 0.5, "betweenness": 0.00016087516087516087, "weight": 0.10016087516087517 }, "geometry": { "type": "LineString", "coordinates": [ [ -75.141346, 6.376061 ], [ -75.185483, 6.058295 ] ] } },
{ "type": "Feature", "properties": { "source": "ALEJANDRÍA", "target": "SAN LUIS", "distance": 0.5, "betweenness": 0.00032175032175032174, "weight": 0.10032175032175032 }, "geometry": { "type": "LineString", "coordinates": [ [ -75.141346, 6.376061 ], [ -74.993619, 6.043017 ] ] } },
{ "type": "Feature", "properties": { "source": "GUATAPÉ", "target": "SAN CARLOS", "distance": 0.5, "betweenness": 0.0004787951216522645, "weight": 0.10047879512165227 }, "geometry": { "type": "LineString", "coordinates": [ [ -75.160041, 6.232461 ], [ -74.988097, 6.187746 ] ] } },
{ "type": "Feature", "properties": { "source": "GUATAPÉ", "target": "SAN ROQUE", "distance": 0.5, "betweenness": 0.00096142060427774714, "weight": 0.10096142060427775 }, "geometry": { "type": "LineString", "coordinates": [ [ -75.160041, 6.232461 ], [ -75.019109, 6.485939 ] ] } },
{ "type": "Feature", "properties": { "source": "GUATAPÉ", "target": "GRANADA", "distance": 0.5, "betweenness": 0.00034473248758963045, "weight": 0.10034473248758964 }, "geometry": { "type": "LineString", "coordinates": [ [ -75.160041, 6.232461 ], [ -75.184446, 6.142892 ] ] } },
{ "type": "Feature", "properties": { "source": "GUATAPÉ", "target": "SAN RAFAEL", "distance": 0.5, "betweenness": 0.00031791996077710366, "weight": 0.10031791996077712 }, "geometry": { "type": "LineString", "coordinates": [ [ -75.160041, 6.232461 ], [ -75.02849, 6.293759 ] ] } },
{ "type": "Feature", "properties": { "source": "GUATAPÉ", "target": "COCORNÁ", "distance": 0.5, "betweenness": 0.00037154501440215729, "weight": 0.10037154501440217 }, "geometry": { "type": "LineString", "coordinates": [ [ -75.160041, 6.232461 ], [ -75.185483, 6.058295 ] ] } },
{ "type": "Feature", "properties": { "source": "GUATAPÉ", "target": "EL SANTUARIO", "distance": 0.5, "betweenness": 0.00023748238033952321, "weight": 0.10023748238033953 }, "geometry": { "type": "LineString", "coordinates": [ [ -75.160041, 6.232461 ], [ -75.265465, 6.136871 ] ] } },
{ "type": "Feature", "properties": { "source": "GUATAPÉ", "target": "SAN LUIS", "distance": 0.5, "betweenness": 0.00042517006802721087, "weight": 0.10042517006802722 }, "geometry": { "type": "LineString", "coordinates": [ [ -75.160041, 6.232461 ], [ -74.993619, 6.043017 ] ] } },
{ "type": "Feature", "properties": { "source": "GUATAPÉ", "target": "MARINILLA", "distance": 0.5, "betweenness": 0.00024131274131274132, "weight": 0.10024131274131275 }, "geometry": { "type": "LineString", "coordinates": [ [ -75.160041, 6.232461 ], [ -75.339345, 6.173995 ] ] } },
{ "type": "Feature", "properties": { "source": "GUATAPÉ", "target": "CISNEROS", "distance": 1.0, "betweenness": 2.2982165839308694e-05, "weight": 0.10002298216583931 }, "geometry": { "type": "LineString", "coordinates": [ [ -75.160041, 6.232461 ], [ -75.087047, 6.537829 ] ] } },
{ "type": "Feature", "properties": { "source": "GUATAPÉ", "target": "EL CARMEN DE VIBORAL", "distance": 0.5, "betweenness": 0.0010418581847153276, "weight": 0.10104185818471534 }, "geometry": { "type": "LineString", "coordinates": [ [ -75.160041, 6.232461 ], [ -75.333901, 6.082885 ] ] } },
{ "type": "Feature", "properties": { "source": "GUATAPÉ", "target": "RIONEGRO", "distance": 0.33333333333333331, "betweenness": 0.0056306306306306312, "weight": 0.10563063063063063 }, "geometry": { "type": "LineString", "coordinates": [ [ -75.160041, 6.232461 ], [ -75.377316, 6.147148 ] ] } },
{ "type": "Feature", "properties": { "source": "GUATAPÉ", "target": "SAN FRANCISCO", "distance": 1.0, "betweenness": 2.2982165839308694e-05, "weight": 0.10002298216583931 }, "geometry": { "type": "LineString", "coordinates": [ [ -75.160041, 6.232461 ], [ -75.101562, 5.963476 ] ] } },
{ "type": "Feature", "properties": { "source": "MARINILLA", "target": "RIONEGRO", "distance": 0.5, "betweenness": 0.00016087516087516087, "weight": 0.10016087516087517 }, "geometry": { "type": "LineString", "coordinates": [ [ -75.339345, 6.173995 ], [ -75.377316, 6.147148 ] ] } },
{ "type": "Feature", "properties": { "source": "MARINILLA", "target": "COCORNÁ", "distance": 0.5, "betweenness": 0.00018385732671446955, "weight": 0.10018385732671448 }, "geometry": { "type": "LineString", "coordinates": [ [ -75.339345, 6.173995 ], [ -75.185483, 6.058295 ] ] } },
{ "type": "Feature", "properties": { "source": "MARINILLA", "target": "EL SANTUARIO", "distance": 0.5, "betweenness": 0.00018385732671446955, "weight": 0.10018385732671448 }, "geometry": { "type": "LineString", "coordinates": [ [ -75.339345, 6.173995 ], [ -75.265465, 6.136871 ] ] } },
{ "type": "Feature", "properties": { "source": "MARINILLA", "target": "LA CEJA", "distance": 0.5, "betweenness": 0.0002949377949377949, "weight": 0.1002949377949378 }, "geometry": { "type": "LineString", "coordinates": [ [ -75.339345, 6.173995 ], [ -75.429433, 6.028062 ] ] } },
{ "type": "Feature", "properties": { "source": "MARINILLA", "target": "EL CARMEN DE VIBORAL", "distance": 0.5, "betweenness": 0.00030451369737084018, "weight": 0.10030451369737084 }, "geometry": { "type": "LineString", "coordinates": [ [ -75.339345, 6.173995 ], [ -75.333901, 6.082885 ] ] } },
{ "type": "Feature", "properties": { "source": "MARINILLA", "target": "LA UNIÓN", "distance": 0.5, "betweenness": 0.00058604522890237177, "weight": 0.10058604522890238 }, "geometry": { "type": "LineString", "coordinates": [ [ -75.339345, 6.173995 ], [ -75.360874, 5.973845 ] ] } },
{ "type": "Feature", "properties": { "source": "MARINILLA", "target": "ENVIGADO", "distance": 0.33333333333333331, "betweenness": 0.0038878163878163872, "weight": 0.1038878163878164 }, "geometry": { "type": "LineString", "coordinates": [ [ -75.339345, 6.173995 ], [ -75.582192, 6.166695 ] ] } },
{ "type": "Feature", "properties": { "source": "MARINILLA", "target": "RETIRO", "distance": 0.5, "betweenness": 0.0014210639210639209, "weight": 0.10142106392106393 }, "geometry": { "type": "LineString", "coordinates": [ [ -75.339345, 6.173995 ], [ -75.501301, 6.062454 ] ] } },
{ "type": "Feature", "properties": { "source": "MARINILLA", "target": "GRANADA", "distance": 0.5, "betweenness": 0.00045198259483973771, "weight": 0.10045198259483974 }, "geometry": { "type": "LineString", "coordinates": [ [ -75.339345, 6.173995 ], [ -75.184446, 6.142892 ] ] } },
{ "type": "Feature", "properties": { "source": "MARINILLA", "target": "SAN CARLOS", "distance": 0.5, "betweenness": 0.00086757676043390313, "weight": 0.10086757676043391 }, "geometry": { "type": "LineString", "coordinates": [ [ -75.339345, 6.173995 ], [ -74.988097, 6.187746 ] ] } },
{ "type": "Feature", "properties": { "source": "MARINILLA", "target": "SAN RAFAEL", "distance": 0.5, "betweenness": 0.00048262548262548264, "weight": 0.10048262548262549 }, "geometry": { "type": "LineString", "coordinates": [ [ -75.339345, 6.173995 ], [ -75.02849, 6.293759 ] ] } },
{ "type": "Feature", "properties": { "source": "MARINILLA", "target": "SAN LUIS", "distance": 0.5, "betweenness": 0.0010820769749341176, "weight": 0.10108207697493413 }, "geometry": { "type": "LineString", "coordinates": [ [ -75.339345, 6.173995 ], [ -74.993619, 6.043017 ] ] } },
{ "type": "Feature", "properties": { "source": "MARINILLA", "target": "ABEJORRAL", "distance": 1.0, "betweenness": 0.0, "weight": 0.1 }, "geometry": { "type": "LineString", "coordinates": [ [ -75.339345, 6.173995 ], [ -75.428739, 5.789315 ] ] } },
{ "type": "Feature", "properties": { "source": "RIONEGRO", "target": "LA UNIÓN", "distance": 0.5, "betweenness": 0.00037537537537537537, "weight": 0.10037537537537539 }, "geometry": { "type": "LineString", "coordinates": [ [ -75.377316, 6.147148 ], [ -75.360874, 5.973845 ] ] } },
{ "type": "Feature", "properties": { "source": "RIONEGRO", "target": "RETIRO", "distance": 0.5, "betweenness": 0.0002949377949377949, "weight": 0.1002949377949378 }, "geometry": { "type": "LineString", "coordinates": [ [ -75.377316, 6.147148 ], [ -75.501301, 6.062454 ] ] } },
{ "type": "Feature", "properties": { "source": "RIONEGRO", "target": "LA CEJA", "distance": 0.5, "betweenness": 0.00024131274131274132, "weight": 0.10024131274131275 }, "geometry": { "type": "LineString", "coordinates": [ [ -75.377316, 6.147148 ], [ -75.429433, 6.028062 ] ] } },
{ "type": "Feature", "properties": { "source": "RIONEGRO", "target": "CALDAS", "distance": 0.5, "betweenness": 0.00032175032175032174, "weight": 0.10032175032175032 }, "geometry": { "type": "LineString", "coordinates": [ [ -75.377316, 6.147148 ], [ -75.633673, 6.091077 ] ] } },
{ "type": "Feature", "properties": { "source": "RIONEGRO", "target": "EL CARMEN DE VIBORAL", "distance": 0.5, "betweenness": 0.00016087516087516087, "weight": 0.10016087516087517 }, "geometry": { "type": "LineString", "coordinates": [ [ -75.377316, 6.147148 ], [ -75.333901, 6.082885 ] ] } },
{ "type": "Feature", "properties": { "source": "RIONEGRO", "target": "COCORNÁ", "distance": 0.25, "betweenness": 0.0022254397254397253, "weight": 0.10222543972543974 }, "geometry": { "type": "LineString", "coordinates": [ [ -75.377316, 6.147148 ], [ -75.185483, 6.058295 ] ] } },
{ "type": "Feature", "properties": { "source": "RIONEGRO", "target": "LA ESTRELLA", "distance": 0.5, "betweenness": 0.0011261261261261261, "weight": 0.10112612612612613 }, "geometry": { "type": "LineString", "coordinates": [ [ -75.377316, 6.147148 ], [ -75.637708, 6.145238 ] ] } },
{ "type": "Feature", "properties": { "source": "RIONEGRO", "target": "EL SANTUARIO", "distance": 0.5, "betweenness": 0.00048262548262548264, "weight": 0.10048262548262549 }, "geometry": { "type": "LineString", "coordinates": [ [ -75.377316, 6.147148 ], [ -75.265465, 6.136871 ] ] } },
{ "type": "Feature", "properties": { "source": "RIONEGRO", "target": "ABEJORRAL", "distance": 0.5, "betweenness": 0.0014449398377969806, "weight": 0.10144493983779698 }, "geometry": { "type": "LineString", "coordinates": [ [ -75.377316, 6.147148 ], [ -75.428739, 5.789315 ] ] } },
{ "type": "Feature", "properties": { "source": "RIONEGRO", "target": "ENVIGADO", "distance": 0.25, "betweenness": 0.010628230271087412, "weight": 0.11062823027108742 }, "geometry": { "type": "LineString", "coordinates": [ [ -75.377316, 6.147148 ], [ -75.582192, 6.166695 ] ] } },
{ "type": "Feature", "properties": { "source": "RIONEGRO", "target": "SABANETA", "distance": 0.33333333333333331, "betweenness": 0.0021338302588302586, "weight": 0.10213383025883026 }, "geometry": { "type": "LineString", "coordinates": [ [ -75.377316, 6.147148 ], [ -75.615479, 6.149903 ] ] } },
{ "type": "Feature", "properties": { "source": "RIONEGRO", "target": "MONTEBELLO", "distance": 0.5, "betweenness": 0.0011446395374966802, "weight": 0.10114463953749668 }, "geometry": { "type": "LineString", "coordinates": [ [ -75.377316, 6.147148 ], [ -75.523455, 5.946313 ] ] } },
{ "type": "Feature", "properties": { "source": "RIONEGRO", "target": "GRANADA", "distance": 0.5, "betweenness": 0.00037537537537537532, "weight": 0.10037537537537539 }, "geometry": { "type": "LineString", "coordinates": [ [ -75.377316, 6.147148 ], [ -75.184446, 6.142892 ] ] } },
{ "type": "Feature", "properties": { "source": "RIONEGRO", "target": "SANTA BÁRBARA", "distance": 0.5, "betweenness": 0.0018404246082817509, "weight": 0.10184042460828176 }, "geometry": { "type": "LineString", "coordinates": [ [ -75.377316, 6.147148 ], [ -75.567351, 5.875527 ] ] } },
{ "type": "Feature", "properties": { "source": "RIONEGRO", "target": "ITAGÜÍ", "distance": 0.5, "betweenness": 0.0012065637065637065, "weight": 0.10120656370656371 }, "geometry": { "type": "LineString", "coordinates": [ [ -75.377316, 6.147148 ], [ -75.612056, 6.175079 ] ] } },
{ "type": "Feature", "properties": { "source": "RIONEGRO", "target": "ANGELÓPOLIS", "distance": 0.5, "betweenness": 0.00056306306306306306, "weight": 0.10056306306306306 }, "geometry": { "type": "LineString", "coordinates": [ [ -75.377316, 6.147148 ], [ -75.711389, 6.109719 ] ] } },
{ "type": "Feature", "properties": { "source": "RIONEGRO", "target": "SAN RAFAEL", "distance": 0.33333333333333331, "betweenness": 0.010160415517558375, "weight": 0.11016041551755838 }, "geometry": { "type": "LineString", "coordinates": [ [ -75.377316, 6.147148 ], [ -75.02849, 6.293759 ] ] } },
{ "type": "Feature", "properties": { "source": "RIONEGRO", "target": "FREDONIA", "distance": 0.5, "betweenness": 0.0012840646769218197, "weight": 0.10128406467692183 }, "geometry": { "type": "LineString", "coordinates": [ [ -75.377316, 6.147148 ], [ -75.675072, 5.928039 ] ] } },
{ "type": "Feature", "properties": { "source": "RIONEGRO", "target": "AMAGÁ", "distance": 0.5, "betweenness": 0.0014574523503094931, "weight": 0.10145745235030949 }, "geometry": { "type": "LineString", "coordinates": [ [ -75.377316, 6.147148 ], [ -75.702188, 6.038708 ] ] } },
{ "type": "Feature", "properties": { "source": "RIONEGRO", "target": "SAN CARLOS", "distance": 1.0, "betweenness": 0.0, "weight": 0.1 }, "geometry": { "type": "LineString", "coordinates": [ [ -75.377316, 6.147148 ], [ -74.988097, 6.187746 ] ] } },
{ "type": "Feature", "properties": { "source": "SAN RAFAEL", "target": "GRANADA", "distance": 0.5, "betweenness": 0.00050943800943800937, "weight": 0.10050943800943801 }, "geometry": { "type": "LineString", "coordinates": [ [ -75.02849, 6.293759 ], [ -75.184446, 6.142892 ] ] } },
{ "type": "Feature", "properties": { "source": "SAN RAFAEL", "target": "EL SANTUARIO", "distance": 0.5, "betweenness": 0.00032175032175032174, "weight": 0.10032175032175032 }, "geometry": { "type": "LineString", "coordinates": [ [ -75.02849, 6.293759 ], [ -75.265465, 6.136871 ] ] } },
{ "type": "Feature", "properties": { "source": "SAN RAFAEL", "target": "SAN LUIS", "distance": 0.33333333333333331, "betweenness": 0.0048235735735735735, "weight": 0.10482357357357358 }, "geometry": { "type": "LineString", "coordinates": [ [ -75.02849, 6.293759 ], [ -74.993619, 6.043017 ] ] } },
{ "type": "Feature", "properties": { "source": "SAN RAFAEL", "target": "SAN ROQUE", "distance": 0.5, "betweenness": 0.0002949377949377949, "weight": 0.1002949377949378 }, "geometry": { "type": "LineString", "coordinates": [ [ -75.02849, 6.293759 ], [ -75.019109, 6.485939 ] ] } },
{ "type": "Feature", "properties": { "source": "SAN RAFAEL", "target": "SAN CARLOS", "distance": 0.5, "betweenness": 0.00042900042900042895, "weight": 0.10042900042900044 }, "geometry": { "type": "LineString", "coordinates": [ [ -75.02849, 6.293759 ], [ -74.988097, 6.187746 ] ] } },
{ "type": "Feature", "properties": { "source": "SAN RAFAEL", "target": "COCORNÁ", "distance": 0.33333333333333331, "betweenness": 0.0047115993544564975, "weight": 0.10471159935445651 }, "geometry": { "type": "LineString", "coordinates": [ [ -75.02849, 6.293759 ], [ -75.185483, 6.058295 ] ] } },
{ "type": "Feature", "properties": { "source": "SAN RAFAEL", "target": "MACEO", "distance": 0.5, "betweenness": 0.0072371478621478611, "weight": 0.10723714786214787 }, "geometry": { "type": "LineString", "coordinates": [ [ -75.02849, 6.293759 ], [ -74.78716, 6.552116 ] ] } },
{ "type": "Feature", "properties": { "source": "SAN RAFAEL", "target": "CISNEROS", "distance": 0.5, "betweenness": 0.0013099834528405956, "weight": 0.1013099834528406 }, "geometry": { "type": "LineString", "coordinates": [ [ -75.02849, 6.293759 ], [ -75.087047, 6.537829 ] ] } },
{ "type": "Feature", "properties": { "source": "SAN RAFAEL", "target": "EL CARMEN DE VIBORAL", "distance": 0.5, "betweenness": 0.001640926640926641, "weight": 0.10164092664092665 }, "geometry": { "type": "LineString", "coordinates": [ [ -75.02849, 6.293759 ], [ -75.333901, 6.082885 ] ] } },
{ "type": "Feature", "properties": { "source": "SAN RAFAEL", "target": "CARACOLÍ", "distance": 0.5, "betweenness": 0.0035191441441441442, "weight": 0.10351914414414415 }, "geometry": { "type": "LineString", "coordinates": [ [ -75.02849, 6.293759 ], [ -74.757421, 6.409829 ] ] } },
{ "type": "Feature", "properties": { "source": "SAN ROQUE", "target": "YALÍ", "distance": 0.5, "betweenness": 0.0078828828828828822, "weight": 0.10788288288288289 }, "geometry": { "type": "LineString", "coordinates": [ [ -75.019109, 6.485939 ], [ -74.840059, 6.676554 ] ] } },
{ "type": "Feature", "properties": { "source": "SAN ROQUE", "target": "MACEO", "distance": 0.5, "betweenness": 0.0028711747461747463, "weight": 0.10287117474617476 }, "geometry": { "type": "LineString", "coordinates": [ [ -75.019109, 6.485939 ], [ -74.78716, 6.552116 ] ] } },
{ "type": "Feature", "properties": { "source": "SAN ROQUE", "target": "CISNEROS", "distance": 0.5, "betweenness": 0.0005190139118710546, "weight": 0.10051901391187106 }, "geometry": { "type": "LineString", "coordinates": [ [ -75.019109, 6.485939 ], [ -75.087047, 6.537829 ] ] } },
{ "type": "Feature", "properties": { "source": "SAN ROQUE", "target": "SAN CARLOS", "distance": 0.5, "betweenness": 0.0028421278421278421, "weight": 0.10284212784212785 }, "geometry": { "type": "LineString", "coordinates": [ [ -75.019109, 6.485939 ], [ -74.988097, 6.187746 ] ] } },
{ "type": "Feature", "properties": { "source": "SAN ROQUE", "target": "CARACOLÍ", "distance": 0.5, "betweenness": 0.0083655083655083656, "weight": 0.10836550836550837 }, "geometry": { "type": "LineString", "coordinates": [ [ -75.019109, 6.485939 ], [ -74.757421, 6.409829 ] ] } },
{ "type": "Feature", "properties": { "source": "CISNEROS", "target": "YALÍ", "distance": 1.0, "betweenness": 4.0218790218790217e-05, "weight": 0.10004021879021879 }, "geometry": { "type": "LineString", "coordinates": [ [ -75.087047, 6.537829 ], [ -74.840059, 6.676554 ] ] } },
{ "type": "Feature", "properties": { "source": "GRANADA", "target": "SAN CARLOS", "distance": 0.5, "betweenness": 0.00045581295581295574, "weight": 0.10045581295581296 }, "geometry": { "type": "LineString", "coordinates": [ [ -75.184446, 6.142892 ], [ -74.988097, 6.187746 ] ] } },
{ "type": "Feature", "properties": { "source": "GRANADA", "target": "COCORNÁ", "distance": 0.5, "betweenness": 0.00022120334620334619, "weight": 0.10022120334620335 }, "geometry": { "type": "LineString", "coordinates": [ [ -75.184446, 6.142892 ], [ -75.185483, 6.058295 ] ] } },
{ "type": "Feature", "properties": { "source": "GRANADA", "target": "SAN LUIS", "distance": 0.5, "betweenness": 0.00043972543972543962, "weight": 0.10043972543972544 }, "geometry": { "type": "LineString", "coordinates": [ [ -75.184446, 6.142892 ], [ -74.993619, 6.043017 ] ] } },
{ "type": "Feature", "properties": { "source": "GRANADA", "target": "EL CARMEN DE VIBORAL", "distance": 0.5, "betweenness": 0.00067567567567567571, "weight": 0.10067567567567567 }, "geometry": { "type": "LineString", "coordinates": [ [ -75.184446, 6.142892 ], [ -75.333901, 6.082885 ] ] } },
{ "type": "Feature", "properties": { "source": "GRANADA", "target": "EL SANTUARIO", "distance": 0.5, "betweenness": 0.00014076576576576576, "weight": 0.10014076576576578 }, "geometry": { "type": "LineString", "coordinates": [ [ -75.184446, 6.142892 ], [ -75.265465, 6.136871 ] ] } },
{ "type": "Feature", "properties": { "source": "GRANADA", "target": "SAN FRANCISCO", "distance": 0.5, "betweenness": 0.0021201047986762274, "weight": 0.10212010479867624 }, "geometry": { "type": "LineString", "coordinates": [ [ -75.184446, 6.142892 ], [ -75.101562, 5.963476 ] ] } },
{ "type": "Feature", "properties": { "source": "GRANADA", "target": "LA UNIÓN", "distance": 0.5, "betweenness": 0.00053625053625053621, "weight": 0.10053625053625054 }, "geometry": { "type": "LineString", "coordinates": [ [ -75.184446, 6.142892 ], [ -75.360874, 5.973845 ] ] } },
{ "type": "Feature", "properties": { "source": "GRANADA", "target": "SONSÓN", "distance": 0.33333333333333331, "betweenness": 0.0081376018876018873, "weight": 0.10813760188760189 }, "geometry": { "type": "LineString", "coordinates": [ [ -75.184446, 6.142892 ], [ -75.309596, 5.714851 ] ] } },
{ "type": "Feature", "properties": { "source": "GRANADA", "target": "LA CEJA", "distance": 0.33333333333333331, "betweenness": 0.0051600707850707854, "weight": 0.10516007078507079 }, "geometry": { "type": "LineString", "coordinates": [ [ -75.184446, 6.142892 ], [ -75.429433, 6.028062 ] ] } },
{ "type": "Feature", "properties": { "source": "GRANADA", "target": "PUERTO NARE", "distance": 1.0, "betweenness": 5.3625053625053619e-05, "weight": 0.10005362505362506 }, "geometry": { "type": "LineString", "coordinates": [ [ -75.184446, 6.142892 ], [ -74.583012, 6.186025 ] ] } },
{ "type": "Feature", "properties": { "source": "EL SANTUARIO", "target": "COCORNÁ", "distance": 0.5, "betweenness": 0.00016087516087516087, "weight": 0.10016087516087517 }, "geometry": { "type": "LineString", "coordinates": [ [ -75.265465, 6.136871 ], [ -75.185483, 6.058295 ] ] } },
{ "type": "Feature", "properties": { "source": "EL SANTUARIO", "target": "SAN CARLOS", "distance": 0.2, "betweenness": 0.029255148005148002, "weight": 0.12925514800514801 }, "geometry": { "type": "LineString", "coordinates": [ [ -75.265465, 6.136871 ], [ -74.988097, 6.187746 ] ] } },
{ "type": "Feature", "properties": { "source": "EL SANTUARIO", "target": "ENVIGADO", "distance": 0.33333333333333331, "betweenness": 0.011093108414536987, "weight": 0.111093108414537 }, "geometry": { "type": "LineString", "coordinates": [ [ -75.265465, 6.136871 ], [ -75.582192, 6.166695 ] ] } },
{ "type": "Feature", "properties": { "source": "EL SANTUARIO", "target": "EL CARMEN DE VIBORAL", "distance": 0.5, "betweenness": 0.00032175032175032174, "weight": 0.10032175032175032 }, "geometry": { "type": "LineString", "coordinates": [ [ -75.265465, 6.136871 ], [ -75.333901, 6.082885 ] ] } },
{ "type": "Feature", "properties": { "source": "EL SANTUARIO", "target": "LA CEJA", "distance": 0.33333333333333331, "betweenness": 0.0041224259974259967, "weight": 0.10412242599742601 }, "geometry": { "type": "LineString", "coordinates": [ [ -75.265465, 6.136871 ], [ -75.429433, 6.028062 ] ] } },
{ "type": "Feature", "properties": { "source": "EL SANTUARIO", "target": "RETIRO", "distance": 0.33333333333333331, "betweenness": 0.018594487344487338, "weight": 0.11859448734448734 }, "geometry": { "type": "LineString", "coordinates": [ [ -75.265465, 6.136871 ], [ -75.501301, 6.062454 ] ] } },
{ "type": "Feature", "properties": { "source": "EL SANTUARIO", "target": "LA UNIÓN", "distance": 0.5, "betweenness": 0.00093843843843843832, "weight": 0.10093843843843844 }, "geometry": { "type": "LineString", "coordinates": [ [ -75.265465, 6.136871 ], [ -75.360874, 5.973845 ] ] } },
{ "type": "Feature", "properties": { "source": "EL SANTUARIO", "target": "SAN LUIS", "distance": 0.5, "betweenness": 0.0020802690445547588, "weight": 0.10208026904455476 }, "geometry": { "type": "LineString", "coordinates": [ [ -75.265465, 6.136871 ], [ -74.993619, 6.043017 ] ] } },
{ "type": "Feature", "properties": { "source": "EL SANTUARIO", "target": "SAN FRANCISCO", "distance": 0.5, "betweenness": 0.0037866948581234293, "weight": 0.10378669485812343 }, "geometry": { "type": "LineString", "coordinates": [ [ -75.265465, 6.136871 ], [ -75.101562, 5.963476 ] ] } },
{ "type": "Feature", "properties": { "source": "EL SANTUARIO", "target": "ABEJORRAL", "distance": 0.5, "betweenness": 0.0056664445057302195, "weight": 0.10566644450573022 }, "geometry": { "type": "LineString", "coordinates": [ [ -75.265465, 6.136871 ], [ -75.428739, 5.789315 ] ] } },
{ "type": "Feature", "properties": { "source": "EL SANTUARIO", "target": "SONSÓN", "distance": 0.5, "betweenness": 0.0010181099466813751, "weight": 0.10101810994668138 }, "geometry": { "type": "LineString", "coordinates": [ [ -75.265465, 6.136871 ], [ -75.309596, 5.714851 ] ] } },
{ "type": "Feature", "properties": { "source": "EL CARMEN DE VIBORAL", "target": "COCORNÁ", "distance": 0.5, "betweenness": 0.00032175032175032174, "weight": 0.10032175032175032 }, "geometry": { "type": "LineString", "coordinates": [ [ -75.333901, 6.082885 ], [ -75.185483, 6.058295 ] ] } },
{ "type": "Feature", "properties": { "source": "EL CARMEN DE VIBORAL", "target": "SONSÓN", "distance": 0.5, "betweenness": 0.00089745357602500448, "weight": 0.100897453576025 }, "geometry": { "type": "LineString", "coordinates": [ [ -75.333901, 6.082885 ], [ -75.309596, 5.714851 ] ] } },
{ "type": "Feature", "properties": { "source": "EL CARMEN DE VIBORAL", "target": "ARGELIA", "distance": 0.5, "betweenness": 0.0011904761904761904, "weight": 0.10119047619047619 }, "geometry": { "type": "LineString", "coordinates": [ [ -75.333901, 6.082885 ], [ -75.14107, 5.731474 ] ] } },
{ "type": "Feature", "properties": { "source": "EL CARMEN DE VIBORAL", "target": "LA CEJA", "distance": 0.5, "betweenness": 0.00016087516087516087, "weight": 0.10016087516087517 }, "geometry": { "type": "LineString", "coordinates": [ [ -75.333901, 6.082885 ], [ -75.429433, 6.028062 ] ] } },
{ "type": "Feature", "properties": { "source": "EL CARMEN DE VIBORAL", "target": "ABEJORRAL", "distance": 0.5, "betweenness": 0.00046481430410001836, "weight": 0.10046481430410002 }, "geometry": { "type": "LineString", "coordinates": [ [ -75.333901, 6.082885 ], [ -75.428739, 5.789315 ] ] } },
{ "type": "Feature", "properties": { "source": "EL CARMEN DE VIBORAL", "target": "LA UNIÓN", "distance": 0.5, "betweenness": 0.00016087516087516087, "weight": 0.10016087516087517 }, "geometry": { "type": "LineString", "coordinates": [ [ -75.333901, 6.082885 ], [ -75.360874, 5.973845 ] ] } },
{ "type": "Feature", "properties": { "source": "EL CARMEN DE VIBORAL", "target": "NARIÑO", "distance": 0.5, "betweenness": 0.0023326898326898322, "weight": 0.10233268983268984 }, "geometry": { "type": "LineString", "coordinates": [ [ -75.333901, 6.082885 ], [ -75.176262, 5.610777 ] ] } },
{ "type": "Feature", "properties": { "source": "EL CARMEN DE VIBORAL", "target": "SAN FRANCISCO", "distance": 0.5, "betweenness": 0.0031094870380584672, "weight": 0.10310948703805847 }, "geometry": { "type": "LineString", "coordinates": [ [ -75.333901, 6.082885 ], [ -75.101562, 5.963476 ] ] } },
{ "type": "Feature", "properties": { "source": "EL CARMEN DE VIBORAL", "target": "SAN LUIS", "distance": 0.5, "betweenness": 0.0025937289330146469, "weight": 0.10259372893301465 }, "geometry": { "type": "LineString", "coordinates": [ [ -75.333901, 6.082885 ], [ -74.993619, 6.043017 ] ] } },
{ "type": "Feature", "properties": { "source": "EL CARMEN DE VIBORAL", "target": "RETIRO", "distance": 0.5, "betweenness": 0.00080437580437580432, "weight": 0.1008043758043758 }, "geometry": { "type": "LineString", "coordinates": [ [ -75.333901, 6.082885 ], [ -75.501301, 6.062454 ] ] } },
{ "type": "Feature", "properties": { "source": "EL CARMEN DE VIBORAL", "target": "SAN CARLOS", "distance": 0.5, "betweenness": 0.00275498712998713, "weight": 0.10275498712998714 }, "geometry": { "type": "LineString", "coordinates": [ [ -75.333901, 6.082885 ], [ -74.988097, 6.187746 ] ] } },
{ "type": "Feature", "properties": { "source": "EL CARMEN DE VIBORAL", "target": "ENVIGADO", "distance": 0.33333333333333331, "betweenness": 0.0029027752242037951, "weight": 0.1029027752242038 }, "geometry": { "type": "LineString", "coordinates": [ [ -75.333901, 6.082885 ], [ -75.582192, 6.166695 ] ] } },
{ "type": "Feature", "properties": { "source": "EL CARMEN DE VIBORAL", "target": "MONTEBELLO", "distance": 0.5, "betweenness": 0.00032845345345345342, "weight": 0.10032845345345345 }, "geometry": { "type": "LineString", "coordinates": [ [ -75.333901, 6.082885 ], [ -75.523455, 5.946313 ] ] } },
{ "type": "Feature", "properties": { "source": "EL CARMEN DE VIBORAL", "target": "SABANETA", "distance": 0.5, "betweenness": 0.0, "weight": 0.1 }, "geometry": { "type": "LineString", "coordinates": [ [ -75.333901, 6.082885 ], [ -75.615479, 6.149903 ] ] } },
{ "type": "Feature", "properties": { "source": "EL CARMEN DE VIBORAL", "target": "CALDAS", "distance": 0.16666666666666666, "betweenness": 0.016285035035035034, "weight": 0.11628503503503504 }, "geometry": { "type": "LineString", "coordinates": [ [ -75.333901, 6.082885 ], [ -75.633673, 6.091077 ] ] } },
{ "type": "Feature", "properties": { "source": "EL CARMEN DE VIBORAL", "target": "SANTA BÁRBARA", "distance": 0.5, "betweenness": 0.00043570356070356063, "weight": 0.10043570356070357 }, "geometry": { "type": "LineString", "coordinates": [ [ -75.333901, 6.082885 ], [ -75.567351, 5.875527 ] ] } },
{ "type": "Feature", "properties": { "source": "EBÉJICO", "target": "ANGELÓPOLIS", "distance": 0.5, "betweenness": 0.00016087516087516087, "weight": 0.10016087516087517 }, "geometry": { "type": "LineString", "coordinates": [ [ -75.766413, 6.325615 ], [ -75.711389, 6.109719 ] ] } },
{ "type": "Feature", "properties": { "source": "EBÉJICO", "target": "HELICONIA", "distance": 0.5, "betweenness": 0.00016087516087516087, "weight": 0.10016087516087517 }, "geometry": { "type": "LineString", "coordinates": [ [ -75.766413, 6.325615 ], [ -75.734322, 6.206757 ] ] } },
{ "type": "Feature", "properties": { "source": "EBÉJICO", "target": "ARMENIA", "distance": 0.5, "betweenness": 0.00048262548262548264, "weight": 0.10048262548262549 }, "geometry": { "type": "LineString", "coordinates": [ [ -75.766413, 6.325615 ], [ -75.786647, 6.155667 ] ] } },
{ "type": "Feature", "properties": { "source": "EBÉJICO", "target": "LA ESTRELLA", "distance": 0.5, "betweenness": 0.00019305019305019305, "weight": 0.10019305019305019 }, "geometry": { "type": "LineString", "coordinates": [ [ -75.766413, 6.325615 ], [ -75.637708, 6.145238 ] ] } },
{ "type": "Feature", "properties": { "source": "EBÉJICO", "target": "CALDAS", "distance": 0.33333333333333331, "betweenness": 0.0063983626483626477, "weight": 0.10639836264836265 }, "geometry": { "type": "LineString", "coordinates": [ [ -75.766413, 6.325615 ], [ -75.633673, 6.091077 ] ] } },
{ "type": "Feature", "properties": { "source": "EBÉJICO", "target": "AMAGÁ", "distance": 0.5, "betweenness": 0.0004745817245817245, "weight": 0.10047458172458174 }, "geometry": { "type": "LineString", "coordinates": [ [ -75.766413, 6.325615 ], [ -75.702188, 6.038708 ] ] } },
{ "type": "Feature", "properties": { "source": "EBÉJICO", "target": "ITAGÜÍ", "distance": 0.5, "betweenness": 0.0002372908622908623, "weight": 0.10023729086229087 }, "geometry": { "type": "LineString", "coordinates": [ [ -75.766413, 6.325615 ], [ -75.612056, 6.175079 ] ] } },
{ "type": "Feature", "properties": { "source": "EBÉJICO", "target": "TITIRIBÍ", "distance": 0.5, "betweenness": 0.00016087516087516087, "weight": 0.10016087516087517 }, "geometry": { "type": "LineString", "coordinates": [ [ -75.766413, 6.325615 ], [ -75.791887, 6.062391 ] ] } },
{ "type": "Feature", "properties": { "source": "EBÉJICO", "target": "ENVIGADO", "distance": 0.5, "betweenness": 0.0011261261261261263, "weight": 0.10112612612612613 }, "geometry": { "type": "LineString", "coordinates": [ [ -75.766413, 6.325615 ], [ -75.582192, 6.166695 ] ] } },
{ "type": "Feature", "properties": { "source": "EBÉJICO", "target": "SABANETA", "distance": 0.5, "betweenness": 0.00020109395109395108, "weight": 0.10020109395109396 }, "geometry": { "type": "LineString", "coordinates": [ [ -75.766413, 6.325615 ], [ -75.615479, 6.149903 ] ] } },
{ "type": "Feature", "properties": { "source": "ENVIGADO", "target": "SANTA BÁRBARA", "distance": 0.33333333333333331, "betweenness": 0.0029915119200833486, "weight": 0.10299151192008335 }, "geometry": { "type": "LineString", "coordinates": [ [ -75.582192, 6.166695 ], [ -75.567351, 5.875527 ] ] } },
{ "type": "Feature", "properties": { "source": "ENVIGADO", "target": "ANGELÓPOLIS", "distance": 0.5, "betweenness": 0.0, "weight": 0.1 }, "geometry": { "type": "LineString", "coordinates": [ [ -75.582192, 6.166695 ], [ -75.711389, 6.109719 ] ] } },
{ "type": "Feature", "properties": { "source": "ENVIGADO", "target": "CALDAS", "distance": 0.33333333333333331, "betweenness": 0.00088481338481338474, "weight": 0.10088481338481339 }, "geometry": { "type": "LineString", "coordinates": [ [ -75.582192, 6.166695 ], [ -75.633673, 6.091077 ] ] } },
{ "type": "Feature", "properties": { "source": "ENVIGADO", "target": "RETIRO", "distance": 0.5, "betweenness": 0.0, "weight": 0.1 }, "geometry": { "type": "LineString", "coordinates": [ [ -75.582192, 6.166695 ], [ -75.501301, 6.062454 ] ] } },
{ "type": "Feature", "properties": { "source": "ENVIGADO", "target": "LA CEJA", "distance": 0.33333333333333331, "betweenness": 0.0014926916712630996, "weight": 0.10149269167126311 }, "geometry": { "type": "LineString", "coordinates": [ [ -75.582192, 6.166695 ], [ -75.429433, 6.028062 ] ] } },
{ "type": "Feature", "properties": { "source": "ENVIGADO", "target": "LA ESTRELLA", "distance": 0.5, "betweenness": 0.0007775632775632778, "weight": 0.10077756327756328 }, "geometry": { "type": "LineString", "coordinates": [ [ -75.582192, 6.166695 ], [ -75.637708, 6.145238 ] ] } },
{ "type": "Feature", "properties": { "source": "ENVIGADO", "target": "HELICONIA", "distance": 0.5, "betweenness": 0.00076147576147576142, "weight": 0.10076147576147576 }, "geometry": { "type": "LineString", "coordinates": [ [ -75.582192, 6.166695 ], [ -75.734322, 6.206757 ] ] } },
{ "type": "Feature", "properties": { "source": "ENVIGADO", "target": "LA UNIÓN", "distance": 0.33333333333333331, "betweenness": 0.0054651590365876086, "weight": 0.10546515903658761 }, "geometry": { "type": "LineString", "coordinates": [ [ -75.582192, 6.166695 ], [ -75.360874, 5.973845 ] ] } },
{ "type": "Feature", "properties": { "source": "ENVIGADO", "target": "AMAGÁ", "distance": 0.5, "betweenness": 0.00071053196053196053, "weight": 0.10071053196053197 }, "geometry": { "type": "LineString", "coordinates": [ [ -75.582192, 6.166695 ], [ -75.702188, 6.038708 ] ] } },
{ "type": "Feature", "properties": { "source": "ENVIGADO", "target": "ITAGÜÍ", "distance": 0.5, "betweenness": 0.0010725010725010724, "weight": 0.10107250107250108 }, "geometry": { "type": "LineString", "coordinates": [ [ -75.582192, 6.166695 ], [ -75.612056, 6.175079 ] ] } },
{ "type": "Feature", "properties": { "source": "ENVIGADO", "target": "FREDONIA", "distance": 0.25, "betweenness": 0.015300313068170212, "weight": 0.11530031306817022 }, "geometry": { "type": "LineString", "coordinates": [ [ -75.582192, 6.166695 ], [ -75.675072, 5.928039 ] ] } },
{ "type": "Feature", "properties": { "source": "ENVIGADO", "target": "MONTEBELLO", "distance": 0.33333333333333331, "betweenness": 0.0041069130354844646, "weight": 0.10410691303548447 }, "geometry": { "type": "LineString", "coordinates": [ [ -75.582192, 6.166695 ], [ -75.523455, 5.946313 ] ] } },
{ "type": "Feature", "properties": { "source": "ENVIGADO", "target": "SABANETA", "distance": 0.5, "betweenness": 0.00016087516087516087, "weight": 0.10016087516087517 }, "geometry": { "type": "LineString", "coordinates": [ [ -75.582192, 6.166695 ], [ -75.615479, 6.149903 ] ] } },
{ "type": "Feature", "properties": { "source": "ENVIGADO", "target": "ABEJORRAL", "distance": 0.33333333333333331, "betweenness": 0.012725991297419872, "weight": 0.11272599129741988 }, "geometry": { "type": "LineString", "coordinates": [ [ -75.582192, 6.166695 ], [ -75.428739, 5.789315 ] ] } },
{ "type": "Feature", "properties": { "source": "ENVIGADO", "target": "ARMENIA", "distance": 0.33333333333333331, "betweenness": 0.0047055984555984557, "weight": 0.10470559845559846 }, "geometry": { "type": "LineString", "coordinates": [ [ -75.582192, 6.166695 ], [ -75.786647, 6.155667 ] ] } },
{ "type": "Feature", "properties": { "source": "ENVIGADO", "target": "TITIRIBÍ", "distance": 0.14285714285714285, "betweenness": 0.038789682539682541, "weight": 0.13878968253968255 }, "geometry": { "type": "LineString", "coordinates": [ [ -75.582192, 6.166695 ], [ -75.791887, 6.062391 ] ] } },
{ "type": "Feature", "properties": { "source": "ENVIGADO", "target": "VENECIA", "distance": 0.5, "betweenness": 0.00069444444444444436, "weight": 0.10069444444444445 }, "geometry": { "type": "LineString", "coordinates": [ [ -75.582192, 6.166695 ], [ -75.735544, 5.964693 ] ] } },
{ "type": "Feature", "properties": { "source": "HELICONIA", "target": "ITAGÜÍ", "distance": 0.5, "betweenness": 0.0002372908622908623, "weight": 0.10023729086229087 }, "geometry": { "type": "LineString", "coordinates": [ [ -75.734322, 6.206757 ], [ -75.612056, 6.175079 ] ] } },
{ "type": "Feature", "properties": { "source": "HELICONIA", "target": "CALDAS", "distance": 0.33333333333333331, "betweenness": 0.0022880022880022873, "weight": 0.10228800228800229 }, "geometry": { "type": "LineString", "coordinates": [ [ -75.734322, 6.206757 ], [ -75.633673, 6.091077 ] ] } },
{ "type": "Feature", "properties": { "source": "HELICONIA", "target": "AMAGÁ", "distance": 0.5, "betweenness": 0.00031906906906906904, "weight": 0.10031906906906908 }, "geometry": { "type": "LineString", "coordinates": [ [ -75.734322, 6.206757 ], [ -75.702188, 6.038708 ] ] } },
{ "type": "Feature", "properties": { "source": "HELICONIA", "target": "ANGELÓPOLIS", "distance": 0.5, "betweenness": 0.00016087516087516087, "weight": 0.10016087516087517 }, "geometry": { "type": "LineString", "coordinates": [ [ -75.734322, 6.206757 ], [ -75.711389, 6.109719 ] ] } },
{ "type": "Feature", "properties": { "source": "HELICONIA", "target": "TITIRIBÍ", "distance": 0.5, "betweenness": 0.00019305019305019308, "weight": 0.10019305019305019 }, "geometry": { "type": "LineString", "coordinates": [ [ -75.734322, 6.206757 ], [ -75.791887, 6.062391 ] ] } },
{ "type": "Feature", "properties": { "source": "HELICONIA", "target": "LA ESTRELLA", "distance": 0.5, "betweenness": 0.00019305019305019305, "weight": 0.10019305019305019 }, "geometry": { "type": "LineString", "coordinates": [ [ -75.734322, 6.206757 ], [ -75.637708, 6.145238 ] ] } },
{ "type": "Feature", "properties": { "source": "HELICONIA", "target": "SABANETA", "distance": 0.5, "betweenness": 0.0001126126126126126, "weight": 0.10011261261261262 }, "geometry": { "type": "LineString", "coordinates": [ [ -75.734322, 6.206757 ], [ -75.615479, 6.149903 ] ] } },
{ "type": "Feature", "properties": { "source": "HELICONIA", "target": "ARMENIA", "distance": 0.5, "betweenness": 0.00016087516087516087, "weight": 0.10016087516087517 }, "geometry": { "type": "LineString", "coordinates": [ [ -75.734322, 6.206757 ], [ -75.786647, 6.155667 ] ] } },
{ "type": "Feature", "properties": { "source": "HELICONIA", "target": "RETIRO", "distance": 0.5, "betweenness": 0.00056842556842556834, "weight": 0.10056842556842557 }, "geometry": { "type": "LineString", "coordinates": [ [ -75.734322, 6.206757 ], [ -75.501301, 6.062454 ] ] } },
{ "type": "Feature", "properties": { "source": "HELICONIA", "target": "FREDONIA", "distance": 0.5, "betweenness": 0.00066763191763191763, "weight": 0.10066763191763192 }, "geometry": { "type": "LineString", "coordinates": [ [ -75.734322, 6.206757 ], [ -75.675072, 5.928039 ] ] } },
{ "type": "Feature", "properties": { "source": "HELICONIA", "target": "SANTA BÁRBARA", "distance": 0.5, "betweenness": 0.00048798798798798797, "weight": 0.100487987987988 }, "geometry": { "type": "LineString", "coordinates": [ [ -75.734322, 6.206757 ], [ -75.567351, 5.875527 ] ] } },
{ "type": "Feature", "properties": { "source": "HELICONIA", "target": "VENECIA", "distance": 0.5, "betweenness": 0.00042631917631917631, "weight": 0.10042631917631918 }, "geometry": { "type": "LineString", "coordinates": [ [ -75.734322, 6.206757 ], [ -75.735544, 5.964693 ] ] } },
{ "type": "Feature", "properties": { "source": "ARMENIA", "target": "VENECIA", "distance": 0.5, "betweenness": 0.0, "weight": 0.1 }, "geometry": { "type": "LineString", "coordinates": [ [ -75.786647, 6.155667 ], [ -75.735544, 5.964693 ] ] } },
{ "type": "Feature", "properties": { "source": "ARMENIA", "target": "AMAGÁ", "distance": 0.5, "betweenness": 0.0022522522522522522, "weight": 0.10225225225225226 }, "geometry": { "type": "LineString", "coordinates": [ [ -75.786647, 6.155667 ], [ -75.702188, 6.038708 ] ] } },
{ "type": "Feature", "properties": { "source": "ARMENIA", "target": "CALDAS", "distance": 0.5, "betweenness": 0.00064350064350064348, "weight": 0.10064350064350065 }, "geometry": { "type": "LineString", "coordinates": [ [ -75.786647, 6.155667 ], [ -75.633673, 6.091077 ] ] } },
{ "type": "Feature", "properties": { "source": "ARMENIA", "target": "SABANETA", "distance": 0.5, "betweenness": 0.0, "weight": 0.1 }, "geometry": { "type": "LineString", "coordinates": [ [ -75.786647, 6.155667 ], [ -75.615479, 6.149903 ] ] } },
{ "type": "Feature", "properties": { "source": "ARMENIA", "target": "FREDONIA", "distance": 0.5, "betweenness": 0.00064350064350064348, "weight": 0.10064350064350065 }, "geometry": { "type": "LineString", "coordinates": [ [ -75.786647, 6.155667 ], [ -75.675072, 5.928039 ] ] } },
{ "type": "Feature", "properties": { "source": "ARMENIA", "target": "ANGELÓPOLIS", "distance": 0.5, "betweenness": 0.0, "weight": 0.1 }, "geometry": { "type": "LineString", "coordinates": [ [ -75.786647, 6.155667 ], [ -75.711389, 6.109719 ] ] } },
{ "type": "Feature", "properties": { "source": "ARMENIA", "target": "TITIRIBÍ", "distance": 0.5, "betweenness": 0.0, "weight": 0.1 }, "geometry": { "type": "LineString", "coordinates": [ [ -75.786647, 6.155667 ], [ -75.791887, 6.062391 ] ] } },
{ "type": "Feature", "properties": { "source": "ARMENIA", "target": "ITAGÜÍ", "distance": 0.5, "betweenness": 0.0021677927927927928, "weight": 0.1021677927927928 }, "geometry": { "type": "LineString", "coordinates": [ [ -75.786647, 6.155667 ], [ -75.612056, 6.175079 ] ] } },
{ "type": "Feature", "properties": { "source": "ARMENIA", "target": "LA ESTRELLA", "distance": 0.5, "betweenness": 0.00064350064350064348, "weight": 0.10064350064350065 }, "geometry": { "type": "LineString", "coordinates": [ [ -75.786647, 6.155667 ], [ -75.637708, 6.145238 ] ] } },
{ "type": "Feature", "properties": { "source": "ARMENIA", "target": "RETIRO", "distance": 0.14285714285714285, "betweenness": 0.048525311025311026, "weight": 0.14852531102531102 }, "geometry": { "type": "LineString", "coordinates": [ [ -75.786647, 6.155667 ], [ -75.501301, 6.062454 ] ] } },
{ "type": "Feature", "properties": { "source": "ARMENIA", "target": "SANTA BÁRBARA", "distance": 1.0, "betweenness": 0.0, "weight": 0.1 }, "geometry": { "type": "LineString", "coordinates": [ [ -75.786647, 6.155667 ], [ -75.567351, 5.875527 ] ] } },
{ "type": "Feature", "properties": { "source": "LA ESTRELLA", "target": "RETIRO", "distance": 0.5, "betweenness": 0.00042900042900042895, "weight": 0.10042900042900044 }, "geometry": { "type": "LineString", "coordinates": [ [ -75.637708, 6.145238 ], [ -75.501301, 6.062454 ] ] } },
{ "type": "Feature", "properties": { "source": "LA ESTRELLA", "target": "SABANETA", "distance": 0.5, "betweenness": 8.0437580437580435e-05, "weight": 0.10008043758043758 }, "geometry": { "type": "LineString", "coordinates": [ [ -75.637708, 6.145238 ], [ -75.615479, 6.149903 ] ] } },
{ "type": "Feature", "properties": { "source": "LA ESTRELLA", "target": "CALDAS", "distance": 0.5, "betweenness": 0.00053625053625053621, "weight": 0.10053625053625054 }, "geometry": { "type": "LineString", "coordinates": [ [ -75.637708, 6.145238 ], [ -75.633673, 6.091077 ] ] } },
{ "type": "Feature", "properties": { "source": "LA ESTRELLA", "target": "VENECIA", "distance": 0.33333333333333331, "betweenness": 0.0036599099099099098, "weight": 0.10365990990990992 }, "geometry": { "type": "LineString", "coordinates": [ [ -75.637708, 6.145238 ], [ -75.735544, 5.964693 ] ] } },
{ "type": "Feature", "properties": { "source": "LA ESTRELLA", "target": "FREDONIA", "distance": 0.5, "betweenness": 0.00040218790218790216, "weight": 0.10040218790218791 }, "geometry": { "type": "LineString", "coordinates": [ [ -75.637708, 6.145238 ], [ -75.675072, 5.928039 ] ] } },
{ "type": "Feature", "properties": { "source": "LA ESTRELLA", "target": "AMAGÁ", "distance": 0.5, "betweenness": 0.00024667524667524671, "weight": 0.10024667524667526 }, "geometry": { "type": "LineString", "coordinates": [ [ -75.637708, 6.145238 ], [ -75.702188, 6.038708 ] ] } },
{ "type": "Feature", "properties": { "source": "LA ESTRELLA", "target": "ANGELÓPOLIS", "distance": 0.33333333333333331, "betweenness": 0.0002949377949377949, "weight": 0.1002949377949378 }, "geometry": { "type": "LineString", "coordinates": [ [ -75.637708, 6.145238 ], [ -75.711389, 6.109719 ] ] } },
{ "type": "Feature", "properties": { "source": "LA ESTRELLA", "target": "SANTA BÁRBARA", "distance": 0.5, "betweenness": 0.00034856284856284853, "weight": 0.10034856284856285 }, "geometry": { "type": "LineString", "coordinates": [ [ -75.637708, 6.145238 ], [ -75.567351, 5.875527 ] ] } },
{ "type": "Feature", "properties": { "source": "LA ESTRELLA", "target": "TITIRIBÍ", "distance": 0.5, "betweenness": 0.00016087516087516087, "weight": 0.10016087516087517 }, "geometry": { "type": "LineString", "coordinates": [ [ -75.637708, 6.145238 ], [ -75.791887, 6.062391 ] ] } },
{ "type": "Feature", "properties": { "source": "LA ESTRELLA", "target": "LA CEJA", "distance": 0.5, "betweenness": 0.00093843843843843876, "weight": 0.10093843843843844 }, "geometry": { "type": "LineString", "coordinates": [ [ -75.637708, 6.145238 ], [ -75.429433, 6.028062 ] ] } },
{ "type": "Feature", "properties": { "source": "LA ESTRELLA", "target": "ITAGÜÍ", "distance": 0.5, "betweenness": 0.0002372908622908623, "weight": 0.10023729086229087 }, "geometry": { "type": "LineString", "coordinates": [ [ -75.637708, 6.145238 ], [ -75.612056, 6.175079 ] ] } },
{ "type": "Feature", "properties": { "source": "LA ESTRELLA", "target": "MONTEBELLO", "distance": 0.5, "betweenness": 0.00038878163878163874, "weight": 0.10038878163878165 }, "geometry": { "type": "LineString", "coordinates": [ [ -75.637708, 6.145238 ], [ -75.523455, 5.946313 ] ] } },
{ "type": "Feature", "properties": { "source": "ITAGÜÍ", "target": "SABANETA", "distance": 0.5, "betweenness": 0.00016087516087516087, "weight": 0.10016087516087517 }, "geometry": { "type": "LineString", "coordinates": [ [ -75.612056, 6.175079 ], [ -75.615479, 6.149903 ] ] } },
{ "type": "Feature", "properties": { "source": "ITAGÜÍ", "target": "CALDAS", "distance": 0.5, "betweenness": 0.00055233805233805228, "weight": 0.10055233805233806 }, "geometry": { "type": "LineString", "coordinates": [ [ -75.612056, 6.175079 ], [ -75.633673, 6.091077 ] ] } },
{ "type": "Feature", "properties": { "source": "ITAGÜÍ", "target": "ANGELÓPOLIS", "distance": 0.5, "betweenness": 0.00019707207207207209, "weight": 0.10019707207207208 }, "geometry": { "type": "LineString", "coordinates": [ [ -75.612056, 6.175079 ], [ -75.711389, 6.109719 ] ] } },
{ "type": "Feature", "properties": { "source": "ITAGÜÍ", "target": "TITIRIBÍ", "distance": 0.5, "betweenness": 0.00071991634491634486, "weight": 0.10071991634491635 }, "geometry": { "type": "LineString", "coordinates": [ [ -75.612056, 6.175079 ], [ -75.791887, 6.062391 ] ] } },
{ "type": "Feature", "properties": { "source": "ITAGÜÍ", "target": "RETIRO", "distance": 0.5, "betweenness": 0.00080437580437580432, "weight": 0.1008043758043758 }, "geometry": { "type": "LineString", "coordinates": [ [ -75.612056, 6.175079 ], [ -75.501301, 6.062454 ] ] } },
{ "type": "Feature", "properties": { "source": "ITAGÜÍ", "target": "SANTA BÁRBARA", "distance": 0.5, "betweenness": 0.00061668811668811674, "weight": 0.10061668811668813 }, "geometry": { "type": "LineString", "coordinates": [ [ -75.612056, 6.175079 ], [ -75.567351, 5.875527 ] ] } },
{ "type": "Feature", "properties": { "source": "ITAGÜÍ", "target": "FREDONIA", "distance": 0.5, "betweenness": 0.0009947447447447447, "weight": 0.10099474474474475 }, "geometry": { "type": "LineString", "coordinates": [ [ -75.612056, 6.175079 ], [ -75.675072, 5.928039 ] ] } },
{ "type": "Feature", "properties": { "source": "ITAGÜÍ", "target": "AMAGÁ", "distance": 0.5, "betweenness": 0.00037135349635349633, "weight": 0.1003713534963535 }, "geometry": { "type": "LineString", "coordinates": [ [ -75.612056, 6.175079 ], [ -75.702188, 6.038708 ] ] } },
{ "type": "Feature", "properties": { "source": "ANGELÓPOLIS", "target": "CALDAS", "distance": 0.5, "betweenness": 0.00032175032175032174, "weight": 0.10032175032175032 }, "geometry": { "type": "LineString", "coordinates": [ [ -75.711389, 6.109719 ], [ -75.633673, 6.091077 ] ] } },
{ "type": "Feature", "properties": { "source": "ANGELÓPOLIS", "target": "RETIRO", "distance": 0.25, "betweenness": 0.004853067353067354, "weight": 0.10485306735306736 }, "geometry": { "type": "LineString", "coordinates": [ [ -75.711389, 6.109719 ], [ -75.501301, 6.062454 ] ] } },
{ "type": "Feature", "properties": { "source": "ANGELÓPOLIS", "target": "AMAGÁ", "distance": 0.5, "betweenness": 0.00035392535392535392, "weight": 0.10035392535392536 }, "geometry": { "type": "LineString", "coordinates": [ [ -75.711389, 6.109719 ], [ -75.702188, 6.038708 ] ] } },
{ "type": "Feature", "properties": { "source": "ANGELÓPOLIS", "target": "TITIRIBÍ", "distance": 0.33333333333333331, "betweenness": 0.00097865722865722853, "weight": 0.10097865722865723 }, "geometry": { "type": "LineString", "coordinates": [ [ -75.711389, 6.109719 ], [ -75.791887, 6.062391 ] ] } },
{ "type": "Feature", "properties": { "source": "ANGELÓPOLIS", "target": "VENECIA", "distance": 0.5, "betweenness": 0.00038878163878163874, "weight": 0.10038878163878165 }, "geometry": { "type": "LineString", "coordinates": [ [ -75.711389, 6.109719 ], [ -75.735544, 5.964693 ] ] } },
{ "type": "Feature", "properties": { "source": "ANGELÓPOLIS", "target": "FREDONIA", "distance": 0.5, "betweenness": 0.00046921921921921927, "weight": 0.10046921921921922 }, "geometry": { "type": "LineString", "coordinates": [ [ -75.711389, 6.109719 ], [ -75.675072, 5.928039 ] ] } },
{ "type": "Feature", "properties": { "source": "ANGELÓPOLIS", "target": "SANTA BÁRBARA", "distance": 0.5, "betweenness": 0.00040218790218790216, "weight": 0.10040218790218791 }, "geometry": { "type": "LineString", "coordinates": [ [ -75.711389, 6.109719 ], [ -75.567351, 5.875527 ] ] } },
{ "type": "Feature", "properties": { "source": "ANGELÓPOLIS", "target": "MONTEBELLO", "distance": 0.5, "betweenness": 0.00030834405834405832, "weight": 0.10030834405834406 }, "geometry": { "type": "LineString", "coordinates": [ [ -75.711389, 6.109719 ], [ -75.523455, 5.946313 ] ] } },
{ "type": "Feature", "properties": { "source": "ANGELÓPOLIS", "target": "SABANETA", "distance": 0.5, "betweenness": 0.00024131274131274132, "weight": 0.10024131274131275 }, "geometry": { "type": "LineString", "coordinates": [ [ -75.711389, 6.109719 ], [ -75.615479, 6.149903 ] ] } },
{ "type": "Feature", "properties": { "source": "ANGELÓPOLIS", "target": "TARSO", "distance": 1.0, "betweenness": 0.0, "weight": 0.1 }, "geometry": { "type": "LineString", "coordinates": [ [ -75.711389, 6.109719 ], [ -75.822956, 5.864542 ] ] } },
{ "type": "Feature", "properties": { "source": "SABANETA", "target": "SANTA BÁRBARA", "distance": 0.2, "betweenness": 0.0088481338481338472, "weight": 0.10884813384813385 }, "geometry": { "type": "LineString", "coordinates": [ [ -75.615479, 6.149903 ], [ -75.567351, 5.875527 ] ] } },
{ "type": "Feature", "properties": { "source": "SABANETA", "target": "CALDAS", "distance": 0.2, "betweenness": 0.0011663449163449163, "weight": 0.10116634491634492 }, "geometry": { "type": "LineString", "coordinates": [ [ -75.615479, 6.149903 ], [ -75.633673, 6.091077 ] ] } },
{ "type": "Feature", "properties": { "source": "SABANETA", "target": "RETIRO", "distance": 0.33333333333333331, "betweenness": 0.0016604614818900533, "weight": 0.10166046148189006 }, "geometry": { "type": "LineString", "coordinates": [ [ -75.615479, 6.149903 ], [ -75.501301, 6.062454 ] ] } },
{ "type": "Feature", "properties": { "source": "SABANETA", "target": "AMAGÁ", "distance": 0.5, "betweenness": 0.00032175032175032174, "weight": 0.10032175032175032 }, "geometry": { "type": "LineString", "coordinates": [ [ -75.615479, 6.149903 ], [ -75.702188, 6.038708 ] ] } },
{ "type": "Feature", "properties": { "source": "SABANETA", "target": "TITIRIBÍ", "distance": 0.5, "betweenness": 0.00016087516087516087, "weight": 0.10016087516087517 }, "geometry": { "type": "LineString", "coordinates": [ [ -75.615479, 6.149903 ], [ -75.791887, 6.062391 ] ] } },
{ "type": "Feature", "properties": { "source": "SABANETA", "target": "LA CEJA", "distance": 0.5, "betweenness": 0.0002949377949377949, "weight": 0.1002949377949378 }, "geometry": { "type": "LineString", "coordinates": [ [ -75.615479, 6.149903 ], [ -75.429433, 6.028062 ] ] } },
{ "type": "Feature", "properties": { "source": "SABANETA", "target": "FREDONIA", "distance": 0.5, "betweenness": 0.00044240669240669237, "weight": 0.1004424066924067 }, "geometry": { "type": "LineString", "coordinates": [ [ -75.615479, 6.149903 ], [ -75.675072, 5.928039 ] ] } },
{ "type": "Feature", "properties": { "source": "SABANETA", "target": "VENECIA", "distance": 0.33333333333333331, "betweenness": 0.0077269233519233526, "weight": 0.10772692335192335 }, "geometry": { "type": "LineString", "coordinates": [ [ -75.615479, 6.149903 ], [ -75.735544, 5.964693 ] ] } },
{ "type": "Feature", "properties": { "source": "SABANETA", "target": "MONTEBELLO", "distance": 0.33333333333333331, "betweenness": 0.0014486425200710914, "weight": 0.1014486425200711 }, "geometry": { "type": "LineString", "coordinates": [ [ -75.615479, 6.149903 ], [ -75.523455, 5.946313 ] ] } },
{ "type": "Feature", "properties": { "source": "YALÍ", "target": "MACEO", "distance": 0.5, "betweenness": 0.00045581295581295574, "weight": 0.10045581295581296 }, "geometry": { "type": "LineString", "coordinates": [ [ -74.840059, 6.676554 ], [ -74.78716, 6.552116 ] ] } },
{ "type": "Feature", "properties": { "source": "CALDAS", "target": "SANTA BÁRBARA", "distance": 0.5, "betweenness": 0.0, "weight": 0.1 }, "geometry": { "type": "LineString", "coordinates": [ [ -75.633673, 6.091077 ], [ -75.567351, 5.875527 ] ] } },
{ "type": "Feature", "properties": { "source": "CALDAS", "target": "AMAGÁ", "distance": 0.5, "betweenness": 0.00040218790218790216, "weight": 0.10040218790218791 }, "geometry": { "type": "LineString", "coordinates": [ [ -75.633673, 6.091077 ], [ -75.702188, 6.038708 ] ] } },
{ "type": "Feature", "properties": { "source": "CALDAS", "target": "RETIRO", "distance": 0.5, "betweenness": 0.00016087516087516087, "weight": 0.10016087516087517 }, "geometry": { "type": "LineString", "coordinates": [ [ -75.633673, 6.091077 ], [ -75.501301, 6.062454 ] ] } },
{ "type": "Feature", "properties": { "source": "CALDAS", "target": "FREDONIA", "distance": 0.33333333333333331, "betweenness": 0.0029158622908622908, "weight": 0.1029158622908623 }, "geometry": { "type": "LineString", "coordinates": [ [ -75.633673, 6.091077 ], [ -75.675072, 5.928039 ] ] } },
{ "type": "Feature", "properties": { "source": "CALDAS", "target": "TITIRIBÍ", "distance": 0.5, "betweenness": 0.0, "weight": 0.1 }, "geometry": { "type": "LineString", "coordinates": [ [ -75.633673, 6.091077 ], [ -75.791887, 6.062391 ] ] } },
{ "type": "Feature", "properties": { "source": "CALDAS", "target": "LA UNIÓN", "distance": 0.5, "betweenness": 0.00030834405834405832, "weight": 0.10030834405834406 }, "geometry": { "type": "LineString", "coordinates": [ [ -75.633673, 6.091077 ], [ -75.360874, 5.973845 ] ] } },
{ "type": "Feature", "properties": { "source": "CALDAS", "target": "LA CEJA", "distance": 0.5, "betweenness": 0.00021450021450021448, "weight": 0.10021450021450022 }, "geometry": { "type": "LineString", "coordinates": [ [ -75.633673, 6.091077 ], [ -75.429433, 6.028062 ] ] } },
{ "type": "Feature", "properties": { "source": "CALDAS", "target": "MONTEBELLO", "distance": 0.5, "betweenness": 0.00023326898326898326, "weight": 0.10023326898326899 }, "geometry": { "type": "LineString", "coordinates": [ [ -75.633673, 6.091077 ], [ -75.523455, 5.946313 ] ] } },
{ "type": "Feature", "properties": { "source": "CALDAS", "target": "VENECIA", "distance": 0.5, "betweenness": 0.00072393822393822379, "weight": 0.10072393822393823 }, "geometry": { "type": "LineString", "coordinates": [ [ -75.633673, 6.091077 ], [ -75.735544, 5.964693 ] ] } },
{ "type": "Feature", "properties": { "source": "CALDAS", "target": "ABEJORRAL", "distance": 0.5, "betweenness": 0.00056382913525770669, "weight": 0.10056382913525772 }, "geometry": { "type": "LineString", "coordinates": [ [ -75.633673, 6.091077 ], [ -75.428739, 5.789315 ] ] } },
{ "type": "Feature", "properties": { "source": "CALDAS", "target": "LA PINTADA", "distance": 0.5, "betweenness": 0.001140298461727033, "weight": 0.10114029846172704 }, "geometry": { "type": "LineString", "coordinates": [ [ -75.633673, 6.091077 ], [ -75.60781, 5.743808 ] ] } },
{ "type": "Feature", "properties": { "source": "CALDAS", "target": "TARSO", "distance": 0.5, "betweenness": 0.003680019305019305, "weight": 0.10368001930501931 }, "geometry": { "type": "LineString", "coordinates": [ [ -75.633673, 6.091077 ], [ -75.822956, 5.864542 ] ] } },
{ "type": "Feature", "properties": { "source": "CALDAS", "target": "JERICÓ", "distance": 1.0, "betweenness": 0.0, "weight": 0.1 }, "geometry": { "type": "LineString", "coordinates": [ [ -75.633673, 6.091077 ], [ -75.785499, 5.789748 ] ] } },
{ "type": "Feature", "properties": { "source": "RETIRO", "target": "LA UNIÓN", "distance": 0.5, "betweenness": 0.0024667524667524665, "weight": 0.10246675246675248 }, "geometry": { "type": "LineString", "coordinates": [ [ -75.501301, 6.062454 ], [ -75.360874, 5.973845 ] ] } },
{ "type": "Feature", "properties": { "source": "RETIRO", "target": "LA CEJA", "distance": 0.5, "betweenness": 0.00062339124839124837, "weight": 0.10062339124839126 }, "geometry": { "type": "LineString", "coordinates": [ [ -75.501301, 6.062454 ], [ -75.429433, 6.028062 ] ] } },
{ "type": "Feature", "properties": { "source": "RETIRO", "target": "FREDONIA", "distance": 0.5, "betweenness": 0.00032175032175032174, "weight": 0.10032175032175032 }, "geometry": { "type": "LineString", "coordinates": [ [ -75.501301, 6.062454 ], [ -75.675072, 5.928039 ] ] } },
{ "type": "Feature", "properties": { "source": "RETIRO", "target": "MONTEBELLO", "distance": 0.33333333333333331, "betweenness": 0.0057298369798369784, "weight": 0.10572983697983698 }, "geometry": { "type": "LineString", "coordinates": [ [ -75.501301, 6.062454 ], [ -75.523455, 5.946313 ] ] } },
{ "type": "Feature", "properties": { "source": "RETIRO", "target": "AMAGÁ", "distance": 0.5, "betweenness": 0.00021450021450021448, "weight": 0.10021450021450022 }, "geometry": { "type": "LineString", "coordinates": [ [ -75.501301, 6.062454 ], [ -75.702188, 6.038708 ] ] } },
{ "type": "Feature", "properties": { "source": "RETIRO", "target": "SANTA BÁRBARA", "distance": 0.5, "betweenness": 0.0008580008580008579, "weight": 0.10085800085800087 }, "geometry": { "type": "LineString", "coordinates": [ [ -75.501301, 6.062454 ], [ -75.567351, 5.875527 ] ] } },
{ "type": "Feature", "properties": { "source": "RETIRO", "target": "ABEJORRAL", "distance": 0.5, "betweenness": 0.00489060489060489, "weight": 0.10489060489060489 }, "geometry": { "type": "LineString", "coordinates": [ [ -75.501301, 6.062454 ], [ -75.428739, 5.789315 ] ] } },
{ "type": "Feature", "properties": { "source": "RETIRO", "target": "TITIRIBÍ", "distance": 0.5, "betweenness": 0.00016087516087516087, "weight": 0.10016087516087517 }, "geometry": { "type": "LineString", "coordinates": [ [ -75.501301, 6.062454 ], [ -75.791887, 6.062391 ] ] } },
{ "type": "Feature", "properties": { "source": "RETIRO", "target": "VENECIA", "distance": 0.33333333333333331, "betweenness": 0.0049116080366080365, "weight": 0.10491160803660804 }, "geometry": { "type": "LineString", "coordinates": [ [ -75.501301, 6.062454 ], [ -75.735544, 5.964693 ] ] } },
{ "type": "Feature", "properties": { "source": "RETIRO", "target": "COCORNÁ", "distance": 0.33333333333333331, "betweenness": 0.0097150722150722169, "weight": 0.10971507221507222 }, "geometry": { "type": "LineString", "coordinates": [ [ -75.501301, 6.062454 ], [ -75.185483, 6.058295 ] ] } },
{ "type": "Feature", "properties": { "source": "RETIRO", "target": "LA PINTADA", "distance": 0.33333333333333331, "betweenness": 0.015181444199301342, "weight": 0.11518144419930135 }, "geometry": { "type": "LineString", "coordinates": [ [ -75.501301, 6.062454 ], [ -75.60781, 5.743808 ] ] } },
{ "type": "Feature", "properties": { "source": "LA CEJA", "target": "ABEJORRAL", "distance": 0.33333333333333331, "betweenness": 0.0034772016914874052, "weight": 0.10347720169148741 }, "geometry": { "type": "LineString", "coordinates": [ [ -75.429433, 6.028062 ], [ -75.428739, 5.789315 ] ] } },
{ "type": "Feature", "properties": { "source": "LA CEJA", "target": "LA UNIÓN", "distance": 0.5, "betweenness": 0.00044240669240669237, "weight": 0.1004424066924067 }, "geometry": { "type": "LineString", "coordinates": [ [ -75.429433, 6.028062 ], [ -75.360874, 5.973845 ] ] } },
{ "type": "Feature", "properties": { "source": "LA CEJA", "target": "COCORNÁ", "distance": 0.33333333333333331, "betweenness": 0.0017830330330330327, "weight": 0.10178303303303304 }, "geometry": { "type": "LineString", "coordinates": [ [ -75.429433, 6.028062 ], [ -75.185483, 6.058295 ] ] } },
{ "type": "Feature", "properties": { "source": "LA CEJA", "target": "SANTA BÁRBARA", "distance": 0.5, "betweenness": 0.00024131274131274132, "weight": 0.10024131274131275 }, "geometry": { "type": "LineString", "coordinates": [ [ -75.429433, 6.028062 ], [ -75.567351, 5.875527 ] ] } },
{ "type": "Feature", "properties": { "source": "LA CEJA", "target": "MONTEBELLO", "distance": 0.33333333333333331, "betweenness": 0.0020082582582582583, "weight": 0.10200825825825827 }, "geometry": { "type": "LineString", "coordinates": [ [ -75.429433, 6.028062 ], [ -75.523455, 5.946313 ] ] } },
{ "type": "Feature", "properties": { "source": "LA CEJA", "target": "SONSÓN", "distance": 0.5, "betweenness": 0.0019431421217135504, "weight": 0.10194314212171356 }, "geometry": { "type": "LineString", "coordinates": [ [ -75.429433, 6.028062 ], [ -75.309596, 5.714851 ] ] } },
{ "type": "Feature", "properties": { "source": "LA CEJA", "target": "FREDONIA", "distance": 0.25, "betweenness": 0.015962390962390962, "weight": 0.11596239096239097 }, "geometry": { "type": "LineString", "coordinates": [ [ -75.429433, 6.028062 ], [ -75.675072, 5.928039 ] ] } },
{ "type": "Feature", "properties": { "source": "LA CEJA", "target": "AMAGÁ", "distance": 0.33333333333333331, "betweenness": 0.0060663341913341912, "weight": 0.1060663341913342 }, "geometry": { "type": "LineString", "coordinates": [ [ -75.429433, 6.028062 ], [ -75.702188, 6.038708 ] ] } },
{ "type": "Feature", "properties": { "source": "LA CEJA", "target": "LA PINTADA", "distance": 0.33333333333333331, "betweenness": 0.0090622510265367402, "weight": 0.10906225102653674 }, "geometry": { "type": "LineString", "coordinates": [ [ -75.429433, 6.028062 ], [ -75.60781, 5.743808 ] ] } },
{ "type": "Feature", "properties": { "source": "LA CEJA", "target": "VENECIA", "distance": 0.5, "betweenness": 0.002962784212784213, "weight": 0.10296278421278422 }, "geometry": { "type": "LineString", "coordinates": [ [ -75.429433, 6.028062 ], [ -75.735544, 5.964693 ] ] } },
{ "type": "Feature", "properties": { "source": "SAN CARLOS", "target": "SAN LUIS", "distance": 0.5, "betweenness": 0.00064350064350064348, "weight": 0.10064350064350065 }, "geometry": { "type": "LineString", "coordinates": [ [ -74.988097, 6.187746 ], [ -74.993619, 6.043017 ] ] } },
{ "type": "Feature", "properties": { "source": "SAN CARLOS", "target": "COCORNÁ", "distance": 0.5, "betweenness": 0.00037537537537537532, "weight": 0.10037537537537539 }, "geometry": { "type": "LineString", "coordinates": [ [ -74.988097, 6.187746 ], [ -75.185483, 6.058295 ] ] } },
{ "type": "Feature", "properties": { "source": "SAN CARLOS", "target": "SAN FRANCISCO", "distance": 0.5, "betweenness": 0.0011385747992890851, "weight": 0.10113857479928909 }, "geometry": { "type": "LineString", "coordinates": [ [ -74.988097, 6.187746 ], [ -75.101562, 5.963476 ] ] } },
{ "type": "Feature", "properties": { "source": "SAN CARLOS", "target": "PUERTO NARE", "distance": 0.5, "betweenness": 0.012635403260403261, "weight": 0.11263540326040326 }, "geometry": { "type": "LineString", "coordinates": [ [ -74.988097, 6.187746 ], [ -74.583012, 6.186025 ] ] } },
{ "type": "Feature", "properties": { "source": "SAN CARLOS", "target": "CARACOLÍ", "distance": 0.5, "betweenness": 0.0058250214500214503, "weight": 0.10582502145002146 }, "geometry": { "type": "LineString", "coordinates": [ [ -74.988097, 6.187746 ], [ -74.757421, 6.409829 ] ] } },
{ "type": "Feature", "properties": { "source": "SAN CARLOS", "target": "MACEO", "distance": 1.0, "betweenness": 0.00010725010725010724, "weight": 0.10010725010725011 }, "geometry": { "type": "LineString", "coordinates": [ [ -74.988097, 6.187746 ], [ -74.78716, 6.552116 ] ] } },
{ "type": "Feature", "properties": { "source": "SAN CARLOS", "target": "PUERTO BERRÍO", "distance": 1.0, "betweenness": 0.017857142857142856, "weight": 0.11785714285714285 }, "geometry": { "type": "LineString", "coordinates": [ [ -74.988097, 6.187746 ], [ -74.410016, 6.487028 ] ] } },
{ "type": "Feature", "properties": { "source": "TITIRIBÍ", "target": "FREDONIA", "distance": 0.5, "betweenness": 0.0, "weight": 0.1 }, "geometry": { "type": "LineString", "coordinates": [ [ -75.791887, 6.062391 ], [ -75.675072, 5.928039 ] ] } },
{ "type": "Feature", "properties": { "source": "TITIRIBÍ", "target": "MONTEBELLO", "distance": 0.5, "betweenness": 0.0, "weight": 0.1 }, "geometry": { "type": "LineString", "coordinates": [ [ -75.791887, 6.062391 ], [ -75.523455, 5.946313 ] ] } },
{ "type": "Feature", "properties": { "source": "TITIRIBÍ", "target": "AMAGÁ", "distance": 0.5, "betweenness": 0.00016087516087516087, "weight": 0.10016087516087517 }, "geometry": { "type": "LineString", "coordinates": [ [ -75.791887, 6.062391 ], [ -75.702188, 6.038708 ] ] } },
{ "type": "Feature", "properties": { "source": "TITIRIBÍ", "target": "TARSO", "distance": 0.5, "betweenness": 0.0019305019305019305, "weight": 0.10193050193050193 }, "geometry": { "type": "LineString", "coordinates": [ [ -75.791887, 6.062391 ], [ -75.822956, 5.864542 ] ] } },
{ "type": "Feature", "properties": { "source": "TITIRIBÍ", "target": "SANTA BÁRBARA", "distance": 0.5, "betweenness": 0.0, "weight": 0.1 }, "geometry": { "type": "LineString", "coordinates": [ [ -75.791887, 6.062391 ], [ -75.567351, 5.875527 ] ] } },
{ "type": "Feature", "properties": { "source": "TITIRIBÍ", "target": "VENECIA", "distance": 0.5, "betweenness": 0.00021450021450021448, "weight": 0.10021450021450022 }, "geometry": { "type": "LineString", "coordinates": [ [ -75.791887, 6.062391 ], [ -75.735544, 5.964693 ] ] } },
{ "type": "Feature", "properties": { "source": "TITIRIBÍ", "target": "PUEBLORRICO", "distance": 0.5, "betweenness": 0.0064939939939939939, "weight": 0.10649399399399399 }, "geometry": { "type": "LineString", "coordinates": [ [ -75.791887, 6.062391 ], [ -75.839903, 5.79158 ] ] } },
{ "type": "Feature", "properties": { "source": "TITIRIBÍ", "target": "CIUDAD BOLÍVAR", "distance": 0.33333333333333331, "betweenness": 0.013004075504075502, "weight": 0.11300407550407551 }, "geometry": { "type": "LineString", "coordinates": [ [ -75.791887, 6.062391 ], [ -76.021509, 5.850273 ] ] } },
{ "type": "Feature", "properties": { "source": "TITIRIBÍ", "target": "JERICÓ", "distance": 1.0, "betweenness": 0.0, "weight": 0.1 }, "geometry": { "type": "LineString", "coordinates": [ [ -75.791887, 6.062391 ], [ -75.785499, 5.789748 ] ] } },
{ "type": "Feature", "properties": { "source": "AMAGÁ", "target": "SANTA BÁRBARA", "distance": 0.5, "betweenness": 0.00021450021450021448, "weight": 0.10021450021450022 }, "geometry": { "type": "LineString", "coordinates": [ [ -75.702188, 6.038708 ], [ -75.567351, 5.875527 ] ] } },
{ "type": "Feature", "properties": { "source": "AMAGÁ", "target": "VENECIA", "distance": 0.5, "betweenness": 0.00032175032175032174, "weight": 0.10032175032175032 }, "geometry": { "type": "LineString", "coordinates": [ [ -75.702188, 6.038708 ], [ -75.735544, 5.964693 ] ] } },
{ "type": "Feature", "properties": { "source": "AMAGÁ", "target": "MONTEBELLO", "distance": 0.5, "betweenness": 0.00021450021450021448, "weight": 0.10021450021450022 }, "geometry": { "type": "LineString", "coordinates": [ [ -75.702188, 6.038708 ], [ -75.523455, 5.946313 ] ] } },
{ "type": "Feature", "properties": { "source": "AMAGÁ", "target": "FREDONIA", "distance": 0.5, "betweenness": 0.00021450021450021448, "weight": 0.10021450021450022 }, "geometry": { "type": "LineString", "coordinates": [ [ -75.702188, 6.038708 ], [ -75.675072, 5.928039 ] ] } },
{ "type": "Feature", "properties": { "source": "AMAGÁ", "target": "TARSO", "distance": 0.33333333333333331, "betweenness": 0.0038207850707850707, "weight": 0.10382078507078507 }, "geometry": { "type": "LineString", "coordinates": [ [ -75.702188, 6.038708 ], [ -75.822956, 5.864542 ] ] } },
{ "type": "Feature", "properties": { "source": "AMAGÁ", "target": "JERICÓ", "distance": 0.5, "betweenness": 0.00080456732242446534, "weight": 0.10080456732242447 }, "geometry": { "type": "LineString", "coordinates": [ [ -75.702188, 6.038708 ], [ -75.785499, 5.789748 ] ] } },
{ "type": "Feature", "properties": { "source": "AMAGÁ", "target": "ABEJORRAL", "distance": 1.0, "betweenness": 0.0, "weight": 0.1 }, "geometry": { "type": "LineString", "coordinates": [ [ -75.702188, 6.038708 ], [ -75.428739, 5.789315 ] ] } },
{ "type": "Feature", "properties": { "source": "SANTA BÁRBARA", "target": "FREDONIA", "distance": 0.5, "betweenness": 0.00016087516087516087, "weight": 0.10016087516087517 }, "geometry": { "type": "LineString", "coordinates": [ [ -75.567351, 5.875527 ], [ -75.675072, 5.928039 ] ] } },
{ "type": "Feature", "properties": { "source": "SANTA BÁRBARA", "target": "LA UNIÓN", "distance": 0.5, "betweenness": 0.00061668811668811664, "weight": 0.10061668811668813 }, "geometry": { "type": "LineString", "coordinates": [ [ -75.567351, 5.875527 ], [ -75.360874, 5.973845 ] ] } },
{ "type": "Feature", "properties": { "source": "SANTA BÁRBARA", "target": "ABEJORRAL", "distance": 0.5, "betweenness": 0.00056306306306306306, "weight": 0.10056306306306306 }, "geometry": { "type": "LineString", "coordinates": [ [ -75.567351, 5.875527 ], [ -75.428739, 5.789315 ] ] } },
{ "type": "Feature", "properties": { "source": "SANTA BÁRBARA", "target": "MONTEBELLO", "distance": 0.5, "betweenness": 0.00021450021450021448, "weight": 0.10021450021450022 }, "geometry": { "type": "LineString", "coordinates": [ [ -75.567351, 5.875527 ], [ -75.523455, 5.946313 ] ] } },
{ "type": "Feature", "properties": { "source": "SANTA BÁRBARA", "target": "JERICÓ", "distance": 0.5, "betweenness": 0.0027900349328920755, "weight": 0.10279003493289209 }, "geometry": { "type": "LineString", "coordinates": [ [ -75.567351, 5.875527 ], [ -75.785499, 5.789748 ] ] } },
{ "type": "Feature", "properties": { "source": "SANTA BÁRBARA", "target": "VENECIA", "distance": 0.5, "betweenness": 0.001823251823251823, "weight": 0.10182325182325183 }, "geometry": { "type": "LineString", "coordinates": [ [ -75.567351, 5.875527 ], [ -75.735544, 5.964693 ] ] } },
{ "type": "Feature", "properties": { "source": "SANTA BÁRBARA", "target": "TÁMESIS", "distance": 0.5, "betweenness": 0.00037760975260975262, "weight": 0.10037760975260976 }, "geometry": { "type": "LineString", "coordinates": [ [ -75.567351, 5.875527 ], [ -75.714429, 5.664645 ] ] } },
{ "type": "Feature", "properties": { "source": "SANTA BÁRBARA", "target": "LA PINTADA", "distance": 0.5, "betweenness": 0.00037537537537537532, "weight": 0.10037537537537539 }, "geometry": { "type": "LineString", "coordinates": [ [ -75.567351, 5.875527 ], [ -75.60781, 5.743808 ] ] } },
{ "type": "Feature", "properties": { "source": "SANTA BÁRBARA", "target": "TARSO", "distance": 0.33333333333333331, "betweenness": 0.0038006756756756755, "weight": 0.10380067567567568 }, "geometry": { "type": "LineString", "coordinates": [ [ -75.567351, 5.875527 ], [ -75.822956, 5.864542 ] ] } },
{ "type": "Feature", "properties": { "source": "SANTA BÁRBARA", "target": "SONSÓN", "distance": 0.5, "betweenness": 0.0018358920144634428, "weight": 0.10183589201446344 }, "geometry": { "type": "LineString", "coordinates": [ [ -75.567351, 5.875527 ], [ -75.309596, 5.714851 ] ] } },
{ "type": "Feature", "properties": { "source": "SANTA BÁRBARA", "target": "VALPARAÍSO", "distance": 0.5, "betweenness": 0.0039602102102102099, "weight": 0.10396021021021022 }, "geometry": { "type": "LineString", "coordinates": [ [ -75.567351, 5.875527 ], [ -75.624452, 5.614555 ] ] } },
{ "type": "Feature", "properties": { "source": "SANTA BÁRBARA", "target": "CARAMANTA", "distance": 1.0, "betweenness": 0.0, "weight": 0.1 }, "geometry": { "type": "LineString", "coordinates": [ [ -75.567351, 5.875527 ], [ -75.643868, 5.54853 ] ] } },
{ "type": "Feature", "properties": { "source": "FREDONIA", "target": "ABEJORRAL", "distance": 0.5, "betweenness": 0.00050943800943800937, "weight": 0.10050943800943801 }, "geometry": { "type": "LineString", "coordinates": [ [ -75.675072, 5.928039 ], [ -75.428739, 5.789315 ] ] } },
{ "type": "Feature", "properties": { "source": "FREDONIA", "target": "VENECIA", "distance": 0.5, "betweenness": 0.00016087516087516087, "weight": 0.10016087516087517 }, "geometry": { "type": "LineString", "coordinates": [ [ -75.675072, 5.928039 ], [ -75.735544, 5.964693 ] ] } },
{ "type": "Feature", "properties": { "source": "FREDONIA", "target": "MONTEBELLO", "distance": 0.5, "betweenness": 0.00025471900471900469, "weight": 0.10025471900471901 }, "geometry": { "type": "LineString", "coordinates": [ [ -75.675072, 5.928039 ], [ -75.523455, 5.946313 ] ] } },
{ "type": "Feature", "properties": { "source": "FREDONIA", "target": "JERICÓ", "distance": 0.5, "betweenness": 0.0033760801617944473, "weight": 0.10337608016179445 }, "geometry": { "type": "LineString", "coordinates": [ [ -75.675072, 5.928039 ], [ -75.785499, 5.789748 ] ] } },
{ "type": "Feature", "properties": { "source": "FREDONIA", "target": "TARSO", "distance": 0.5, "betweenness": 0.00016087516087516087, "weight": 0.10016087516087517 }, "geometry": { "type": "LineString", "coordinates": [ [ -75.675072, 5.928039 ], [ -75.822956, 5.864542 ] ] } },
{ "type": "Feature", "properties": { "source": "FREDONIA", "target": "TÁMESIS", "distance": 0.5, "betweenness": 0.0026008151008151004, "weight": 0.1026008151008151 }, "geometry": { "type": "LineString", "coordinates": [ [ -75.675072, 5.928039 ], [ -75.714429, 5.664645 ] ] } },
{ "type": "Feature", "properties": { "source": "FREDONIA", "target": "PUEBLORRICO", "distance": 0.5, "betweenness": 0.0019224581724581722, "weight": 0.10192245817245818 }, "geometry": { "type": "LineString", "coordinates": [ [ -75.675072, 5.928039 ], [ -75.839903, 5.79158 ] ] } },
{ "type": "Feature", "properties": { "source": "FREDONIA", "target": "LA PINTADA", "distance": 0.5, "betweenness": 0.00032175032175032174, "weight": 0.10032175032175032 }, "geometry": { "type": "LineString", "coordinates": [ [ -75.675072, 5.928039 ], [ -75.60781, 5.743808 ] ] } },
{ "type": "Feature", "properties": { "source": "FREDONIA", "target": "HISPANIA", "distance": 0.5, "betweenness": 0.0067433504933504928, "weight": 0.1067433504933505 }, "geometry": { "type": "LineString", "coordinates": [ [ -75.675072, 5.928039 ], [ -75.906587, 5.799461 ] ] } },
{ "type": "Feature", "properties": { "source": "FREDONIA", "target": "CIUDAD BOLÍVAR", "distance": 0.5, "betweenness": 0.0019036894036894038, "weight": 0.10190368940368941 }, "geometry": { "type": "LineString", "coordinates": [ [ -75.675072, 5.928039 ], [ -76.021509, 5.850273 ] ] } },
{ "type": "Feature", "properties": { "source": "FREDONIA", "target": "ANDES", "distance": 0.5, "betweenness": 0.008955383955383955, "weight": 0.10895538395538396 }, "geometry": { "type": "LineString", "coordinates": [ [ -75.675072, 5.928039 ], [ -75.878828, 5.657194 ] ] } },
{ "type": "Feature", "properties": { "source": "FREDONIA", "target": "LA UNIÓN", "distance": 1.0, "betweenness": 0.0, "weight": 0.1 }, "geometry": { "type": "LineString", "coordinates": [ [ -75.675072, 5.928039 ], [ -75.360874, 5.973845 ] ] } },
{ "type": "Feature", "properties": { "source": "FREDONIA", "target": "VALPARAÍSO", "distance": 0.5, "betweenness": 0.006298262548262548, "weight": 0.10629826254826255 }, "geometry": { "type": "LineString", "coordinates": [ [ -75.675072, 5.928039 ], [ -75.624452, 5.614555 ] ] } },
{ "type": "Feature", "properties": { "source": "LA UNIÓN", "target": "SONSÓN", "distance": 0.5, "betweenness": 0.00050867193724336574, "weight": 0.10050867193724337 }, "geometry": { "type": "LineString", "coordinates": [ [ -75.360874, 5.973845 ], [ -75.309596, 5.714851 ] ] } },
{ "type": "Feature", "properties": { "source": "LA UNIÓN", "target": "ABEJORRAL", "distance": 0.5, "betweenness": 0.0, "weight": 0.1 }, "geometry": { "type": "LineString", "coordinates": [ [ -75.360874, 5.973845 ], [ -75.428739, 5.789315 ] ] } },
{ "type": "Feature", "properties": { "source": "LA UNIÓN", "target": "COCORNÁ", "distance": 0.33333333333333331, "betweenness": 0.0013205169455169452, "weight": 0.10132051694551696 }, "geometry": { "type": "LineString", "coordinates": [ [ -75.360874, 5.973845 ], [ -75.185483, 6.058295 ] ] } },
{ "type": "Feature", "properties": { "source": "LA UNIÓN", "target": "MONTEBELLO", "distance": 0.5, "betweenness": 0.0002949377949377949, "weight": 0.1002949377949378 }, "geometry": { "type": "LineString", "coordinates": [ [ -75.360874, 5.973845 ], [ -75.523455, 5.946313 ] ] } },
{ "type": "Feature", "properties": { "source": "LA UNIÓN", "target": "SAN FRANCISCO", "distance": 0.5, "betweenness": 0.0019297358583072865, "weight": 0.10192973585830729 }, "geometry": { "type": "LineString", "coordinates": [ [ -75.360874, 5.973845 ], [ -75.101562, 5.963476 ] ] } },
{ "type": "Feature", "properties": { "source": "LA UNIÓN", "target": "ARGELIA", "distance": 0.25, "betweenness": 0.0076013513513513509, "weight": 0.10760135135135136 }, "geometry": { "type": "LineString", "coordinates": [ [ -75.360874, 5.973845 ], [ -75.14107, 5.731474 ] ] } },
{ "type": "Feature", "properties": { "source": "LA UNIÓN", "target": "LA PINTADA", "distance": 1.0, "betweenness": 0.0, "weight": 0.1 }, "geometry": { "type": "LineString", "coordinates": [ [ -75.360874, 5.973845 ], [ -75.60781, 5.743808 ] ] } },
{ "type": "Feature", "properties": { "source": "LA UNIÓN", "target": "NARIÑO", "distance": 0.33333333333333331, "betweenness": 0.012756059631059628, "weight": 0.11275605963105964 }, "geometry": { "type": "LineString", "coordinates": [ [ -75.360874, 5.973845 ], [ -75.176262, 5.610777 ] ] } },
{ "type": "Feature", "properties": { "source": "MONTEBELLO", "target": "ABEJORRAL", "distance": 0.33333333333333331, "betweenness": 0.0012958111172396887, "weight": 0.10129581111723969 }, "geometry": { "type": "LineString", "coordinates": [ [ -75.523455, 5.946313 ], [ -75.428739, 5.789315 ] ] } },
{ "type": "Feature", "properties": { "source": "MONTEBELLO", "target": "LA PINTADA", "distance": 0.5, "betweenness": 0.00032175032175032174, "weight": 0.10032175032175032 }, "geometry": { "type": "LineString", "coordinates": [ [ -75.523455, 5.946313 ], [ -75.60781, 5.743808 ] ] } },
{ "type": "Feature", "properties": { "source": "MONTEBELLO", "target": "VENECIA", "distance": 0.5, "betweenness": 0.00047994422994422994, "weight": 0.10047994422994423 }, "geometry": { "type": "LineString", "coordinates": [ [ -75.523455, 5.946313 ], [ -75.735544, 5.964693 ] ] } },
{ "type": "Feature", "properties": { "source": "MONTEBELLO", "target": "SONSÓN", "distance": 0.5, "betweenness": 0.00090013482870625707, "weight": 0.10090013482870626 }, "geometry": { "type": "LineString", "coordinates": [ [ -75.523455, 5.946313 ], [ -75.309596, 5.714851 ] ] } },
{ "type": "Feature", "properties": { "source": "MONTEBELLO", "target": "JERICÓ", "distance": 0.5, "betweenness": 0.00067988907274621555, "weight": 0.10067988907274622 }, "geometry": { "type": "LineString", "coordinates": [ [ -75.523455, 5.946313 ], [ -75.785499, 5.789748 ] ] } },
{ "type": "Feature", "properties": { "source": "MONTEBELLO", "target": "TÁMESIS", "distance": 0.5, "betweenness": 0.00044464106964106956, "weight": 0.10044464106964107 }, "geometry": { "type": "LineString", "coordinates": [ [ -75.523455, 5.946313 ], [ -75.714429, 5.664645 ] ] } },
{ "type": "Feature", "properties": { "source": "VENECIA", "target": "PUEBLORRICO", "distance": 0.5, "betweenness": 0.00087676962676962677, "weight": 0.10087676962676963 }, "geometry": { "type": "LineString", "coordinates": [ [ -75.735544, 5.964693 ], [ -75.839903, 5.79158 ] ] } },
{ "type": "Feature", "properties": { "source": "VENECIA", "target": "CIUDAD BOLÍVAR", "distance": 0.2, "betweenness": 0.014398326898326898, "weight": 0.11439832689832691 }, "geometry": { "type": "LineString", "coordinates": [ [ -75.735544, 5.964693 ], [ -76.021509, 5.850273 ] ] } },
{ "type": "Feature", "properties": { "source": "VENECIA", "target": "JERICÓ", "distance": 0.5, "betweenness": 0.00078828828828828837, "weight": 0.1007882882882883 }, "geometry": { "type": "LineString", "coordinates": [ [ -75.735544, 5.964693 ], [ -75.785499, 5.789748 ] ] } },
{ "type": "Feature", "properties": { "source": "VENECIA", "target": "HISPANIA", "distance": 0.5, "betweenness": 0.001059094809094809, "weight": 0.10105909480909482 }, "geometry": { "type": "LineString", "coordinates": [ [ -75.735544, 5.964693 ], [ -75.906587, 5.799461 ] ] } },
{ "type": "Feature", "properties": { "source": "VENECIA", "target": "TARSO", "distance": 0.5, "betweenness": 0.00026812526812526811, "weight": 0.10026812526812527 }, "geometry": { "type": "LineString", "coordinates": [ [ -75.735544, 5.964693 ], [ -75.822956, 5.864542 ] ] } },
{ "type": "Feature", "properties": { "source": "VENECIA", "target": "ANDES", "distance": 1.0, "betweenness": 0.0, "weight": 0.1 }, "geometry": { "type": "LineString", "coordinates": [ [ -75.735544, 5.964693 ], [ -75.878828, 5.657194 ] ] } },
{ "type": "Feature", "properties": { "source": "VENECIA", "target": "TÁMESIS", "distance": 0.33333333333333331, "betweenness": 0.0069194194194194206, "weight": 0.10691941941941943 }, "geometry": { "type": "LineString", "coordinates": [ [ -75.735544, 5.964693 ], [ -75.714429, 5.664645 ] ] } },
{ "type": "Feature", "properties": { "source": "VENECIA", "target": "LA PINTADA", "distance": 1.0, "betweenness": 0.0, "weight": 0.1 }, "geometry": { "type": "LineString", "coordinates": [ [ -75.735544, 5.964693 ], [ -75.60781, 5.743808 ] ] } },
{ "type": "Feature", "properties": { "source": "VENECIA", "target": "BETANIA", "distance": 1.0, "betweenness": 0.0, "weight": 0.1 }, "geometry": { "type": "LineString", "coordinates": [ [ -75.735544, 5.964693 ], [ -75.97679, 5.74615 ] ] } },
{ "type": "Feature", "properties": { "source": "ABEJORRAL", "target": "SONSÓN", "distance": 0.5, "betweenness": 0.00054046393332107606, "weight": 0.10054046393332108 }, "geometry": { "type": "LineString", "coordinates": [ [ -75.428739, 5.789315 ], [ -75.309596, 5.714851 ] ] } },
{ "type": "Feature", "properties": { "source": "ABEJORRAL", "target": "ARGELIA", "distance": 0.2, "betweenness": 0.0098938223938223931, "weight": 0.10989382239382239 }, "geometry": { "type": "LineString", "coordinates": [ [ -75.428739, 5.789315 ], [ -75.14107, 5.731474 ] ] } },
{ "type": "Feature", "properties": { "source": "ABEJORRAL", "target": "NARIÑO", "distance": 0.5, "betweenness": 0.0015149077649077647, "weight": 0.10151490776490776 }, "geometry": { "type": "LineString", "coordinates": [ [ -75.428739, 5.789315 ], [ -75.176262, 5.610777 ] ] } },
{ "type": "Feature", "properties": { "source": "ABEJORRAL", "target": "LA PINTADA", "distance": 0.5, "betweenness": 0.00061668811668811664, "weight": 0.10061668811668813 }, "geometry": { "type": "LineString", "coordinates": [ [ -75.428739, 5.789315 ], [ -75.60781, 5.743808 ] ] } },
{ "type": "Feature", "properties": { "source": "ABEJORRAL", "target": "TÁMESIS", "distance": 0.5, "betweenness": 0.0017043829543829543, "weight": 0.10170438295438296 }, "geometry": { "type": "LineString", "coordinates": [ [ -75.428739, 5.789315 ], [ -75.714429, 5.664645 ] ] } },
{ "type": "Feature", "properties": { "source": "ABEJORRAL", "target": "VALPARAÍSO", "distance": 0.5, "betweenness": 0.0023568211068211069, "weight": 0.10235682110682111 }, "geometry": { "type": "LineString", "coordinates": [ [ -75.428739, 5.789315 ], [ -75.624452, 5.614555 ] ] } },
{ "type": "Feature", "properties": { "source": "ABEJORRAL", "target": "JERICÓ", "distance": 0.5, "betweenness": 0.0029082015689158545, "weight": 0.10290820156891586 }, "geometry": { "type": "LineString", "coordinates": [ [ -75.428739, 5.789315 ], [ -75.785499, 5.789748 ] ] } },
{ "type": "Feature", "properties": { "source": "ABEJORRAL", "target": "COCORNÁ", "distance": 0.5, "betweenness": 0.0017421758493187064, "weight": 0.10174217584931872 }, "geometry": { "type": "LineString", "coordinates": [ [ -75.428739, 5.789315 ], [ -75.185483, 6.058295 ] ] } },
{ "type": "Feature", "properties": { "source": "ABEJORRAL", "target": "CARAMANTA", "distance": 0.33333333333333331, "betweenness": 0.0094110053931482501, "weight": 0.10941100539314826 }, "geometry": { "type": "LineString", "coordinates": [ [ -75.428739, 5.789315 ], [ -75.643868, 5.54853 ] ] } },
{ "type": "Feature", "properties": { "source": "ABEJORRAL", "target": "SAN FRANCISCO", "distance": 1.0, "betweenness": 0.0, "weight": 0.1 }, "geometry": { "type": "LineString", "coordinates": [ [ -75.428739, 5.789315 ], [ -75.101562, 5.963476 ] ] } },
{ "type": "Feature", "properties": { "source": "COCORNÁ", "target": "SONSÓN", "distance": 0.5, "betweenness": 0.00067031317031317032, "weight": 0.10067031317031318 }, "geometry": { "type": "LineString", "coordinates": [ [ -75.185483, 6.058295 ], [ -75.309596, 5.714851 ] ] } },
{ "type": "Feature", "properties": { "source": "COCORNÁ", "target": "SAN LUIS", "distance": 0.5, "betweenness": 0.0019301188944046087, "weight": 0.10193011889440462 }, "geometry": { "type": "LineString", "coordinates": [ [ -75.185483, 6.058295 ], [ -74.993619, 6.043017 ] ] } },
{ "type": "Feature", "properties": { "source": "COCORNÁ", "target": "SAN FRANCISCO", "distance": 0.5, "betweenness": 0.003364206042777471, "weight": 0.10336420604277748 }, "geometry": { "type": "LineString", "coordinates": [ [ -75.185483, 6.058295 ], [ -75.101562, 5.963476 ] ] } },
{ "type": "Feature", "properties": { "source": "COCORNÁ", "target": "PUERTO NARE", "distance": 1.0, "betweenness": 5.3625053625053619e-05, "weight": 0.10005362505362506 }, "geometry": { "type": "LineString", "coordinates": [ [ -75.185483, 6.058295 ], [ -74.583012, 6.186025 ] ] } },
{ "type": "Feature", "properties": { "source": "COCORNÁ", "target": "ARGELIA", "distance": 0.5, "betweenness": 0.0010698198198198197, "weight": 0.10106981981981983 }, "geometry": { "type": "LineString", "coordinates": [ [ -75.185483, 6.058295 ], [ -75.14107, 5.731474 ] ] } },
{ "type": "Feature", "properties": { "source": "COCORNÁ", "target": "NARIÑO", "distance": 1.0, "betweenness": 0.0, "weight": 0.1 }, "geometry": { "type": "LineString", "coordinates": [ [ -75.185483, 6.058295 ], [ -75.176262, 5.610777 ] ] } },
{ "type": "Feature", "properties": { "source": "SONSÓN", "target": "NARIÑO", "distance": 0.5, "betweenness": 0.00056306306306306295, "weight": 0.10056306306306306 }, "geometry": { "type": "LineString", "coordinates": [ [ -75.309596, 5.714851 ], [ -75.176262, 5.610777 ] ] } },
{ "type": "Feature", "properties": { "source": "SONSÓN", "target": "ARGELIA", "distance": 0.5, "betweenness": 0.00022522522522522523, "weight": 0.10022522522522523 }, "geometry": { "type": "LineString", "coordinates": [ [ -75.309596, 5.714851 ], [ -75.14107, 5.731474 ] ] } },
{ "type": "Feature", "properties": { "source": "SONSÓN", "target": "SAN FRANCISCO", "distance": 0.5, "betweenness": 0.0005898755898755899, "weight": 0.1005898755898756 }, "geometry": { "type": "LineString", "coordinates": [ [ -75.309596, 5.714851 ], [ -75.101562, 5.963476 ] ] } },
{ "type": "Feature", "properties": { "source": "SONSÓN", "target": "SAN LUIS", "distance": 0.5, "betweenness": 0.0014283416069130353, "weight": 0.10142834160691304 }, "geometry": { "type": "LineString", "coordinates": [ [ -75.309596, 5.714851 ], [ -74.993619, 6.043017 ] ] } },
{ "type": "Feature", "properties": { "source": "SONSÓN", "target": "LA PINTADA", "distance": 0.5, "betweenness": 0.0017102561745418886, "weight": 0.10171025617454189 }, "geometry": { "type": "LineString", "coordinates": [ [ -75.309596, 5.714851 ], [ -75.60781, 5.743808 ] ] } },
{ "type": "Feature", "properties": { "source": "SONSÓN", "target": "VALPARAÍSO", "distance": 1.0, "betweenness": 4.0218790218790217e-05, "weight": 0.10004021879021879 }, "geometry": { "type": "LineString", "coordinates": [ [ -75.309596, 5.714851 ], [ -75.624452, 5.614555 ] ] } },
{ "type": "Feature", "properties": { "source": "NARIÑO", "target": "ARGELIA", "distance": 0.5, "betweenness": 0.00016087516087516087, "weight": 0.10016087516087517 }, "geometry": { "type": "LineString", "coordinates": [ [ -75.176262, 5.610777 ], [ -75.14107, 5.731474 ] ] } },
{ "type": "Feature", "properties": { "source": "NARIÑO", "target": "SAN FRANCISCO", "distance": 0.5, "betweenness": 0.00052954740454740448, "weight": 0.10052954740454741 }, "geometry": { "type": "LineString", "coordinates": [ [ -75.176262, 5.610777 ], [ -75.101562, 5.963476 ] ] } },
{ "type": "Feature", "properties": { "source": "ARGELIA", "target": "SAN FRANCISCO", "distance": 0.5, "betweenness": 0.0011904761904761904, "weight": 0.10119047619047619 }, "geometry": { "type": "LineString", "coordinates": [ [ -75.14107, 5.731474 ], [ -75.101562, 5.963476 ] ] } },
{ "type": "Feature", "properties": { "source": "ARGELIA", "target": "SAN LUIS", "distance": 1.0, "betweenness": 6.4350064350064345e-05, "weight": 0.10006435006435006 }, "geometry": { "type": "LineString", "coordinates": [ [ -75.14107, 5.731474 ], [ -74.993619, 6.043017 ] ] } },
{ "type": "Feature", "properties": { "source": "SAN FRANCISCO", "target": "SAN LUIS", "distance": 0.5, "betweenness": 0.00086106514677943241, "weight": 0.10086106514677944 }, "geometry": { "type": "LineString", "coordinates": [ [ -75.101562, 5.963476 ], [ -74.993619, 6.043017 ] ] } },
{ "type": "Feature", "properties": { "source": "SAN FRANCISCO", "target": "PUERTO NARE", "distance": 1.0, "betweenness": 8.0437580437580435e-05, "weight": 0.10008043758043758 }, "geometry": { "type": "LineString", "coordinates": [ [ -75.101562, 5.963476 ], [ -74.583012, 6.186025 ] ] } },
{ "type": "Feature", "properties": { "source": "SAN LUIS", "target": "PUERTO NARE", "distance": 0.5, "betweenness": 0.0050340519090519087, "weight": 0.10503405190905192 }, "geometry": { "type": "LineString", "coordinates": [ [ -74.993619, 6.043017 ], [ -74.583012, 6.186025 ] ] } },
{ "type": "Feature", "properties": { "source": "SAN LUIS", "target": "PUERTO TRIUNFO", "distance": 1.0, "betweenness": 0.017857142857142856, "weight": 0.11785714285714285 }, "geometry": { "type": "LineString", "coordinates": [ [ -74.993619, 6.043017 ], [ -74.64119, 5.871318 ] ] } },
{ "type": "Feature", "properties": { "source": "JERICÓ", "target": "TARSO", "distance": 0.5, "betweenness": 0.00016087516087516087, "weight": 0.10016087516087517 }, "geometry": { "type": "LineString", "coordinates": [ [ -75.785499, 5.789748 ], [ -75.822956, 5.864542 ] ] } },
{ "type": "Feature", "properties": { "source": "JERICÓ", "target": "TÁMESIS", "distance": 0.5, "betweenness": 0.00016087516087516087, "weight": 0.10016087516087517 }, "geometry": { "type": "LineString", "coordinates": [ [ -75.785499, 5.789748 ], [ -75.714429, 5.664645 ] ] } },
{ "type": "Feature", "properties": { "source": "JERICÓ", "target": "CARAMANTA", "distance": 0.5, "betweenness": 0.00060864435864435866, "weight": 0.10060864435864436 }, "geometry": { "type": "LineString", "coordinates": [ [ -75.785499, 5.789748 ], [ -75.643868, 5.54853 ] ] } },
{ "type": "Feature", "properties": { "source": "JERICÓ", "target": "VALPARAÍSO", "distance": 0.5, "betweenness": 0.00041559416559416553, "weight": 0.10041559416559417 }, "geometry": { "type": "LineString", "coordinates": [ [ -75.785499, 5.789748 ], [ -75.624452, 5.614555 ] ] } },
{ "type": "Feature", "properties": { "source": "JERICÓ", "target": "JARDÍN", "distance": 0.5, "betweenness": 0.00016087516087516087, "weight": 0.10016087516087517 }, "geometry": { "type": "LineString", "coordinates": [ [ -75.785499, 5.789748 ], [ -75.818982, 5.597542 ] ] } },
{ "type": "Feature", "properties": { "source": "JERICÓ", "target": "ANDES", "distance": 0.5, "betweenness": 0.00021450021450021448, "weight": 0.10021450021450022 }, "geometry": { "type": "LineString", "coordinates": [ [ -75.785499, 5.789748 ], [ -75.878828, 5.657194 ] ] } },
{ "type": "Feature", "properties": { "source": "JERICÓ", "target": "LA PINTADA", "distance": 0.5, "betweenness": 0.00036196911196911195, "weight": 0.10036196911196912 }, "geometry": { "type": "LineString", "coordinates": [ [ -75.785499, 5.789748 ], [ -75.60781, 5.743808 ] ] } },
{ "type": "Feature", "properties": { "source": "JERICÓ", "target": "PUEBLORRICO", "distance": 0.5, "betweenness": 0.00019305019305019308, "weight": 0.10019305019305019 }, "geometry": { "type": "LineString", "coordinates": [ [ -75.785499, 5.789748 ], [ -75.839903, 5.79158 ] ] } },
{ "type": "Feature", "properties": { "source": "JERICÓ", "target": "BETANIA", "distance": 0.33333333333333331, "betweenness": 0.0015283140283140282, "weight": 0.10152831402831404 }, "geometry": { "type": "LineString", "coordinates": [ [ -75.785499, 5.789748 ], [ -75.97679, 5.74615 ] ] } },
{ "type": "Feature", "properties": { "source": "JERICÓ", "target": "HISPANIA", "distance": 0.5, "betweenness": 0.00037537537537537537, "weight": 0.10037537537537539 }, "geometry": { "type": "LineString", "coordinates": [ [ -75.785499, 5.789748 ], [ -75.906587, 5.799461 ] ] } },
{ "type": "Feature", "properties": { "source": "JERICÓ", "target": "CIUDAD BOLÍVAR", "distance": 0.5, "betweenness": 0.0052338052338052332, "weight": 0.10523380523380524 }, "geometry": { "type": "LineString", "coordinates": [ [ -75.785499, 5.789748 ], [ -76.021509, 5.850273 ] ] } },
{ "type": "Feature", "properties": { "source": "MACEO", "target": "CARACOLÍ", "distance": 1.0, "betweenness": 5.3625053625053619e-05, "weight": 0.10005362505362506 }, "geometry": { "type": "LineString", "coordinates": [ [ -74.78716, 6.552116 ], [ -74.757421, 6.409829 ] ] } },
{ "type": "Feature", "properties": { "source": "LA PINTADA", "target": "TÁMESIS", "distance": 0.5, "betweenness": 0.00025471900471900469, "weight": 0.10025471900471901 }, "geometry": { "type": "LineString", "coordinates": [ [ -75.60781, 5.743808 ], [ -75.714429, 5.664645 ] ] } },
{ "type": "Feature", "properties": { "source": "LA PINTADA", "target": "VALPARAÍSO", "distance": 0.5, "betweenness": 0.00073734448734448727, "weight": 0.10073734448734449 }, "geometry": { "type": "LineString", "coordinates": [ [ -75.60781, 5.743808 ], [ -75.624452, 5.614555 ] ] } },
{ "type": "Feature", "properties": { "source": "LA PINTADA", "target": "TARSO", "distance": 1.0, "betweenness": 0.0, "weight": 0.1 }, "geometry": { "type": "LineString", "coordinates": [ [ -75.60781, 5.743808 ], [ -75.822956, 5.864542 ] ] } },
{ "type": "Feature", "properties": { "source": "LA PINTADA", "target": "CARAMANTA", "distance": 0.33333333333333331, "betweenness": 0.0052822593001164413, "weight": 0.10528225930011645 }, "geometry": { "type": "LineString", "coordinates": [ [ -75.60781, 5.743808 ], [ -75.643868, 5.54853 ] ] } },
{ "type": "Feature", "properties": { "source": "LA PINTADA", "target": "JARDÍN", "distance": 0.33333333333333331, "betweenness": 0.0071857571857571866, "weight": 0.10718575718575719 }, "geometry": { "type": "LineString", "coordinates": [ [ -75.60781, 5.743808 ], [ -75.818982, 5.597542 ] ] } },
{ "type": "Feature", "properties": { "source": "LA PINTADA", "target": "ANDES", "distance": 1.0, "betweenness": 0.0, "weight": 0.1 }, "geometry": { "type": "LineString", "coordinates": [ [ -75.60781, 5.743808 ], [ -75.878828, 5.657194 ] ] } },
{ "type": "Feature", "properties": { "source": "CIUDAD BOLÍVAR", "target": "BETANIA", "distance": 0.33333333333333331, "betweenness": 0.01378163878163878, "weight": 0.11378163878163879 }, "geometry": { "type": "LineString", "coordinates": [ [ -76.021509, 5.850273 ], [ -75.97679, 5.74615 ] ] } },
{ "type": "Feature", "properties": { "source": "CIUDAD BOLÍVAR", "target": "ANDES", "distance": 0.5, "betweenness": 0.0058719433719433721, "weight": 0.10587194337194338 }, "geometry": { "type": "LineString", "coordinates": [ [ -76.021509, 5.850273 ], [ -75.878828, 5.657194 ] ] } },
{ "type": "Feature", "properties": { "source": "CIUDAD BOLÍVAR", "target": "TARSO", "distance": 0.5, "betweenness": 0.0040218790218790219, "weight": 0.10402187902187902 }, "geometry": { "type": "LineString", "coordinates": [ [ -76.021509, 5.850273 ], [ -75.822956, 5.864542 ] ] } },
{ "type": "Feature", "properties": { "source": "CIUDAD BOLÍVAR", "target": "HISPANIA", "distance": 0.33333333333333331, "betweenness": 0.0072930072930072936, "weight": 0.10729300729300729 }, "geometry": { "type": "LineString", "coordinates": [ [ -76.021509, 5.850273 ], [ -75.906587, 5.799461 ] ] } },
{ "type": "Feature", "properties": { "source": "CIUDAD BOLÍVAR", "target": "PUEBLORRICO", "distance": 0.33333333333333331, "betweenness": 0.0074726512226512233, "weight": 0.10747265122265123 }, "geometry": { "type": "LineString", "coordinates": [ [ -76.021509, 5.850273 ], [ -75.839903, 5.79158 ] ] } },
{ "type": "Feature", "properties": { "source": "CIUDAD BOLÍVAR", "target": "JARDÍN", "distance": 0.33333333333333331, "betweenness": 0.013218575718575716, "weight": 0.11321857571857571 }, "geometry": { "type": "LineString", "coordinates": [ [ -76.021509, 5.850273 ], [ -75.818982, 5.597542 ] ] } },
{ "type": "Feature", "properties": { "source": "CIUDAD BOLÍVAR", "target": "TÁMESIS", "distance": 0.5, "betweenness": 0.0046653796653796653, "weight": 0.10466537966537967 }, "geometry": { "type": "LineString", "coordinates": [ [ -76.021509, 5.850273 ], [ -75.714429, 5.664645 ] ] } },
{ "type": "Feature", "properties": { "source": "TÁMESIS", "target": "VALPARAÍSO", "distance": 0.5, "betweenness": 0.00048262548262548264, "weight": 0.10048262548262549 }, "geometry": { "type": "LineString", "coordinates": [ [ -75.714429, 5.664645 ], [ -75.624452, 5.614555 ] ] } },
{ "type": "Feature", "properties": { "source": "TÁMESIS", "target": "JARDÍN", "distance": 0.5, "betweenness": 0.00016087516087516087, "weight": 0.10016087516087517 }, "geometry": { "type": "LineString", "coordinates": [ [ -75.714429, 5.664645 ], [ -75.818982, 5.597542 ] ] } },
{ "type": "Feature", "properties": { "source": "TÁMESIS", "target": "ANDES", "distance": 0.5, "betweenness": 0.00021450021450021448, "weight": 0.10021450021450022 }, "geometry": { "type": "LineString", "coordinates": [ [ -75.714429, 5.664645 ], [ -75.878828, 5.657194 ] ] } },
{ "type": "Feature", "properties": { "source": "TÁMESIS", "target": "TARSO", "distance": 0.33333333333333331, "betweenness": 0.0011127198627198626, "weight": 0.10111271986271987 }, "geometry": { "type": "LineString", "coordinates": [ [ -75.714429, 5.664645 ], [ -75.822956, 5.864542 ] ] } },
{ "type": "Feature", "properties": { "source": "TÁMESIS", "target": "CARAMANTA", "distance": 0.5, "betweenness": 0.00058183183183183192, "weight": 0.10058183183183184 }, "geometry": { "type": "LineString", "coordinates": [ [ -75.714429, 5.664645 ], [ -75.643868, 5.54853 ] ] } },
{ "type": "Feature", "properties": { "source": "TÁMESIS", "target": "BETANIA", "distance": 0.5, "betweenness": 0.00016087516087516087, "weight": 0.10016087516087517 }, "geometry": { "type": "LineString", "coordinates": [ [ -75.714429, 5.664645 ], [ -75.97679, 5.74615 ] ] } },
{ "type": "Feature", "properties": { "source": "TÁMESIS", "target": "PUEBLORRICO", "distance": 0.5, "betweenness": 0.00019305019305019308, "weight": 0.10019305019305019 }, "geometry": { "type": "LineString", "coordinates": [ [ -75.714429, 5.664645 ], [ -75.839903, 5.79158 ] ] } },
{ "type": "Feature", "properties": { "source": "TÁMESIS", "target": "HISPANIA", "distance": 0.5, "betweenness": 0.00037537537537537537, "weight": 0.10037537537537539 }, "geometry": { "type": "LineString", "coordinates": [ [ -75.714429, 5.664645 ], [ -75.906587, 5.799461 ] ] } },
{ "type": "Feature", "properties": { "source": "PUEBLORRICO", "target": "HISPANIA", "distance": 0.5, "betweenness": 0.00018768768768768769, "weight": 0.1001876876876877 }, "geometry": { "type": "LineString", "coordinates": [ [ -75.839903, 5.79158 ], [ -75.906587, 5.799461 ] ] } },
{ "type": "Feature", "properties": { "source": "PUEBLORRICO", "target": "BETANIA", "distance": 0.5, "betweenness": 0.00016087516087516087, "weight": 0.10016087516087517 }, "geometry": { "type": "LineString", "coordinates": [ [ -75.839903, 5.79158 ], [ -75.97679, 5.74615 ] ] } },
{ "type": "Feature", "properties": { "source": "PUEBLORRICO", "target": "ANDES", "distance": 0.5, "betweenness": 0.00019305019305019308, "weight": 0.10019305019305019 }, "geometry": { "type": "LineString", "coordinates": [ [ -75.839903, 5.79158 ], [ -75.878828, 5.657194 ] ] } },
{ "type": "Feature", "properties": { "source": "PUEBLORRICO", "target": "TARSO", "distance": 0.5, "betweenness": 0.00048262548262548264, "weight": 0.10048262548262549 }, "geometry": { "type": "LineString", "coordinates": [ [ -75.839903, 5.79158 ], [ -75.822956, 5.864542 ] ] } },
{ "type": "Feature", "properties": { "source": "PUEBLORRICO", "target": "JARDÍN", "distance": 0.5, "betweenness": 0.00035392535392535392, "weight": 0.10035392535392536 }, "geometry": { "type": "LineString", "coordinates": [ [ -75.839903, 5.79158 ], [ -75.818982, 5.597542 ] ] } },
{ "type": "Feature", "properties": { "source": "PUEBLORRICO", "target": "VALPARAÍSO", "distance": 0.5, "betweenness": 0.0016275203775203773, "weight": 0.10162752037752039 }, "geometry": { "type": "LineString", "coordinates": [ [ -75.839903, 5.79158 ], [ -75.624452, 5.614555 ] ] } },
{ "type": "Feature", "properties": { "source": "HISPANIA", "target": "BETANIA", "distance": 0.5, "betweenness": 0.00016087516087516087, "weight": 0.10016087516087517 }, "geometry": { "type": "LineString", "coordinates": [ [ -75.906587, 5.799461 ], [ -75.97679, 5.74615 ] ] } },
{ "type": "Feature", "properties": { "source": "HISPANIA", "target": "ANDES", "distance": 0.5, "betweenness": 0.00022790647790647787, "weight": 0.10022790647790648 }, "geometry": { "type": "LineString", "coordinates": [ [ -75.906587, 5.799461 ], [ -75.878828, 5.657194 ] ] } },
{ "type": "Feature", "properties": { "source": "HISPANIA", "target": "TARSO", "distance": 0.5, "betweenness": 0.00048262548262548264, "weight": 0.10048262548262549 }, "geometry": { "type": "LineString", "coordinates": [ [ -75.906587, 5.799461 ], [ -75.822956, 5.864542 ] ] } },
{ "type": "Feature", "properties": { "source": "HISPANIA", "target": "JARDÍN", "distance": 0.5, "betweenness": 0.00038878163878163874, "weight": 0.10038878163878165 }, "geometry": { "type": "LineString", "coordinates": [ [ -75.906587, 5.799461 ], [ -75.818982, 5.597542 ] ] } },
{ "type": "Feature", "properties": { "source": "VALPARAÍSO", "target": "JARDÍN", "distance": 0.5, "betweenness": 0.0015015015015015013, "weight": 0.1015015015015015 }, "geometry": { "type": "LineString", "coordinates": [ [ -75.624452, 5.614555 ], [ -75.818982, 5.597542 ] ] } },
{ "type": "Feature", "properties": { "source": "VALPARAÍSO", "target": "ANDES", "distance": 0.5, "betweenness": 0.00030834405834405832, "weight": 0.10030834405834406 }, "geometry": { "type": "LineString", "coordinates": [ [ -75.624452, 5.614555 ], [ -75.878828, 5.657194 ] ] } },
{ "type": "Feature", "properties": { "source": "VALPARAÍSO", "target": "CARAMANTA", "distance": 0.5, "betweenness": 0.00019305019305019305, "weight": 0.10019305019305019 }, "geometry": { "type": "LineString", "coordinates": [ [ -75.624452, 5.614555 ], [ -75.643868, 5.54853 ] ] } },
{ "type": "Feature", "properties": { "source": "VALPARAÍSO", "target": "TARSO", "distance": 1.0, "betweenness": 0.0, "weight": 0.1 }, "geometry": { "type": "LineString", "coordinates": [ [ -75.624452, 5.614555 ], [ -75.822956, 5.864542 ] ] } },
{ "type": "Feature", "properties": { "source": "TARSO", "target": "BETANIA", "distance": 0.5, "betweenness": 0.00042900042900042906, "weight": 0.10042900042900044 }, "geometry": { "type": "LineString", "coordinates": [ [ -75.822956, 5.864542 ], [ -75.97679, 5.74615 ] ] } },
{ "type": "Feature", "properties": { "source": "TARSO", "target": "ANDES", "distance": 0.5, "betweenness": 0.00048262548262548264, "weight": 0.10048262548262549 }, "geometry": { "type": "LineString", "coordinates": [ [ -75.822956, 5.864542 ], [ -75.878828, 5.657194 ] ] } },
{ "type": "Feature", "properties": { "source": "TARSO", "target": "JARDÍN", "distance": 0.5, "betweenness": 0.00045581295581295574, "weight": 0.10045581295581296 }, "geometry": { "type": "LineString", "coordinates": [ [ -75.822956, 5.864542 ], [ -75.818982, 5.597542 ] ] } },
{ "type": "Feature", "properties": { "source": "BETANIA", "target": "ANDES", "distance": 0.33333333333333331, "betweenness": 0.00053625053625053621, "weight": 0.10053625053625054 }, "geometry": { "type": "LineString", "coordinates": [ [ -75.97679, 5.74615 ], [ -75.878828, 5.657194 ] ] } },
{ "type": "Feature", "properties": { "source": "BETANIA", "target": "JARDÍN", "distance": 0.5, "betweenness": 0.00026812526812526811, "weight": 0.10026812526812527 }, "geometry": { "type": "LineString", "coordinates": [ [ -75.97679, 5.74615 ], [ -75.818982, 5.597542 ] ] } },
{ "type": "Feature", "properties": { "source": "ANDES", "target": "JARDÍN", "distance": 0.5, "betweenness": 0.00024131274131274132, "weight": 0.10024131274131275 }, "geometry": { "type": "LineString", "coordinates": [ [ -75.878828, 5.657194 ], [ -75.818982, 5.597542 ] ] } },
{ "type": "Feature", "properties": { "source": "ANDES", "target": "CARAMANTA", "distance": 0.5, "betweenness": 0.00095720720720720708, "weight": 0.10095720720720722 }, "geometry": { "type": "LineString", "coordinates": [ [ -75.878828, 5.657194 ], [ -75.643868, 5.54853 ] ] } },
{ "type": "Feature", "properties": { "source": "CARAMANTA", "target": "JARDÍN", "distance": 0.5, "betweenness": 0.002378271128271128, "weight": 0.10237827112827114 }, "geometry": { "type": "LineString", "coordinates": [ [ -75.643868, 5.54853 ], [ -75.818982, 5.597542 ] ] } }
]
}
