{
"type": "FeatureCollection",
"name": "fig2_undirected_Pperuviana_17km_10steps_10reps_municipalities_network_v2_edges",
"crs": { "type": "name", "properties": { "name": "urn:ogc:def:crs:OGC:1.3:CRS84" } },
"features": [
{ "type": "Feature", "properties": { "source": "ITUANGO", "target": "VALDIVIA", "distance": 0.5, "betweenness": 0.001615322487596631, "weight": 0.10161532248759664 }, "geometry": { "type": "LineString", "coordinates": [ [ -75.764673, 7.171629 ], [ -75.439274, 7.1652 ] ] } },
{ "type": "Feature", "properties": { "source": "ITUANGO", "target": "TARAZÁ", "distance": 0.5, "betweenness": 0.0098538792464026182, "weight": 0.10985387924640262 }, "geometry": { "type": "LineString", "coordinates": [ [ -75.764673, 7.171629 ], [ -75.401407, 7.580127 ] ] } },
{ "type": "Feature", "properties": { "source": "ITUANGO", "target": "BRICEÑO", "distance": 0.33333333333333331, "betweenness": 0.025466053503436684, "weight": 0.1254660535034367 }, "geometry": { "type": "LineString", "coordinates": [ [ -75.764673, 7.171629 ], [ -75.55036, 7.112803 ] ] } },
{ "type": "Feature", "properties": { "source": "ITUANGO", "target": "PEQUE", "distance": 0.33333333333333331, "betweenness": 0.0013845621322256837, "weight": 0.10138456213222569 }, "geometry": { "type": "LineString", "coordinates": [ [ -75.764673, 7.171629 ], [ -75.910357, 7.021029 ] ] } },
{ "type": "Feature", "properties": { "source": "ITUANGO", "target": "TOLEDO", "distance": 0.5, "betweenness": 0.0010384215991692627, "weight": 0.10103842159916927 }, "geometry": { "type": "LineString", "coordinates": [ [ -75.764673, 7.171629 ], [ -75.692281, 7.010328 ] ] } },
{ "type": "Feature", "properties": { "source": "ITUANGO", "target": "YARUMAL", "distance": 0.5, "betweenness": 0.011156026965995821, "weight": 0.11115602696599583 }, "geometry": { "type": "LineString", "coordinates": [ [ -75.764673, 7.171629 ], [ -75.418828, 6.963832 ] ] } },
{ "type": "Feature", "properties": { "source": "ITUANGO", "target": "SAN ANDRÉS DE CUERQUÍA", "distance": 0.5, "betweenness": 0.0015576323987538943, "weight": 0.1015576323987539 }, "geometry": { "type": "LineString", "coordinates": [ [ -75.764673, 7.171629 ], [ -75.674564, 6.916676 ] ] } },
{ "type": "Feature", "properties": { "source": "ITUANGO", "target": "SABANALARGA", "distance": 0.5, "betweenness": 0.0015576323987538943, "weight": 0.1015576323987539 }, "geometry": { "type": "LineString", "coordinates": [ [ -75.764673, 7.171629 ], [ -75.816645, 6.850028 ] ] } },
{ "type": "Feature", "properties": { "source": "ITUANGO", "target": "MUTATÁ", "distance": 0.33333333333333331, "betweenness": 0.018518518518518521, "weight": 0.11851851851851852 }, "geometry": { "type": "LineString", "coordinates": [ [ -75.764673, 7.171629 ], [ -76.435875, 7.242875 ] ] } },
{ "type": "Feature", "properties": { "source": "ITUANGO", "target": "DABEIBA", "distance": 0.1, "betweenness": 0.026306680512287992, "weight": 0.12630668051228799 }, "geometry": { "type": "LineString", "coordinates": [ [ -75.764673, 7.171629 ], [ -76.261614, 6.998112 ] ] } },
{ "type": "Feature", "properties": { "source": "ITUANGO", "target": "BURITICÁ", "distance": 0.5, "betweenness": 0.0, "weight": 0.1 }, "geometry": { "type": "LineString", "coordinates": [ [ -75.764673, 7.171629 ], [ -75.907, 6.720759 ] ] } },
{ "type": "Feature", "properties": { "source": "VALDIVIA", "target": "TARAZÁ", "distance": 0.5, "betweenness": 0.0010891064629382375, "weight": 0.10108910646293824 }, "geometry": { "type": "LineString", "coordinates": [ [ -75.439274, 7.1652 ], [ -75.401407, 7.580127 ] ] } },
{ "type": "Feature", "properties": { "source": "VALDIVIA", "target": "BRICEÑO", "distance": 0.5, "betweenness": 0.0045863620629975777, "weight": 0.10458636206299758 }, "geometry": { "type": "LineString", "coordinates": [ [ -75.439274, 7.1652 ], [ -75.55036, 7.112803 ] ] } },
{ "type": "Feature", "properties": { "source": "VALDIVIA", "target": "YARUMAL", "distance": 0.5, "betweenness": 0.012093490909690292, "weight": 0.1120934909096903 }, "geometry": { "type": "LineString", "coordinates": [ [ -75.439274, 7.1652 ], [ -75.418828, 6.963832 ] ] } },
{ "type": "Feature", "properties": { "source": "VALDIVIA", "target": "ANORÍ", "distance": 0.5, "betweenness": 0.001197069343486789, "weight": 0.1011970693434868 }, "geometry": { "type": "LineString", "coordinates": [ [ -75.439274, 7.1652 ], [ -75.148355, 7.074703 ] ] } },
{ "type": "Feature", "properties": { "source": "VALDIVIA", "target": "CAMPAMENTO", "distance": 0.5, "betweenness": 0.00023076035537094729, "weight": 0.10023076035537096 }, "geometry": { "type": "LineString", "coordinates": [ [ -75.439274, 7.1652 ], [ -75.298091, 6.979771 ] ] } },
{ "type": "Feature", "properties": { "source": "TARAZÁ", "target": "YARUMAL", "distance": 1.0, "betweenness": 0.00087276862977797532, "weight": 0.10087276862977798 }, "geometry": { "type": "LineString", "coordinates": [ [ -75.401407, 7.580127 ], [ -75.418828, 6.963832 ] ] } },
{ "type": "Feature", "properties": { "source": "TARAZÁ", "target": "ANORÍ", "distance": 1.0, "betweenness": 4.3267566632052617e-05, "weight": 0.10004326756663205 }, "geometry": { "type": "LineString", "coordinates": [ [ -75.401407, 7.580127 ], [ -75.148355, 7.074703 ] ] } },
{ "type": "Feature", "properties": { "source": "TARAZÁ", "target": "CAMPAMENTO", "distance": 0.5, "betweenness": 0.0066594966127676465, "weight": 0.10665949661276765 }, "geometry": { "type": "LineString", "coordinates": [ [ -75.401407, 7.580127 ], [ -75.298091, 6.979771 ] ] } },
{ "type": "Feature", "properties": { "source": "BRICEÑO", "target": "YARUMAL", "distance": 0.5, "betweenness": 0.0, "weight": 0.1 }, "geometry": { "type": "LineString", "coordinates": [ [ -75.55036, 7.112803 ], [ -75.418828, 6.963832 ] ] } },
{ "type": "Feature", "properties": { "source": "BRICEÑO", "target": "TOLEDO", "distance": 0.33333333333333331, "betweenness": 0.0068362755278643132, "weight": 0.10683627552786432 }, "geometry": { "type": "LineString", "coordinates": [ [ -75.55036, 7.112803 ], [ -75.692281, 7.010328 ] ] } },
{ "type": "Feature", "properties": { "source": "BRICEÑO", "target": "SAN ANDRÉS DE CUERQUÍA", "distance": 0.5, "betweenness": 0.0, "weight": 0.1 }, "geometry": { "type": "LineString", "coordinates": [ [ -75.55036, 7.112803 ], [ -75.674564, 6.916676 ] ] } },
{ "type": "Feature", "properties": { "source": "BRICEÑO", "target": "SABANALARGA", "distance": 0.5, "betweenness": 0.0, "weight": 0.1 }, "geometry": { "type": "LineString", "coordinates": [ [ -75.55036, 7.112803 ], [ -75.816645, 6.850028 ] ] } },
{ "type": "Feature", "properties": { "source": "BRICEÑO", "target": "PEQUE", "distance": 0.5, "betweenness": 0.0053651782623745248, "weight": 0.10536517826237453 }, "geometry": { "type": "LineString", "coordinates": [ [ -75.55036, 7.112803 ], [ -75.910357, 7.021029 ] ] } },
{ "type": "Feature", "properties": { "source": "BRICEÑO", "target": "SANTA ROSA DE OSOS", "distance": 0.1111111111111111, "betweenness": 0.066378628294516143, "weight": 0.16637862829451616 }, "geometry": { "type": "LineString", "coordinates": [ [ -75.55036, 7.112803 ], [ -75.460723, 6.643366 ] ] } },
{ "type": "Feature", "properties": { "source": "BRICEÑO", "target": "ANGOSTURA", "distance": 1.0, "betweenness": 0.0, "weight": 0.1 }, "geometry": { "type": "LineString", "coordinates": [ [ -75.55036, 7.112803 ], [ -75.335116, 6.885175 ] ] } },
{ "type": "Feature", "properties": { "source": "BRICEÑO", "target": "CAMPAMENTO", "distance": 0.33333333333333331, "betweenness": 0.012182910547396529, "weight": 0.11218291054739654 }, "geometry": { "type": "LineString", "coordinates": [ [ -75.55036, 7.112803 ], [ -75.298091, 6.979771 ] ] } },
{ "type": "Feature", "properties": { "source": "PEQUE", "target": "DABEIBA", "distance": 0.33333333333333331, "betweenness": 0.00069228106611284187, "weight": 0.10069228106611285 }, "geometry": { "type": "LineString", "coordinates": [ [ -75.910357, 7.021029 ], [ -76.261614, 6.998112 ] ] } },
{ "type": "Feature", "properties": { "source": "PEQUE", "target": "BURITICÁ", "distance": 0.5, "betweenness": 0.0, "weight": 0.1 }, "geometry": { "type": "LineString", "coordinates": [ [ -75.910357, 7.021029 ], [ -75.907, 6.720759 ] ] } },
{ "type": "Feature", "properties": { "source": "PEQUE", "target": "URAMITA", "distance": 0.14285714285714285, "betweenness": 0.0070958809276566292, "weight": 0.10709588092765664 }, "geometry": { "type": "LineString", "coordinates": [ [ -75.910357, 7.021029 ], [ -76.173284, 6.898393 ] ] } },
{ "type": "Feature", "properties": { "source": "PEQUE", "target": "SABANALARGA", "distance": 0.33333333333333331, "betweenness": 0.011595707857390102, "weight": 0.11159570785739011 }, "geometry": { "type": "LineString", "coordinates": [ [ -75.910357, 7.021029 ], [ -75.816645, 6.850028 ] ] } },
{ "type": "Feature", "properties": { "source": "PEQUE", "target": "CAÑASGORDAS", "distance": 0.5, "betweenness": 0.0041536863966770508, "weight": 0.10415368639667706 }, "geometry": { "type": "LineString", "coordinates": [ [ -75.910357, 7.021029 ], [ -76.028228, 6.753859 ] ] } },
{ "type": "Feature", "properties": { "source": "PEQUE", "target": "TOLEDO", "distance": 0.5, "betweenness": 0.00034614053305642093, "weight": 0.10034614053305643 }, "geometry": { "type": "LineString", "coordinates": [ [ -75.910357, 7.021029 ], [ -75.692281, 7.010328 ] ] } },
{ "type": "Feature", "properties": { "source": "PEQUE", "target": "SAN ANDRÉS DE CUERQUÍA", "distance": 0.5, "betweenness": 0.0, "weight": 0.1 }, "geometry": { "type": "LineString", "coordinates": [ [ -75.910357, 7.021029 ], [ -75.674564, 6.916676 ] ] } },
{ "type": "Feature", "properties": { "source": "PEQUE", "target": "LIBORINA", "distance": 0.5, "betweenness": 0.00034614053305642093, "weight": 0.10034614053305643 }, "geometry": { "type": "LineString", "coordinates": [ [ -75.910357, 7.021029 ], [ -75.812838, 6.677316 ] ] } },
{ "type": "Feature", "properties": { "source": "PEQUE", "target": "SAN JOSÉ DE LA MONTAÑA", "distance": 1.0, "betweenness": 0.0, "weight": 0.1 }, "geometry": { "type": "LineString", "coordinates": [ [ -75.910357, 7.021029 ], [ -75.683352, 6.85009 ] ] } },
{ "type": "Feature", "properties": { "source": "TOLEDO", "target": "SABANALARGA", "distance": 0.33333333333333331, "betweenness": 0.0077881619937694713, "weight": 0.10778816199376948 }, "geometry": { "type": "LineString", "coordinates": [ [ -75.692281, 7.010328 ], [ -75.816645, 6.850028 ] ] } },
{ "type": "Feature", "properties": { "source": "TOLEDO", "target": "YARUMAL", "distance": 0.5, "betweenness": 0.0023364485981308414, "weight": 0.10233644859813085 }, "geometry": { "type": "LineString", "coordinates": [ [ -75.692281, 7.010328 ], [ -75.418828, 6.963832 ] ] } },
{ "type": "Feature", "properties": { "source": "TOLEDO", "target": "SAN ANDRÉS DE CUERQUÍA", "distance": 0.5, "betweenness": 0.0, "weight": 0.1 }, "geometry": { "type": "LineString", "coordinates": [ [ -75.692281, 7.010328 ], [ -75.674564, 6.916676 ] ] } },
{ "type": "Feature", "properties": { "source": "TOLEDO", "target": "SAN JOSÉ DE LA MONTAÑA", "distance": 0.5, "betweenness": 0.00017307026652821047, "weight": 0.10017307026652822 }, "geometry": { "type": "LineString", "coordinates": [ [ -75.692281, 7.010328 ], [ -75.683352, 6.85009 ] ] } },
{ "type": "Feature", "properties": { "source": "TOLEDO", "target": "SANTA ROSA DE OSOS", "distance": 0.5, "betweenness": 0.0, "weight": 0.1 }, "geometry": { "type": "LineString", "coordinates": [ [ -75.692281, 7.010328 ], [ -75.460723, 6.643366 ] ] } },
{ "type": "Feature", "properties": { "source": "TOLEDO", "target": "BURITICÁ", "distance": 1.0, "betweenness": 0.0, "weight": 0.1 }, "geometry": { "type": "LineString", "coordinates": [ [ -75.692281, 7.010328 ], [ -75.907, 6.720759 ] ] } },
{ "type": "Feature", "properties": { "source": "TOLEDO", "target": "LIBORINA", "distance": 1.0, "betweenness": 0.0, "weight": 0.1 }, "geometry": { "type": "LineString", "coordinates": [ [ -75.692281, 7.010328 ], [ -75.812838, 6.677316 ] ] } },
{ "type": "Feature", "properties": { "source": "YARUMAL", "target": "SAN ANDRÉS DE CUERQUÍA", "distance": 0.5, "betweenness": 0.0, "weight": 0.1 }, "geometry": { "type": "LineString", "coordinates": [ [ -75.418828, 6.963832 ], [ -75.674564, 6.916676 ] ] } },
{ "type": "Feature", "properties": { "source": "YARUMAL", "target": "SANTA ROSA DE OSOS", "distance": 0.25, "betweenness": 0.0043700242298373142, "weight": 0.10437002422983732 }, "geometry": { "type": "LineString", "coordinates": [ [ -75.418828, 6.963832 ], [ -75.460723, 6.643366 ] ] } },
{ "type": "Feature", "properties": { "source": "YARUMAL", "target": "ANGOSTURA", "distance": 0.5, "betweenness": 0.0, "weight": 0.1 }, "geometry": { "type": "LineString", "coordinates": [ [ -75.418828, 6.963832 ], [ -75.335116, 6.885175 ] ] } },
{ "type": "Feature", "properties": { "source": "YARUMAL", "target": "SAN JOSÉ DE LA MONTAÑA", "distance": 0.2, "betweenness": 0.0019037729318103151, "weight": 0.10190377293181033 }, "geometry": { "type": "LineString", "coordinates": [ [ -75.418828, 6.963832 ], [ -75.683352, 6.85009 ] ] } },
{ "type": "Feature", "properties": { "source": "YARUMAL", "target": "CAMPAMENTO", "distance": 0.5, "betweenness": 0.0040313009939178203, "weight": 0.10403130099391783 }, "geometry": { "type": "LineString", "coordinates": [ [ -75.418828, 6.963832 ], [ -75.298091, 6.979771 ] ] } },
{ "type": "Feature", "properties": { "source": "YARUMAL", "target": "GUADALUPE", "distance": 0.33333333333333331, "betweenness": 0.0010384215991692627, "weight": 0.10103842159916927 }, "geometry": { "type": "LineString", "coordinates": [ [ -75.418828, 6.963832 ], [ -75.239862, 6.815069 ] ] } },
{ "type": "Feature", "properties": { "source": "YARUMAL", "target": "CAROLINA", "distance": 0.25, "betweenness": 0.021626778090952526, "weight": 0.12162677809095253 }, "geometry": { "type": "LineString", "coordinates": [ [ -75.418828, 6.963832 ], [ -75.283192, 6.725995 ] ] } },
{ "type": "Feature", "properties": { "source": "YARUMAL", "target": "BELMIRA", "distance": 0.33333333333333331, "betweenness": 0.0, "weight": 0.1 }, "geometry": { "type": "LineString", "coordinates": [ [ -75.418828, 6.963832 ], [ -75.667779, 6.606319 ] ] } },
{ "type": "Feature", "properties": { "source": "YARUMAL", "target": "SABANALARGA", "distance": 0.5, "betweenness": 0.0, "weight": 0.1 }, "geometry": { "type": "LineString", "coordinates": [ [ -75.418828, 6.963832 ], [ -75.816645, 6.850028 ] ] } },
{ "type": "Feature", "properties": { "source": "YARUMAL", "target": "ANORÍ", "distance": 0.5, "betweenness": 0.005422868351217261, "weight": 0.10542286835121727 }, "geometry": { "type": "LineString", "coordinates": [ [ -75.418828, 6.963832 ], [ -75.148355, 7.074703 ] ] } },
{ "type": "Feature", "properties": { "source": "YARUMAL", "target": "ENTRERRÍOS", "distance": 0.1111111111111111, "betweenness": 0.067101814765366169, "weight": 0.16710181476536617 }, "geometry": { "type": "LineString", "coordinates": [ [ -75.418828, 6.963832 ], [ -75.517685, 6.566273 ] ] } },
{ "type": "Feature", "properties": { "source": "SAN ANDRÉS DE CUERQUÍA", "target": "SAN JOSÉ DE LA MONTAÑA", "distance": 0.33333333333333331, "betweenness": 0.0, "weight": 0.1 }, "geometry": { "type": "LineString", "coordinates": [ [ -75.674564, 6.916676 ], [ -75.683352, 6.85009 ] ] } },
{ "type": "Feature", "properties": { "source": "SAN ANDRÉS DE CUERQUÍA", "target": "SANTA ROSA DE OSOS", "distance": 0.33333333333333331, "betweenness": 0.0034614053305642095, "weight": 0.10346140533056422 }, "geometry": { "type": "LineString", "coordinates": [ [ -75.674564, 6.916676 ], [ -75.460723, 6.643366 ] ] } },
{ "type": "Feature", "properties": { "source": "SAN ANDRÉS DE CUERQUÍA", "target": "SABANALARGA", "distance": 0.14285714285714285, "betweenness": 0.0076150917272412603, "weight": 0.10761509172724126 }, "geometry": { "type": "LineString", "coordinates": [ [ -75.674564, 6.916676 ], [ -75.816645, 6.850028 ] ] } },
{ "type": "Feature", "properties": { "source": "SAN ANDRÉS DE CUERQUÍA", "target": "BELMIRA", "distance": 0.25, "betweenness": 0.00034614053305642093, "weight": 0.10034614053305643 }, "geometry": { "type": "LineString", "coordinates": [ [ -75.674564, 6.916676 ], [ -75.667779, 6.606319 ] ] } },
{ "type": "Feature", "properties": { "source": "SAN ANDRÉS DE CUERQUÍA", "target": "ANGOSTURA", "distance": 0.071428571428571425, "betweenness": 0.018691588785046731, "weight": 0.11869158878504674 }, "geometry": { "type": "LineString", "coordinates": [ [ -75.674564, 6.916676 ], [ -75.335116, 6.885175 ] ] } },
{ "type": "Feature", "properties": { "source": "SAN ANDRÉS DE CUERQUÍA", "target": "LIBORINA", "distance": 0.5, "betweenness": 0.0, "weight": 0.1 }, "geometry": { "type": "LineString", "coordinates": [ [ -75.674564, 6.916676 ], [ -75.812838, 6.677316 ] ] } },
{ "type": "Feature", "properties": { "source": "SAN ANDRÉS DE CUERQUÍA", "target": "BURITICÁ", "distance": 0.33333333333333331, "betweenness": 0.0013845621322256837, "weight": 0.10138456213222569 }, "geometry": { "type": "LineString", "coordinates": [ [ -75.674564, 6.916676 ], [ -75.907, 6.720759 ] ] } },
{ "type": "Feature", "properties": { "source": "SABANALARGA", "target": "BURITICÁ", "distance": 0.5, "betweenness": 0.0, "weight": 0.1 }, "geometry": { "type": "LineString", "coordinates": [ [ -75.816645, 6.850028 ], [ -75.907, 6.720759 ] ] } },
{ "type": "Feature", "properties": { "source": "SABANALARGA", "target": "LIBORINA", "distance": 0.5, "betweenness": 0.0, "weight": 0.1 }, "geometry": { "type": "LineString", "coordinates": [ [ -75.816645, 6.850028 ], [ -75.812838, 6.677316 ] ] } },
{ "type": "Feature", "properties": { "source": "SABANALARGA", "target": "SAN JOSÉ DE LA MONTAÑA", "distance": 0.33333333333333331, "betweenness": 0.0, "weight": 0.1 }, "geometry": { "type": "LineString", "coordinates": [ [ -75.816645, 6.850028 ], [ -75.683352, 6.85009 ] ] } },
{ "type": "Feature", "properties": { "source": "SABANALARGA", "target": "BELMIRA", "distance": 0.14285714285714285, "betweenness": 0.026825891311872622, "weight": 0.12682589131187263 }, "geometry": { "type": "LineString", "coordinates": [ [ -75.816645, 6.850028 ], [ -75.667779, 6.606319 ] ] } },
{ "type": "Feature", "properties": { "source": "SABANALARGA", "target": "SANTA ROSA DE OSOS", "distance": 0.5, "betweenness": 0.0, "weight": 0.1 }, "geometry": { "type": "LineString", "coordinates": [ [ -75.816645, 6.850028 ], [ -75.460723, 6.643366 ] ] } },
{ "type": "Feature", "properties": { "source": "SABANALARGA", "target": "OLAYA", "distance": 0.5, "betweenness": 0.0, "weight": 0.1 }, "geometry": { "type": "LineString", "coordinates": [ [ -75.816645, 6.850028 ], [ -75.811773, 6.626492 ] ] } },
{ "type": "Feature", "properties": { "source": "SABANALARGA", "target": "CAÑASGORDAS", "distance": 0.5, "betweenness": 0.0074420214607130502, "weight": 0.10744202146071305 }, "geometry": { "type": "LineString", "coordinates": [ [ -75.816645, 6.850028 ], [ -76.028228, 6.753859 ] ] } },
{ "type": "Feature", "properties": { "source": "SABANALARGA", "target": "GIRALDO", "distance": 1.0, "betweenness": 0.0, "weight": 0.1 }, "geometry": { "type": "LineString", "coordinates": [ [ -75.816645, 6.850028 ], [ -75.952158, 6.680808 ] ] } },
{ "type": "Feature", "properties": { "source": "MUTATÁ", "target": "DABEIBA", "distance": 0.5, "betweenness": 0.0, "weight": 0.1 }, "geometry": { "type": "LineString", "coordinates": [ [ -76.435875, 7.242875 ], [ -76.261614, 6.998112 ] ] } },
{ "type": "Feature", "properties": { "source": "DABEIBA", "target": "URAMITA", "distance": 0.5, "betweenness": 0.0, "weight": 0.1 }, "geometry": { "type": "LineString", "coordinates": [ [ -76.261614, 6.998112 ], [ -76.173284, 6.898393 ] ] } },
{ "type": "Feature", "properties": { "source": "DABEIBA", "target": "BURITICÁ", "distance": 0.25, "betweenness": 0.016787815853236417, "weight": 0.11678781585323642 }, "geometry": { "type": "LineString", "coordinates": [ [ -76.261614, 6.998112 ], [ -75.907, 6.720759 ] ] } },
{ "type": "Feature", "properties": { "source": "DABEIBA", "target": "CAÑASGORDAS", "distance": 0.5, "betweenness": 0.019037729318103151, "weight": 0.11903772931810316 }, "geometry": { "type": "LineString", "coordinates": [ [ -76.261614, 6.998112 ], [ -76.028228, 6.753859 ] ] } },
{ "type": "Feature", "properties": { "source": "DABEIBA", "target": "FRONTINO", "distance": 0.5, "betweenness": 0.0022499134648667359, "weight": 0.10224991346486674 }, "geometry": { "type": "LineString", "coordinates": [ [ -76.261614, 6.998112 ], [ -76.130765, 6.776066 ] ] } },
{ "type": "Feature", "properties": { "source": "DABEIBA", "target": "MURINDÓ", "distance": 0.5, "betweenness": 0.018518518518518521, "weight": 0.11851851851851852 }, "geometry": { "type": "LineString", "coordinates": [ [ -76.261614, 6.998112 ], [ -76.817485, 6.97771 ] ] } },
{ "type": "Feature", "properties": { "source": "BURITICÁ", "target": "CAÑASGORDAS", "distance": 0.5, "betweenness": 0.0019037729318103151, "weight": 0.10190377293181033 }, "geometry": { "type": "LineString", "coordinates": [ [ -75.907, 6.720759 ], [ -76.028228, 6.753859 ] ] } },
{ "type": "Feature", "properties": { "source": "BURITICÁ", "target": "URAMITA", "distance": 0.33333333333333331, "betweenness": 0.0079612322602976814, "weight": 0.10796123226029769 }, "geometry": { "type": "LineString", "coordinates": [ [ -75.907, 6.720759 ], [ -76.173284, 6.898393 ] ] } },
{ "type": "Feature", "properties": { "source": "BURITICÁ", "target": "LIBORINA", "distance": 0.5, "betweenness": 0.00017307026652821047, "weight": 0.10017307026652822 }, "geometry": { "type": "LineString", "coordinates": [ [ -75.907, 6.720759 ], [ -75.812838, 6.677316 ] ] } },
{ "type": "Feature", "properties": { "source": "BURITICÁ", "target": "GIRALDO", "distance": 0.5, "betweenness": 0.00034614053305642093, "weight": 0.10034614053305643 }, "geometry": { "type": "LineString", "coordinates": [ [ -75.907, 6.720759 ], [ -75.952158, 6.680808 ] ] } },
{ "type": "Feature", "properties": { "source": "BURITICÁ", "target": "ABRIAQUÍ", "distance": 0.5, "betweenness": 0.00034614053305642093, "weight": 0.10034614053305643 }, "geometry": { "type": "LineString", "coordinates": [ [ -75.907, 6.720759 ], [ -76.064304, 6.632282 ] ] } },
{ "type": "Feature", "properties": { "source": "BURITICÁ", "target": "FRONTINO", "distance": 0.33333333333333331, "betweenness": 0.010211145725164418, "weight": 0.11021114572516442 }, "geometry": { "type": "LineString", "coordinates": [ [ -75.907, 6.720759 ], [ -76.130765, 6.776066 ] ] } },
{ "type": "Feature", "properties": { "source": "BURITICÁ", "target": "SANTA FÉ DE ANTIOQUIA", "distance": 0.5, "betweenness": 0.00017307026652821047, "weight": 0.10017307026652822 }, "geometry": { "type": "LineString", "coordinates": [ [ -75.907, 6.720759 ], [ -75.826648, 6.556484 ] ] } },
{ "type": "Feature", "properties": { "source": "BURITICÁ", "target": "OLAYA", "distance": 0.2, "betweenness": 0.04534440983039114, "weight": 0.14534440983039115 }, "geometry": { "type": "LineString", "coordinates": [ [ -75.907, 6.720759 ], [ -75.811773, 6.626492 ] ] } },
{ "type": "Feature", "properties": { "source": "BURITICÁ", "target": "SOPETRÁN", "distance": 0.5, "betweenness": 0.0010384215991692627, "weight": 0.10103842159916927 }, "geometry": { "type": "LineString", "coordinates": [ [ -75.907, 6.720759 ], [ -75.747378, 6.500745 ] ] } },
{ "type": "Feature", "properties": { "source": "BURITICÁ", "target": "SAN JOSÉ DE LA MONTAÑA", "distance": 1.0, "betweenness": 0.0, "weight": 0.1 }, "geometry": { "type": "LineString", "coordinates": [ [ -75.907, 6.720759 ], [ -75.683352, 6.85009 ] ] } },
{ "type": "Feature", "properties": { "source": "URAMITA", "target": "FRONTINO", "distance": 0.5, "betweenness": 0.00034614053305642093, "weight": 0.10034614053305643 }, "geometry": { "type": "LineString", "coordinates": [ [ -76.173284, 6.898393 ], [ -76.130765, 6.776066 ] ] } },
{ "type": "Feature", "properties": { "source": "URAMITA", "target": "CAÑASGORDAS", "distance": 0.5, "betweenness": 0.0034614053305642095, "weight": 0.10346140533056422 }, "geometry": { "type": "LineString", "coordinates": [ [ -76.173284, 6.898393 ], [ -76.028228, 6.753859 ] ] } },
{ "type": "Feature", "properties": { "source": "URAMITA", "target": "ABRIAQUÍ", "distance": 0.5, "betweenness": 0.0010384215991692627, "weight": 0.10103842159916927 }, "geometry": { "type": "LineString", "coordinates": [ [ -76.173284, 6.898393 ], [ -76.064304, 6.632282 ] ] } },
{ "type": "Feature", "properties": { "source": "CAÑASGORDAS", "target": "FRONTINO", "distance": 0.5, "betweenness": 0.0, "weight": 0.1 }, "geometry": { "type": "LineString", "coordinates": [ [ -76.028228, 6.753859 ], [ -76.130765, 6.776066 ] ] } },
{ "type": "Feature", "properties": { "source": "CAÑASGORDAS", "target": "ABRIAQUÍ", "distance": 0.5, "betweenness": 0.0, "weight": 0.1 }, "geometry": { "type": "LineString", "coordinates": [ [ -76.028228, 6.753859 ], [ -76.064304, 6.632282 ] ] } },
{ "type": "Feature", "properties": { "source": "CAÑASGORDAS", "target": "GIRALDO", "distance": 0.5, "betweenness": 0.0, "weight": 0.1 }, "geometry": { "type": "LineString", "coordinates": [ [ -76.028228, 6.753859 ], [ -75.952158, 6.680808 ] ] } },
{ "type": "Feature", "properties": { "source": "CAÑASGORDAS", "target": "SANTA FÉ DE ANTIOQUIA", "distance": 0.2, "betweenness": 0.005711318795430945, "weight": 0.10571131879543096 }, "geometry": { "type": "LineString", "coordinates": [ [ -76.028228, 6.753859 ], [ -75.826648, 6.556484 ] ] } },
{ "type": "Feature", "properties": { "source": "CAÑASGORDAS", "target": "LIBORINA", "distance": 0.33333333333333331, "betweenness": 0.032364139840775359, "weight": 0.13236413984077536 }, "geometry": { "type": "LineString", "coordinates": [ [ -76.028228, 6.753859 ], [ -75.812838, 6.677316 ] ] } },
{ "type": "Feature", "properties": { "source": "CAÑASGORDAS", "target": "URRAO", "distance": 0.047619047619047616, "betweenness": 0.07251644167532019, "weight": 0.17251644167532021 }, "geometry": { "type": "LineString", "coordinates": [ [ -76.028228, 6.753859 ], [ -76.133951, 6.317343 ] ] } },
{ "type": "Feature", "properties": { "source": "ANORÍ", "target": "AMALFI", "distance": 0.33333333333333331, "betweenness": 0.0013845621322256837, "weight": 0.10138456213222569 }, "geometry": { "type": "LineString", "coordinates": [ [ -75.148355, 7.074703 ], [ -75.077501, 6.909655 ] ] } },
{ "type": "Feature", "properties": { "source": "ANORÍ", "target": "CAMPAMENTO", "distance": 0.5, "betweenness": 0.00012980269989615784, "weight": 0.10012980269989616 }, "geometry": { "type": "LineString", "coordinates": [ [ -75.148355, 7.074703 ], [ -75.298091, 6.979771 ] ] } },
{ "type": "Feature", "properties": { "source": "ANORÍ", "target": "ANGOSTURA", "distance": 0.5, "betweenness": 0.0010384215991692627, "weight": 0.10103842159916927 }, "geometry": { "type": "LineString", "coordinates": [ [ -75.148355, 7.074703 ], [ -75.335116, 6.885175 ] ] } },
{ "type": "Feature", "properties": { "source": "ANORÍ", "target": "GUADALUPE", "distance": 0.5, "betweenness": 0.00017307026652821047, "weight": 0.10017307026652822 }, "geometry": { "type": "LineString", "coordinates": [ [ -75.148355, 7.074703 ], [ -75.239862, 6.815069 ] ] } },
{ "type": "Feature", "properties": { "source": "ANORÍ", "target": "CAROLINA", "distance": 0.25, "betweenness": 0.0096775124033690995, "weight": 0.10967751240336911 }, "geometry": { "type": "LineString", "coordinates": [ [ -75.148355, 7.074703 ], [ -75.283192, 6.725995 ] ] } },
{ "type": "Feature", "properties": { "source": "ANORÍ", "target": "GÓMEZ PLATA", "distance": 0.5, "betweenness": 0.00095188646590515754, "weight": 0.10095188646590517 }, "geometry": { "type": "LineString", "coordinates": [ [ -75.148355, 7.074703 ], [ -75.220018, 6.683269 ] ] } },
{ "type": "Feature", "properties": { "source": "CAMPAMENTO", "target": "ANGOSTURA", "distance": 0.5, "betweenness": 0.00069228106611284187, "weight": 0.10069228106611285 }, "geometry": { "type": "LineString", "coordinates": [ [ -75.298091, 6.979771 ], [ -75.335116, 6.885175 ] ] } },
{ "type": "Feature", "properties": { "source": "CAMPAMENTO", "target": "GUADALUPE", "distance": 0.5, "betweenness": 0.00034614053305642093, "weight": 0.10034614053305643 }, "geometry": { "type": "LineString", "coordinates": [ [ -75.298091, 6.979771 ], [ -75.239862, 6.815069 ] ] } },
{ "type": "Feature", "properties": { "source": "CAMPAMENTO", "target": "CAROLINA", "distance": 0.25, "betweenness": 0.0059494964479388217, "weight": 0.10594949644793883 }, "geometry": { "type": "LineString", "coordinates": [ [ -75.298091, 6.979771 ], [ -75.283192, 6.725995 ] ] } },
{ "type": "Feature", "properties": { "source": "CAMPAMENTO", "target": "AMALFI", "distance": 0.5, "betweenness": 0.0013845621322256837, "weight": 0.10138456213222569 }, "geometry": { "type": "LineString", "coordinates": [ [ -75.298091, 6.979771 ], [ -75.077501, 6.909655 ] ] } },
{ "type": "Feature", "properties": { "source": "CAMPAMENTO", "target": "GÓMEZ PLATA", "distance": 1.0, "betweenness": 0.0, "weight": 0.1 }, "geometry": { "type": "LineString", "coordinates": [ [ -75.298091, 6.979771 ], [ -75.220018, 6.683269 ] ] } },
{ "type": "Feature", "properties": { "source": "LIBORINA", "target": "BELMIRA", "distance": 0.33333333333333331, "betweenness": 0.0025527864312911044, "weight": 0.10255278643129111 }, "geometry": { "type": "LineString", "coordinates": [ [ -75.812838, 6.677316 ], [ -75.667779, 6.606319 ] ] } },
{ "type": "Feature", "properties": { "source": "LIBORINA", "target": "SAN JOSÉ DE LA MONTAÑA", "distance": 0.5, "betweenness": 0.0, "weight": 0.1 }, "geometry": { "type": "LineString", "coordinates": [ [ -75.812838, 6.677316 ], [ -75.683352, 6.85009 ] ] } },
{ "type": "Feature", "properties": { "source": "LIBORINA", "target": "OLAYA", "distance": 0.5, "betweenness": 0.0, "weight": 0.1 }, "geometry": { "type": "LineString", "coordinates": [ [ -75.812838, 6.677316 ], [ -75.811773, 6.626492 ] ] } },
{ "type": "Feature", "properties": { "source": "LIBORINA", "target": "GIRALDO", "distance": 0.5, "betweenness": 0.0, "weight": 0.1 }, "geometry": { "type": "LineString", "coordinates": [ [ -75.812838, 6.677316 ], [ -75.952158, 6.680808 ] ] } },
{ "type": "Feature", "properties": { "source": "LIBORINA", "target": "SANTA FÉ DE ANTIOQUIA", "distance": 0.5, "betweenness": 0.0065766701280719981, "weight": 0.10657667012807201 }, "geometry": { "type": "LineString", "coordinates": [ [ -75.812838, 6.677316 ], [ -75.826648, 6.556484 ] ] } },
{ "type": "Feature", "properties": { "source": "LIBORINA", "target": "ENTRERRÍOS", "distance": 0.5, "betweenness": 0.00034614053305642093, "weight": 0.10034614053305643 }, "geometry": { "type": "LineString", "coordinates": [ [ -75.812838, 6.677316 ], [ -75.517685, 6.566273 ] ] } },
{ "type": "Feature", "properties": { "source": "LIBORINA", "target": "SOPETRÁN", "distance": 0.5, "betweenness": 0.0, "weight": 0.1 }, "geometry": { "type": "LineString", "coordinates": [ [ -75.812838, 6.677316 ], [ -75.747378, 6.500745 ] ] } },
{ "type": "Feature", "properties": { "source": "LIBORINA", "target": "SANTA ROSA DE OSOS", "distance": 0.14285714285714285, "betweenness": 0.045733817930079614, "weight": 0.14573381793007961 }, "geometry": { "type": "LineString", "coordinates": [ [ -75.812838, 6.677316 ], [ -75.460723, 6.643366 ] ] } },
{ "type": "Feature", "properties": { "source": "GIRALDO", "target": "ABRIAQUÍ", "distance": 0.33333333333333331, "betweenness": 0.00017307026652821047, "weight": 0.10017307026652822 }, "geometry": { "type": "LineString", "coordinates": [ [ -75.952158, 6.680808 ], [ -76.064304, 6.632282 ] ] } },
{ "type": "Feature", "properties": { "source": "GIRALDO", "target": "SANTA FÉ DE ANTIOQUIA", "distance": 0.5, "betweenness": 0.0, "weight": 0.1 }, "geometry": { "type": "LineString", "coordinates": [ [ -75.952158, 6.680808 ], [ -75.826648, 6.556484 ] ] } },
{ "type": "Feature", "properties": { "source": "GIRALDO", "target": "FRONTINO", "distance": 0.33333333333333331, "betweenness": 0.00017307026652821047, "weight": 0.10017307026652822 }, "geometry": { "type": "LineString", "coordinates": [ [ -75.952158, 6.680808 ], [ -76.130765, 6.776066 ] ] } },
{ "type": "Feature", "properties": { "source": "GIRALDO", "target": "OLAYA", "distance": 0.33333333333333331, "betweenness": 0.046209761163032194, "weight": 0.14620976116303219 }, "geometry": { "type": "LineString", "coordinates": [ [ -75.952158, 6.680808 ], [ -75.811773, 6.626492 ] ] } },
{ "type": "Feature", "properties": { "source": "GIRALDO", "target": "CAICEDO", "distance": 0.14285714285714285, "betweenness": 0.015230183454482521, "weight": 0.11523018345448252 }, "geometry": { "type": "LineString", "coordinates": [ [ -75.952158, 6.680808 ], [ -75.98293, 6.405607 ] ] } },
{ "type": "Feature", "properties": { "source": "GIRALDO", "target": "URRAO", "distance": 0.090909090909090912, "betweenness": 0.044305988231221879, "weight": 0.14430598823122187 }, "geometry": { "type": "LineString", "coordinates": [ [ -75.952158, 6.680808 ], [ -76.133951, 6.317343 ] ] } },
{ "type": "Feature", "properties": { "source": "SAN JOSÉ DE LA MONTAÑA", "target": "SANTA ROSA DE OSOS", "distance": 0.16666666666666666, "betweenness": 0.011595707857390102, "weight": 0.11159570785739011 }, "geometry": { "type": "LineString", "coordinates": [ [ -75.683352, 6.85009 ], [ -75.460723, 6.643366 ] ] } },
{ "type": "Feature", "properties": { "source": "SAN JOSÉ DE LA MONTAÑA", "target": "BELMIRA", "distance": 0.066666666666666666, "betweenness": 0.018345448251990311, "weight": 0.11834544825199031 }, "geometry": { "type": "LineString", "coordinates": [ [ -75.683352, 6.85009 ], [ -75.667779, 6.606319 ] ] } },
{ "type": "Feature", "properties": { "source": "SAN JOSÉ DE LA MONTAÑA", "target": "OLAYA", "distance": 0.2, "betweenness": 0.0051921079958463139, "weight": 0.10519210799584632 }, "geometry": { "type": "LineString", "coordinates": [ [ -75.683352, 6.85009 ], [ -75.811773, 6.626492 ] ] } },
{ "type": "Feature", "properties": { "source": "SAN JOSÉ DE LA MONTAÑA", "target": "ENTRERRÍOS", "distance": 0.5, "betweenness": 0.0, "weight": 0.1 }, "geometry": { "type": "LineString", "coordinates": [ [ -75.683352, 6.85009 ], [ -75.517685, 6.566273 ] ] } },
{ "type": "Feature", "properties": { "source": "SAN JOSÉ DE LA MONTAÑA", "target": "ANGOSTURA", "distance": 0.33333333333333331, "betweenness": 0.0, "weight": 0.1 }, "geometry": { "type": "LineString", "coordinates": [ [ -75.683352, 6.85009 ], [ -75.335116, 6.885175 ] ] } },
{ "type": "Feature", "properties": { "source": "BELMIRA", "target": "ENTRERRÍOS", "distance": 0.33333333333333331, "betweenness": 0.0, "weight": 0.1 }, "geometry": { "type": "LineString", "coordinates": [ [ -75.667779, 6.606319 ], [ -75.517685, 6.566273 ] ] } },
{ "type": "Feature", "properties": { "source": "BELMIRA", "target": "SAN JERÓNIMO", "distance": 0.5, "betweenness": 0.0, "weight": 0.1 }, "geometry": { "type": "LineString", "coordinates": [ [ -75.667779, 6.606319 ], [ -75.726975, 6.44809 ] ] } },
{ "type": "Feature", "properties": { "source": "BELMIRA", "target": "SOPETRÁN", "distance": 0.5, "betweenness": 0.0, "weight": 0.1 }, "geometry": { "type": "LineString", "coordinates": [ [ -75.667779, 6.606319 ], [ -75.747378, 6.500745 ] ] } },
{ "type": "Feature", "properties": { "source": "BELMIRA", "target": "SANTA ROSA DE OSOS", "distance": 0.5, "betweenness": 0.0, "weight": 0.1 }, "geometry": { "type": "LineString", "coordinates": [ [ -75.667779, 6.606319 ], [ -75.460723, 6.643366 ] ] } },
{ "type": "Feature", "properties": { "source": "BELMIRA", "target": "SAN PEDRO DE LOS MILAGROS", "distance": 0.5, "betweenness": 0.0, "weight": 0.1 }, "geometry": { "type": "LineString", "coordinates": [ [ -75.667779, 6.606319 ], [ -75.556743, 6.46012 ] ] } },
{ "type": "Feature", "properties": { "source": "BELMIRA", "target": "OLAYA", "distance": 0.5, "betweenness": 0.0, "weight": 0.1 }, "geometry": { "type": "LineString", "coordinates": [ [ -75.667779, 6.606319 ], [ -75.811773, 6.626492 ] ] } },
{ "type": "Feature", "properties": { "source": "BELMIRA", "target": "ANGOSTURA", "distance": 0.2, "betweenness": 0.0017307026652821048, "weight": 0.10173070266528211 }, "geometry": { "type": "LineString", "coordinates": [ [ -75.667779, 6.606319 ], [ -75.335116, 6.885175 ] ] } },
{ "type": "Feature", "properties": { "source": "BELMIRA", "target": "SANTA FÉ DE ANTIOQUIA", "distance": 1.0, "betweenness": 0.0, "weight": 0.1 }, "geometry": { "type": "LineString", "coordinates": [ [ -75.667779, 6.606319 ], [ -75.826648, 6.556484 ] ] } },
{ "type": "Feature", "properties": { "source": "BELMIRA", "target": "BELLO", "distance": 0.33333333333333331, "betweenness": 0.0, "weight": 0.1 }, "geometry": { "type": "LineString", "coordinates": [ [ -75.667779, 6.606319 ], [ -75.555245, 6.333587 ] ] } },
{ "type": "Feature", "properties": { "source": "BELMIRA", "target": "DONMATÍAS", "distance": 0.1111111111111111, "betweenness": 0.0096919349255797857, "weight": 0.1096919349255798 }, "geometry": { "type": "LineString", "coordinates": [ [ -75.667779, 6.606319 ], [ -75.39263, 6.485603 ] ] } },
{ "type": "Feature", "properties": { "source": "BELMIRA", "target": "COPACABANA", "distance": 0.14285714285714285, "betweenness": 0.031282450674974045, "weight": 0.13128245067497404 }, "geometry": { "type": "LineString", "coordinates": [ [ -75.667779, 6.606319 ], [ -75.509384, 6.348557 ] ] } },
{ "type": "Feature", "properties": { "source": "BELMIRA", "target": "GIRARDOTA", "distance": 0.5, "betweenness": 0.0, "weight": 0.1 }, "geometry": { "type": "LineString", "coordinates": [ [ -75.667779, 6.606319 ], [ -75.444238, 6.379472 ] ] } },
{ "type": "Feature", "properties": { "source": "BELMIRA", "target": "MEDELLÍN", "distance": 1.0, "betweenness": 0.0, "weight": 0.1 }, "geometry": { "type": "LineString", "coordinates": [ [ -75.667779, 6.606319 ], [ -75.581775, 6.246631 ] ] } },
{ "type": "Feature", "properties": { "source": "SANTA ROSA DE OSOS", "target": "ANGOSTURA", "distance": 0.5, "betweenness": 0.0, "weight": 0.1 }, "geometry": { "type": "LineString", "coordinates": [ [ -75.460723, 6.643366 ], [ -75.335116, 6.885175 ] ] } },
{ "type": "Feature", "properties": { "source": "SANTA ROSA DE OSOS", "target": "CAROLINA", "distance": 0.33333333333333331, "betweenness": 0.0075285565939771553, "weight": 0.10752855659397716 }, "geometry": { "type": "LineString", "coordinates": [ [ -75.460723, 6.643366 ], [ -75.283192, 6.725995 ] ] } },
{ "type": "Feature", "properties": { "source": "SANTA ROSA DE OSOS", "target": "GÓMEZ PLATA", "distance": 0.33333333333333331, "betweenness": 0.0057978539286950509, "weight": 0.10579785392869506 }, "geometry": { "type": "LineString", "coordinates": [ [ -75.460723, 6.643366 ], [ -75.220018, 6.683269 ] ] } },
{ "type": "Feature", "properties": { "source": "SANTA ROSA DE OSOS", "target": "ENTRERRÍOS", "distance": 0.5, "betweenness": 0.0, "weight": 0.1 }, "geometry": { "type": "LineString", "coordinates": [ [ -75.460723, 6.643366 ], [ -75.517685, 6.566273 ] ] } },
{ "type": "Feature", "properties": { "source": "SANTA ROSA DE OSOS", "target": "GUADALUPE", "distance": 0.1, "betweenness": 0.017826237452405677, "weight": 0.11782623745240568 }, "geometry": { "type": "LineString", "coordinates": [ [ -75.460723, 6.643366 ], [ -75.239862, 6.815069 ] ] } },
{ "type": "Feature", "properties": { "source": "SANTA ROSA DE OSOS", "target": "DONMATÍAS", "distance": 0.5, "betweenness": 0.0, "weight": 0.1 }, "geometry": { "type": "LineString", "coordinates": [ [ -75.460723, 6.643366 ], [ -75.39263, 6.485603 ] ] } },
{ "type": "Feature", "properties": { "source": "SANTA ROSA DE OSOS", "target": "SANTO DOMINGO", "distance": 0.5, "betweenness": 0.0081343025268258914, "weight": 0.1081343025268259 }, "geometry": { "type": "LineString", "coordinates": [ [ -75.460723, 6.643366 ], [ -75.164903, 6.473032 ] ] } },
{ "type": "Feature", "properties": { "source": "SANTA ROSA DE OSOS", "target": "BARBOSA", "distance": 0.5, "betweenness": 0.0030246089436120594, "weight": 0.10302460894361207 }, "geometry": { "type": "LineString", "coordinates": [ [ -75.460723, 6.643366 ], [ -75.331627, 6.439195 ] ] } },
{ "type": "Feature", "properties": { "source": "SANTA ROSA DE OSOS", "target": "OLAYA", "distance": 0.33333333333333331, "betweenness": 0.0019037729318103151, "weight": 0.10190377293181033 }, "geometry": { "type": "LineString", "coordinates": [ [ -75.460723, 6.643366 ], [ -75.811773, 6.626492 ] ] } },
{ "type": "Feature", "properties": { "source": "SANTA ROSA DE OSOS", "target": "SAN PEDRO DE LOS MILAGROS", "distance": 0.25, "betweenness": 0.010110188069689628, "weight": 0.11011018806968964 }, "geometry": { "type": "LineString", "coordinates": [ [ -75.460723, 6.643366 ], [ -75.556743, 6.46012 ] ] } },
{ "type": "Feature", "properties": { "source": "SANTA ROSA DE OSOS", "target": "YOLOMBÓ", "distance": 0.33333333333333331, "betweenness": 0.020941502249913466, "weight": 0.12094150224991347 }, "geometry": { "type": "LineString", "coordinates": [ [ -75.460723, 6.643366 ], [ -75.013385, 6.594511 ] ] } },
{ "type": "Feature", "properties": { "source": "SANTA ROSA DE OSOS", "target": "CONCEPCIÓN", "distance": 0.25, "betweenness": 0.081367749592048663, "weight": 0.18136774959204865 }, "geometry": { "type": "LineString", "coordinates": [ [ -75.460723, 6.643366 ], [ -75.257587, 6.394348 ] ] } },
{ "type": "Feature", "properties": { "source": "SANTA ROSA DE OSOS", "target": "CISNEROS", "distance": 0.5, "betweenness": 0.0050190377293181038, "weight": 0.10501903772931812 }, "geometry": { "type": "LineString", "coordinates": [ [ -75.460723, 6.643366 ], [ -75.087047, 6.537829 ] ] } },
{ "type": "Feature", "properties": { "source": "SANTA ROSA DE OSOS", "target": "SOPETRÁN", "distance": 0.25, "betweenness": 0.01704742125302873, "weight": 0.11704742125302874 }, "geometry": { "type": "LineString", "coordinates": [ [ -75.460723, 6.643366 ], [ -75.747378, 6.500745 ] ] } },
{ "type": "Feature", "properties": { "source": "SANTA ROSA DE OSOS", "target": "GIRARDOTA", "distance": 0.5, "betweenness": 0.00034614053305642093, "weight": 0.10034614053305643 }, "geometry": { "type": "LineString", "coordinates": [ [ -75.460723, 6.643366 ], [ -75.444238, 6.379472 ] ] } },
{ "type": "Feature", "properties": { "source": "SANTA ROSA DE OSOS", "target": "COPACABANA", "distance": 0.5, "betweenness": 0.0, "weight": 0.1 }, "geometry": { "type": "LineString", "coordinates": [ [ -75.460723, 6.643366 ], [ -75.509384, 6.348557 ] ] } },
{ "type": "Feature", "properties": { "source": "SANTA ROSA DE OSOS", "target": "BELLO", "distance": 1.0, "betweenness": 0.0, "weight": 0.1 }, "geometry": { "type": "LineString", "coordinates": [ [ -75.460723, 6.643366 ], [ -75.555245, 6.333587 ] ] } },
{ "type": "Feature", "properties": { "source": "SANTA ROSA DE OSOS", "target": "SAN VICENTE FERRER", "distance": 1.0, "betweenness": 0.0, "weight": 0.1 }, "geometry": { "type": "LineString", "coordinates": [ [ -75.460723, 6.643366 ], [ -75.332616, 6.282164 ] ] } },
{ "type": "Feature", "properties": { "source": "ANGOSTURA", "target": "GUADALUPE", "distance": 0.5, "betweenness": 0.00017307026652821047, "weight": 0.10017307026652822 }, "geometry": { "type": "LineString", "coordinates": [ [ -75.335116, 6.885175 ], [ -75.239862, 6.815069 ] ] } },
{ "type": "Feature", "properties": { "source": "ANGOSTURA", "target": "CAROLINA", "distance": 0.5, "betweenness": 0.0, "weight": 0.1 }, "geometry": { "type": "LineString", "coordinates": [ [ -75.335116, 6.885175 ], [ -75.283192, 6.725995 ] ] } },
{ "type": "Feature", "properties": { "source": "ANGOSTURA", "target": "GÓMEZ PLATA", "distance": 0.5, "betweenness": 0.00034614053305642093, "weight": 0.10034614053305643 }, "geometry": { "type": "LineString", "coordinates": [ [ -75.335116, 6.885175 ], [ -75.220018, 6.683269 ] ] } },
{ "type": "Feature", "properties": { "source": "ANGOSTURA", "target": "AMALFI", "distance": 0.25, "betweenness": 0.04569055036344756, "weight": 0.14569055036344758 }, "geometry": { "type": "LineString", "coordinates": [ [ -75.335116, 6.885175 ], [ -75.077501, 6.909655 ] ] } },
{ "type": "Feature", "properties": { "source": "ANGOSTURA", "target": "ENTRERRÍOS", "distance": 0.125, "betweenness": 0.066458982346832812, "weight": 0.16645898234683282 }, "geometry": { "type": "LineString", "coordinates": [ [ -75.335116, 6.885175 ], [ -75.517685, 6.566273 ] ] } },
{ "type": "Feature", "properties": { "source": "GUADALUPE", "target": "AMALFI", "distance": 0.5, "betweenness": 0.0017307026652821048, "weight": 0.10173070266528211 }, "geometry": { "type": "LineString", "coordinates": [ [ -75.239862, 6.815069 ], [ -75.077501, 6.909655 ] ] } },
{ "type": "Feature", "properties": { "source": "GUADALUPE", "target": "CAROLINA", "distance": 0.5, "betweenness": 0.0, "weight": 0.1 }, "geometry": { "type": "LineString", "coordinates": [ [ -75.239862, 6.815069 ], [ -75.283192, 6.725995 ] ] } },
{ "type": "Feature", "properties": { "source": "GUADALUPE", "target": "GÓMEZ PLATA", "distance": 0.5, "betweenness": 0.0, "weight": 0.1 }, "geometry": { "type": "LineString", "coordinates": [ [ -75.239862, 6.815069 ], [ -75.220018, 6.683269 ] ] } },
{ "type": "Feature", "properties": { "source": "GUADALUPE", "target": "YOLOMBÓ", "distance": 0.5, "betweenness": 0.0, "weight": 0.1 }, "geometry": { "type": "LineString", "coordinates": [ [ -75.239862, 6.815069 ], [ -75.013385, 6.594511 ] ] } },
{ "type": "Feature", "properties": { "source": "CAROLINA", "target": "GÓMEZ PLATA", "distance": 0.5, "betweenness": 0.00069228106611284187, "weight": 0.10069228106611285 }, "geometry": { "type": "LineString", "coordinates": [ [ -75.283192, 6.725995 ], [ -75.220018, 6.683269 ] ] } },
{ "type": "Feature", "properties": { "source": "CAROLINA", "target": "AMALFI", "distance": 0.5, "betweenness": 0.00051921079958463135, "weight": 0.10051921079958463 }, "geometry": { "type": "LineString", "coordinates": [ [ -75.283192, 6.725995 ], [ -75.077501, 6.909655 ] ] } },
{ "type": "Feature", "properties": { "source": "CAROLINA", "target": "DONMATÍAS", "distance": 0.5, "betweenness": 0.00069228106611284187, "weight": 0.10069228106611285 }, "geometry": { "type": "LineString", "coordinates": [ [ -75.283192, 6.725995 ], [ -75.39263, 6.485603 ] ] } },
{ "type": "Feature", "properties": { "source": "CAROLINA", "target": "YOLOMBÓ", "distance": 0.5, "betweenness": 0.0015576323987538943, "weight": 0.1015576323987539 }, "geometry": { "type": "LineString", "coordinates": [ [ -75.283192, 6.725995 ], [ -75.013385, 6.594511 ] ] } },
{ "type": "Feature", "properties": { "source": "GÓMEZ PLATA", "target": "YOLOMBÓ", "distance": 0.5, "betweenness": 0.00051921079958463135, "weight": 0.10051921079958463 }, "geometry": { "type": "LineString", "coordinates": [ [ -75.220018, 6.683269 ], [ -75.013385, 6.594511 ] ] } },
{ "type": "Feature", "properties": { "source": "GÓMEZ PLATA", "target": "AMALFI", "distance": 0.5, "betweenness": 0.0013557170878043155, "weight": 0.10135571708780432 }, "geometry": { "type": "LineString", "coordinates": [ [ -75.220018, 6.683269 ], [ -75.077501, 6.909655 ] ] } },
{ "type": "Feature", "properties": { "source": "GÓMEZ PLATA", "target": "DONMATÍAS", "distance": 0.33333333333333331, "betweenness": 0.0053651782623745248, "weight": 0.10536517826237453 }, "geometry": { "type": "LineString", "coordinates": [ [ -75.220018, 6.683269 ], [ -75.39263, 6.485603 ] ] } },
{ "type": "Feature", "properties": { "source": "GÓMEZ PLATA", "target": "SANTO DOMINGO", "distance": 0.33333333333333331, "betweenness": 0.0032883350640359995, "weight": 0.10328833506403601 }, "geometry": { "type": "LineString", "coordinates": [ [ -75.220018, 6.683269 ], [ -75.164903, 6.473032 ] ] } },
{ "type": "Feature", "properties": { "source": "GÓMEZ PLATA", "target": "CISNEROS", "distance": 0.5, "betweenness": 0.00049036575516326296, "weight": 0.10049036575516326 }, "geometry": { "type": "LineString", "coordinates": [ [ -75.220018, 6.683269 ], [ -75.087047, 6.537829 ] ] } },
{ "type": "Feature", "properties": { "source": "GÓMEZ PLATA", "target": "BARBOSA", "distance": 0.5, "betweenness": 0.003288335064035999, "weight": 0.10328833506403601 }, "geometry": { "type": "LineString", "coordinates": [ [ -75.220018, 6.683269 ], [ -75.331627, 6.439195 ] ] } },
{ "type": "Feature", "properties": { "source": "GÓMEZ PLATA", "target": "SAN ROQUE", "distance": 1.0, "betweenness": 0.0, "weight": 0.1 }, "geometry": { "type": "LineString", "coordinates": [ [ -75.220018, 6.683269 ], [ -75.019109, 6.485939 ] ] } },
{ "type": "Feature", "properties": { "source": "FRONTINO", "target": "ABRIAQUÍ", "distance": 0.2, "betweenness": 0.0025960539979231569, "weight": 0.10259605399792317 }, "geometry": { "type": "LineString", "coordinates": [ [ -76.130765, 6.776066 ], [ -76.064304, 6.632282 ] ] } },
{ "type": "Feature", "properties": { "source": "FRONTINO", "target": "URRAO", "distance": 0.33333333333333331, "betweenness": 0.0046728971962616828, "weight": 0.10467289719626169 }, "geometry": { "type": "LineString", "coordinates": [ [ -76.130765, 6.776066 ], [ -76.133951, 6.317343 ] ] } },
{ "type": "Feature", "properties": { "source": "FRONTINO", "target": "SANTA FÉ DE ANTIOQUIA", "distance": 1.0, "betweenness": 0.0, "weight": 0.1 }, "geometry": { "type": "LineString", "coordinates": [ [ -76.130765, 6.776066 ], [ -75.826648, 6.556484 ] ] } },
{ "type": "Feature", "properties": { "source": "ABRIAQUÍ", "target": "URRAO", "distance": 0.25, "betweenness": 0.003288335064035999, "weight": 0.10328833506403601 }, "geometry": { "type": "LineString", "coordinates": [ [ -76.064304, 6.632282 ], [ -76.133951, 6.317343 ] ] } },
{ "type": "Feature", "properties": { "source": "ABRIAQUÍ", "target": "SANTA FÉ DE ANTIOQUIA", "distance": 0.076923076923076927, "betweenness": 0.010384215991692628, "weight": 0.11038421599169264 }, "geometry": { "type": "LineString", "coordinates": [ [ -76.064304, 6.632282 ], [ -75.826648, 6.556484 ] ] } },
{ "type": "Feature", "properties": { "source": "ABRIAQUÍ", "target": "CAICEDO", "distance": 0.2, "betweenness": 0.0051921079958463139, "weight": 0.10519210799584632 }, "geometry": { "type": "LineString", "coordinates": [ [ -76.064304, 6.632282 ], [ -75.98293, 6.405607 ] ] } },
{ "type": "Feature", "properties": { "source": "OLAYA", "target": "SOPETRÁN", "distance": 0.5, "betweenness": 0.0, "weight": 0.1 }, "geometry": { "type": "LineString", "coordinates": [ [ -75.811773, 6.626492 ], [ -75.747378, 6.500745 ] ] } },
{ "type": "Feature", "properties": { "source": "OLAYA", "target": "SANTA FÉ DE ANTIOQUIA", "distance": 0.5, "betweenness": 0.012287988923502944, "weight": 0.11228798892350295 }, "geometry": { "type": "LineString", "coordinates": [ [ -75.811773, 6.626492 ], [ -75.826648, 6.556484 ] ] } },
{ "type": "Feature", "properties": { "source": "OLAYA", "target": "ENTRERRÍOS", "distance": 0.071428571428571425, "betweenness": 0.10868812737971617, "weight": 0.20868812737971618 }, "geometry": { "type": "LineString", "coordinates": [ [ -75.811773, 6.626492 ], [ -75.517685, 6.566273 ] ] } },
{ "type": "Feature", "properties": { "source": "OLAYA", "target": "SAN PEDRO DE LOS MILAGROS", "distance": 1.0, "betweenness": 0.0, "weight": 0.1 }, "geometry": { "type": "LineString", "coordinates": [ [ -75.811773, 6.626492 ], [ -75.556743, 6.46012 ] ] } },
{ "type": "Feature", "properties": { "source": "OLAYA", "target": "SAN JERÓNIMO", "distance": 1.0, "betweenness": 0.0, "weight": 0.1 }, "geometry": { "type": "LineString", "coordinates": [ [ -75.811773, 6.626492 ], [ -75.726975, 6.44809 ] ] } },
{ "type": "Feature", "properties": { "source": "SANTA FÉ DE ANTIOQUIA", "target": "URRAO", "distance": 0.5, "betweenness": 0.0, "weight": 0.1 }, "geometry": { "type": "LineString", "coordinates": [ [ -75.826648, 6.556484 ], [ -76.133951, 6.317343 ] ] } },
{ "type": "Feature", "properties": { "source": "SANTA FÉ DE ANTIOQUIA", "target": "CAICEDO", "distance": 0.25, "betweenness": 0.00034614053305642093, "weight": 0.10034614053305643 }, "geometry": { "type": "LineString", "coordinates": [ [ -75.826648, 6.556484 ], [ -75.98293, 6.405607 ] ] } },
{ "type": "Feature", "properties": { "source": "SANTA FÉ DE ANTIOQUIA", "target": "ANZÁ", "distance": 0.5, "betweenness": 0.00077881619937694713, "weight": 0.10077881619937695 }, "geometry": { "type": "LineString", "coordinates": [ [ -75.826648, 6.556484 ], [ -75.854442, 6.302641 ] ] } },
{ "type": "Feature", "properties": { "source": "SANTA FÉ DE ANTIOQUIA", "target": "SOPETRÁN", "distance": 0.5, "betweenness": 0.00074997115495557863, "weight": 0.10074997115495558 }, "geometry": { "type": "LineString", "coordinates": [ [ -75.826648, 6.556484 ], [ -75.747378, 6.500745 ] ] } },
{ "type": "Feature", "properties": { "source": "SANTA FÉ DE ANTIOQUIA", "target": "EBÉJICO", "distance": 0.5, "betweenness": 0.0013557170878043152, "weight": 0.10135571708780432 }, "geometry": { "type": "LineString", "coordinates": [ [ -75.826648, 6.556484 ], [ -75.766413, 6.325615 ] ] } },
{ "type": "Feature", "properties": { "source": "SANTA FÉ DE ANTIOQUIA", "target": "SAN JERÓNIMO", "distance": 0.5, "betweenness": 0.00092304142148378916, "weight": 0.1009230414214838 }, "geometry": { "type": "LineString", "coordinates": [ [ -75.826648, 6.556484 ], [ -75.726975, 6.44809 ] ] } },
{ "type": "Feature", "properties": { "source": "ENTRERRÍOS", "target": "SAN PEDRO DE LOS MILAGROS", "distance": 0.5, "betweenness": 0.0, "weight": 0.1 }, "geometry": { "type": "LineString", "coordinates": [ [ -75.517685, 6.566273 ], [ -75.556743, 6.46012 ] ] } },
{ "type": "Feature", "properties": { "source": "ENTRERRÍOS", "target": "DONMATÍAS", "distance": 0.14285714285714285, "betweenness": 0.012114918656974732, "weight": 0.11211491865697473 }, "geometry": { "type": "LineString", "coordinates": [ [ -75.517685, 6.566273 ], [ -75.39263, 6.485603 ] ] } },
{ "type": "Feature", "properties": { "source": "ENTRERRÍOS", "target": "SOPETRÁN", "distance": 0.25, "betweenness": 0.009648667358947734, "weight": 0.10964866735894774 }, "geometry": { "type": "LineString", "coordinates": [ [ -75.517685, 6.566273 ], [ -75.747378, 6.500745 ] ] } },
{ "type": "Feature", "properties": { "source": "ENTRERRÍOS", "target": "SAN JERÓNIMO", "distance": 0.25, "betweenness": 0.012922579900773046, "weight": 0.11292257990077305 }, "geometry": { "type": "LineString", "coordinates": [ [ -75.517685, 6.566273 ], [ -75.726975, 6.44809 ] ] } },
{ "type": "Feature", "properties": { "source": "ENTRERRÍOS", "target": "GIRARDOTA", "distance": 0.16666666666666666, "betweenness": 0.04281016664194235, "weight": 0.14281016664194235 }, "geometry": { "type": "LineString", "coordinates": [ [ -75.517685, 6.566273 ], [ -75.444238, 6.379472 ] ] } },
{ "type": "Feature", "properties": { "source": "ENTRERRÍOS", "target": "BELLO", "distance": 0.16666666666666666, "betweenness": 0.042950271143417568, "weight": 0.14295027114341757 }, "geometry": { "type": "LineString", "coordinates": [ [ -75.517685, 6.566273 ], [ -75.555245, 6.333587 ] ] } },
{ "type": "Feature", "properties": { "source": "ENTRERRÍOS", "target": "BARBOSA", "distance": 0.5, "betweenness": 0.0, "weight": 0.1 }, "geometry": { "type": "LineString", "coordinates": [ [ -75.517685, 6.566273 ], [ -75.331627, 6.439195 ] ] } },
{ "type": "Feature", "properties": { "source": "ENTRERRÍOS", "target": "COPACABANA", "distance": 0.090909090909090912, "betweenness": 0.11035083815457648, "weight": 0.2103508381545765 }, "geometry": { "type": "LineString", "coordinates": [ [ -75.517685, 6.566273 ], [ -75.509384, 6.348557 ] ] } },
{ "type": "Feature", "properties": { "source": "SOPETRÁN", "target": "SAN PEDRO DE LOS MILAGROS", "distance": 0.5, "betweenness": 0.00017307026652821047, "weight": 0.10017307026652822 }, "geometry": { "type": "LineString", "coordinates": [ [ -75.747378, 6.500745 ], [ -75.556743, 6.46012 ] ] } },
{ "type": "Feature", "properties": { "source": "SOPETRÁN", "target": "SAN JERÓNIMO", "distance": 0.5, "betweenness": 8.6535133264105233e-05, "weight": 0.10008653513326411 }, "geometry": { "type": "LineString", "coordinates": [ [ -75.747378, 6.500745 ], [ -75.726975, 6.44809 ] ] } },
{ "type": "Feature", "properties": { "source": "SOPETRÁN", "target": "BELLO", "distance": 0.5, "betweenness": 0.0, "weight": 0.1 }, "geometry": { "type": "LineString", "coordinates": [ [ -75.747378, 6.500745 ], [ -75.555245, 6.333587 ] ] } },
{ "type": "Feature", "properties": { "source": "SOPETRÁN", "target": "MEDELLÍN", "distance": 0.5, "betweenness": 0.0024806738202376834, "weight": 0.10248067382023769 }, "geometry": { "type": "LineString", "coordinates": [ [ -75.747378, 6.500745 ], [ -75.581775, 6.246631 ] ] } },
{ "type": "Feature", "properties": { "source": "SOPETRÁN", "target": "EBÉJICO", "distance": 0.5, "betweenness": 0.0011538017768547364, "weight": 0.10115380177685475 }, "geometry": { "type": "LineString", "coordinates": [ [ -75.747378, 6.500745 ], [ -75.766413, 6.325615 ] ] } },
{ "type": "Feature", "properties": { "source": "SOPETRÁN", "target": "CAICEDO", "distance": 0.5, "betweenness": 0.0012114918656974732, "weight": 0.10121149186569747 }, "geometry": { "type": "LineString", "coordinates": [ [ -75.747378, 6.500745 ], [ -75.98293, 6.405607 ] ] } },
{ "type": "Feature", "properties": { "source": "SOPETRÁN", "target": "ANZÁ", "distance": 0.33333333333333331, "betweenness": 0.017148378908503521, "weight": 0.11714837890850352 }, "geometry": { "type": "LineString", "coordinates": [ [ -75.747378, 6.500745 ], [ -75.854442, 6.302641 ] ] } },
{ "type": "Feature", "properties": { "source": "URRAO", "target": "CAICEDO", "distance": 0.33333333333333331, "betweenness": 0.0, "weight": 0.1 }, "geometry": { "type": "LineString", "coordinates": [ [ -76.133951, 6.317343 ], [ -75.98293, 6.405607 ] ] } },
{ "type": "Feature", "properties": { "source": "URRAO", "target": "ANZÁ", "distance": 0.33333333333333331, "betweenness": 0.006230529595015577, "weight": 0.10623052959501558 }, "geometry": { "type": "LineString", "coordinates": [ [ -76.133951, 6.317343 ], [ -75.854442, 6.302641 ] ] } },
{ "type": "Feature", "properties": { "source": "URRAO", "target": "BETULIA", "distance": 0.5, "betweenness": 0.0044998269297334718, "weight": 0.10449982692973347 }, "geometry": { "type": "LineString", "coordinates": [ [ -76.133951, 6.317343 ], [ -75.984452, 6.115208 ] ] } },
{ "type": "Feature", "properties": { "source": "URRAO", "target": "VIGÍA DEL FUERTE", "distance": 0.25, "betweenness": 0.018518518518518521, "weight": 0.11851851851851852 }, "geometry": { "type": "LineString", "coordinates": [ [ -76.133951, 6.317343 ], [ -76.896004, 6.588164 ] ] } },
{ "type": "Feature", "properties": { "source": "URRAO", "target": "SALGAR", "distance": 0.33333333333333331, "betweenness": 0.020811699550017309, "weight": 0.12081169955001732 }, "geometry": { "type": "LineString", "coordinates": [ [ -76.133951, 6.317343 ], [ -75.976807, 5.964198 ] ] } },
{ "type": "Feature", "properties": { "source": "URRAO", "target": "CONCORDIA", "distance": 0.5, "betweenness": 0.0042834890965732092, "weight": 0.10428348909657321 }, "geometry": { "type": "LineString", "coordinates": [ [ -76.133951, 6.317343 ], [ -75.908448, 6.045738 ] ] } },
{ "type": "Feature", "properties": { "source": "URRAO", "target": "CIUDAD BOLÍVAR", "distance": 0.25, "betweenness": 0.047075112495673248, "weight": 0.14707511249567326 }, "geometry": { "type": "LineString", "coordinates": [ [ -76.133951, 6.317343 ], [ -76.021509, 5.850273 ] ] } },
{ "type": "Feature", "properties": { "source": "AMALFI", "target": "YOLOMBÓ", "distance": 0.5, "betweenness": 0.00066343602169147337, "weight": 0.10066343602169148 }, "geometry": { "type": "LineString", "coordinates": [ [ -75.077501, 6.909655 ], [ -75.013385, 6.594511 ] ] } },
{ "type": "Feature", "properties": { "source": "AMALFI", "target": "VEGACHÍ", "distance": 0.5, "betweenness": 0.0087400484596746285, "weight": 0.10874004845967464 }, "geometry": { "type": "LineString", "coordinates": [ [ -75.077501, 6.909655 ], [ -74.798714, 6.773525 ] ] } },
{ "type": "Feature", "properties": { "source": "AMALFI", "target": "YALÍ", "distance": 0.5, "betweenness": 0.0089131187262028386, "weight": 0.10891311872620285 }, "geometry": { "type": "LineString", "coordinates": [ [ -75.077501, 6.909655 ], [ -74.840059, 6.676554 ] ] } },
{ "type": "Feature", "properties": { "source": "AMALFI", "target": "REMEDIOS", "distance": 1.0, "betweenness": 0.018114687896619363, "weight": 0.11811468789661937 }, "geometry": { "type": "LineString", "coordinates": [ [ -75.077501, 6.909655 ], [ -74.698135, 7.029424 ] ] } },
{ "type": "Feature", "properties": { "source": "CAICEDO", "target": "ANZÁ", "distance": 0.5, "betweenness": 0.00034614053305642093, "weight": 0.10034614053305643 }, "geometry": { "type": "LineString", "coordinates": [ [ -75.98293, 6.405607 ], [ -75.854442, 6.302641 ] ] } },
{ "type": "Feature", "properties": { "source": "CAICEDO", "target": "EBÉJICO", "distance": 0.33333333333333331, "betweenness": 0.014018691588785048, "weight": 0.11401869158878505 }, "geometry": { "type": "LineString", "coordinates": [ [ -75.98293, 6.405607 ], [ -75.766413, 6.325615 ] ] } },
{ "type": "Feature", "properties": { "source": "CAICEDO", "target": "BETULIA", "distance": 0.5, "betweenness": 0.00051921079958463135, "weight": 0.10051921079958463 }, "geometry": { "type": "LineString", "coordinates": [ [ -75.98293, 6.405607 ], [ -75.984452, 6.115208 ] ] } },
{ "type": "Feature", "properties": { "source": "DONMATÍAS", "target": "BARBOSA", "distance": 0.5, "betweenness": 0.00017307026652821047, "weight": 0.10017307026652822 }, "geometry": { "type": "LineString", "coordinates": [ [ -75.39263, 6.485603 ], [ -75.331627, 6.439195 ] ] } },
{ "type": "Feature", "properties": { "source": "DONMATÍAS", "target": "SANTO DOMINGO", "distance": 0.5, "betweenness": 0.003288335064035999, "weight": 0.10328833506403601 }, "geometry": { "type": "LineString", "coordinates": [ [ -75.39263, 6.485603 ], [ -75.164903, 6.473032 ] ] } },
{ "type": "Feature", "properties": { "source": "DONMATÍAS", "target": "CONCEPCIÓN", "distance": 0.5, "betweenness": 0.0012114918656974732, "weight": 0.10121149186569747 }, "geometry": { "type": "LineString", "coordinates": [ [ -75.39263, 6.485603 ], [ -75.257587, 6.394348 ] ] } },
{ "type": "Feature", "properties": { "source": "DONMATÍAS", "target": "YOLOMBÓ", "distance": 0.5, "betweenness": 0.0017307026652821048, "weight": 0.10173070266528211 }, "geometry": { "type": "LineString", "coordinates": [ [ -75.39263, 6.485603 ], [ -75.013385, 6.594511 ] ] } },
{ "type": "Feature", "properties": { "source": "DONMATÍAS", "target": "CISNEROS", "distance": 0.5, "betweenness": 0.0034614053305642095, "weight": 0.10346140533056422 }, "geometry": { "type": "LineString", "coordinates": [ [ -75.39263, 6.485603 ], [ -75.087047, 6.537829 ] ] } },
{ "type": "Feature", "properties": { "source": "DONMATÍAS", "target": "SAN VICENTE FERRER", "distance": 0.5, "betweenness": 0.0, "weight": 0.1 }, "geometry": { "type": "LineString", "coordinates": [ [ -75.39263, 6.485603 ], [ -75.332616, 6.282164 ] ] } },
{ "type": "Feature", "properties": { "source": "DONMATÍAS", "target": "SAN PEDRO DE LOS MILAGROS", "distance": 0.33333333333333331, "betweenness": 0.0013845621322256837, "weight": 0.10138456213222569 }, "geometry": { "type": "LineString", "coordinates": [ [ -75.39263, 6.485603 ], [ -75.556743, 6.46012 ] ] } },
{ "type": "Feature", "properties": { "source": "DONMATÍAS", "target": "COPACABANA", "distance": 0.25, "betweenness": 0.0, "weight": 0.1 }, "geometry": { "type": "LineString", "coordinates": [ [ -75.39263, 6.485603 ], [ -75.509384, 6.348557 ] ] } },
{ "type": "Feature", "properties": { "source": "DONMATÍAS", "target": "GIRARDOTA", "distance": 0.33333333333333331, "betweenness": 0.0, "weight": 0.1 }, "geometry": { "type": "LineString", "coordinates": [ [ -75.39263, 6.485603 ], [ -75.444238, 6.379472 ] ] } },
{ "type": "Feature", "properties": { "source": "DONMATÍAS", "target": "BELLO", "distance": 0.2, "betweenness": 0.016441675320179993, "weight": 0.11644167532018 }, "geometry": { "type": "LineString", "coordinates": [ [ -75.39263, 6.485603 ], [ -75.555245, 6.333587 ] ] } },
{ "type": "Feature", "properties": { "source": "DONMATÍAS", "target": "GUARNE", "distance": 0.5, "betweenness": 0.0, "weight": 0.1 }, "geometry": { "type": "LineString", "coordinates": [ [ -75.39263, 6.485603 ], [ -75.441612, 6.27787 ] ] } },
{ "type": "Feature", "properties": { "source": "DONMATÍAS", "target": "MEDELLÍN", "distance": 1.0, "betweenness": 0.0, "weight": 0.1 }, "geometry": { "type": "LineString", "coordinates": [ [ -75.39263, 6.485603 ], [ -75.581775, 6.246631 ] ] } },
{ "type": "Feature", "properties": { "source": "SANTO DOMINGO", "target": "BARBOSA", "distance": 0.5, "betweenness": 0.00086535133264105239, "weight": 0.10086535133264106 }, "geometry": { "type": "LineString", "coordinates": [ [ -75.164903, 6.473032 ], [ -75.331627, 6.439195 ] ] } },
{ "type": "Feature", "properties": { "source": "SANTO DOMINGO", "target": "CONCEPCIÓN", "distance": 0.5, "betweenness": 0.00077881619937694713, "weight": 0.10077881619937695 }, "geometry": { "type": "LineString", "coordinates": [ [ -75.164903, 6.473032 ], [ -75.257587, 6.394348 ] ] } },
{ "type": "Feature", "properties": { "source": "SANTO DOMINGO", "target": "CISNEROS", "distance": 0.5, "betweenness": 0.00034614053305642093, "weight": 0.10034614053305643 }, "geometry": { "type": "LineString", "coordinates": [ [ -75.164903, 6.473032 ], [ -75.087047, 6.537829 ] ] } },
{ "type": "Feature", "properties": { "source": "SANTO DOMINGO", "target": "YOLOMBÓ", "distance": 0.5, "betweenness": 0.0013124495211722627, "weight": 0.10131244952117227 }, "geometry": { "type": "LineString", "coordinates": [ [ -75.164903, 6.473032 ], [ -75.013385, 6.594511 ] ] } },
{ "type": "Feature", "properties": { "source": "SANTO DOMINGO", "target": "ALEJANDRÍA", "distance": 0.5, "betweenness": 0.00046728971962616819, "weight": 0.10046728971962618 }, "geometry": { "type": "LineString", "coordinates": [ [ -75.164903, 6.473032 ], [ -75.141346, 6.376061 ] ] } },
{ "type": "Feature", "properties": { "source": "SANTO DOMINGO", "target": "SAN ROQUE", "distance": 0.5, "betweenness": 0.00066343602169147337, "weight": 0.10066343602169148 }, "geometry": { "type": "LineString", "coordinates": [ [ -75.164903, 6.473032 ], [ -75.019109, 6.485939 ] ] } },
{ "type": "Feature", "properties": { "source": "SANTO DOMINGO", "target": "SAN RAFAEL", "distance": 0.5, "betweenness": 0.00056247836621668398, "weight": 0.10056247836621669 }, "geometry": { "type": "LineString", "coordinates": [ [ -75.164903, 6.473032 ], [ -75.02849, 6.293759 ] ] } },
{ "type": "Feature", "properties": { "source": "SANTO DOMINGO", "target": "GUATAPÉ", "distance": 0.5, "betweenness": 0.00025960539979231567, "weight": 0.10025960539979233 }, "geometry": { "type": "LineString", "coordinates": [ [ -75.164903, 6.473032 ], [ -75.160041, 6.232461 ] ] } },
{ "type": "Feature", "properties": { "source": "SANTO DOMINGO", "target": "SAN VICENTE FERRER", "distance": 0.5, "betweenness": 0.0044998269297334718, "weight": 0.10449982692973347 }, "geometry": { "type": "LineString", "coordinates": [ [ -75.164903, 6.473032 ], [ -75.332616, 6.282164 ] ] } },
{ "type": "Feature", "properties": { "source": "SANTO DOMINGO", "target": "PEÑOL", "distance": 0.2, "betweenness": 0.010118841583016038, "weight": 0.11011884158301605 }, "geometry": { "type": "LineString", "coordinates": [ [ -75.164903, 6.473032 ], [ -75.242693, 6.219349 ] ] } },
{ "type": "Feature", "properties": { "source": "BARBOSA", "target": "CONCEPCIÓN", "distance": 0.33333333333333331, "betweenness": 0.00077881619937694713, "weight": 0.10077881619937695 }, "geometry": { "type": "LineString", "coordinates": [ [ -75.331627, 6.439195 ], [ -75.257587, 6.394348 ] ] } },
{ "type": "Feature", "properties": { "source": "BARBOSA", "target": "SAN VICENTE FERRER", "distance": 0.5, "betweenness": 0.0, "weight": 0.1 }, "geometry": { "type": "LineString", "coordinates": [ [ -75.331627, 6.439195 ], [ -75.332616, 6.282164 ] ] } },
{ "type": "Feature", "properties": { "source": "BARBOSA", "target": "GIRARDOTA", "distance": 0.5, "betweenness": 8.6535133264105233e-05, "weight": 0.10008653513326411 }, "geometry": { "type": "LineString", "coordinates": [ [ -75.331627, 6.439195 ], [ -75.444238, 6.379472 ] ] } },
{ "type": "Feature", "properties": { "source": "BARBOSA", "target": "GUARNE", "distance": 0.5, "betweenness": 0.00017307026652821047, "weight": 0.10017307026652822 }, "geometry": { "type": "LineString", "coordinates": [ [ -75.331627, 6.439195 ], [ -75.441612, 6.27787 ] ] } },
{ "type": "Feature", "properties": { "source": "BARBOSA", "target": "SAN PEDRO DE LOS MILAGROS", "distance": 0.5, "betweenness": 0.00025960539979231567, "weight": 0.10025960539979233 }, "geometry": { "type": "LineString", "coordinates": [ [ -75.331627, 6.439195 ], [ -75.556743, 6.46012 ] ] } },
{ "type": "Feature", "properties": { "source": "BARBOSA", "target": "COPACABANA", "distance": 0.33333333333333331, "betweenness": 0.0046728971962616828, "weight": 0.10467289719626169 }, "geometry": { "type": "LineString", "coordinates": [ [ -75.331627, 6.439195 ], [ -75.509384, 6.348557 ] ] } },
{ "type": "Feature", "properties": { "source": "BARBOSA", "target": "BELLO", "distance": 0.33333333333333331, "betweenness": 0.00069228106611284187, "weight": 0.10069228106611285 }, "geometry": { "type": "LineString", "coordinates": [ [ -75.331627, 6.439195 ], [ -75.555245, 6.333587 ] ] } },
{ "type": "Feature", "properties": { "source": "BARBOSA", "target": "YOLOMBÓ", "distance": 0.5, "betweenness": 0.005884389061959156, "weight": 0.10588438906195916 }, "geometry": { "type": "LineString", "coordinates": [ [ -75.331627, 6.439195 ], [ -75.013385, 6.594511 ] ] } },
{ "type": "Feature", "properties": { "source": "BARBOSA", "target": "ALEJANDRÍA", "distance": 0.33333333333333331, "betweenness": 0.0033748701973001036, "weight": 0.10337487019730011 }, "geometry": { "type": "LineString", "coordinates": [ [ -75.331627, 6.439195 ], [ -75.141346, 6.376061 ] ] } },
{ "type": "Feature", "properties": { "source": "BARBOSA", "target": "PEÑOL", "distance": 0.5, "betweenness": 0.00095188646590515754, "weight": 0.10095188646590517 }, "geometry": { "type": "LineString", "coordinates": [ [ -75.331627, 6.439195 ], [ -75.242693, 6.219349 ] ] } },
{ "type": "Feature", "properties": { "source": "BARBOSA", "target": "MEDELLÍN", "distance": 0.16666666666666666, "betweenness": 0.022668084194563946, "weight": 0.12266808419456396 }, "geometry": { "type": "LineString", "coordinates": [ [ -75.331627, 6.439195 ], [ -75.581775, 6.246631 ] ] } },
{ "type": "Feature", "properties": { "source": "BARBOSA", "target": "MARINILLA", "distance": 0.5, "betweenness": 0.0, "weight": 0.1 }, "geometry": { "type": "LineString", "coordinates": [ [ -75.331627, 6.439195 ], [ -75.339345, 6.173995 ] ] } },
{ "type": "Feature", "properties": { "source": "BARBOSA", "target": "SAN ROQUE", "distance": 0.5, "betweenness": 0.00043267566632052619, "weight": 0.10043267566632053 }, "geometry": { "type": "LineString", "coordinates": [ [ -75.331627, 6.439195 ], [ -75.019109, 6.485939 ] ] } },
{ "type": "Feature", "properties": { "source": "BARBOSA", "target": "CISNEROS", "distance": 0.5, "betweenness": 0.0033748701973001041, "weight": 0.10337487019730011 }, "geometry": { "type": "LineString", "coordinates": [ [ -75.331627, 6.439195 ], [ -75.087047, 6.537829 ] ] } },
{ "type": "Feature", "properties": { "source": "BARBOSA", "target": "RIONEGRO", "distance": 0.5, "betweenness": 0.0, "weight": 0.1 }, "geometry": { "type": "LineString", "coordinates": [ [ -75.331627, 6.439195 ], [ -75.377316, 6.147148 ] ] } },
{ "type": "Feature", "properties": { "source": "YOLOMBÓ", "target": "CISNEROS", "distance": 0.5, "betweenness": 0.0008076612437983154, "weight": 0.10080766124379832 }, "geometry": { "type": "LineString", "coordinates": [ [ -75.013385, 6.594511 ], [ -75.087047, 6.537829 ] ] } },
{ "type": "Feature", "properties": { "source": "YOLOMBÓ", "target": "YALÍ", "distance": 0.5, "betweenness": 0.0095188646590515756, "weight": 0.10951886465905158 }, "geometry": { "type": "LineString", "coordinates": [ [ -75.013385, 6.594511 ], [ -74.840059, 6.676554 ] ] } },
{ "type": "Feature", "properties": { "source": "YOLOMBÓ", "target": "VEGACHÍ", "distance": 0.5, "betweenness": 0.0098361601476866269, "weight": 0.10983616014768663 }, "geometry": { "type": "LineString", "coordinates": [ [ -75.013385, 6.594511 ], [ -74.798714, 6.773525 ] ] } },
{ "type": "Feature", "properties": { "source": "YOLOMBÓ", "target": "SAN ROQUE", "distance": 0.5, "betweenness": 0.0011682242990654207, "weight": 0.10116822429906543 }, "geometry": { "type": "LineString", "coordinates": [ [ -75.013385, 6.594511 ], [ -75.019109, 6.485939 ] ] } },
{ "type": "Feature", "properties": { "source": "YOLOMBÓ", "target": "CONCEPCIÓN", "distance": 0.5, "betweenness": 0.0099082727587400492, "weight": 0.10990827275874006 }, "geometry": { "type": "LineString", "coordinates": [ [ -75.013385, 6.594511 ], [ -75.257587, 6.394348 ] ] } },
{ "type": "Feature", "properties": { "source": "YOLOMBÓ", "target": "MACEO", "distance": 0.5, "betweenness": 0.0085381331487250495, "weight": 0.10853813314872506 }, "geometry": { "type": "LineString", "coordinates": [ [ -75.013385, 6.594511 ], [ -74.78716, 6.552116 ] ] } },
{ "type": "Feature", "properties": { "source": "YOLOMBÓ", "target": "SAN RAFAEL", "distance": 1.0, "betweenness": 0.00012980269989615784, "weight": 0.10012980269989616 }, "geometry": { "type": "LineString", "coordinates": [ [ -75.013385, 6.594511 ], [ -75.02849, 6.293759 ] ] } },
{ "type": "Feature", "properties": { "source": "SAN PEDRO DE LOS MILAGROS", "target": "BELLO", "distance": 0.33333333333333331, "betweenness": 0.0019470404984423678, "weight": 0.10194704049844237 }, "geometry": { "type": "LineString", "coordinates": [ [ -75.556743, 6.46012 ], [ -75.555245, 6.333587 ] ] } },
{ "type": "Feature", "properties": { "source": "SAN PEDRO DE LOS MILAGROS", "target": "GIRARDOTA", "distance": 0.5, "betweenness": 0.00017307026652821047, "weight": 0.10017307026652822 }, "geometry": { "type": "LineString", "coordinates": [ [ -75.556743, 6.46012 ], [ -75.444238, 6.379472 ] ] } },
{ "type": "Feature", "properties": { "source": "SAN PEDRO DE LOS MILAGROS", "target": "COPACABANA", "distance": 0.5, "betweenness": 0.00017307026652821047, "weight": 0.10017307026652822 }, "geometry": { "type": "LineString", "coordinates": [ [ -75.556743, 6.46012 ], [ -75.509384, 6.348557 ] ] } },
{ "type": "Feature", "properties": { "source": "SAN PEDRO DE LOS MILAGROS", "target": "SAN JERÓNIMO", "distance": 0.5, "betweenness": 0.00017307026652821047, "weight": 0.10017307026652822 }, "geometry": { "type": "LineString", "coordinates": [ [ -75.556743, 6.46012 ], [ -75.726975, 6.44809 ] ] } },
{ "type": "Feature", "properties": { "source": "SAN PEDRO DE LOS MILAGROS", "target": "MEDELLÍN", "distance": 0.5, "betweenness": 0.00064901349948078924, "weight": 0.1006490134994808 }, "geometry": { "type": "LineString", "coordinates": [ [ -75.556743, 6.46012 ], [ -75.581775, 6.246631 ] ] } },
{ "type": "Feature", "properties": { "source": "SAN PEDRO DE LOS MILAGROS", "target": "GUARNE", "distance": 0.33333333333333331, "betweenness": 0.0052353755624783664, "weight": 0.10523537556247838 }, "geometry": { "type": "LineString", "coordinates": [ [ -75.556743, 6.46012 ], [ -75.441612, 6.27787 ] ] } },
{ "type": "Feature", "properties": { "source": "SAN PEDRO DE LOS MILAGROS", "target": "SAN VICENTE FERRER", "distance": 0.5, "betweenness": 0.00043267566632052619, "weight": 0.10043267566632053 }, "geometry": { "type": "LineString", "coordinates": [ [ -75.556743, 6.46012 ], [ -75.332616, 6.282164 ] ] } },
{ "type": "Feature", "properties": { "source": "SAN PEDRO DE LOS MILAGROS", "target": "EBÉJICO", "distance": 0.5, "betweenness": 0.0017595477097034731, "weight": 0.10175954770970348 }, "geometry": { "type": "LineString", "coordinates": [ [ -75.556743, 6.46012 ], [ -75.766413, 6.325615 ] ] } },
{ "type": "Feature", "properties": { "source": "SAN JERÓNIMO", "target": "BELLO", "distance": 0.5, "betweenness": 0.0, "weight": 0.1 }, "geometry": { "type": "LineString", "coordinates": [ [ -75.726975, 6.44809 ], [ -75.555245, 6.333587 ] ] } },
{ "type": "Feature", "properties": { "source": "SAN JERÓNIMO", "target": "EBÉJICO", "distance": 0.5, "betweenness": 0.00067785854390215762, "weight": 0.10067785854390217 }, "geometry": { "type": "LineString", "coordinates": [ [ -75.726975, 6.44809 ], [ -75.766413, 6.325615 ] ] } },
{ "type": "Feature", "properties": { "source": "SAN JERÓNIMO", "target": "MEDELLÍN", "distance": 0.5, "betweenness": 0.0024662512980269989, "weight": 0.102466251298027 }, "geometry": { "type": "LineString", "coordinates": [ [ -75.726975, 6.44809 ], [ -75.581775, 6.246631 ] ] } },
{ "type": "Feature", "properties": { "source": "SAN JERÓNIMO", "target": "COPACABANA", "distance": 0.5, "betweenness": 0.0, "weight": 0.1 }, "geometry": { "type": "LineString", "coordinates": [ [ -75.726975, 6.44809 ], [ -75.509384, 6.348557 ] ] } },
{ "type": "Feature", "properties": { "source": "SAN JERÓNIMO", "target": "HELICONIA", "distance": 0.5, "betweenness": 0.00041825314410984195, "weight": 0.10041825314410985 }, "geometry": { "type": "LineString", "coordinates": [ [ -75.726975, 6.44809 ], [ -75.734322, 6.206757 ] ] } },
{ "type": "Feature", "properties": { "source": "SAN JERÓNIMO", "target": "ANZÁ", "distance": 0.5, "betweenness": 0.00096630898811584168, "weight": 0.10096630898811584 }, "geometry": { "type": "LineString", "coordinates": [ [ -75.726975, 6.44809 ], [ -75.854442, 6.302641 ] ] } },
{ "type": "Feature", "properties": { "source": "CONCEPCIÓN", "target": "SAN VICENTE FERRER", "distance": 0.25, "betweenness": 0.041104188300449984, "weight": 0.14110418830044999 }, "geometry": { "type": "LineString", "coordinates": [ [ -75.257587, 6.394348 ], [ -75.332616, 6.282164 ] ] } },
{ "type": "Feature", "properties": { "source": "CONCEPCIÓN", "target": "ALEJANDRÍA", "distance": 0.5, "betweenness": 0.0, "weight": 0.1 }, "geometry": { "type": "LineString", "coordinates": [ [ -75.257587, 6.394348 ], [ -75.141346, 6.376061 ] ] } },
{ "type": "Feature", "properties": { "source": "CONCEPCIÓN", "target": "MARINILLA", "distance": 0.2, "betweenness": 0.025379518370172577, "weight": 0.12537951837017258 }, "geometry": { "type": "LineString", "coordinates": [ [ -75.257587, 6.394348 ], [ -75.339345, 6.173995 ] ] } },
{ "type": "Feature", "properties": { "source": "CONCEPCIÓN", "target": "GUATAPÉ", "distance": 0.25, "betweenness": 0.013239875389408101, "weight": 0.11323987538940811 }, "geometry": { "type": "LineString", "coordinates": [ [ -75.257587, 6.394348 ], [ -75.160041, 6.232461 ] ] } },
{ "type": "Feature", "properties": { "source": "CONCEPCIÓN", "target": "PEÑOL", "distance": 0.5, "betweenness": 0.00057690088842736822, "weight": 0.10057690088842737 }, "geometry": { "type": "LineString", "coordinates": [ [ -75.257587, 6.394348 ], [ -75.242693, 6.219349 ] ] } },
{ "type": "Feature", "properties": { "source": "CONCEPCIÓN", "target": "SAN RAFAEL", "distance": 0.5, "betweenness": 0.0041104188300449982, "weight": 0.104110418830045 }, "geometry": { "type": "LineString", "coordinates": [ [ -75.257587, 6.394348 ], [ -75.02849, 6.293759 ] ] } },
{ "type": "Feature", "properties": { "source": "CONCEPCIÓN", "target": "SAN ROQUE", "distance": 0.2, "betweenness": 0.039171570324218301, "weight": 0.13917157032421831 }, "geometry": { "type": "LineString", "coordinates": [ [ -75.257587, 6.394348 ], [ -75.019109, 6.485939 ] ] } },
{ "type": "Feature", "properties": { "source": "CONCEPCIÓN", "target": "GUARNE", "distance": 0.5, "betweenness": 0.0012114918656974732, "weight": 0.10121149186569747 }, "geometry": { "type": "LineString", "coordinates": [ [ -75.257587, 6.394348 ], [ -75.441612, 6.27787 ] ] } },
{ "type": "Feature", "properties": { "source": "CONCEPCIÓN", "target": "GIRARDOTA", "distance": 0.25, "betweenness": 0.015403253721010731, "weight": 0.11540325372101073 }, "geometry": { "type": "LineString", "coordinates": [ [ -75.257587, 6.394348 ], [ -75.444238, 6.379472 ] ] } },
{ "type": "Feature", "properties": { "source": "CONCEPCIÓN", "target": "GRANADA", "distance": 0.5, "betweenness": 0.0066632052613361031, "weight": 0.1066632052613361 }, "geometry": { "type": "LineString", "coordinates": [ [ -75.257587, 6.394348 ], [ -75.184446, 6.142892 ] ] } },
{ "type": "Feature", "properties": { "source": "CONCEPCIÓN", "target": "CISNEROS", "distance": 0.5, "betweenness": 0.0037210107303565251, "weight": 0.10372101073035653 }, "geometry": { "type": "LineString", "coordinates": [ [ -75.257587, 6.394348 ], [ -75.087047, 6.537829 ] ] } },
{ "type": "Feature", "properties": { "source": "CONCEPCIÓN", "target": "RIONEGRO", "distance": 0.33333333333333331, "betweenness": 0.016614745586708203, "weight": 0.1166147455867082 }, "geometry": { "type": "LineString", "coordinates": [ [ -75.257587, 6.394348 ], [ -75.377316, 6.147148 ] ] } },
{ "type": "Feature", "properties": { "source": "CONCEPCIÓN", "target": "SAN CARLOS", "distance": 0.16666666666666666, "betweenness": 0.040931118033921778, "weight": 0.14093111803392178 }, "geometry": { "type": "LineString", "coordinates": [ [ -75.257587, 6.394348 ], [ -74.988097, 6.187746 ] ] } },
{ "type": "Feature", "properties": { "source": "CONCEPCIÓN", "target": "EL SANTUARIO", "distance": 0.5, "betweenness": 0.0021633783316026309, "weight": 0.10216337833160263 }, "geometry": { "type": "LineString", "coordinates": [ [ -75.257587, 6.394348 ], [ -75.265465, 6.136871 ] ] } },
{ "type": "Feature", "properties": { "source": "CISNEROS", "target": "SAN ROQUE", "distance": 0.5, "betweenness": 0.00043267566632052619, "weight": 0.10043267566632053 }, "geometry": { "type": "LineString", "coordinates": [ [ -75.087047, 6.537829 ], [ -75.019109, 6.485939 ] ] } },
{ "type": "Feature", "properties": { "source": "CISNEROS", "target": "ALEJANDRÍA", "distance": 0.5, "betweenness": 0.00086535133264105239, "weight": 0.10086535133264106 }, "geometry": { "type": "LineString", "coordinates": [ [ -75.087047, 6.537829 ], [ -75.141346, 6.376061 ] ] } },
{ "type": "Feature", "properties": { "source": "SAN VICENTE FERRER", "target": "PEÑOL", "distance": 0.5, "betweenness": 0.0044998269297334718, "weight": 0.10449982692973347 }, "geometry": { "type": "LineString", "coordinates": [ [ -75.332616, 6.282164 ], [ -75.242693, 6.219349 ] ] } },
{ "type": "Feature", "properties": { "source": "SAN VICENTE FERRER", "target": "GUARNE", "distance": 0.5, "betweenness": 0.0, "weight": 0.1 }, "geometry": { "type": "LineString", "coordinates": [ [ -75.332616, 6.282164 ], [ -75.441612, 6.27787 ] ] } },
{ "type": "Feature", "properties": { "source": "SAN VICENTE FERRER", "target": "MARINILLA", "distance": 0.5, "betweenness": 0.0, "weight": 0.1 }, "geometry": { "type": "LineString", "coordinates": [ [ -75.332616, 6.282164 ], [ -75.339345, 6.173995 ] ] } },
{ "type": "Feature", "properties": { "source": "SAN VICENTE FERRER", "target": "GIRARDOTA", "distance": 0.5, "betweenness": 0.0, "weight": 0.1 }, "geometry": { "type": "LineString", "coordinates": [ [ -75.332616, 6.282164 ], [ -75.444238, 6.379472 ] ] } },
{ "type": "Feature", "properties": { "source": "SAN VICENTE FERRER", "target": "RIONEGRO", "distance": 0.5, "betweenness": 0.0, "weight": 0.1 }, "geometry": { "type": "LineString", "coordinates": [ [ -75.332616, 6.282164 ], [ -75.377316, 6.147148 ] ] } },
{ "type": "Feature", "properties": { "source": "SAN VICENTE FERRER", "target": "ALEJANDRÍA", "distance": 0.33333333333333331, "betweenness": 0.011682242990654207, "weight": 0.11168224299065421 }, "geometry": { "type": "LineString", "coordinates": [ [ -75.332616, 6.282164 ], [ -75.141346, 6.376061 ] ] } },
{ "type": "Feature", "properties": { "source": "SAN VICENTE FERRER", "target": "GUATAPÉ", "distance": 0.5, "betweenness": 0.0016441675320179995, "weight": 0.10164416753201801 }, "geometry": { "type": "LineString", "coordinates": [ [ -75.332616, 6.282164 ], [ -75.160041, 6.232461 ] ] } },
{ "type": "Feature", "properties": { "source": "SAN VICENTE FERRER", "target": "COPACABANA", "distance": 0.2, "betweenness": 0.072102309251841967, "weight": 0.17210230925184197 }, "geometry": { "type": "LineString", "coordinates": [ [ -75.332616, 6.282164 ], [ -75.509384, 6.348557 ] ] } },
{ "type": "Feature", "properties": { "source": "SAN VICENTE FERRER", "target": "MEDELLÍN", "distance": 0.25, "betweenness": 0.0037642782969885776, "weight": 0.10376427829698859 }, "geometry": { "type": "LineString", "coordinates": [ [ -75.332616, 6.282164 ], [ -75.581775, 6.246631 ] ] } },
{ "type": "Feature", "properties": { "source": "SAN VICENTE FERRER", "target": "BELLO", "distance": 0.2, "betweenness": 0.015230183454482521, "weight": 0.11523018345448252 }, "geometry": { "type": "LineString", "coordinates": [ [ -75.332616, 6.282164 ], [ -75.555245, 6.333587 ] ] } },
{ "type": "Feature", "properties": { "source": "SAN VICENTE FERRER", "target": "EL SANTUARIO", "distance": 0.5, "betweenness": 0.0051488404292142614, "weight": 0.10514884042921427 }, "geometry": { "type": "LineString", "coordinates": [ [ -75.332616, 6.282164 ], [ -75.265465, 6.136871 ] ] } },
{ "type": "Feature", "properties": { "source": "SAN VICENTE FERRER", "target": "EL CARMEN DE VIBORAL", "distance": 0.33333333333333331, "betweenness": 0.022777283291301985, "weight": 0.122777283291302 }, "geometry": { "type": "LineString", "coordinates": [ [ -75.332616, 6.282164 ], [ -75.333901, 6.082885 ] ] } },
{ "type": "Feature", "properties": { "source": "SAN VICENTE FERRER", "target": "ENVIGADO", "distance": 0.2, "betweenness": 0.021330910349601939, "weight": 0.12133091034960194 }, "geometry": { "type": "LineString", "coordinates": [ [ -75.332616, 6.282164 ], [ -75.582192, 6.166695 ] ] } },
{ "type": "Feature", "properties": { "source": "SAN VICENTE FERRER", "target": "SAN RAFAEL", "distance": 0.5, "betweenness": 0.0096053997923156807, "weight": 0.10960539979231569 }, "geometry": { "type": "LineString", "coordinates": [ [ -75.332616, 6.282164 ], [ -75.02849, 6.293759 ] ] } },
{ "type": "Feature", "properties": { "source": "SAN VICENTE FERRER", "target": "GRANADA", "distance": 0.5, "betweenness": 0.0064901349948078921, "weight": 0.1064901349948079 }, "geometry": { "type": "LineString", "coordinates": [ [ -75.332616, 6.282164 ], [ -75.184446, 6.142892 ] ] } },
{ "type": "Feature", "properties": { "source": "SAN VICENTE FERRER", "target": "RETIRO", "distance": 0.1111111111111111, "betweenness": 0.067107995846313606, "weight": 0.16710799584631361 }, "geometry": { "type": "LineString", "coordinates": [ [ -75.332616, 6.282164 ], [ -75.501301, 6.062454 ] ] } },
{ "type": "Feature", "properties": { "source": "SAN VICENTE FERRER", "target": "SAN CARLOS", "distance": 1.0, "betweenness": 0.0, "weight": 0.1 }, "geometry": { "type": "LineString", "coordinates": [ [ -75.332616, 6.282164 ], [ -74.988097, 6.187746 ] ] } },
{ "type": "Feature", "properties": { "source": "GIRARDOTA", "target": "GUARNE", "distance": 0.33333333333333331, "betweenness": 0.00086535133264105239, "weight": 0.10086535133264106 }, "geometry": { "type": "LineString", "coordinates": [ [ -75.444238, 6.379472 ], [ -75.441612, 6.27787 ] ] } },
{ "type": "Feature", "properties": { "source": "GIRARDOTA", "target": "COPACABANA", "distance": 0.5, "betweenness": 0.0, "weight": 0.1 }, "geometry": { "type": "LineString", "coordinates": [ [ -75.444238, 6.379472 ], [ -75.509384, 6.348557 ] ] } },
{ "type": "Feature", "properties": { "source": "GIRARDOTA", "target": "BELLO", "distance": 0.5, "betweenness": 0.0, "weight": 0.1 }, "geometry": { "type": "LineString", "coordinates": [ [ -75.444238, 6.379472 ], [ -75.555245, 6.333587 ] ] } },
{ "type": "Feature", "properties": { "source": "GIRARDOTA", "target": "MEDELLÍN", "distance": 0.33333333333333331, "betweenness": 0.0046193278280505694, "weight": 0.10461932782805057 }, "geometry": { "type": "LineString", "coordinates": [ [ -75.444238, 6.379472 ], [ -75.581775, 6.246631 ] ] } },
{ "type": "Feature", "properties": { "source": "GIRARDOTA", "target": "RIONEGRO", "distance": 0.33333333333333331, "betweenness": 0.017133956386292837, "weight": 0.11713395638629284 }, "geometry": { "type": "LineString", "coordinates": [ [ -75.444238, 6.379472 ], [ -75.377316, 6.147148 ] ] } },
{ "type": "Feature", "properties": { "source": "GIRARDOTA", "target": "MARINILLA", "distance": 0.33333333333333331, "betweenness": 0.005394023306795892, "weight": 0.1053940233067959 }, "geometry": { "type": "LineString", "coordinates": [ [ -75.444238, 6.379472 ], [ -75.339345, 6.173995 ] ] } },
{ "type": "Feature", "properties": { "source": "BELLO", "target": "COPACABANA", "distance": 0.5, "betweenness": 0.0, "weight": 0.1 }, "geometry": { "type": "LineString", "coordinates": [ [ -75.555245, 6.333587 ], [ -75.509384, 6.348557 ] ] } },
{ "type": "Feature", "properties": { "source": "BELLO", "target": "MEDELLÍN", "distance": 0.5, "betweenness": 0.0, "weight": 0.1 }, "geometry": { "type": "LineString", "coordinates": [ [ -75.555245, 6.333587 ], [ -75.581775, 6.246631 ] ] } },
{ "type": "Feature", "properties": { "source": "BELLO", "target": "GUARNE", "distance": 0.5, "betweenness": 0.00025960539979231567, "weight": 0.10025960539979233 }, "geometry": { "type": "LineString", "coordinates": [ [ -75.555245, 6.333587 ], [ -75.441612, 6.27787 ] ] } },
{ "type": "Feature", "properties": { "source": "BELLO", "target": "EBÉJICO", "distance": 0.33333333333333331, "betweenness": 0.011941848390446522, "weight": 0.11194184839044653 }, "geometry": { "type": "LineString", "coordinates": [ [ -75.555245, 6.333587 ], [ -75.766413, 6.325615 ] ] } },
{ "type": "Feature", "properties": { "source": "BELLO", "target": "HELICONIA", "distance": 0.25, "betweenness": 0.022311641859928465, "weight": 0.12231164185992847 }, "geometry": { "type": "LineString", "coordinates": [ [ -75.555245, 6.333587 ], [ -75.734322, 6.206757 ] ] } },
{ "type": "Feature", "properties": { "source": "BELLO", "target": "ITAGÜÍ", "distance": 0.33333333333333331, "betweenness": 0.0065334025614399455, "weight": 0.10653340256143995 }, "geometry": { "type": "LineString", "coordinates": [ [ -75.555245, 6.333587 ], [ -75.612056, 6.175079 ] ] } },
{ "type": "Feature", "properties": { "source": "BELLO", "target": "ENVIGADO", "distance": 0.33333333333333331, "betweenness": 0.0042834890965732092, "weight": 0.10428348909657321 }, "geometry": { "type": "LineString", "coordinates": [ [ -75.555245, 6.333587 ], [ -75.582192, 6.166695 ] ] } },
{ "type": "Feature", "properties": { "source": "BELLO", "target": "RIONEGRO", "distance": 0.33333333333333331, "betweenness": 0.017653167185877467, "weight": 0.11765316718587747 }, "geometry": { "type": "LineString", "coordinates": [ [ -75.555245, 6.333587 ], [ -75.377316, 6.147148 ] ] } },
{ "type": "Feature", "properties": { "source": "BELLO", "target": "RETIRO", "distance": 1.0, "betweenness": 0.0, "weight": 0.1 }, "geometry": { "type": "LineString", "coordinates": [ [ -75.555245, 6.333587 ], [ -75.501301, 6.062454 ] ] } },
{ "type": "Feature", "properties": { "source": "BELLO", "target": "ANGELÓPOLIS", "distance": 1.0, "betweenness": 0.0, "weight": 0.1 }, "geometry": { "type": "LineString", "coordinates": [ [ -75.555245, 6.333587 ], [ -75.711389, 6.109719 ] ] } },
{ "type": "Feature", "properties": { "source": "COPACABANA", "target": "GUARNE", "distance": 0.25, "betweenness": 0.012937002422983733, "weight": 0.11293700242298374 }, "geometry": { "type": "LineString", "coordinates": [ [ -75.509384, 6.348557 ], [ -75.441612, 6.27787 ] ] } },
{ "type": "Feature", "properties": { "source": "COPACABANA", "target": "MEDELLÍN", "distance": 0.5, "betweenness": 0.0, "weight": 0.1 }, "geometry": { "type": "LineString", "coordinates": [ [ -75.509384, 6.348557 ], [ -75.581775, 6.246631 ] ] } },
{ "type": "Feature", "properties": { "source": "COPACABANA", "target": "ENVIGADO", "distance": 0.33333333333333331, "betweenness": 0.050536517826237456, "weight": 0.15053651782623745 }, "geometry": { "type": "LineString", "coordinates": [ [ -75.509384, 6.348557 ], [ -75.582192, 6.166695 ] ] } },
{ "type": "Feature", "properties": { "source": "COPACABANA", "target": "RIONEGRO", "distance": 0.5, "betweenness": 0.0, "weight": 0.1 }, "geometry": { "type": "LineString", "coordinates": [ [ -75.509384, 6.348557 ], [ -75.377316, 6.147148 ] ] } },
{ "type": "Feature", "properties": { "source": "COPACABANA", "target": "RETIRO", "distance": 0.33333333333333331, "betweenness": 0.0, "weight": 0.1 }, "geometry": { "type": "LineString", "coordinates": [ [ -75.509384, 6.348557 ], [ -75.501301, 6.062454 ] ] } },
{ "type": "Feature", "properties": { "source": "COPACABANA", "target": "ITAGÜÍ", "distance": 1.0, "betweenness": 0.0, "weight": 0.1 }, "geometry": { "type": "LineString", "coordinates": [ [ -75.509384, 6.348557 ], [ -75.612056, 6.175079 ] ] } },
{ "type": "Feature", "properties": { "source": "MEDELLÍN", "target": "HELICONIA", "distance": 0.5, "betweenness": 0.00020768431983385254, "weight": 0.10020768431983386 }, "geometry": { "type": "LineString", "coordinates": [ [ -75.581775, 6.246631 ], [ -75.734322, 6.206757 ] ] } },
{ "type": "Feature", "properties": { "source": "MEDELLÍN", "target": "EBÉJICO", "distance": 0.5, "betweenness": 0.00095765547478943126, "weight": 0.10095765547478944 }, "geometry": { "type": "LineString", "coordinates": [ [ -75.581775, 6.246631 ], [ -75.766413, 6.325615 ] ] } },
{ "type": "Feature", "properties": { "source": "MEDELLÍN", "target": "ANGELÓPOLIS", "distance": 0.33333333333333331, "betweenness": 0.0051921079958463139, "weight": 0.10519210799584632 }, "geometry": { "type": "LineString", "coordinates": [ [ -75.581775, 6.246631 ], [ -75.711389, 6.109719 ] ] } },
{ "type": "Feature", "properties": { "source": "MEDELLÍN", "target": "ITAGÜÍ", "distance": 0.5, "betweenness": 0.00034614053305642093, "weight": 0.10034614053305643 }, "geometry": { "type": "LineString", "coordinates": [ [ -75.581775, 6.246631 ], [ -75.612056, 6.175079 ] ] } },
{ "type": "Feature", "properties": { "source": "MEDELLÍN", "target": "GUARNE", "distance": 0.5, "betweenness": 0.00017307026652821047, "weight": 0.10017307026652822 }, "geometry": { "type": "LineString", "coordinates": [ [ -75.581775, 6.246631 ], [ -75.441612, 6.27787 ] ] } },
{ "type": "Feature", "properties": { "source": "MEDELLÍN", "target": "ENVIGADO", "distance": 0.16666666666666666, "betweenness": 0.021832814122533753, "weight": 0.12183281412253376 }, "geometry": { "type": "LineString", "coordinates": [ [ -75.581775, 6.246631 ], [ -75.582192, 6.166695 ] ] } },
{ "type": "Feature", "properties": { "source": "MEDELLÍN", "target": "LA ESTRELLA", "distance": 0.5, "betweenness": 0.00034614053305642093, "weight": 0.10034614053305643 }, "geometry": { "type": "LineString", "coordinates": [ [ -75.581775, 6.246631 ], [ -75.637708, 6.145238 ] ] } },
{ "type": "Feature", "properties": { "source": "MEDELLÍN", "target": "RIONEGRO", "distance": 0.5, "betweenness": 0.0, "weight": 0.1 }, "geometry": { "type": "LineString", "coordinates": [ [ -75.581775, 6.246631 ], [ -75.377316, 6.147148 ] ] } },
{ "type": "Feature", "properties": { "source": "MEDELLÍN", "target": "RETIRO", "distance": 0.5, "betweenness": 0.0, "weight": 0.1 }, "geometry": { "type": "LineString", "coordinates": [ [ -75.581775, 6.246631 ], [ -75.501301, 6.062454 ] ] } },
{ "type": "Feature", "properties": { "source": "MEDELLÍN", "target": "SABANETA", "distance": 0.33333333333333331, "betweenness": 0.0013557170878043152, "weight": 0.10135571708780432 }, "geometry": { "type": "LineString", "coordinates": [ [ -75.581775, 6.246631 ], [ -75.615479, 6.149903 ] ] } },
{ "type": "Feature", "properties": { "source": "MEDELLÍN", "target": "CALDAS", "distance": 0.5, "betweenness": 0.0, "weight": 0.1 }, "geometry": { "type": "LineString", "coordinates": [ [ -75.581775, 6.246631 ], [ -75.633673, 6.091077 ] ] } },
{ "type": "Feature", "properties": { "source": "MEDELLÍN", "target": "MARINILLA", "distance": 0.25, "betweenness": 0.0083794854044075238, "weight": 0.10837948540440753 }, "geometry": { "type": "LineString", "coordinates": [ [ -75.581775, 6.246631 ], [ -75.339345, 6.173995 ] ] } },
{ "type": "Feature", "properties": { "source": "MEDELLÍN", "target": "ARMENIA", "distance": 0.5, "betweenness": 0.0056218991577247019, "weight": 0.10562189915772471 }, "geometry": { "type": "LineString", "coordinates": [ [ -75.581775, 6.246631 ], [ -75.786647, 6.155667 ] ] } },
{ "type": "Feature", "properties": { "source": "MEDELLÍN", "target": "AMAGÁ", "distance": 0.5, "betweenness": 0.0017883927541248413, "weight": 0.10178839275412485 }, "geometry": { "type": "LineString", "coordinates": [ [ -75.581775, 6.246631 ], [ -75.702188, 6.038708 ] ] } },
{ "type": "Feature", "properties": { "source": "MEDELLÍN", "target": "TITIRIBÍ", "distance": 0.5, "betweenness": 0.0049671166493596404, "weight": 0.10496711664935965 }, "geometry": { "type": "LineString", "coordinates": [ [ -75.581775, 6.246631 ], [ -75.791887, 6.062391 ] ] } },
{ "type": "Feature", "properties": { "source": "MEDELLÍN", "target": "LA CEJA", "distance": 1.0, "betweenness": 0.0, "weight": 0.1 }, "geometry": { "type": "LineString", "coordinates": [ [ -75.581775, 6.246631 ], [ -75.429433, 6.028062 ] ] } },
{ "type": "Feature", "properties": { "source": "MEDELLÍN", "target": "EL CARMEN DE VIBORAL", "distance": 0.5, "betweenness": 0.0, "weight": 0.1 }, "geometry": { "type": "LineString", "coordinates": [ [ -75.581775, 6.246631 ], [ -75.333901, 6.082885 ] ] } },
{ "type": "Feature", "properties": { "source": "GUARNE", "target": "RIONEGRO", "distance": 0.5, "betweenness": 0.00017307026652821047, "weight": 0.10017307026652822 }, "geometry": { "type": "LineString", "coordinates": [ [ -75.441612, 6.27787 ], [ -75.377316, 6.147148 ] ] } },
{ "type": "Feature", "properties": { "source": "GUARNE", "target": "RETIRO", "distance": 0.2, "betweenness": 0.0065766701280719981, "weight": 0.10657667012807201 }, "geometry": { "type": "LineString", "coordinates": [ [ -75.441612, 6.27787 ], [ -75.501301, 6.062454 ] ] } },
{ "type": "Feature", "properties": { "source": "GUARNE", "target": "ENVIGADO", "distance": 0.5, "betweenness": 0.00017307026652821047, "weight": 0.10017307026652822 }, "geometry": { "type": "LineString", "coordinates": [ [ -75.441612, 6.27787 ], [ -75.582192, 6.166695 ] ] } },
{ "type": "Feature", "properties": { "source": "GUARNE", "target": "MARINILLA", "distance": 0.33333333333333331, "betweenness": 0.00060574593284873661, "weight": 0.10060574593284874 }, "geometry": { "type": "LineString", "coordinates": [ [ -75.441612, 6.27787 ], [ -75.339345, 6.173995 ] ] } },
{ "type": "Feature", "properties": { "source": "GUARNE", "target": "PEÑOL", "distance": 0.5, "betweenness": 0.00069228106611284187, "weight": 0.10069228106611285 }, "geometry": { "type": "LineString", "coordinates": [ [ -75.441612, 6.27787 ], [ -75.242693, 6.219349 ] ] } },
{ "type": "Feature", "properties": { "source": "GUARNE", "target": "EL CARMEN DE VIBORAL", "distance": 0.5, "betweenness": 0.0, "weight": 0.1 }, "geometry": { "type": "LineString", "coordinates": [ [ -75.441612, 6.27787 ], [ -75.333901, 6.082885 ] ] } },
{ "type": "Feature", "properties": { "source": "GUARNE", "target": "SABANETA", "distance": 0.25, "betweenness": 0.010600553824852891, "weight": 0.1106005538248529 }, "geometry": { "type": "LineString", "coordinates": [ [ -75.441612, 6.27787 ], [ -75.615479, 6.149903 ] ] } },
{ "type": "Feature", "properties": { "source": "GUARNE", "target": "EL SANTUARIO", "distance": 0.5, "betweenness": 0.00056247836621668398, "weight": 0.10056247836621669 }, "geometry": { "type": "LineString", "coordinates": [ [ -75.441612, 6.27787 ], [ -75.265465, 6.136871 ] ] } },
{ "type": "Feature", "properties": { "source": "GUARNE", "target": "LA CEJA", "distance": 0.5, "betweenness": 0.00069228106611284187, "weight": 0.10069228106611285 }, "geometry": { "type": "LineString", "coordinates": [ [ -75.441612, 6.27787 ], [ -75.429433, 6.028062 ] ] } },
{ "type": "Feature", "properties": { "source": "GUARNE", "target": "ITAGÜÍ", "distance": 0.5, "betweenness": 0.0, "weight": 0.1 }, "geometry": { "type": "LineString", "coordinates": [ [ -75.441612, 6.27787 ], [ -75.612056, 6.175079 ] ] } },
{ "type": "Feature", "properties": { "source": "GUARNE", "target": "CALDAS", "distance": 1.0, "betweenness": 0.0, "weight": 0.1 }, "geometry": { "type": "LineString", "coordinates": [ [ -75.441612, 6.27787 ], [ -75.633673, 6.091077 ] ] } },
{ "type": "Feature", "properties": { "source": "VEGACHÍ", "target": "REMEDIOS", "distance": 1.0, "betweenness": 0.0004038306218991577, "weight": 0.10040383062189916 }, "geometry": { "type": "LineString", "coordinates": [ [ -74.798714, 6.773525 ], [ -74.698135, 7.029424 ] ] } },
{ "type": "Feature", "properties": { "source": "ANZÁ", "target": "BETULIA", "distance": 0.5, "betweenness": 0.0004038306218991577, "weight": 0.10040383062189916 }, "geometry": { "type": "LineString", "coordinates": [ [ -75.854442, 6.302641 ], [ -75.984452, 6.115208 ] ] } },
{ "type": "Feature", "properties": { "source": "ANZÁ", "target": "EBÉJICO", "distance": 0.5, "betweenness": 0.00051921079958463135, "weight": 0.10051921079958463 }, "geometry": { "type": "LineString", "coordinates": [ [ -75.854442, 6.302641 ], [ -75.766413, 6.325615 ] ] } },
{ "type": "Feature", "properties": { "source": "ANZÁ", "target": "HELICONIA", "distance": 0.5, "betweenness": 0.0023797161647628939, "weight": 0.10237971616476289 }, "geometry": { "type": "LineString", "coordinates": [ [ -75.854442, 6.302641 ], [ -75.734322, 6.206757 ] ] } },
{ "type": "Feature", "properties": { "source": "ANZÁ", "target": "CONCORDIA", "distance": 0.2, "betweenness": 0.012374524056767049, "weight": 0.11237452405676705 }, "geometry": { "type": "LineString", "coordinates": [ [ -75.854442, 6.302641 ], [ -75.908448, 6.045738 ] ] } },
{ "type": "Feature", "properties": { "source": "ANZÁ", "target": "ARMENIA", "distance": 0.5, "betweenness": 0.003475827852774894, "weight": 0.1034758278527749 }, "geometry": { "type": "LineString", "coordinates": [ [ -75.854442, 6.302641 ], [ -75.786647, 6.155667 ] ] } },
{ "type": "Feature", "properties": { "source": "BETULIA", "target": "CONCORDIA", "distance": 0.5, "betweenness": 0.00062634953600685674, "weight": 0.10062634953600687 }, "geometry": { "type": "LineString", "coordinates": [ [ -75.984452, 6.115208 ], [ -75.908448, 6.045738 ] ] } },
{ "type": "Feature", "properties": { "source": "BETULIA", "target": "SALGAR", "distance": 0.5, "betweenness": 0.0017059783414923604, "weight": 0.10170597834149236 }, "geometry": { "type": "LineString", "coordinates": [ [ -75.984452, 6.115208 ], [ -75.976807, 5.964198 ] ] } },
{ "type": "Feature", "properties": { "source": "BETULIA", "target": "ARMENIA", "distance": 0.5, "betweenness": 0.00034778882130907064, "weight": 0.10034778882130907 }, "geometry": { "type": "LineString", "coordinates": [ [ -75.984452, 6.115208 ], [ -75.786647, 6.155667 ] ] } },
{ "type": "Feature", "properties": { "source": "BETULIA", "target": "TITIRIBÍ", "distance": 0.5, "betweenness": 0.0011121824984753337, "weight": 0.10111218249847534 }, "geometry": { "type": "LineString", "coordinates": [ [ -75.984452, 6.115208 ], [ -75.791887, 6.062391 ] ] } },
{ "type": "Feature", "properties": { "source": "BETULIA", "target": "EBÉJICO", "distance": 0.5, "betweenness": 0.0013037960078458521, "weight": 0.10130379600784586 }, "geometry": { "type": "LineString", "coordinates": [ [ -75.984452, 6.115208 ], [ -75.766413, 6.325615 ] ] } },
{ "type": "Feature", "properties": { "source": "BETULIA", "target": "HELICONIA", "distance": 0.5, "betweenness": 0.0086753531457581298, "weight": 0.10867535314575813 }, "geometry": { "type": "LineString", "coordinates": [ [ -75.984452, 6.115208 ], [ -75.734322, 6.206757 ] ] } },
{ "type": "Feature", "properties": { "source": "BETULIA", "target": "ANGELÓPOLIS", "distance": 1.0, "betweenness": 0.0, "weight": 0.1 }, "geometry": { "type": "LineString", "coordinates": [ [ -75.984452, 6.115208 ], [ -75.711389, 6.109719 ] ] } },
{ "type": "Feature", "properties": { "source": "EBÉJICO", "target": "ARMENIA", "distance": 0.5, "betweenness": 0.0007355486327448945, "weight": 0.10073554863274491 }, "geometry": { "type": "LineString", "coordinates": [ [ -75.766413, 6.325615 ], [ -75.786647, 6.155667 ] ] } },
{ "type": "Feature", "properties": { "source": "EBÉJICO", "target": "HELICONIA", "distance": 0.5, "betweenness": 0.00051921079958463135, "weight": 0.10051921079958463 }, "geometry": { "type": "LineString", "coordinates": [ [ -75.766413, 6.325615 ], [ -75.734322, 6.206757 ] ] } },
{ "type": "Feature", "properties": { "source": "EBÉJICO", "target": "ANGELÓPOLIS", "distance": 0.25, "betweenness": 0.0093313718703126811, "weight": 0.10933137187031269 }, "geometry": { "type": "LineString", "coordinates": [ [ -75.766413, 6.325615 ], [ -75.711389, 6.109719 ] ] } },
{ "type": "Feature", "properties": { "source": "EBÉJICO", "target": "LA ESTRELLA", "distance": 0.25, "betweenness": 0.012590861889927311, "weight": 0.11259086188992731 }, "geometry": { "type": "LineString", "coordinates": [ [ -75.766413, 6.325615 ], [ -75.637708, 6.145238 ] ] } },
{ "type": "Feature", "properties": { "source": "EBÉJICO", "target": "ITAGÜÍ", "distance": 0.33333333333333331, "betweenness": 0.0022499134648667359, "weight": 0.10224991346486674 }, "geometry": { "type": "LineString", "coordinates": [ [ -75.766413, 6.325615 ], [ -75.612056, 6.175079 ] ] } },
{ "type": "Feature", "properties": { "source": "EBÉJICO", "target": "CONCORDIA", "distance": 0.5, "betweenness": 0.0010384215991692627, "weight": 0.10103842159916927 }, "geometry": { "type": "LineString", "coordinates": [ [ -75.766413, 6.325615 ], [ -75.908448, 6.045738 ] ] } },
{ "type": "Feature", "properties": { "source": "EBÉJICO", "target": "TITIRIBÍ", "distance": 1.0, "betweenness": 0.0, "weight": 0.1 }, "geometry": { "type": "LineString", "coordinates": [ [ -75.766413, 6.325615 ], [ -75.791887, 6.062391 ] ] } },
{ "type": "Feature", "properties": { "source": "YALÍ", "target": "MACEO", "distance": 1.0, "betweenness": 8.6535133264105233e-05, "weight": 0.10008653513326411 }, "geometry": { "type": "LineString", "coordinates": [ [ -74.840059, 6.676554 ], [ -74.78716, 6.552116 ] ] } },
{ "type": "Feature", "properties": { "source": "ALEJANDRÍA", "target": "SAN RAFAEL", "distance": 0.33333333333333331, "betweenness": 0.00051921079958463135, "weight": 0.10051921079958463 }, "geometry": { "type": "LineString", "coordinates": [ [ -75.141346, 6.376061 ], [ -75.02849, 6.293759 ] ] } },
{ "type": "Feature", "properties": { "source": "ALEJANDRÍA", "target": "PEÑOL", "distance": 0.33333333333333331, "betweenness": 0.00017307026652821047, "weight": 0.10017307026652822 }, "geometry": { "type": "LineString", "coordinates": [ [ -75.141346, 6.376061 ], [ -75.242693, 6.219349 ] ] } },
{ "type": "Feature", "properties": { "source": "ALEJANDRÍA", "target": "GUATAPÉ", "distance": 0.2, "betweenness": 0.0035479404638283146, "weight": 0.10354794046382831 }, "geometry": { "type": "LineString", "coordinates": [ [ -75.141346, 6.376061 ], [ -75.160041, 6.232461 ] ] } },
{ "type": "Feature", "properties": { "source": "ALEJANDRÍA", "target": "SAN CARLOS", "distance": 0.33333333333333331, "betweenness": 0.00034614053305642093, "weight": 0.10034614053305643 }, "geometry": { "type": "LineString", "coordinates": [ [ -75.141346, 6.376061 ], [ -74.988097, 6.187746 ] ] } },
{ "type": "Feature", "properties": { "source": "ALEJANDRÍA", "target": "GRANADA", "distance": 0.2, "betweenness": 0.0033229491173416407, "weight": 0.10332294911734165 }, "geometry": { "type": "LineString", "coordinates": [ [ -75.141346, 6.376061 ], [ -75.184446, 6.142892 ] ] } },
{ "type": "Feature", "properties": { "source": "ALEJANDRÍA", "target": "SAN ROQUE", "distance": 0.5, "betweenness": 0.0010384215991692627, "weight": 0.10103842159916927 }, "geometry": { "type": "LineString", "coordinates": [ [ -75.141346, 6.376061 ], [ -75.019109, 6.485939 ] ] } },
{ "type": "Feature", "properties": { "source": "ALEJANDRÍA", "target": "MARINILLA", "distance": 0.5, "betweenness": 0.00034614053305642093, "weight": 0.10034614053305643 }, "geometry": { "type": "LineString", "coordinates": [ [ -75.141346, 6.376061 ], [ -75.339345, 6.173995 ] ] } },
{ "type": "Feature", "properties": { "source": "SAN ROQUE", "target": "MACEO", "distance": 0.5, "betweenness": 0.0098938502365293664, "weight": 0.10989385023652937 }, "geometry": { "type": "LineString", "coordinates": [ [ -75.019109, 6.485939 ], [ -74.78716, 6.552116 ] ] } },
{ "type": "Feature", "properties": { "source": "SAN ROQUE", "target": "SAN RAFAEL", "distance": 0.5, "betweenness": 0.00056247836621668398, "weight": 0.10056247836621669 }, "geometry": { "type": "LineString", "coordinates": [ [ -75.019109, 6.485939 ], [ -75.02849, 6.293759 ] ] } },
{ "type": "Feature", "properties": { "source": "SAN ROQUE", "target": "SAN CARLOS", "distance": 0.33333333333333331, "betweenness": 0.0015576323987538943, "weight": 0.1015576323987539 }, "geometry": { "type": "LineString", "coordinates": [ [ -75.019109, 6.485939 ], [ -74.988097, 6.187746 ] ] } },
{ "type": "Feature", "properties": { "source": "SAN ROQUE", "target": "GUATAPÉ", "distance": 0.33333333333333331, "betweenness": 0.0010384215991692627, "weight": 0.10103842159916927 }, "geometry": { "type": "LineString", "coordinates": [ [ -75.019109, 6.485939 ], [ -75.160041, 6.232461 ] ] } },
{ "type": "Feature", "properties": { "source": "SAN ROQUE", "target": "CARACOLÍ", "distance": 0.5, "betweenness": 0.018431983385254414, "weight": 0.11843198338525442 }, "geometry": { "type": "LineString", "coordinates": [ [ -75.019109, 6.485939 ], [ -74.757421, 6.409829 ] ] } },
{ "type": "Feature", "properties": { "source": "RIONEGRO", "target": "RETIRO", "distance": 0.5, "betweenness": 0.0, "weight": 0.1 }, "geometry": { "type": "LineString", "coordinates": [ [ -75.377316, 6.147148 ], [ -75.501301, 6.062454 ] ] } },
{ "type": "Feature", "properties": { "source": "RIONEGRO", "target": "EL CARMEN DE VIBORAL", "distance": 0.5, "betweenness": 0.0, "weight": 0.1 }, "geometry": { "type": "LineString", "coordinates": [ [ -75.377316, 6.147148 ], [ -75.333901, 6.082885 ] ] } },
{ "type": "Feature", "properties": { "source": "RIONEGRO", "target": "ENVIGADO", "distance": 0.14285714285714285, "betweenness": 0.024460597669320416, "weight": 0.12446059766932042 }, "geometry": { "type": "LineString", "coordinates": [ [ -75.377316, 6.147148 ], [ -75.582192, 6.166695 ] ] } },
{ "type": "Feature", "properties": { "source": "RIONEGRO", "target": "MARINILLA", "distance": 0.33333333333333331, "betweenness": 0.0010384215991692627, "weight": 0.10103842159916927 }, "geometry": { "type": "LineString", "coordinates": [ [ -75.377316, 6.147148 ], [ -75.339345, 6.173995 ] ] } },
{ "type": "Feature", "properties": { "source": "RIONEGRO", "target": "EL SANTUARIO", "distance": 0.5, "betweenness": 0.00095188646590515754, "weight": 0.10095188646590517 }, "geometry": { "type": "LineString", "coordinates": [ [ -75.377316, 6.147148 ], [ -75.265465, 6.136871 ] ] } },
{ "type": "Feature", "properties": { "source": "RIONEGRO", "target": "LA CEJA", "distance": 0.5, "betweenness": 0.0, "weight": 0.1 }, "geometry": { "type": "LineString", "coordinates": [ [ -75.377316, 6.147148 ], [ -75.429433, 6.028062 ] ] } },
{ "type": "Feature", "properties": { "source": "RIONEGRO", "target": "CALDAS", "distance": 0.5, "betweenness": 0.0, "weight": 0.1 }, "geometry": { "type": "LineString", "coordinates": [ [ -75.377316, 6.147148 ], [ -75.633673, 6.091077 ] ] } },
{ "type": "Feature", "properties": { "source": "RIONEGRO", "target": "LA UNIÓN", "distance": 0.25, "betweenness": 0.013375447098188534, "weight": 0.11337544709818854 }, "geometry": { "type": "LineString", "coordinates": [ [ -75.377316, 6.147148 ], [ -75.360874, 5.973845 ] ] } },
{ "type": "Feature", "properties": { "source": "RIONEGRO", "target": "ITAGÜÍ", "distance": 1.0, "betweenness": 0.0, "weight": 0.1 }, "geometry": { "type": "LineString", "coordinates": [ [ -75.377316, 6.147148 ], [ -75.612056, 6.175079 ] ] } },
{ "type": "Feature", "properties": { "source": "RIONEGRO", "target": "PEÑOL", "distance": 0.5, "betweenness": 0.002942194530979578, "weight": 0.10294219453097958 }, "geometry": { "type": "LineString", "coordinates": [ [ -75.377316, 6.147148 ], [ -75.242693, 6.219349 ] ] } },
{ "type": "Feature", "properties": { "source": "RIONEGRO", "target": "GRANADA", "distance": 0.5, "betweenness": 0.0021633783316026309, "weight": 0.10216337833160263 }, "geometry": { "type": "LineString", "coordinates": [ [ -75.377316, 6.147148 ], [ -75.184446, 6.142892 ] ] } },
{ "type": "Feature", "properties": { "source": "RIONEGRO", "target": "COCORNÁ", "distance": 0.25, "betweenness": 0.015827275874004846, "weight": 0.11582727587400485 }, "geometry": { "type": "LineString", "coordinates": [ [ -75.377316, 6.147148 ], [ -75.185483, 6.058295 ] ] } },
{ "type": "Feature", "properties": { "source": "RIONEGRO", "target": "SABANETA", "distance": 0.5, "betweenness": 0.0, "weight": 0.1 }, "geometry": { "type": "LineString", "coordinates": [ [ -75.377316, 6.147148 ], [ -75.615479, 6.149903 ] ] } },
{ "type": "Feature", "properties": { "source": "RIONEGRO", "target": "GUATAPÉ", "distance": 1.0, "betweenness": 0.0, "weight": 0.1 }, "geometry": { "type": "LineString", "coordinates": [ [ -75.377316, 6.147148 ], [ -75.160041, 6.232461 ] ] } },
{ "type": "Feature", "properties": { "source": "RIONEGRO", "target": "ABEJORRAL", "distance": 0.33333333333333331, "betweenness": 0.02180685358255452, "weight": 0.12180685358255453 }, "geometry": { "type": "LineString", "coordinates": [ [ -75.377316, 6.147148 ], [ -75.428739, 5.789315 ] ] } },
{ "type": "Feature", "properties": { "source": "RIONEGRO", "target": "MONTEBELLO", "distance": 0.25, "betweenness": 0.013456213222568365, "weight": 0.11345621322256837 }, "geometry": { "type": "LineString", "coordinates": [ [ -75.377316, 6.147148 ], [ -75.523455, 5.946313 ] ] } },
{ "type": "Feature", "properties": { "source": "RIONEGRO", "target": "LA ESTRELLA", "distance": 0.33333333333333331, "betweenness": 0.0055815160955347875, "weight": 0.10558151609553479 }, "geometry": { "type": "LineString", "coordinates": [ [ -75.377316, 6.147148 ], [ -75.637708, 6.145238 ] ] } },
{ "type": "Feature", "properties": { "source": "HELICONIA", "target": "LA ESTRELLA", "distance": 0.5, "betweenness": 0.00017307026652821047, "weight": 0.10017307026652822 }, "geometry": { "type": "LineString", "coordinates": [ [ -75.734322, 6.206757 ], [ -75.637708, 6.145238 ] ] } },
{ "type": "Feature", "properties": { "source": "HELICONIA", "target": "ARMENIA", "distance": 0.5, "betweenness": 0.0031873774085612091, "weight": 0.10318737740856121 }, "geometry": { "type": "LineString", "coordinates": [ [ -75.734322, 6.206757 ], [ -75.786647, 6.155667 ] ] } },
{ "type": "Feature", "properties": { "source": "HELICONIA", "target": "ANGELÓPOLIS", "distance": 0.5, "betweenness": 0.00017307026652821047, "weight": 0.10017307026652822 }, "geometry": { "type": "LineString", "coordinates": [ [ -75.734322, 6.206757 ], [ -75.711389, 6.109719 ] ] } },
{ "type": "Feature", "properties": { "source": "HELICONIA", "target": "ENVIGADO", "distance": 0.33333333333333331, "betweenness": 0.0080968039690781125, "weight": 0.10809680396907811 }, "geometry": { "type": "LineString", "coordinates": [ [ -75.734322, 6.206757 ], [ -75.582192, 6.166695 ] ] } },
{ "type": "Feature", "properties": { "source": "HELICONIA", "target": "CALDAS", "distance": 0.5, "betweenness": 0.0003172954886350525, "weight": 0.10031729548863506 }, "geometry": { "type": "LineString", "coordinates": [ [ -75.734322, 6.206757 ], [ -75.633673, 6.091077 ] ] } },
{ "type": "Feature", "properties": { "source": "HELICONIA", "target": "ITAGÜÍ", "distance": 0.5, "betweenness": 0.00017307026652821047, "weight": 0.10017307026652822 }, "geometry": { "type": "LineString", "coordinates": [ [ -75.734322, 6.206757 ], [ -75.612056, 6.175079 ] ] } },
{ "type": "Feature", "properties": { "source": "HELICONIA", "target": "SABANETA", "distance": 0.5, "betweenness": 0.00060574593284873661, "weight": 0.10060574593284874 }, "geometry": { "type": "LineString", "coordinates": [ [ -75.734322, 6.206757 ], [ -75.615479, 6.149903 ] ] } },
{ "type": "Feature", "properties": { "source": "HELICONIA", "target": "AMAGÁ", "distance": 0.5, "betweenness": 0.00057690088842736822, "weight": 0.10057690088842737 }, "geometry": { "type": "LineString", "coordinates": [ [ -75.734322, 6.206757 ], [ -75.702188, 6.038708 ] ] } },
{ "type": "Feature", "properties": { "source": "HELICONIA", "target": "TITIRIBÍ", "distance": 0.5, "betweenness": 0.0035685440669864349, "weight": 0.10356854406698644 }, "geometry": { "type": "LineString", "coordinates": [ [ -75.734322, 6.206757 ], [ -75.791887, 6.062391 ] ] } },
{ "type": "Feature", "properties": { "source": "HELICONIA", "target": "CONCORDIA", "distance": 0.5, "betweenness": 0.0016276846494915037, "weight": 0.10162768464949151 }, "geometry": { "type": "LineString", "coordinates": [ [ -75.734322, 6.206757 ], [ -75.908448, 6.045738 ] ] } },
{ "type": "Feature", "properties": { "source": "RETIRO", "target": "LA CEJA", "distance": 0.5, "betweenness": 0.00086535133264105239, "weight": 0.10086535133264106 }, "geometry": { "type": "LineString", "coordinates": [ [ -75.501301, 6.062454 ], [ -75.429433, 6.028062 ] ] } },
{ "type": "Feature", "properties": { "source": "RETIRO", "target": "MONTEBELLO", "distance": 0.5, "betweenness": 0.00051921079958463135, "weight": 0.10051921079958463 }, "geometry": { "type": "LineString", "coordinates": [ [ -75.501301, 6.062454 ], [ -75.523455, 5.946313 ] ] } },
{ "type": "Feature", "properties": { "source": "RETIRO", "target": "SANTA BÁRBARA", "distance": 0.5, "betweenness": 0.0, "weight": 0.1 }, "geometry": { "type": "LineString", "coordinates": [ [ -75.501301, 6.062454 ], [ -75.567351, 5.875527 ] ] } },
{ "type": "Feature", "properties": { "source": "RETIRO", "target": "ABEJORRAL", "distance": 0.5, "betweenness": 0.0022499134648667359, "weight": 0.10224991346486674 }, "geometry": { "type": "LineString", "coordinates": [ [ -75.501301, 6.062454 ], [ -75.428739, 5.789315 ] ] } },
{ "type": "Feature", "properties": { "source": "RETIRO", "target": "EL CARMEN DE VIBORAL", "distance": 0.25, "betweenness": 0.0097207799700011546, "weight": 0.10972077997000115 }, "geometry": { "type": "LineString", "coordinates": [ [ -75.501301, 6.062454 ], [ -75.333901, 6.082885 ] ] } },
{ "type": "Feature", "properties": { "source": "RETIRO", "target": "ENVIGADO", "distance": 0.33333333333333331, "betweenness": 0.0, "weight": 0.1 }, "geometry": { "type": "LineString", "coordinates": [ [ -75.501301, 6.062454 ], [ -75.582192, 6.166695 ] ] } },
{ "type": "Feature", "properties": { "source": "RETIRO", "target": "CALDAS", "distance": 0.5, "betweenness": 0.00034614053305642093, "weight": 0.10034614053305643 }, "geometry": { "type": "LineString", "coordinates": [ [ -75.501301, 6.062454 ], [ -75.633673, 6.091077 ] ] } },
{ "type": "Feature", "properties": { "source": "RETIRO", "target": "LA UNIÓN", "distance": 0.5, "betweenness": 0.0014999423099111573, "weight": 0.10149994230991116 }, "geometry": { "type": "LineString", "coordinates": [ [ -75.501301, 6.062454 ], [ -75.360874, 5.973845 ] ] } },
{ "type": "Feature", "properties": { "source": "RETIRO", "target": "SABANETA", "distance": 0.33333333333333331, "betweenness": 0.002826814353294104, "weight": 0.1028268143532941 }, "geometry": { "type": "LineString", "coordinates": [ [ -75.501301, 6.062454 ], [ -75.615479, 6.149903 ] ] } },
{ "type": "Feature", "properties": { "source": "RETIRO", "target": "LA ESTRELLA", "distance": 0.25, "betweenness": 0.012287988923502944, "weight": 0.11228798892350295 }, "geometry": { "type": "LineString", "coordinates": [ [ -75.501301, 6.062454 ], [ -75.637708, 6.145238 ] ] } },
{ "type": "Feature", "properties": { "source": "RETIRO", "target": "FREDONIA", "distance": 0.5, "betweenness": 0.00034614053305642093, "weight": 0.10034614053305643 }, "geometry": { "type": "LineString", "coordinates": [ [ -75.501301, 6.062454 ], [ -75.675072, 5.928039 ] ] } },
{ "type": "Feature", "properties": { "source": "RETIRO", "target": "AMAGÁ", "distance": 0.5, "betweenness": 0.0073554863274489452, "weight": 0.10735548632744896 }, "geometry": { "type": "LineString", "coordinates": [ [ -75.501301, 6.062454 ], [ -75.702188, 6.038708 ] ] } },
{ "type": "Feature", "properties": { "source": "RETIRO", "target": "ANGELÓPOLIS", "distance": 0.5, "betweenness": 0.0004038306218991577, "weight": 0.10040383062189916 }, "geometry": { "type": "LineString", "coordinates": [ [ -75.501301, 6.062454 ], [ -75.711389, 6.109719 ] ] } },
{ "type": "Feature", "properties": { "source": "RETIRO", "target": "VENECIA", "distance": 0.14285714285714285, "betweenness": 0.046844352140302303, "weight": 0.14684435214030231 }, "geometry": { "type": "LineString", "coordinates": [ [ -75.501301, 6.062454 ], [ -75.735544, 5.964693 ] ] } },
{ "type": "Feature", "properties": { "source": "RETIRO", "target": "ITAGÜÍ", "distance": 0.25, "betweenness": 0.0067930079612322607, "weight": 0.10679300796123227 }, "geometry": { "type": "LineString", "coordinates": [ [ -75.501301, 6.062454 ], [ -75.612056, 6.175079 ] ] } },
{ "type": "Feature", "properties": { "source": "RETIRO", "target": "MARINILLA", "distance": 0.5, "betweenness": 0.00043267566632052619, "weight": 0.10043267566632053 }, "geometry": { "type": "LineString", "coordinates": [ [ -75.501301, 6.062454 ], [ -75.339345, 6.173995 ] ] } },
{ "type": "Feature", "properties": { "source": "ENVIGADO", "target": "CALDAS", "distance": 0.25, "betweenness": 0.01090342679127726, "weight": 0.11090342679127727 }, "geometry": { "type": "LineString", "coordinates": [ [ -75.582192, 6.166695 ], [ -75.633673, 6.091077 ] ] } },
{ "type": "Feature", "properties": { "source": "ENVIGADO", "target": "LA CEJA", "distance": 0.33333333333333331, "betweenness": 0.0021056882427598939, "weight": 0.1021056882427599 }, "geometry": { "type": "LineString", "coordinates": [ [ -75.582192, 6.166695 ], [ -75.429433, 6.028062 ] ] } },
{ "type": "Feature", "properties": { "source": "ENVIGADO", "target": "SABANETA", "distance": 0.33333333333333331, "betweenness": 0.00062016845505942074, "weight": 0.10062016845505943 }, "geometry": { "type": "LineString", "coordinates": [ [ -75.582192, 6.166695 ], [ -75.615479, 6.149903 ] ] } },
{ "type": "Feature", "properties": { "source": "ENVIGADO", "target": "MARINILLA", "distance": 0.5, "betweenness": 0.0, "weight": 0.1 }, "geometry": { "type": "LineString", "coordinates": [ [ -75.582192, 6.166695 ], [ -75.339345, 6.173995 ] ] } },
{ "type": "Feature", "properties": { "source": "ENVIGADO", "target": "LA ESTRELLA", "distance": 0.5, "betweenness": 0.0, "weight": 0.1 }, "geometry": { "type": "LineString", "coordinates": [ [ -75.582192, 6.166695 ], [ -75.637708, 6.145238 ] ] } },
{ "type": "Feature", "properties": { "source": "ENVIGADO", "target": "ITAGÜÍ", "distance": 0.5, "betweenness": 0.00086535133264105239, "weight": 0.10086535133264106 }, "geometry": { "type": "LineString", "coordinates": [ [ -75.582192, 6.166695 ], [ -75.612056, 6.175079 ] ] } },
{ "type": "Feature", "properties": { "source": "ENVIGADO", "target": "EL CARMEN DE VIBORAL", "distance": 0.25, "betweenness": 0.0079323872158763124, "weight": 0.10793238721587632 }, "geometry": { "type": "LineString", "coordinates": [ [ -75.582192, 6.166695 ], [ -75.333901, 6.082885 ] ] } },
{ "type": "Feature", "properties": { "source": "ENVIGADO", "target": "ANGELÓPOLIS", "distance": 0.5, "betweenness": 0.00049036575516326296, "weight": 0.10049036575516326 }, "geometry": { "type": "LineString", "coordinates": [ [ -75.582192, 6.166695 ], [ -75.711389, 6.109719 ] ] } },
{ "type": "Feature", "properties": { "source": "ENVIGADO", "target": "AMAGÁ", "distance": 0.5, "betweenness": 0.00043267566632052619, "weight": 0.10043267566632053 }, "geometry": { "type": "LineString", "coordinates": [ [ -75.582192, 6.166695 ], [ -75.702188, 6.038708 ] ] } },
{ "type": "Feature", "properties": { "source": "ENVIGADO", "target": "SANTA BÁRBARA", "distance": 0.16666666666666666, "betweenness": 0.063913613212678633, "weight": 0.16391361321267864 }, "geometry": { "type": "LineString", "coordinates": [ [ -75.582192, 6.166695 ], [ -75.567351, 5.875527 ] ] } },
{ "type": "Feature", "properties": { "source": "ENVIGADO", "target": "MONTEBELLO", "distance": 0.5, "betweenness": 0.0, "weight": 0.1 }, "geometry": { "type": "LineString", "coordinates": [ [ -75.582192, 6.166695 ], [ -75.523455, 5.946313 ] ] } },
{ "type": "Feature", "properties": { "source": "ENVIGADO", "target": "FREDONIA", "distance": 0.33333333333333331, "betweenness": 0.017914420873922435, "weight": 0.11791442087392244 }, "geometry": { "type": "LineString", "coordinates": [ [ -75.582192, 6.166695 ], [ -75.675072, 5.928039 ] ] } },
{ "type": "Feature", "properties": { "source": "MARINILLA", "target": "PEÑOL", "distance": 0.5, "betweenness": 0.00025960539979231567, "weight": 0.10025960539979233 }, "geometry": { "type": "LineString", "coordinates": [ [ -75.339345, 6.173995 ], [ -75.242693, 6.219349 ] ] } },
{ "type": "Feature", "properties": { "source": "MARINILLA", "target": "EL CARMEN DE VIBORAL", "distance": 0.5, "betweenness": 0.00017307026652821047, "weight": 0.10017307026652822 }, "geometry": { "type": "LineString", "coordinates": [ [ -75.339345, 6.173995 ], [ -75.333901, 6.082885 ] ] } },
{ "type": "Feature", "properties": { "source": "MARINILLA", "target": "COCORNÁ", "distance": 0.5, "betweenness": 0.0, "weight": 0.1 }, "geometry": { "type": "LineString", "coordinates": [ [ -75.339345, 6.173995 ], [ -75.185483, 6.058295 ] ] } },
{ "type": "Feature", "properties": { "source": "MARINILLA", "target": "GUATAPÉ", "distance": 0.5, "betweenness": 0.0, "weight": 0.1 }, "geometry": { "type": "LineString", "coordinates": [ [ -75.339345, 6.173995 ], [ -75.160041, 6.232461 ] ] } },
{ "type": "Feature", "properties": { "source": "MARINILLA", "target": "EL SANTUARIO", "distance": 0.5, "betweenness": 0.0003028729664243683, "weight": 0.10030287296642437 }, "geometry": { "type": "LineString", "coordinates": [ [ -75.339345, 6.173995 ], [ -75.265465, 6.136871 ] ] } },
{ "type": "Feature", "properties": { "source": "MARINILLA", "target": "GRANADA", "distance": 0.5, "betweenness": 0.00017307026652821047, "weight": 0.10017307026652822 }, "geometry": { "type": "LineString", "coordinates": [ [ -75.339345, 6.173995 ], [ -75.184446, 6.142892 ] ] } },
{ "type": "Feature", "properties": { "source": "MARINILLA", "target": "LA CEJA", "distance": 0.25, "betweenness": 0.020245100463169002, "weight": 0.12024510046316901 }, "geometry": { "type": "LineString", "coordinates": [ [ -75.339345, 6.173995 ], [ -75.429433, 6.028062 ] ] } },
{ "type": "Feature", "properties": { "source": "MARINILLA", "target": "LA UNIÓN", "distance": 0.5, "betweenness": 0.00025960539979231567, "weight": 0.10025960539979233 }, "geometry": { "type": "LineString", "coordinates": [ [ -75.339345, 6.173995 ], [ -75.360874, 5.973845 ] ] } },
{ "type": "Feature", "properties": { "source": "MARINILLA", "target": "SAN RAFAEL", "distance": 0.5, "betweenness": 0.0012980269989615785, "weight": 0.10129802699896158 }, "geometry": { "type": "LineString", "coordinates": [ [ -75.339345, 6.173995 ], [ -75.02849, 6.293759 ] ] } },
{ "type": "Feature", "properties": { "source": "MARINILLA", "target": "SAN CARLOS", "distance": 1.0, "betweenness": 0.0, "weight": 0.1 }, "geometry": { "type": "LineString", "coordinates": [ [ -75.339345, 6.173995 ], [ -74.988097, 6.187746 ] ] } },
{ "type": "Feature", "properties": { "source": "PEÑOL", "target": "GUATAPÉ", "distance": 0.5, "betweenness": 0.00017307026652821047, "weight": 0.10017307026652822 }, "geometry": { "type": "LineString", "coordinates": [ [ -75.242693, 6.219349 ], [ -75.160041, 6.232461 ] ] } },
{ "type": "Feature", "properties": { "source": "PEÑOL", "target": "GRANADA", "distance": 0.5, "betweenness": 0.00042402215299411567, "weight": 0.10042402215299412 }, "geometry": { "type": "LineString", "coordinates": [ [ -75.242693, 6.219349 ], [ -75.184446, 6.142892 ] ] } },
{ "type": "Feature", "properties": { "source": "PEÑOL", "target": "SAN RAFAEL", "distance": 0.5, "betweenness": 0.00017307026652821047, "weight": 0.10017307026652822 }, "geometry": { "type": "LineString", "coordinates": [ [ -75.242693, 6.219349 ], [ -75.02849, 6.293759 ] ] } },
{ "type": "Feature", "properties": { "source": "PEÑOL", "target": "EL SANTUARIO", "distance": 0.5, "betweenness": 0.00051921079958463135, "weight": 0.10051921079958463 }, "geometry": { "type": "LineString", "coordinates": [ [ -75.242693, 6.219349 ], [ -75.265465, 6.136871 ] ] } },
{ "type": "Feature", "properties": { "source": "PEÑOL", "target": "SAN CARLOS", "distance": 0.5, "betweenness": 0.00034614053305642093, "weight": 0.10034614053305643 }, "geometry": { "type": "LineString", "coordinates": [ [ -75.242693, 6.219349 ], [ -74.988097, 6.187746 ] ] } },
{ "type": "Feature", "properties": { "source": "PEÑOL", "target": "COCORNÁ", "distance": 0.5, "betweenness": 0.0027027806622822201, "weight": 0.10270278066228222 }, "geometry": { "type": "LineString", "coordinates": [ [ -75.242693, 6.219349 ], [ -75.185483, 6.058295 ] ] } },
{ "type": "Feature", "properties": { "source": "PEÑOL", "target": "EL CARMEN DE VIBORAL", "distance": 0.5, "betweenness": 0.00079900773047190509, "weight": 0.10079900773047192 }, "geometry": { "type": "LineString", "coordinates": [ [ -75.242693, 6.219349 ], [ -75.333901, 6.082885 ] ] } },
{ "type": "Feature", "properties": { "source": "PEÑOL", "target": "SAN LUIS", "distance": 0.5, "betweenness": 0.00088554286373601035, "weight": 0.10088554286373602 }, "geometry": { "type": "LineString", "coordinates": [ [ -75.242693, 6.219349 ], [ -74.993619, 6.043017 ] ] } },
{ "type": "Feature", "properties": { "source": "GUATAPÉ", "target": "GRANADA", "distance": 0.5, "betweenness": 0.0, "weight": 0.1 }, "geometry": { "type": "LineString", "coordinates": [ [ -75.160041, 6.232461 ], [ -75.184446, 6.142892 ] ] } },
{ "type": "Feature", "properties": { "source": "GUATAPÉ", "target": "EL SANTUARIO", "distance": 0.33333333333333331, "betweenness": 0.00069228106611284187, "weight": 0.10069228106611285 }, "geometry": { "type": "LineString", "coordinates": [ [ -75.160041, 6.232461 ], [ -75.265465, 6.136871 ] ] } },
{ "type": "Feature", "properties": { "source": "GUATAPÉ", "target": "SAN CARLOS", "distance": 0.5, "betweenness": 0.0, "weight": 0.1 }, "geometry": { "type": "LineString", "coordinates": [ [ -75.160041, 6.232461 ], [ -74.988097, 6.187746 ] ] } },
{ "type": "Feature", "properties": { "source": "GUATAPÉ", "target": "COCORNÁ", "distance": 0.5, "betweenness": 0.0026537440867658935, "weight": 0.10265374408676591 }, "geometry": { "type": "LineString", "coordinates": [ [ -75.160041, 6.232461 ], [ -75.185483, 6.058295 ] ] } },
{ "type": "Feature", "properties": { "source": "GUATAPÉ", "target": "SAN LUIS", "distance": 0.5, "betweenness": 0.00057690088842736822, "weight": 0.10057690088842737 }, "geometry": { "type": "LineString", "coordinates": [ [ -75.160041, 6.232461 ], [ -74.993619, 6.043017 ] ] } },
{ "type": "Feature", "properties": { "source": "GUATAPÉ", "target": "SAN RAFAEL", "distance": 0.5, "betweenness": 0.00017307026652821047, "weight": 0.10017307026652822 }, "geometry": { "type": "LineString", "coordinates": [ [ -75.160041, 6.232461 ], [ -75.02849, 6.293759 ] ] } },
{ "type": "Feature", "properties": { "source": "GUATAPÉ", "target": "EL CARMEN DE VIBORAL", "distance": 0.5, "betweenness": 0.00023076035537094729, "weight": 0.10023076035537096 }, "geometry": { "type": "LineString", "coordinates": [ [ -75.160041, 6.232461 ], [ -75.333901, 6.082885 ] ] } },
{ "type": "Feature", "properties": { "source": "SAN RAFAEL", "target": "SAN CARLOS", "distance": 0.5, "betweenness": 0.00034614053305642093, "weight": 0.10034614053305643 }, "geometry": { "type": "LineString", "coordinates": [ [ -75.02849, 6.293759 ], [ -74.988097, 6.187746 ] ] } },
{ "type": "Feature", "properties": { "source": "SAN RAFAEL", "target": "GRANADA", "distance": 0.5, "betweenness": 0.00025960539979231567, "weight": 0.10025960539979233 }, "geometry": { "type": "LineString", "coordinates": [ [ -75.02849, 6.293759 ], [ -75.184446, 6.142892 ] ] } },
{ "type": "Feature", "properties": { "source": "SAN RAFAEL", "target": "EL SANTUARIO", "distance": 0.5, "betweenness": 0.00025960539979231567, "weight": 0.10025960539979233 }, "geometry": { "type": "LineString", "coordinates": [ [ -75.02849, 6.293759 ], [ -75.265465, 6.136871 ] ] } },
{ "type": "Feature", "properties": { "source": "SAN RAFAEL", "target": "SAN LUIS", "distance": 0.5, "betweenness": 0.00043267566632052619, "weight": 0.10043267566632053 }, "geometry": { "type": "LineString", "coordinates": [ [ -75.02849, 6.293759 ], [ -74.993619, 6.043017 ] ] } },
{ "type": "Feature", "properties": { "source": "SAN RAFAEL", "target": "CARACOLÍ", "distance": 1.0, "betweenness": 8.6535133264105233e-05, "weight": 0.10008653513326411 }, "geometry": { "type": "LineString", "coordinates": [ [ -75.02849, 6.293759 ], [ -74.757421, 6.409829 ] ] } },
{ "type": "Feature", "properties": { "source": "GRANADA", "target": "SAN LUIS", "distance": 0.5, "betweenness": 0.0003028729664243683, "weight": 0.10030287296642437 }, "geometry": { "type": "LineString", "coordinates": [ [ -75.184446, 6.142892 ], [ -74.993619, 6.043017 ] ] } },
{ "type": "Feature", "properties": { "source": "GRANADA", "target": "SAN CARLOS", "distance": 0.5, "betweenness": 0.00044709818853121033, "weight": 0.10044709818853122 }, "geometry": { "type": "LineString", "coordinates": [ [ -75.184446, 6.142892 ], [ -74.988097, 6.187746 ] ] } },
{ "type": "Feature", "properties": { "source": "GRANADA", "target": "EL SANTUARIO", "distance": 0.5, "betweenness": 0.00017307026652821047, "weight": 0.10017307026652822 }, "geometry": { "type": "LineString", "coordinates": [ [ -75.184446, 6.142892 ], [ -75.265465, 6.136871 ] ] } },
{ "type": "Feature", "properties": { "source": "GRANADA", "target": "COCORNÁ", "distance": 0.5, "betweenness": 0.0015143648321218415, "weight": 0.10151436483212185 }, "geometry": { "type": "LineString", "coordinates": [ [ -75.184446, 6.142892 ], [ -75.185483, 6.058295 ] ] } },
{ "type": "Feature", "properties": { "source": "GRANADA", "target": "SAN FRANCISCO", "distance": 0.5, "betweenness": 0.0038911964924425988, "weight": 0.10389119649244261 }, "geometry": { "type": "LineString", "coordinates": [ [ -75.184446, 6.142892 ], [ -75.101562, 5.963476 ] ] } },
{ "type": "Feature", "properties": { "source": "GRANADA", "target": "EL CARMEN DE VIBORAL", "distance": 0.5, "betweenness": 0.0002163378331602631, "weight": 0.10021633783316027 }, "geometry": { "type": "LineString", "coordinates": [ [ -75.184446, 6.142892 ], [ -75.333901, 6.082885 ] ] } },
{ "type": "Feature", "properties": { "source": "EL SANTUARIO", "target": "EL CARMEN DE VIBORAL", "distance": 0.5, "betweenness": 0.00017307026652821047, "weight": 0.10017307026652822 }, "geometry": { "type": "LineString", "coordinates": [ [ -75.265465, 6.136871 ], [ -75.333901, 6.082885 ] ] } },
{ "type": "Feature", "properties": { "source": "EL SANTUARIO", "target": "COCORNÁ", "distance": 0.5, "betweenness": 0.0, "weight": 0.1 }, "geometry": { "type": "LineString", "coordinates": [ [ -75.265465, 6.136871 ], [ -75.185483, 6.058295 ] ] } },
{ "type": "Feature", "properties": { "source": "EL SANTUARIO", "target": "LA CEJA", "distance": 0.33333333333333331, "betweenness": 0.0044565593631014193, "weight": 0.10445655936310143 }, "geometry": { "type": "LineString", "coordinates": [ [ -75.265465, 6.136871 ], [ -75.429433, 6.028062 ] ] } },
{ "type": "Feature", "properties": { "source": "EL SANTUARIO", "target": "SAN CARLOS", "distance": 0.33333333333333331, "betweenness": 0.002942194530979578, "weight": 0.10294219453097958 }, "geometry": { "type": "LineString", "coordinates": [ [ -75.265465, 6.136871 ], [ -74.988097, 6.187746 ] ] } },
{ "type": "Feature", "properties": { "source": "EL SANTUARIO", "target": "LA UNIÓN", "distance": 0.5, "betweenness": 0.00038075458636206304, "weight": 0.10038075458636207 }, "geometry": { "type": "LineString", "coordinates": [ [ -75.265465, 6.136871 ], [ -75.360874, 5.973845 ] ] } },
{ "type": "Feature", "properties": { "source": "EL SANTUARIO", "target": "SAN LUIS", "distance": 0.5, "betweenness": 0.0002076843198338526, "weight": 0.10020768431983386 }, "geometry": { "type": "LineString", "coordinates": [ [ -75.265465, 6.136871 ], [ -74.993619, 6.043017 ] ] } },
{ "type": "Feature", "properties": { "source": "SAN CARLOS", "target": "SAN LUIS", "distance": 0.5, "betweenness": 0.008639090804199839, "weight": 0.10863909080419984 }, "geometry": { "type": "LineString", "coordinates": [ [ -74.988097, 6.187746 ], [ -74.993619, 6.043017 ] ] } },
{ "type": "Feature", "properties": { "source": "SAN CARLOS", "target": "COCORNÁ", "distance": 0.5, "betweenness": 0.002408561209184262, "weight": 0.10240856120918426 }, "geometry": { "type": "LineString", "coordinates": [ [ -74.988097, 6.187746 ], [ -75.185483, 6.058295 ] ] } },
{ "type": "Feature", "properties": { "source": "SAN CARLOS", "target": "PUERTO NARE", "distance": 0.5, "betweenness": 0.018331025729779626, "weight": 0.11833102572977963 }, "geometry": { "type": "LineString", "coordinates": [ [ -74.988097, 6.187746 ], [ -74.583012, 6.186025 ] ] } },
{ "type": "Feature", "properties": { "source": "SAN CARLOS", "target": "CARACOLÍ", "distance": 1.0, "betweenness": 0.0, "weight": 0.1 }, "geometry": { "type": "LineString", "coordinates": [ [ -74.988097, 6.187746 ], [ -74.757421, 6.409829 ] ] } },
{ "type": "Feature", "properties": { "source": "COCORNÁ", "target": "EL CARMEN DE VIBORAL", "distance": 0.5, "betweenness": 0.00017307026652821047, "weight": 0.10017307026652822 }, "geometry": { "type": "LineString", "coordinates": [ [ -75.185483, 6.058295 ], [ -75.333901, 6.082885 ] ] } },
{ "type": "Feature", "properties": { "source": "COCORNÁ", "target": "LA UNIÓN", "distance": 0.5, "betweenness": 0.00025095188646590515, "weight": 0.10025095188646591 }, "geometry": { "type": "LineString", "coordinates": [ [ -75.185483, 6.058295 ], [ -75.360874, 5.973845 ] ] } },
{ "type": "Feature", "properties": { "source": "COCORNÁ", "target": "LA CEJA", "distance": 0.090909090909090912, "betweenness": 0.026374672402709787, "weight": 0.1263746724027098 }, "geometry": { "type": "LineString", "coordinates": [ [ -75.185483, 6.058295 ], [ -75.429433, 6.028062 ] ] } },
{ "type": "Feature", "properties": { "source": "COCORNÁ", "target": "SAN FRANCISCO", "distance": 0.5, "betweenness": 0.0035825545171339567, "weight": 0.10358255451713397 }, "geometry": { "type": "LineString", "coordinates": [ [ -75.185483, 6.058295 ], [ -75.101562, 5.963476 ] ] } },
{ "type": "Feature", "properties": { "source": "COCORNÁ", "target": "SONSÓN", "distance": 0.5, "betweenness": 0.0041207206316240591, "weight": 0.10412072063162406 }, "geometry": { "type": "LineString", "coordinates": [ [ -75.185483, 6.058295 ], [ -75.309596, 5.714851 ] ] } },
{ "type": "Feature", "properties": { "source": "COCORNÁ", "target": "SAN LUIS", "distance": 0.5, "betweenness": 0.0037037037037037038, "weight": 0.10370370370370371 }, "geometry": { "type": "LineString", "coordinates": [ [ -75.185483, 6.058295 ], [ -74.993619, 6.043017 ] ] } },
{ "type": "Feature", "properties": { "source": "COCORNÁ", "target": "ARGELIA", "distance": 0.33333333333333331, "betweenness": 0.014364832121841468, "weight": 0.11436483212184148 }, "geometry": { "type": "LineString", "coordinates": [ [ -75.185483, 6.058295 ], [ -75.14107, 5.731474 ] ] } },
{ "type": "Feature", "properties": { "source": "COCORNÁ", "target": "ABEJORRAL", "distance": 0.33333333333333331, "betweenness": 0.0069228106611284191, "weight": 0.10692281066112842 }, "geometry": { "type": "LineString", "coordinates": [ [ -75.185483, 6.058295 ], [ -75.428739, 5.789315 ] ] } },
{ "type": "Feature", "properties": { "source": "SAN LUIS", "target": "SAN FRANCISCO", "distance": 0.5, "betweenness": 0.00059709241952232619, "weight": 0.10059709241952233 }, "geometry": { "type": "LineString", "coordinates": [ [ -74.993619, 6.043017 ], [ -75.101562, 5.963476 ] ] } },
{ "type": "Feature", "properties": { "source": "SAN LUIS", "target": "PUERTO NARE", "distance": 1.0, "betweenness": 0.00018749278873889466, "weight": 0.1001874927887389 }, "geometry": { "type": "LineString", "coordinates": [ [ -74.993619, 6.043017 ], [ -74.583012, 6.186025 ] ] } },
{ "type": "Feature", "properties": { "source": "SAN LUIS", "target": "EL CARMEN DE VIBORAL", "distance": 0.5, "betweenness": 0.0040152301834544832, "weight": 0.10401523018345449 }, "geometry": { "type": "LineString", "coordinates": [ [ -74.993619, 6.043017 ], [ -75.333901, 6.082885 ] ] } },
{ "type": "Feature", "properties": { "source": "SAN LUIS", "target": "SONSÓN", "distance": 0.5, "betweenness": 0.00094323295257874712, "weight": 0.10094323295257875 }, "geometry": { "type": "LineString", "coordinates": [ [ -74.993619, 6.043017 ], [ -75.309596, 5.714851 ] ] } },
{ "type": "Feature", "properties": { "source": "EL CARMEN DE VIBORAL", "target": "LA UNIÓN", "distance": 0.5, "betweenness": 0.00025095188646590515, "weight": 0.10025095188646591 }, "geometry": { "type": "LineString", "coordinates": [ [ -75.333901, 6.082885 ], [ -75.360874, 5.973845 ] ] } },
{ "type": "Feature", "properties": { "source": "EL CARMEN DE VIBORAL", "target": "LA CEJA", "distance": 0.5, "betweenness": 0.00017307026652821047, "weight": 0.10017307026652822 }, "geometry": { "type": "LineString", "coordinates": [ [ -75.333901, 6.082885 ], [ -75.429433, 6.028062 ] ] } },
{ "type": "Feature", "properties": { "source": "EL CARMEN DE VIBORAL", "target": "ABEJORRAL", "distance": 0.5, "betweenness": 0.00034614053305642093, "weight": 0.10034614053305643 }, "geometry": { "type": "LineString", "coordinates": [ [ -75.333901, 6.082885 ], [ -75.428739, 5.789315 ] ] } },
{ "type": "Feature", "properties": { "source": "EL CARMEN DE VIBORAL", "target": "SONSÓN", "distance": 0.5, "betweenness": 0.01024411149021741, "weight": 0.11024411149021741 }, "geometry": { "type": "LineString", "coordinates": [ [ -75.333901, 6.082885 ], [ -75.309596, 5.714851 ] ] } },
{ "type": "Feature", "properties": { "source": "EL CARMEN DE VIBORAL", "target": "SAN FRANCISCO", "distance": 0.5, "betweenness": 0.0098419291565709013, "weight": 0.1098419291565709 }, "geometry": { "type": "LineString", "coordinates": [ [ -75.333901, 6.082885 ], [ -75.101562, 5.963476 ] ] } },
{ "type": "Feature", "properties": { "source": "EL CARMEN DE VIBORAL", "target": "ARGELIA", "distance": 0.5, "betweenness": 0.0017307026652821048, "weight": 0.10173070266528211 }, "geometry": { "type": "LineString", "coordinates": [ [ -75.333901, 6.082885 ], [ -75.14107, 5.731474 ] ] } },
{ "type": "Feature", "properties": { "source": "LA ESTRELLA", "target": "CALDAS", "distance": 0.5, "betweenness": 0.00043267566632052619, "weight": 0.10043267566632053 }, "geometry": { "type": "LineString", "coordinates": [ [ -75.637708, 6.145238 ], [ -75.633673, 6.091077 ] ] } },
{ "type": "Feature", "properties": { "source": "LA ESTRELLA", "target": "ARMENIA", "distance": 0.5, "betweenness": 0.0011076497057805471, "weight": 0.10110764970578055 }, "geometry": { "type": "LineString", "coordinates": [ [ -75.637708, 6.145238 ], [ -75.786647, 6.155667 ] ] } },
{ "type": "Feature", "properties": { "source": "LA ESTRELLA", "target": "AMAGÁ", "distance": 0.5, "betweenness": 0.00017307026652821047, "weight": 0.10017307026652822 }, "geometry": { "type": "LineString", "coordinates": [ [ -75.637708, 6.145238 ], [ -75.702188, 6.038708 ] ] } },
{ "type": "Feature", "properties": { "source": "LA ESTRELLA", "target": "TITIRIBÍ", "distance": 0.5, "betweenness": 0.00025960539979231567, "weight": 0.10025960539979233 }, "geometry": { "type": "LineString", "coordinates": [ [ -75.637708, 6.145238 ], [ -75.791887, 6.062391 ] ] } },
{ "type": "Feature", "properties": { "source": "LA ESTRELLA", "target": "ANGELÓPOLIS", "distance": 0.5, "betweenness": 8.6535133264105233e-05, "weight": 0.10008653513326411 }, "geometry": { "type": "LineString", "coordinates": [ [ -75.637708, 6.145238 ], [ -75.711389, 6.109719 ] ] } },
{ "type": "Feature", "properties": { "source": "LA ESTRELLA", "target": "ITAGÜÍ", "distance": 0.5, "betweenness": 8.6535133264105233e-05, "weight": 0.10008653513326411 }, "geometry": { "type": "LineString", "coordinates": [ [ -75.637708, 6.145238 ], [ -75.612056, 6.175079 ] ] } },
{ "type": "Feature", "properties": { "source": "LA ESTRELLA", "target": "FREDONIA", "distance": 0.33333333333333331, "betweenness": 0.0028325833621783781, "weight": 0.10283258336217839 }, "geometry": { "type": "LineString", "coordinates": [ [ -75.637708, 6.145238 ], [ -75.675072, 5.928039 ] ] } },
{ "type": "Feature", "properties": { "source": "LA ESTRELLA", "target": "SABANETA", "distance": 0.33333333333333331, "betweenness": 0.00057690088842736822, "weight": 0.10057690088842737 }, "geometry": { "type": "LineString", "coordinates": [ [ -75.637708, 6.145238 ], [ -75.615479, 6.149903 ] ] } },
{ "type": "Feature", "properties": { "source": "LA ESTRELLA", "target": "SANTA BÁRBARA", "distance": 0.33333333333333331, "betweenness": 0.0033229491173416407, "weight": 0.10332294911734165 }, "geometry": { "type": "LineString", "coordinates": [ [ -75.637708, 6.145238 ], [ -75.567351, 5.875527 ] ] } },
{ "type": "Feature", "properties": { "source": "LA ESTRELLA", "target": "VENECIA", "distance": 1.0, "betweenness": 0.0, "weight": 0.1 }, "geometry": { "type": "LineString", "coordinates": [ [ -75.637708, 6.145238 ], [ -75.735544, 5.964693 ] ] } },
{ "type": "Feature", "properties": { "source": "ARMENIA", "target": "TITIRIBÍ", "distance": 0.5, "betweenness": 0.00039558918063590961, "weight": 0.10039558918063592 }, "geometry": { "type": "LineString", "coordinates": [ [ -75.786647, 6.155667 ], [ -75.791887, 6.062391 ] ] } },
{ "type": "Feature", "properties": { "source": "ARMENIA", "target": "ANGELÓPOLIS", "distance": 0.5, "betweenness": 0.00023076035537094729, "weight": 0.10023076035537096 }, "geometry": { "type": "LineString", "coordinates": [ [ -75.786647, 6.155667 ], [ -75.711389, 6.109719 ] ] } },
{ "type": "Feature", "properties": { "source": "ARMENIA", "target": "AMAGÁ", "distance": 0.5, "betweenness": 0.00025960539979231567, "weight": 0.10025960539979233 }, "geometry": { "type": "LineString", "coordinates": [ [ -75.786647, 6.155667 ], [ -75.702188, 6.038708 ] ] } },
{ "type": "Feature", "properties": { "source": "ARMENIA", "target": "CONCORDIA", "distance": 0.5, "betweenness": 0.0014661524007318402, "weight": 0.10146615240073184 }, "geometry": { "type": "LineString", "coordinates": [ [ -75.786647, 6.155667 ], [ -75.908448, 6.045738 ] ] } },
{ "type": "Feature", "properties": { "source": "ARMENIA", "target": "ITAGÜÍ", "distance": 0.5, "betweenness": 0.00043267566632052619, "weight": 0.10043267566632053 }, "geometry": { "type": "LineString", "coordinates": [ [ -75.786647, 6.155667 ], [ -75.612056, 6.175079 ] ] } },
{ "type": "Feature", "properties": { "source": "ARMENIA", "target": "CALDAS", "distance": 0.5, "betweenness": 0.0016153224875966308, "weight": 0.10161532248759664 }, "geometry": { "type": "LineString", "coordinates": [ [ -75.786647, 6.155667 ], [ -75.633673, 6.091077 ] ] } },
{ "type": "Feature", "properties": { "source": "ARMENIA", "target": "SABANETA", "distance": 1.0, "betweenness": 0.0, "weight": 0.1 }, "geometry": { "type": "LineString", "coordinates": [ [ -75.786647, 6.155667 ], [ -75.615479, 6.149903 ] ] } },
{ "type": "Feature", "properties": { "source": "ANGELÓPOLIS", "target": "CALDAS", "distance": 0.5, "betweenness": 0.00099515403253721017, "weight": 0.10099515403253721 }, "geometry": { "type": "LineString", "coordinates": [ [ -75.711389, 6.109719 ], [ -75.633673, 6.091077 ] ] } },
{ "type": "Feature", "properties": { "source": "ANGELÓPOLIS", "target": "SANTA BÁRBARA", "distance": 0.5, "betweenness": 0.00053363332179531559, "weight": 0.10053363332179532 }, "geometry": { "type": "LineString", "coordinates": [ [ -75.711389, 6.109719 ], [ -75.567351, 5.875527 ] ] } },
{ "type": "Feature", "properties": { "source": "ANGELÓPOLIS", "target": "VENECIA", "distance": 0.5, "betweenness": 0.0003028729664243683, "weight": 0.10030287296642437 }, "geometry": { "type": "LineString", "coordinates": [ [ -75.711389, 6.109719 ], [ -75.735544, 5.964693 ] ] } },
{ "type": "Feature", "properties": { "source": "ANGELÓPOLIS", "target": "AMAGÁ", "distance": 0.25, "betweenness": 0.0022643359870774199, "weight": 0.10226433598707743 }, "geometry": { "type": "LineString", "coordinates": [ [ -75.711389, 6.109719 ], [ -75.702188, 6.038708 ] ] } },
{ "type": "Feature", "properties": { "source": "ANGELÓPOLIS", "target": "FREDONIA", "distance": 0.5, "betweenness": 0.00087977385485173653, "weight": 0.10087977385485174 }, "geometry": { "type": "LineString", "coordinates": [ [ -75.711389, 6.109719 ], [ -75.675072, 5.928039 ] ] } },
{ "type": "Feature", "properties": { "source": "ANGELÓPOLIS", "target": "TITIRIBÍ", "distance": 0.5, "betweenness": 0.00034614053305642093, "weight": 0.10034614053305643 }, "geometry": { "type": "LineString", "coordinates": [ [ -75.711389, 6.109719 ], [ -75.791887, 6.062391 ] ] } },
{ "type": "Feature", "properties": { "source": "ANGELÓPOLIS", "target": "ITAGÜÍ", "distance": 0.5, "betweenness": 0.00017307026652821047, "weight": 0.10017307026652822 }, "geometry": { "type": "LineString", "coordinates": [ [ -75.711389, 6.109719 ], [ -75.612056, 6.175079 ] ] } },
{ "type": "Feature", "properties": { "source": "ANGELÓPOLIS", "target": "SABANETA", "distance": 0.33333333333333331, "betweenness": 0.0014999423099111575, "weight": 0.10149994230991116 }, "geometry": { "type": "LineString", "coordinates": [ [ -75.711389, 6.109719 ], [ -75.615479, 6.149903 ] ] } },
{ "type": "Feature", "properties": { "source": "ANGELÓPOLIS", "target": "CONCORDIA", "distance": 0.5, "betweenness": 0.0012980269989615785, "weight": 0.10129802699896158 }, "geometry": { "type": "LineString", "coordinates": [ [ -75.711389, 6.109719 ], [ -75.908448, 6.045738 ] ] } },
{ "type": "Feature", "properties": { "source": "CALDAS", "target": "AMAGÁ", "distance": 0.5, "betweenness": 0.00043267566632052619, "weight": 0.10043267566632053 }, "geometry": { "type": "LineString", "coordinates": [ [ -75.633673, 6.091077 ], [ -75.702188, 6.038708 ] ] } },
{ "type": "Feature", "properties": { "source": "CALDAS", "target": "MONTEBELLO", "distance": 0.33333333333333331, "betweenness": 0.00060574593284873661, "weight": 0.10060574593284874 }, "geometry": { "type": "LineString", "coordinates": [ [ -75.633673, 6.091077 ], [ -75.523455, 5.946313 ] ] } },
{ "type": "Feature", "properties": { "source": "CALDAS", "target": "VENECIA", "distance": 0.5, "betweenness": 0.00028845044421368411, "weight": 0.10028845044421369 }, "geometry": { "type": "LineString", "coordinates": [ [ -75.633673, 6.091077 ], [ -75.735544, 5.964693 ] ] } },
{ "type": "Feature", "properties": { "source": "CALDAS", "target": "FREDONIA", "distance": 0.5, "betweenness": 0.00089419637706242066, "weight": 0.10089419637706243 }, "geometry": { "type": "LineString", "coordinates": [ [ -75.633673, 6.091077 ], [ -75.675072, 5.928039 ] ] } },
{ "type": "Feature", "properties": { "source": "CALDAS", "target": "SANTA BÁRBARA", "distance": 0.5, "betweenness": 0.0, "weight": 0.1 }, "geometry": { "type": "LineString", "coordinates": [ [ -75.633673, 6.091077 ], [ -75.567351, 5.875527 ] ] } },
{ "type": "Feature", "properties": { "source": "CALDAS", "target": "LA CEJA", "distance": 0.25, "betweenness": 0.0062737971616476295, "weight": 0.10627379716164763 }, "geometry": { "type": "LineString", "coordinates": [ [ -75.633673, 6.091077 ], [ -75.429433, 6.028062 ] ] } },
{ "type": "Feature", "properties": { "source": "CALDAS", "target": "TITIRIBÍ", "distance": 0.5, "betweenness": 0.0019037729318103149, "weight": 0.10190377293181033 }, "geometry": { "type": "LineString", "coordinates": [ [ -75.633673, 6.091077 ], [ -75.791887, 6.062391 ] ] } },
{ "type": "Feature", "properties": { "source": "CALDAS", "target": "SABANETA", "distance": 0.5, "betweenness": 0.00017307026652821047, "weight": 0.10017307026652822 }, "geometry": { "type": "LineString", "coordinates": [ [ -75.633673, 6.091077 ], [ -75.615479, 6.149903 ] ] } },
{ "type": "Feature", "properties": { "source": "CALDAS", "target": "ITAGÜÍ", "distance": 0.5, "betweenness": 0.00034614053305642093, "weight": 0.10034614053305643 }, "geometry": { "type": "LineString", "coordinates": [ [ -75.633673, 6.091077 ], [ -75.612056, 6.175079 ] ] } },
{ "type": "Feature", "properties": { "source": "CALDAS", "target": "ABEJORRAL", "distance": 1.0, "betweenness": 0.0, "weight": 0.1 }, "geometry": { "type": "LineString", "coordinates": [ [ -75.633673, 6.091077 ], [ -75.428739, 5.789315 ] ] } },
{ "type": "Feature", "properties": { "source": "ITAGÜÍ", "target": "SABANETA", "distance": 0.5, "betweenness": 0.00069228106611284187, "weight": 0.10069228106611285 }, "geometry": { "type": "LineString", "coordinates": [ [ -75.612056, 6.175079 ], [ -75.615479, 6.149903 ] ] } },
{ "type": "Feature", "properties": { "source": "ITAGÜÍ", "target": "AMAGÁ", "distance": 0.5, "betweenness": 0.00034614053305642093, "weight": 0.10034614053305643 }, "geometry": { "type": "LineString", "coordinates": [ [ -75.612056, 6.175079 ], [ -75.702188, 6.038708 ] ] } },
{ "type": "Feature", "properties": { "source": "SABANETA", "target": "TITIRIBÍ", "distance": 1.0, "betweenness": 0.0, "weight": 0.1 }, "geometry": { "type": "LineString", "coordinates": [ [ -75.615479, 6.149903 ], [ -75.791887, 6.062391 ] ] } },
{ "type": "Feature", "properties": { "source": "SABANETA", "target": "AMAGÁ", "distance": 0.5, "betweenness": 0.00017307026652821047, "weight": 0.10017307026652822 }, "geometry": { "type": "LineString", "coordinates": [ [ -75.615479, 6.149903 ], [ -75.702188, 6.038708 ] ] } },
{ "type": "Feature", "properties": { "source": "SABANETA", "target": "FREDONIA", "distance": 0.33333333333333331, "betweenness": 0.0025400121973330695, "weight": 0.10254001219733308 }, "geometry": { "type": "LineString", "coordinates": [ [ -75.615479, 6.149903 ], [ -75.675072, 5.928039 ] ] } },
{ "type": "Feature", "properties": { "source": "SABANETA", "target": "SANTA BÁRBARA", "distance": 0.16666666666666666, "betweenness": 0.006289867972110964, "weight": 0.10628986797211097 }, "geometry": { "type": "LineString", "coordinates": [ [ -75.615479, 6.149903 ], [ -75.567351, 5.875527 ] ] } },
{ "type": "Feature", "properties": { "source": "AMAGÁ", "target": "SANTA BÁRBARA", "distance": 0.5, "betweenness": 0.0010095765547478944, "weight": 0.1010095765547479 }, "geometry": { "type": "LineString", "coordinates": [ [ -75.702188, 6.038708 ], [ -75.567351, 5.875527 ] ] } },
{ "type": "Feature", "properties": { "source": "AMAGÁ", "target": "VENECIA", "distance": 0.5, "betweenness": 0.00023076035537094729, "weight": 0.10023076035537096 }, "geometry": { "type": "LineString", "coordinates": [ [ -75.702188, 6.038708 ], [ -75.735544, 5.964693 ] ] } },
{ "type": "Feature", "properties": { "source": "AMAGÁ", "target": "TITIRIBÍ", "distance": 0.33333333333333331, "betweenness": 0.0014999423099111573, "weight": 0.10149994230991116 }, "geometry": { "type": "LineString", "coordinates": [ [ -75.702188, 6.038708 ], [ -75.791887, 6.062391 ] ] } },
{ "type": "Feature", "properties": { "source": "AMAGÁ", "target": "FREDONIA", "distance": 0.5, "betweenness": 0.00066343602169147337, "weight": 0.10066343602169148 }, "geometry": { "type": "LineString", "coordinates": [ [ -75.702188, 6.038708 ], [ -75.675072, 5.928039 ] ] } },
{ "type": "Feature", "properties": { "source": "AMAGÁ", "target": "CONCORDIA", "distance": 0.5, "betweenness": 0.0017307026652821048, "weight": 0.10173070266528211 }, "geometry": { "type": "LineString", "coordinates": [ [ -75.702188, 6.038708 ], [ -75.908448, 6.045738 ] ] } },
{ "type": "Feature", "properties": { "source": "AMAGÁ", "target": "MONTEBELLO", "distance": 0.33333333333333331, "betweenness": 0.0037065882081458411, "weight": 0.10370658820814585 }, "geometry": { "type": "LineString", "coordinates": [ [ -75.702188, 6.038708 ], [ -75.523455, 5.946313 ] ] } },
{ "type": "Feature", "properties": { "source": "TITIRIBÍ", "target": "VENECIA", "distance": 0.5, "betweenness": 0.00078458520826122074, "weight": 0.10078458520826122 }, "geometry": { "type": "LineString", "coordinates": [ [ -75.791887, 6.062391 ], [ -75.735544, 5.964693 ] ] } },
{ "type": "Feature", "properties": { "source": "TITIRIBÍ", "target": "CONCORDIA", "distance": 0.33333333333333331, "betweenness": 0.0036835121726087471, "weight": 0.10368351217260875 }, "geometry": { "type": "LineString", "coordinates": [ [ -75.791887, 6.062391 ], [ -75.908448, 6.045738 ] ] } },
{ "type": "Feature", "properties": { "source": "TITIRIBÍ", "target": "SALGAR", "distance": 0.5, "betweenness": 0.0024060887768052879, "weight": 0.10240608877680529 }, "geometry": { "type": "LineString", "coordinates": [ [ -75.791887, 6.062391 ], [ -75.976807, 5.964198 ] ] } },
{ "type": "Feature", "properties": { "source": "TITIRIBÍ", "target": "FREDONIA", "distance": 0.5, "betweenness": 0.00040959963078343142, "weight": 0.10040959963078344 }, "geometry": { "type": "LineString", "coordinates": [ [ -75.791887, 6.062391 ], [ -75.675072, 5.928039 ] ] } },
{ "type": "Feature", "properties": { "source": "TITIRIBÍ", "target": "TARSO", "distance": 0.5, "betweenness": 0.0013923915014257692, "weight": 0.10139239150142577 }, "geometry": { "type": "LineString", "coordinates": [ [ -75.791887, 6.062391 ], [ -75.822956, 5.864542 ] ] } },
{ "type": "Feature", "properties": { "source": "TITIRIBÍ", "target": "SANTA BÁRBARA", "distance": 0.5, "betweenness": 0.0017710857274720201, "weight": 0.10177108572747202 }, "geometry": { "type": "LineString", "coordinates": [ [ -75.791887, 6.062391 ], [ -75.567351, 5.875527 ] ] } },
{ "type": "Feature", "properties": { "source": "LA CEJA", "target": "LA UNIÓN", "distance": 0.5, "betweenness": 0.00017307026652821047, "weight": 0.10017307026652822 }, "geometry": { "type": "LineString", "coordinates": [ [ -75.429433, 6.028062 ], [ -75.360874, 5.973845 ] ] } },
{ "type": "Feature", "properties": { "source": "LA CEJA", "target": "MONTEBELLO", "distance": 0.5, "betweenness": 0.00017307026652821047, "weight": 0.10017307026652822 }, "geometry": { "type": "LineString", "coordinates": [ [ -75.429433, 6.028062 ], [ -75.523455, 5.946313 ] ] } },
{ "type": "Feature", "properties": { "source": "LA CEJA", "target": "ABEJORRAL", "distance": 0.5, "betweenness": 0.0, "weight": 0.1 }, "geometry": { "type": "LineString", "coordinates": [ [ -75.429433, 6.028062 ], [ -75.428739, 5.789315 ] ] } },
{ "type": "Feature", "properties": { "source": "LA CEJA", "target": "SANTA BÁRBARA", "distance": 0.5, "betweenness": 0.00012980269989615784, "weight": 0.10012980269989616 }, "geometry": { "type": "LineString", "coordinates": [ [ -75.429433, 6.028062 ], [ -75.567351, 5.875527 ] ] } },
{ "type": "Feature", "properties": { "source": "LA CEJA", "target": "FREDONIA", "distance": 0.33333333333333331, "betweenness": 0.014624437521633784, "weight": 0.11462443752163379 }, "geometry": { "type": "LineString", "coordinates": [ [ -75.429433, 6.028062 ], [ -75.675072, 5.928039 ] ] } },
{ "type": "Feature", "properties": { "source": "CONCORDIA", "target": "SALGAR", "distance": 0.5, "betweenness": 0.000424434225057278, "weight": 0.10042443422505729 }, "geometry": { "type": "LineString", "coordinates": [ [ -75.908448, 6.045738 ], [ -75.976807, 5.964198 ] ] } },
{ "type": "Feature", "properties": { "source": "CONCORDIA", "target": "CIUDAD BOLÍVAR", "distance": 0.33333333333333331, "betweenness": 0.0037819973957045616, "weight": 0.10378199739570457 }, "geometry": { "type": "LineString", "coordinates": [ [ -75.908448, 6.045738 ], [ -76.021509, 5.850273 ] ] } },
{ "type": "Feature", "properties": { "source": "CONCORDIA", "target": "TARSO", "distance": 0.5, "betweenness": 0.0014933491569005589, "weight": 0.10149334915690056 }, "geometry": { "type": "LineString", "coordinates": [ [ -75.908448, 6.045738 ], [ -75.822956, 5.864542 ] ] } },
{ "type": "Feature", "properties": { "source": "CONCORDIA", "target": "VENECIA", "distance": 0.5, "betweenness": 0.0041969539633091042, "weight": 0.10419695396330911 }, "geometry": { "type": "LineString", "coordinates": [ [ -75.908448, 6.045738 ], [ -75.735544, 5.964693 ] ] } },
{ "type": "Feature", "properties": { "source": "CONCORDIA", "target": "FREDONIA", "distance": 1.0, "betweenness": 0.0, "weight": 0.1 }, "geometry": { "type": "LineString", "coordinates": [ [ -75.908448, 6.045738 ], [ -75.675072, 5.928039 ] ] } },
{ "type": "Feature", "properties": { "source": "CONCORDIA", "target": "PUEBLORRICO", "distance": 0.33333333333333331, "betweenness": 0.0076633041586312628, "weight": 0.10766330415863126 }, "geometry": { "type": "LineString", "coordinates": [ [ -75.908448, 6.045738 ], [ -75.839903, 5.79158 ] ] } },
{ "type": "Feature", "properties": { "source": "CONCORDIA", "target": "HISPANIA", "distance": 1.0, "betweenness": 0.0, "weight": 0.1 }, "geometry": { "type": "LineString", "coordinates": [ [ -75.908448, 6.045738 ], [ -75.906587, 5.799461 ] ] } },
{ "type": "Feature", "properties": { "source": "LA UNIÓN", "target": "ABEJORRAL", "distance": 0.5, "betweenness": 0.00077881619937694713, "weight": 0.10077881619937695 }, "geometry": { "type": "LineString", "coordinates": [ [ -75.360874, 5.973845 ], [ -75.428739, 5.789315 ] ] } },
{ "type": "Feature", "properties": { "source": "LA UNIÓN", "target": "SONSÓN", "distance": 0.5, "betweenness": 0.00042402215299411567, "weight": 0.10042402215299412 }, "geometry": { "type": "LineString", "coordinates": [ [ -75.360874, 5.973845 ], [ -75.309596, 5.714851 ] ] } },
{ "type": "Feature", "properties": { "source": "LA UNIÓN", "target": "MONTEBELLO", "distance": 0.5, "betweenness": 0.00017307026652821047, "weight": 0.10017307026652822 }, "geometry": { "type": "LineString", "coordinates": [ [ -75.360874, 5.973845 ], [ -75.523455, 5.946313 ] ] } },
{ "type": "Feature", "properties": { "source": "LA UNIÓN", "target": "SANTA BÁRBARA", "distance": 0.5, "betweenness": 0.0012980269989615785, "weight": 0.10129802699896158 }, "geometry": { "type": "LineString", "coordinates": [ [ -75.360874, 5.973845 ], [ -75.567351, 5.875527 ] ] } },
{ "type": "Feature", "properties": { "source": "ABEJORRAL", "target": "SONSÓN", "distance": 0.5, "betweenness": 0.0024229837313949464, "weight": 0.10242298373139495 }, "geometry": { "type": "LineString", "coordinates": [ [ -75.428739, 5.789315 ], [ -75.309596, 5.714851 ] ] } },
{ "type": "Feature", "properties": { "source": "ABEJORRAL", "target": "MONTEBELLO", "distance": 0.33333333333333331, "betweenness": 0.0029277720087688935, "weight": 0.1029277720087689 }, "geometry": { "type": "LineString", "coordinates": [ [ -75.428739, 5.789315 ], [ -75.523455, 5.946313 ] ] } },
{ "type": "Feature", "properties": { "source": "ABEJORRAL", "target": "SANTA BÁRBARA", "distance": 0.5, "betweenness": 0.0008076612437983154, "weight": 0.10080766124379832 }, "geometry": { "type": "LineString", "coordinates": [ [ -75.428739, 5.789315 ], [ -75.567351, 5.875527 ] ] } },
{ "type": "Feature", "properties": { "source": "ABEJORRAL", "target": "LA PINTADA", "distance": 0.5, "betweenness": 0.0020727224777069013, "weight": 0.10207272247770691 }, "geometry": { "type": "LineString", "coordinates": [ [ -75.428739, 5.789315 ], [ -75.60781, 5.743808 ] ] } },
{ "type": "Feature", "properties": { "source": "ABEJORRAL", "target": "ARGELIA", "distance": 0.5, "betweenness": 0.0019037729318103151, "weight": 0.10190377293181033 }, "geometry": { "type": "LineString", "coordinates": [ [ -75.428739, 5.789315 ], [ -75.14107, 5.731474 ] ] } },
{ "type": "Feature", "properties": { "source": "ABEJORRAL", "target": "FREDONIA", "distance": 0.5, "betweenness": 0.0019054212200629644, "weight": 0.10190542122006296 }, "geometry": { "type": "LineString", "coordinates": [ [ -75.428739, 5.789315 ], [ -75.675072, 5.928039 ] ] } },
{ "type": "Feature", "properties": { "source": "ABEJORRAL", "target": "VALPARAÍSO", "distance": 0.33333333333333331, "betweenness": 0.0077506634360216932, "weight": 0.1077506634360217 }, "geometry": { "type": "LineString", "coordinates": [ [ -75.428739, 5.789315 ], [ -75.624452, 5.614555 ] ] } },
{ "type": "Feature", "properties": { "source": "ABEJORRAL", "target": "NARIÑO", "distance": 0.33333333333333331, "betweenness": 0.017999307718933887, "weight": 0.1179993077189339 }, "geometry": { "type": "LineString", "coordinates": [ [ -75.428739, 5.789315 ], [ -75.176262, 5.610777 ] ] } },
{ "type": "Feature", "properties": { "source": "ABEJORRAL", "target": "TÁMESIS", "distance": 0.5, "betweenness": 0.0038075458636206302, "weight": 0.10380754586362063 }, "geometry": { "type": "LineString", "coordinates": [ [ -75.428739, 5.789315 ], [ -75.714429, 5.664645 ] ] } },
{ "type": "Feature", "properties": { "source": "SONSÓN", "target": "ARGELIA", "distance": 0.5, "betweenness": 0.00017307026652821047, "weight": 0.10017307026652822 }, "geometry": { "type": "LineString", "coordinates": [ [ -75.309596, 5.714851 ], [ -75.14107, 5.731474 ] ] } },
{ "type": "Feature", "properties": { "source": "SONSÓN", "target": "NARIÑO", "distance": 0.5, "betweenness": 0.00025960539979231567, "weight": 0.10025960539979233 }, "geometry": { "type": "LineString", "coordinates": [ [ -75.309596, 5.714851 ], [ -75.176262, 5.610777 ] ] } },
{ "type": "Feature", "properties": { "source": "SONSÓN", "target": "SAN FRANCISCO", "distance": 0.5, "betweenness": 0.00025960539979231567, "weight": 0.10025960539979233 }, "geometry": { "type": "LineString", "coordinates": [ [ -75.309596, 5.714851 ], [ -75.101562, 5.963476 ] ] } },
{ "type": "Feature", "properties": { "source": "MONTEBELLO", "target": "SANTA BÁRBARA", "distance": 0.5, "betweenness": 0.00038940809968847356, "weight": 0.10038940809968848 }, "geometry": { "type": "LineString", "coordinates": [ [ -75.523455, 5.946313 ], [ -75.567351, 5.875527 ] ] } },
{ "type": "Feature", "properties": { "source": "MONTEBELLO", "target": "FREDONIA", "distance": 0.5, "betweenness": 0.0010816891658013154, "weight": 0.10108168916580132 }, "geometry": { "type": "LineString", "coordinates": [ [ -75.523455, 5.946313 ], [ -75.675072, 5.928039 ] ] } },
{ "type": "Feature", "properties": { "source": "MONTEBELLO", "target": "LA PINTADA", "distance": 1.0, "betweenness": 0.0, "weight": 0.1 }, "geometry": { "type": "LineString", "coordinates": [ [ -75.523455, 5.946313 ], [ -75.60781, 5.743808 ] ] } },
{ "type": "Feature", "properties": { "source": "MONTEBELLO", "target": "VENECIA", "distance": 0.5, "betweenness": 0.00038940809968847356, "weight": 0.10038940809968848 }, "geometry": { "type": "LineString", "coordinates": [ [ -75.523455, 5.946313 ], [ -75.735544, 5.964693 ] ] } },
{ "type": "Feature", "properties": { "source": "SANTA BÁRBARA", "target": "FREDONIA", "distance": 0.5, "betweenness": 0.00016029603257017587, "weight": 0.10016029603257018 }, "geometry": { "type": "LineString", "coordinates": [ [ -75.567351, 5.875527 ], [ -75.675072, 5.928039 ] ] } },
{ "type": "Feature", "properties": { "source": "SANTA BÁRBARA", "target": "VENECIA", "distance": 0.5, "betweenness": 0.00039517710857274728, "weight": 0.10039517710857275 }, "geometry": { "type": "LineString", "coordinates": [ [ -75.567351, 5.875527 ], [ -75.735544, 5.964693 ] ] } },
{ "type": "Feature", "properties": { "source": "SANTA BÁRBARA", "target": "LA PINTADA", "distance": 0.5, "betweenness": 0.012901564225551767, "weight": 0.11290156422555177 }, "geometry": { "type": "LineString", "coordinates": [ [ -75.567351, 5.875527 ], [ -75.60781, 5.743808 ] ] } },
{ "type": "Feature", "properties": { "source": "SANTA BÁRBARA", "target": "JERICÓ", "distance": 0.5, "betweenness": 0.0041998384677512405, "weight": 0.10419983846775124 }, "geometry": { "type": "LineString", "coordinates": [ [ -75.567351, 5.875527 ], [ -75.785499, 5.789748 ] ] } },
{ "type": "Feature", "properties": { "source": "SANTA BÁRBARA", "target": "TÁMESIS", "distance": 0.5, "betweenness": 0.010384215991692628, "weight": 0.11038421599169264 }, "geometry": { "type": "LineString", "coordinates": [ [ -75.567351, 5.875527 ], [ -75.714429, 5.664645 ] ] } },
{ "type": "Feature", "properties": { "source": "SANTA BÁRBARA", "target": "VALPARAÍSO", "distance": 0.33333333333333331, "betweenness": 0.033988115841698398, "weight": 0.1339881158416984 }, "geometry": { "type": "LineString", "coordinates": [ [ -75.567351, 5.875527 ], [ -75.624452, 5.614555 ] ] } },
{ "type": "Feature", "properties": { "source": "FREDONIA", "target": "VENECIA", "distance": 0.5, "betweenness": 0.00017307026652821047, "weight": 0.10017307026652822 }, "geometry": { "type": "LineString", "coordinates": [ [ -75.675072, 5.928039 ], [ -75.735544, 5.964693 ] ] } },
{ "type": "Feature", "properties": { "source": "FREDONIA", "target": "JERICÓ", "distance": 0.5, "betweenness": 0.0012246781717186702, "weight": 0.10122467817171868 }, "geometry": { "type": "LineString", "coordinates": [ [ -75.675072, 5.928039 ], [ -75.785499, 5.789748 ] ] } },
{ "type": "Feature", "properties": { "source": "FREDONIA", "target": "TÁMESIS", "distance": 0.5, "betweenness": 0.0012362161894872176, "weight": 0.10123621618948722 }, "geometry": { "type": "LineString", "coordinates": [ [ -75.675072, 5.928039 ], [ -75.714429, 5.664645 ] ] } },
{ "type": "Feature", "properties": { "source": "FREDONIA", "target": "TARSO", "distance": 0.5, "betweenness": 0.0021778008538133149, "weight": 0.10217780085381332 }, "geometry": { "type": "LineString", "coordinates": [ [ -75.675072, 5.928039 ], [ -75.822956, 5.864542 ] ] } },
{ "type": "Feature", "properties": { "source": "FREDONIA", "target": "PUEBLORRICO", "distance": 0.25, "betweenness": 0.022902965270566521, "weight": 0.12290296527056653 }, "geometry": { "type": "LineString", "coordinates": [ [ -75.675072, 5.928039 ], [ -75.839903, 5.79158 ] ] } },
{ "type": "Feature", "properties": { "source": "FREDONIA", "target": "HISPANIA", "distance": 1.0, "betweenness": 0.0, "weight": 0.1 }, "geometry": { "type": "LineString", "coordinates": [ [ -75.675072, 5.928039 ], [ -75.906587, 5.799461 ] ] } },
{ "type": "Feature", "properties": { "source": "FREDONIA", "target": "SALGAR", "distance": 0.5, "betweenness": 0.0042979116187838937, "weight": 0.10429791161878391 }, "geometry": { "type": "LineString", "coordinates": [ [ -75.675072, 5.928039 ], [ -75.976807, 5.964198 ] ] } },
{ "type": "Feature", "properties": { "source": "FREDONIA", "target": "LA PINTADA", "distance": 1.0, "betweenness": 2.4724323789744351e-05, "weight": 0.10002472432378975 }, "geometry": { "type": "LineString", "coordinates": [ [ -75.675072, 5.928039 ], [ -75.60781, 5.743808 ] ] } },
{ "type": "Feature", "properties": { "source": "FREDONIA", "target": "VALPARAÍSO", "distance": 1.0, "betweenness": 0.0, "weight": 0.1 }, "geometry": { "type": "LineString", "coordinates": [ [ -75.675072, 5.928039 ], [ -75.624452, 5.614555 ] ] } },
{ "type": "Feature", "properties": { "source": "SALGAR", "target": "CIUDAD BOLÍVAR", "distance": 0.33333333333333331, "betweenness": 0.00050478827737394721, "weight": 0.10050478827737395 }, "geometry": { "type": "LineString", "coordinates": [ [ -75.976807, 5.964198 ], [ -76.021509, 5.850273 ] ] } },
{ "type": "Feature", "properties": { "source": "SALGAR", "target": "PUEBLORRICO", "distance": 0.5, "betweenness": 0.00017307026652821047, "weight": 0.10017307026652822 }, "geometry": { "type": "LineString", "coordinates": [ [ -75.976807, 5.964198 ], [ -75.839903, 5.79158 ] ] } },
{ "type": "Feature", "properties": { "source": "SALGAR", "target": "BETANIA", "distance": 0.5, "betweenness": 0.00047182251232095475, "weight": 0.10047182251232097 }, "geometry": { "type": "LineString", "coordinates": [ [ -75.976807, 5.964198 ], [ -75.97679, 5.74615 ] ] } },
{ "type": "Feature", "properties": { "source": "SALGAR", "target": "HISPANIA", "distance": 0.33333333333333331, "betweenness": 0.011177454713280261, "weight": 0.11117745471328026 }, "geometry": { "type": "LineString", "coordinates": [ [ -75.976807, 5.964198 ], [ -75.906587, 5.799461 ] ] } },
{ "type": "Feature", "properties": { "source": "SALGAR", "target": "TARSO", "distance": 0.5, "betweenness": 0.00029875224579274429, "weight": 0.10029875224579275 }, "geometry": { "type": "LineString", "coordinates": [ [ -75.976807, 5.964198 ], [ -75.822956, 5.864542 ] ] } },
{ "type": "Feature", "properties": { "source": "SALGAR", "target": "ANDES", "distance": 0.33333333333333331, "betweenness": 0.0017410044668611645, "weight": 0.10174100446686117 }, "geometry": { "type": "LineString", "coordinates": [ [ -75.976807, 5.964198 ], [ -75.878828, 5.657194 ] ] } },
{ "type": "Feature", "properties": { "source": "SALGAR", "target": "VENECIA", "distance": 0.5, "betweenness": 0.0079323872158763124, "weight": 0.10793238721587632 }, "geometry": { "type": "LineString", "coordinates": [ [ -75.976807, 5.964198 ], [ -75.735544, 5.964693 ] ] } },
{ "type": "Feature", "properties": { "source": "SALGAR", "target": "JERICÓ", "distance": 0.5, "betweenness": 0.00088554286373601035, "weight": 0.10088554286373602 }, "geometry": { "type": "LineString", "coordinates": [ [ -75.976807, 5.964198 ], [ -75.785499, 5.789748 ] ] } },
{ "type": "Feature", "properties": { "source": "VENECIA", "target": "TARSO", "distance": 0.5, "betweenness": 0.010678435444790586, "weight": 0.11067843544479058 }, "geometry": { "type": "LineString", "coordinates": [ [ -75.735544, 5.964693 ], [ -75.822956, 5.864542 ] ] } },
{ "type": "Feature", "properties": { "source": "VENECIA", "target": "JERICÓ", "distance": 0.5, "betweenness": 0.0095073266412830284, "weight": 0.10950732664128303 }, "geometry": { "type": "LineString", "coordinates": [ [ -75.735544, 5.964693 ], [ -75.785499, 5.789748 ] ] } },
{ "type": "Feature", "properties": { "source": "VENECIA", "target": "PUEBLORRICO", "distance": 0.5, "betweenness": 0.0046209761163032203, "weight": 0.10462097611630322 }, "geometry": { "type": "LineString", "coordinates": [ [ -75.735544, 5.964693 ], [ -75.839903, 5.79158 ] ] } },
{ "type": "Feature", "properties": { "source": "CIUDAD BOLÍVAR", "target": "BETANIA", "distance": 0.5, "betweenness": 0.0069228106611284191, "weight": 0.10692281066112842 }, "geometry": { "type": "LineString", "coordinates": [ [ -76.021509, 5.850273 ], [ -75.97679, 5.74615 ] ] } },
{ "type": "Feature", "properties": { "source": "CIUDAD BOLÍVAR", "target": "HISPANIA", "distance": 0.5, "betweenness": 0.00026578648073975178, "weight": 0.10026578648073976 }, "geometry": { "type": "LineString", "coordinates": [ [ -76.021509, 5.850273 ], [ -75.906587, 5.799461 ] ] } },
{ "type": "Feature", "properties": { "source": "CIUDAD BOLÍVAR", "target": "ANDES", "distance": 0.25, "betweenness": 0.019730010384215992, "weight": 0.11973001038421599 }, "geometry": { "type": "LineString", "coordinates": [ [ -76.021509, 5.850273 ], [ -75.878828, 5.657194 ] ] } },
{ "type": "Feature", "properties": { "source": "CIUDAD BOLÍVAR", "target": "PUEBLORRICO", "distance": 0.5, "betweenness": 0.0047017422406830508, "weight": 0.10470174224068306 }, "geometry": { "type": "LineString", "coordinates": [ [ -76.021509, 5.850273 ], [ -75.839903, 5.79158 ] ] } },
{ "type": "Feature", "properties": { "source": "CIUDAD BOLÍVAR", "target": "TARSO", "distance": 0.5, "betweenness": 0.0031152647975077885, "weight": 0.10311526479750779 }, "geometry": { "type": "LineString", "coordinates": [ [ -76.021509, 5.850273 ], [ -75.822956, 5.864542 ] ] } },
{ "type": "Feature", "properties": { "source": "CIUDAD BOLÍVAR", "target": "JERICÓ", "distance": 0.5, "betweenness": 0.0068189685012114924, "weight": 0.1068189685012115 }, "geometry": { "type": "LineString", "coordinates": [ [ -76.021509, 5.850273 ], [ -75.785499, 5.789748 ] ] } },
{ "type": "Feature", "properties": { "source": "SAN FRANCISCO", "target": "NARIÑO", "distance": 0.5, "betweenness": 0.001124956732433368, "weight": 0.10112495673243338 }, "geometry": { "type": "LineString", "coordinates": [ [ -75.101562, 5.963476 ], [ -75.176262, 5.610777 ] ] } },
{ "type": "Feature", "properties": { "source": "SAN FRANCISCO", "target": "ARGELIA", "distance": 0.5, "betweenness": 0.00017307026652821047, "weight": 0.10017307026652822 }, "geometry": { "type": "LineString", "coordinates": [ [ -75.101562, 5.963476 ], [ -75.14107, 5.731474 ] ] } },
{ "type": "Feature", "properties": { "source": "ARGELIA", "target": "NARIÑO", "distance": 0.5, "betweenness": 0.00017307026652821047, "weight": 0.10017307026652822 }, "geometry": { "type": "LineString", "coordinates": [ [ -75.14107, 5.731474 ], [ -75.176262, 5.610777 ] ] } },
{ "type": "Feature", "properties": { "source": "JERICÓ", "target": "TARSO", "distance": 0.5, "betweenness": 0.00020768431983385254, "weight": 0.10020768431983386 }, "geometry": { "type": "LineString", "coordinates": [ [ -75.785499, 5.789748 ], [ -75.822956, 5.864542 ] ] } },
{ "type": "Feature", "properties": { "source": "JERICÓ", "target": "TÁMESIS", "distance": 0.5, "betweenness": 0.00017307026652821047, "weight": 0.10017307026652822 }, "geometry": { "type": "LineString", "coordinates": [ [ -75.785499, 5.789748 ], [ -75.714429, 5.664645 ] ] } },
{ "type": "Feature", "properties": { "source": "JERICÓ", "target": "PUEBLORRICO", "distance": 0.5, "betweenness": 0.00050190377293181029, "weight": 0.10050190377293182 }, "geometry": { "type": "LineString", "coordinates": [ [ -75.785499, 5.789748 ], [ -75.839903, 5.79158 ] ] } },
{ "type": "Feature", "properties": { "source": "JERICÓ", "target": "ANDES", "distance": 0.33333333333333331, "betweenness": 0.0031152647975077885, "weight": 0.10311526479750779 }, "geometry": { "type": "LineString", "coordinates": [ [ -75.785499, 5.789748 ], [ -75.878828, 5.657194 ] ] } },
{ "type": "Feature", "properties": { "source": "JERICÓ", "target": "HISPANIA", "distance": 0.5, "betweenness": 0.00034614053305642093, "weight": 0.10034614053305643 }, "geometry": { "type": "LineString", "coordinates": [ [ -75.785499, 5.789748 ], [ -75.906587, 5.799461 ] ] } },
{ "type": "Feature", "properties": { "source": "JERICÓ", "target": "JARDÍN", "distance": 0.5, "betweenness": 0.00038075458636206304, "weight": 0.10038075458636207 }, "geometry": { "type": "LineString", "coordinates": [ [ -75.785499, 5.789748 ], [ -75.818982, 5.597542 ] ] } },
{ "type": "Feature", "properties": { "source": "JERICÓ", "target": "BETANIA", "distance": 0.5, "betweenness": 0.00017307026652821047, "weight": 0.10017307026652822 }, "geometry": { "type": "LineString", "coordinates": [ [ -75.785499, 5.789748 ], [ -75.97679, 5.74615 ] ] } },
{ "type": "Feature", "properties": { "source": "JERICÓ", "target": "VALPARAÍSO", "distance": 0.33333333333333331, "betweenness": 0.0039633091034960198, "weight": 0.10396330910349602 }, "geometry": { "type": "LineString", "coordinates": [ [ -75.785499, 5.789748 ], [ -75.624452, 5.614555 ] ] } },
{ "type": "Feature", "properties": { "source": "JERICÓ", "target": "LA PINTADA", "distance": 0.5, "betweenness": 0.0023871334618998171, "weight": 0.10238713346189983 }, "geometry": { "type": "LineString", "coordinates": [ [ -75.785499, 5.789748 ], [ -75.60781, 5.743808 ] ] } },
{ "type": "Feature", "properties": { "source": "JERICÓ", "target": "CARAMANTA", "distance": 1.0, "betweenness": 0.0, "weight": 0.1 }, "geometry": { "type": "LineString", "coordinates": [ [ -75.785499, 5.789748 ], [ -75.643868, 5.54853 ] ] } },
{ "type": "Feature", "properties": { "source": "TÁMESIS", "target": "CARAMANTA", "distance": 0.5, "betweenness": 0.00089996538594669449, "weight": 0.1008999653859467 }, "geometry": { "type": "LineString", "coordinates": [ [ -75.714429, 5.664645 ], [ -75.643868, 5.54853 ] ] } },
{ "type": "Feature", "properties": { "source": "TÁMESIS", "target": "JARDÍN", "distance": 0.25, "betweenness": 0.00095188646590515754, "weight": 0.10095188646590517 }, "geometry": { "type": "LineString", "coordinates": [ [ -75.714429, 5.664645 ], [ -75.818982, 5.597542 ] ] } },
{ "type": "Feature", "properties": { "source": "TÁMESIS", "target": "ANDES", "distance": 0.5, "betweenness": 0.003442862087721901, "weight": 0.10344286208772191 }, "geometry": { "type": "LineString", "coordinates": [ [ -75.714429, 5.664645 ], [ -75.878828, 5.657194 ] ] } },
{ "type": "Feature", "properties": { "source": "TÁMESIS", "target": "VALPARAÍSO", "distance": 0.5, "betweenness": 0.0, "weight": 0.1 }, "geometry": { "type": "LineString", "coordinates": [ [ -75.714429, 5.664645 ], [ -75.624452, 5.614555 ] ] } },
{ "type": "Feature", "properties": { "source": "TÁMESIS", "target": "PUEBLORRICO", "distance": 0.5, "betweenness": 0.000520859087837281, "weight": 0.10052085908783728 }, "geometry": { "type": "LineString", "coordinates": [ [ -75.714429, 5.664645 ], [ -75.839903, 5.79158 ] ] } },
{ "type": "Feature", "properties": { "source": "TÁMESIS", "target": "LA PINTADA", "distance": 0.5, "betweenness": 0.0011323740295702913, "weight": 0.1011323740295703 }, "geometry": { "type": "LineString", "coordinates": [ [ -75.714429, 5.664645 ], [ -75.60781, 5.743808 ] ] } },
{ "type": "Feature", "properties": { "source": "TÁMESIS", "target": "HISPANIA", "distance": 0.5, "betweenness": 0.0011064134895910596, "weight": 0.10110641348959107 }, "geometry": { "type": "LineString", "coordinates": [ [ -75.714429, 5.664645 ], [ -75.906587, 5.799461 ] ] } },
{ "type": "Feature", "properties": { "source": "TÁMESIS", "target": "TARSO", "distance": 0.33333333333333331, "betweenness": 0.0025808073315861479, "weight": 0.10258080733158616 }, "geometry": { "type": "LineString", "coordinates": [ [ -75.714429, 5.664645 ], [ -75.822956, 5.864542 ] ] } },
{ "type": "Feature", "properties": { "source": "TÁMESIS", "target": "BETANIA", "distance": 0.33333333333333331, "betweenness": 0.0013660188893833754, "weight": 0.10136601888938337 }, "geometry": { "type": "LineString", "coordinates": [ [ -75.714429, 5.664645 ], [ -75.97679, 5.74615 ] ] } },
{ "type": "Feature", "properties": { "source": "TARSO", "target": "PUEBLORRICO", "distance": 0.5, "betweenness": 0.00017307026652821047, "weight": 0.10017307026652822 }, "geometry": { "type": "LineString", "coordinates": [ [ -75.822956, 5.864542 ], [ -75.839903, 5.79158 ] ] } },
{ "type": "Feature", "properties": { "source": "TARSO", "target": "ANDES", "distance": 0.5, "betweenness": 0.00017307026652821047, "weight": 0.10017307026652822 }, "geometry": { "type": "LineString", "coordinates": [ [ -75.822956, 5.864542 ], [ -75.878828, 5.657194 ] ] } },
{ "type": "Feature", "properties": { "source": "TARSO", "target": "HISPANIA", "distance": 0.33333333333333331, "betweenness": 0.0021180504046547661, "weight": 0.10211805040465477 }, "geometry": { "type": "LineString", "coordinates": [ [ -75.822956, 5.864542 ], [ -75.906587, 5.799461 ] ] } },
{ "type": "Feature", "properties": { "source": "TARSO", "target": "BETANIA", "distance": 0.5, "betweenness": 0.00023076035537094729, "weight": 0.10023076035537096 }, "geometry": { "type": "LineString", "coordinates": [ [ -75.822956, 5.864542 ], [ -75.97679, 5.74615 ] ] } },
{ "type": "Feature", "properties": { "source": "PUEBLORRICO", "target": "BETANIA", "distance": 0.33333333333333331, "betweenness": 0.0087112034152532613, "weight": 0.10871120341525327 }, "geometry": { "type": "LineString", "coordinates": [ [ -75.839903, 5.79158 ], [ -75.97679, 5.74615 ] ] } },
{ "type": "Feature", "properties": { "source": "PUEBLORRICO", "target": "ANDES", "distance": 0.5, "betweenness": 0.0018172377985462098, "weight": 0.10181723779854622 }, "geometry": { "type": "LineString", "coordinates": [ [ -75.839903, 5.79158 ], [ -75.878828, 5.657194 ] ] } },
{ "type": "Feature", "properties": { "source": "PUEBLORRICO", "target": "HISPANIA", "distance": 0.5, "betweenness": 0.003063755789612487, "weight": 0.10306375578961249 }, "geometry": { "type": "LineString", "coordinates": [ [ -75.839903, 5.79158 ], [ -75.906587, 5.799461 ] ] } },
{ "type": "Feature", "properties": { "source": "PUEBLORRICO", "target": "JARDÍN", "distance": 0.5, "betweenness": 0.002197992384908273, "weight": 0.10219799238490827 }, "geometry": { "type": "LineString", "coordinates": [ [ -75.839903, 5.79158 ], [ -75.818982, 5.597542 ] ] } },
{ "type": "Feature", "properties": { "source": "ANDES", "target": "BETANIA", "distance": 0.5, "betweenness": 0.00017307026652821047, "weight": 0.10017307026652822 }, "geometry": { "type": "LineString", "coordinates": [ [ -75.878828, 5.657194 ], [ -75.97679, 5.74615 ] ] } },
{ "type": "Feature", "properties": { "source": "ANDES", "target": "JARDÍN", "distance": 0.5, "betweenness": 0.0065189800392292602, "weight": 0.10651898003922927 }, "geometry": { "type": "LineString", "coordinates": [ [ -75.878828, 5.657194 ], [ -75.818982, 5.597542 ] ] } },
{ "type": "Feature", "properties": { "source": "ANDES", "target": "HISPANIA", "distance": 0.5, "betweenness": 0.00017307026652821047, "weight": 0.10017307026652822 }, "geometry": { "type": "LineString", "coordinates": [ [ -75.878828, 5.657194 ], [ -75.906587, 5.799461 ] ] } },
{ "type": "Feature", "properties": { "source": "HISPANIA", "target": "BETANIA", "distance": 0.5, "betweenness": 0.00017307026652821047, "weight": 0.10017307026652822 }, "geometry": { "type": "LineString", "coordinates": [ [ -75.906587, 5.799461 ], [ -75.97679, 5.74615 ] ] } },
{ "type": "Feature", "properties": { "source": "HISPANIA", "target": "JARDÍN", "distance": 0.5, "betweenness": 0.0008076612437983154, "weight": 0.10080766124379832 }, "geometry": { "type": "LineString", "coordinates": [ [ -75.906587, 5.799461 ], [ -75.818982, 5.597542 ] ] } },
{ "type": "Feature", "properties": { "source": "LA PINTADA", "target": "JARDÍN", "distance": 1.0, "betweenness": 0.0, "weight": 0.1 }, "geometry": { "type": "LineString", "coordinates": [ [ -75.60781, 5.743808 ], [ -75.818982, 5.597542 ] ] } },
{ "type": "Feature", "properties": { "source": "LA PINTADA", "target": "VALPARAÍSO", "distance": 1.0, "betweenness": 0.0, "weight": 0.1 }, "geometry": { "type": "LineString", "coordinates": [ [ -75.60781, 5.743808 ], [ -75.624452, 5.614555 ] ] } },
{ "type": "Feature", "properties": { "source": "BETANIA", "target": "JARDÍN", "distance": 0.5, "betweenness": 0.00043267566632052619, "weight": 0.10043267566632053 }, "geometry": { "type": "LineString", "coordinates": [ [ -75.97679, 5.74615 ], [ -75.818982, 5.597542 ] ] } },
{ "type": "Feature", "properties": { "source": "VALPARAÍSO", "target": "CARAMANTA", "distance": 0.5, "betweenness": 0.012991808007384332, "weight": 0.11299180800738434 }, "geometry": { "type": "LineString", "coordinates": [ [ -75.624452, 5.614555 ], [ -75.643868, 5.54853 ] ] } },
{ "type": "Feature", "properties": { "source": "VALPARAÍSO", "target": "JARDÍN", "distance": 0.2, "betweenness": 0.013932156455520943, "weight": 0.11393215645552095 }, "geometry": { "type": "LineString", "coordinates": [ [ -75.624452, 5.614555 ], [ -75.818982, 5.597542 ] ] } },
{ "type": "Feature", "properties": { "source": "JARDÍN", "target": "CARAMANTA", "distance": 0.33333333333333331, "betweenness": 0.004626745125187493, "weight": 0.10462674512518749 }, "geometry": { "type": "LineString", "coordinates": [ [ -75.818982, 5.597542 ], [ -75.643868, 5.54853 ] ] } }
]
}
