{
"type": "FeatureCollection",
"name": "fig2_undirected_Pperuviana_30km_10steps_10reps_municipalities_network_v2_edges",
"crs": { "type": "name", "properties": { "name": "urn:ogc:def:crs:OGC:1.3:CRS84" } },
"features": [
{ "type": "Feature", "properties": { "source": "ITUANGO", "target": "VALDIVIA", "distance": 0.5, "betweenness": 0.0032036613272311215, "weight": 0.10320366132723113 }, "geometry": { "type": "LineString", "coordinates": [ [ -75.764673, 7.171629 ], [ -75.439274, 7.1652 ] ] } },
{ "type": "Feature", "properties": { "source": "ITUANGO", "target": "TARAZÁ", "distance": 0.5, "betweenness": 0.0043732519705059758, "weight": 0.10437325197050598 }, "geometry": { "type": "LineString", "coordinates": [ [ -75.764673, 7.171629 ], [ -75.401407, 7.580127 ] ] } },
{ "type": "Feature", "properties": { "source": "ITUANGO", "target": "BRICEÑO", "distance": 0.5, "betweenness": 0.0023188405797101449, "weight": 0.10231884057971015 }, "geometry": { "type": "LineString", "coordinates": [ [ -75.764673, 7.171629 ], [ -75.55036, 7.112803 ] ] } },
{ "type": "Feature", "properties": { "source": "ITUANGO", "target": "TOLEDO", "distance": 0.5, "betweenness": 0.00061022120518688017, "weight": 0.10061022120518688 }, "geometry": { "type": "LineString", "coordinates": [ [ -75.764673, 7.171629 ], [ -75.692281, 7.010328 ] ] } },
{ "type": "Feature", "properties": { "source": "ITUANGO", "target": "PEQUE", "distance": 0.5, "betweenness": 0.00026697177726926009, "weight": 0.10026697177726926 }, "geometry": { "type": "LineString", "coordinates": [ [ -75.764673, 7.171629 ], [ -75.910357, 7.021029 ] ] } },
{ "type": "Feature", "properties": { "source": "ITUANGO", "target": "DABEIBA", "distance": 0.33333333333333331, "betweenness": 0.0036613272311212816, "weight": 0.10366132723112129 }, "geometry": { "type": "LineString", "coordinates": [ [ -75.764673, 7.171629 ], [ -76.261614, 6.998112 ] ] } },
{ "type": "Feature", "properties": { "source": "ITUANGO", "target": "BURITICÁ", "distance": 0.5, "betweenness": 0.00041952707856598016, "weight": 0.10041952707856598 }, "geometry": { "type": "LineString", "coordinates": [ [ -75.764673, 7.171629 ], [ -75.907, 6.720759 ] ] } },
{ "type": "Feature", "properties": { "source": "ITUANGO", "target": "URAMITA", "distance": 0.5, "betweenness": 0.00033562166285278419, "weight": 0.10033562166285279 }, "geometry": { "type": "LineString", "coordinates": [ [ -75.764673, 7.171629 ], [ -76.173284, 6.898393 ] ] } },
{ "type": "Feature", "properties": { "source": "ITUANGO", "target": "YARUMAL", "distance": 0.5, "betweenness": 0.0058733790999237227, "weight": 0.10587337909992373 }, "geometry": { "type": "LineString", "coordinates": [ [ -75.764673, 7.171629 ], [ -75.418828, 6.963832 ] ] } },
{ "type": "Feature", "properties": { "source": "ITUANGO", "target": "ANORÍ", "distance": 0.5, "betweenness": 0.0036613272311212816, "weight": 0.10366132723112129 }, "geometry": { "type": "LineString", "coordinates": [ [ -75.764673, 7.171629 ], [ -75.148355, 7.074703 ] ] } },
{ "type": "Feature", "properties": { "source": "ITUANGO", "target": "SAN ANDRÉS DE CUERQUÍA", "distance": 0.5, "betweenness": 0.00055936943808797366, "weight": 0.10055936943808798 }, "geometry": { "type": "LineString", "coordinates": [ [ -75.764673, 7.171629 ], [ -75.674564, 6.916676 ] ] } },
{ "type": "Feature", "properties": { "source": "ITUANGO", "target": "SABANALARGA", "distance": 0.5, "betweenness": 0.0002288329519450801, "weight": 0.10022883295194508 }, "geometry": { "type": "LineString", "coordinates": [ [ -75.764673, 7.171629 ], [ -75.816645, 6.850028 ] ] } },
{ "type": "Feature", "properties": { "source": "ITUANGO", "target": "SAN JOSÉ DE LA MONTAÑA", "distance": 0.5, "betweenness": 0.00068649885583524036, "weight": 0.10068649885583525 }, "geometry": { "type": "LineString", "coordinates": [ [ -75.764673, 7.171629 ], [ -75.683352, 6.85009 ] ] } },
{ "type": "Feature", "properties": { "source": "ITUANGO", "target": "SANTA ROSA DE OSOS", "distance": 0.5, "betweenness": 0.007754894482583272, "weight": 0.10775489448258328 }, "geometry": { "type": "LineString", "coordinates": [ [ -75.764673, 7.171629 ], [ -75.460723, 6.643366 ] ] } },
{ "type": "Feature", "properties": { "source": "ITUANGO", "target": "MUTATÁ", "distance": 0.5, "betweenness": 0.014569031273836767, "weight": 0.11456903127383677 }, "geometry": { "type": "LineString", "coordinates": [ [ -75.764673, 7.171629 ], [ -76.435875, 7.242875 ] ] } },
{ "type": "Feature", "properties": { "source": "ITUANGO", "target": "CAÑASGORDAS", "distance": 0.16666666666666666, "betweenness": 0.013005339435545386, "weight": 0.11300533943554539 }, "geometry": { "type": "LineString", "coordinates": [ [ -75.764673, 7.171629 ], [ -76.028228, 6.753859 ] ] } },
{ "type": "Feature", "properties": { "source": "ITUANGO", "target": "FRONTINO", "distance": 0.33333333333333331, "betweenness": 0.0040172896008136283, "weight": 0.10401728960081363 }, "geometry": { "type": "LineString", "coordinates": [ [ -75.764673, 7.171629 ], [ -76.130765, 6.776066 ] ] } },
{ "type": "Feature", "properties": { "source": "ITUANGO", "target": "CAMPAMENTO", "distance": 0.5, "betweenness": 0.0017925247902364609, "weight": 0.10179252479023647 }, "geometry": { "type": "LineString", "coordinates": [ [ -75.764673, 7.171629 ], [ -75.298091, 6.979771 ] ] } },
{ "type": "Feature", "properties": { "source": "VALDIVIA", "target": "BRICEÑO", "distance": 0.5, "betweenness": 0.00025425883549453347, "weight": 0.10025425883549453 }, "geometry": { "type": "LineString", "coordinates": [ [ -75.439274, 7.1652 ], [ -75.55036, 7.112803 ] ] } },
{ "type": "Feature", "properties": { "source": "VALDIVIA", "target": "CAMPAMENTO", "distance": 0.33333333333333331, "betweenness": 0.0, "weight": 0.1 }, "geometry": { "type": "LineString", "coordinates": [ [ -75.439274, 7.1652 ], [ -75.298091, 6.979771 ] ] } },
{ "type": "Feature", "properties": { "source": "VALDIVIA", "target": "TARAZÁ", "distance": 0.5, "betweenness": 0.0052885837782862951, "weight": 0.1052885837782863 }, "geometry": { "type": "LineString", "coordinates": [ [ -75.439274, 7.1652 ], [ -75.401407, 7.580127 ] ] } },
{ "type": "Feature", "properties": { "source": "VALDIVIA", "target": "YARUMAL", "distance": 0.5, "betweenness": 0.0, "weight": 0.1 }, "geometry": { "type": "LineString", "coordinates": [ [ -75.439274, 7.1652 ], [ -75.418828, 6.963832 ] ] } },
{ "type": "Feature", "properties": { "source": "VALDIVIA", "target": "ANORÍ", "distance": 0.5, "betweenness": 0.0, "weight": 0.1 }, "geometry": { "type": "LineString", "coordinates": [ [ -75.439274, 7.1652 ], [ -75.148355, 7.074703 ] ] } },
{ "type": "Feature", "properties": { "source": "VALDIVIA", "target": "CÁCERES", "distance": 1.0, "betweenness": 0.014391050088990592, "weight": 0.1143910500889906 }, "geometry": { "type": "LineString", "coordinates": [ [ -75.439274, 7.1652 ], [ -75.35205, 7.578366 ] ] } },
{ "type": "Feature", "properties": { "source": "VALDIVIA", "target": "ANGOSTURA", "distance": 0.33333333333333331, "betweenness": 0.00083905415713196032, "weight": 0.10083905415713197 }, "geometry": { "type": "LineString", "coordinates": [ [ -75.439274, 7.1652 ], [ -75.335116, 6.885175 ] ] } },
{ "type": "Feature", "properties": { "source": "VALDIVIA", "target": "SANTA ROSA DE OSOS", "distance": 0.14285714285714285, "betweenness": 0.036918382913806259, "weight": 0.13691838291380626 }, "geometry": { "type": "LineString", "coordinates": [ [ -75.439274, 7.1652 ], [ -75.460723, 6.643366 ] ] } },
{ "type": "Feature", "properties": { "source": "VALDIVIA", "target": "SAN ANDRÉS DE CUERQUÍA", "distance": 0.5, "betweenness": 0.00055936943808797366, "weight": 0.10055936943808798 }, "geometry": { "type": "LineString", "coordinates": [ [ -75.439274, 7.1652 ], [ -75.674564, 6.916676 ] ] } },
{ "type": "Feature", "properties": { "source": "VALDIVIA", "target": "GUADALUPE", "distance": 0.33333333333333331, "betweenness": 0.0079837274345283503, "weight": 0.10798372743452836 }, "geometry": { "type": "LineString", "coordinates": [ [ -75.439274, 7.1652 ], [ -75.239862, 6.815069 ] ] } },
{ "type": "Feature", "properties": { "source": "VALDIVIA", "target": "TOLEDO", "distance": 0.5, "betweenness": 0.00038138825324180017, "weight": 0.1003813882532418 }, "geometry": { "type": "LineString", "coordinates": [ [ -75.439274, 7.1652 ], [ -75.692281, 7.010328 ] ] } },
{ "type": "Feature", "properties": { "source": "VALDIVIA", "target": "SAN JOSÉ DE LA MONTAÑA", "distance": 0.33333333333333331, "betweenness": 0.0016781083142639206, "weight": 0.10167810831426392 }, "geometry": { "type": "LineString", "coordinates": [ [ -75.439274, 7.1652 ], [ -75.683352, 6.85009 ] ] } },
{ "type": "Feature", "properties": { "source": "TARAZÁ", "target": "ANORÍ", "distance": 0.5, "betweenness": 0.00053394355453852019, "weight": 0.10053394355453853 }, "geometry": { "type": "LineString", "coordinates": [ [ -75.401407, 7.580127 ], [ -75.148355, 7.074703 ] ] } },
{ "type": "Feature", "properties": { "source": "TARAZÁ", "target": "YARUMAL", "distance": 0.5, "betweenness": 0.0068014238494787686, "weight": 0.10680142384947877 }, "geometry": { "type": "LineString", "coordinates": [ [ -75.401407, 7.580127 ], [ -75.418828, 6.963832 ] ] } },
{ "type": "Feature", "properties": { "source": "TARAZÁ", "target": "BRICEÑO", "distance": 0.5, "betweenness": 0.00034324942791762007, "weight": 0.10034324942791763 }, "geometry": { "type": "LineString", "coordinates": [ [ -75.401407, 7.580127 ], [ -75.55036, 7.112803 ] ] } },
{ "type": "Feature", "properties": { "source": "TARAZÁ", "target": "CAMPAMENTO", "distance": 0.5, "betweenness": 0.00040681413679125353, "weight": 0.10040681413679126 }, "geometry": { "type": "LineString", "coordinates": [ [ -75.401407, 7.580127 ], [ -75.298091, 6.979771 ] ] } },
{ "type": "Feature", "properties": { "source": "TARAZÁ", "target": "CÁCERES", "distance": 1.0, "betweenness": 0.000661072972285787, "weight": 0.1006610729722858 }, "geometry": { "type": "LineString", "coordinates": [ [ -75.401407, 7.580127 ], [ -75.35205, 7.578366 ] ] } },
{ "type": "Feature", "properties": { "source": "BRICEÑO", "target": "YARUMAL", "distance": 0.5, "betweenness": 0.00015255530129672007, "weight": 0.10015255530129673 }, "geometry": { "type": "LineString", "coordinates": [ [ -75.55036, 7.112803 ], [ -75.418828, 6.963832 ] ] } },
{ "type": "Feature", "properties": { "source": "BRICEÑO", "target": "PEQUE", "distance": 0.5, "betweenness": 0.0001830663615560641, "weight": 0.10018306636155606 }, "geometry": { "type": "LineString", "coordinates": [ [ -75.55036, 7.112803 ], [ -75.910357, 7.021029 ] ] } },
{ "type": "Feature", "properties": { "source": "BRICEÑO", "target": "SAN ANDRÉS DE CUERQUÍA", "distance": 0.5, "betweenness": 0.0003610475464022375, "weight": 0.10036104754640224 }, "geometry": { "type": "LineString", "coordinates": [ [ -75.55036, 7.112803 ], [ -75.674564, 6.916676 ] ] } },
{ "type": "Feature", "properties": { "source": "BRICEÑO", "target": "SANTA ROSA DE OSOS", "distance": 0.5, "betweenness": 0.0026786168319349094, "weight": 0.10267861683193491 }, "geometry": { "type": "LineString", "coordinates": [ [ -75.55036, 7.112803 ], [ -75.460723, 6.643366 ] ] } },
{ "type": "Feature", "properties": { "source": "BRICEÑO", "target": "SABANALARGA", "distance": 0.5, "betweenness": 0.00037376048817696418, "weight": 0.10037376048817696 }, "geometry": { "type": "LineString", "coordinates": [ [ -75.55036, 7.112803 ], [ -75.816645, 6.850028 ] ] } },
{ "type": "Feature", "properties": { "source": "BRICEÑO", "target": "TOLEDO", "distance": 0.5, "betweenness": 0.0001830663615560641, "weight": 0.10018306636155606 }, "geometry": { "type": "LineString", "coordinates": [ [ -75.55036, 7.112803 ], [ -75.692281, 7.010328 ] ] } },
{ "type": "Feature", "properties": { "source": "BRICEÑO", "target": "CAMPAMENTO", "distance": 0.33333333333333331, "betweenness": 0.0032023900330536486, "weight": 0.10320239003305365 }, "geometry": { "type": "LineString", "coordinates": [ [ -75.55036, 7.112803 ], [ -75.298091, 6.979771 ] ] } },
{ "type": "Feature", "properties": { "source": "BRICEÑO", "target": "ANGOSTURA", "distance": 0.33333333333333331, "betweenness": 0.0068065090261886594, "weight": 0.10680650902618867 }, "geometry": { "type": "LineString", "coordinates": [ [ -75.55036, 7.112803 ], [ -75.335116, 6.885175 ] ] } },
{ "type": "Feature", "properties": { "source": "BRICEÑO", "target": "ANORÍ", "distance": 0.5, "betweenness": 0.00035596236969234681, "weight": 0.10035596236969235 }, "geometry": { "type": "LineString", "coordinates": [ [ -75.55036, 7.112803 ], [ -75.148355, 7.074703 ] ] } },
{ "type": "Feature", "properties": { "source": "BRICEÑO", "target": "SAN JOSÉ DE LA MONTAÑA", "distance": 0.5, "betweenness": 0.00045766590389016021, "weight": 0.10045766590389017 }, "geometry": { "type": "LineString", "coordinates": [ [ -75.55036, 7.112803 ], [ -75.683352, 6.85009 ] ] } },
{ "type": "Feature", "properties": { "source": "BRICEÑO", "target": "BELMIRA", "distance": 0.5, "betweenness": 0.0, "weight": 0.1 }, "geometry": { "type": "LineString", "coordinates": [ [ -75.55036, 7.112803 ], [ -75.667779, 6.606319 ] ] } },
{ "type": "Feature", "properties": { "source": "BRICEÑO", "target": "BURITICÁ", "distance": 1.0, "betweenness": 0.0, "weight": 0.1 }, "geometry": { "type": "LineString", "coordinates": [ [ -75.55036, 7.112803 ], [ -75.907, 6.720759 ] ] } },
{ "type": "Feature", "properties": { "source": "TOLEDO", "target": "PEQUE", "distance": 0.5, "betweenness": 0.00015255530129672007, "weight": 0.10015255530129673 }, "geometry": { "type": "LineString", "coordinates": [ [ -75.692281, 7.010328 ], [ -75.910357, 7.021029 ] ] } },
{ "type": "Feature", "properties": { "source": "TOLEDO", "target": "YARUMAL", "distance": 0.33333333333333331, "betweenness": 0.006962454445291975, "weight": 0.10696245444529198 }, "geometry": { "type": "LineString", "coordinates": [ [ -75.692281, 7.010328 ], [ -75.418828, 6.963832 ] ] } },
{ "type": "Feature", "properties": { "source": "TOLEDO", "target": "SAN ANDRÉS DE CUERQUÍA", "distance": 0.5, "betweenness": 0.00033265530977201458, "weight": 0.10033265530977202 }, "geometry": { "type": "LineString", "coordinates": [ [ -75.692281, 7.010328 ], [ -75.674564, 6.916676 ] ] } },
{ "type": "Feature", "properties": { "source": "TOLEDO", "target": "SANTA ROSA DE OSOS", "distance": 0.5, "betweenness": 0.0032502754470717849, "weight": 0.10325027544707178 }, "geometry": { "type": "LineString", "coordinates": [ [ -75.692281, 7.010328 ], [ -75.460723, 6.643366 ] ] } },
{ "type": "Feature", "properties": { "source": "TOLEDO", "target": "BURITICÁ", "distance": 0.5, "betweenness": 0.00018010000847529454, "weight": 0.1001801000084753 }, "geometry": { "type": "LineString", "coordinates": [ [ -75.692281, 7.010328 ], [ -75.907, 6.720759 ] ] } },
{ "type": "Feature", "properties": { "source": "TOLEDO", "target": "SABANALARGA", "distance": 0.5, "betweenness": 0.00018010000847529454, "weight": 0.1001801000084753 }, "geometry": { "type": "LineString", "coordinates": [ [ -75.692281, 7.010328 ], [ -75.816645, 6.850028 ] ] } },
{ "type": "Feature", "properties": { "source": "TOLEDO", "target": "URAMITA", "distance": 0.5, "betweenness": 0.00035469107551487416, "weight": 0.10035469107551488 }, "geometry": { "type": "LineString", "coordinates": [ [ -75.692281, 7.010328 ], [ -76.173284, 6.898393 ] ] } },
{ "type": "Feature", "properties": { "source": "TOLEDO", "target": "SAN JOSÉ DE LA MONTAÑA", "distance": 0.5, "betweenness": 0.00033265530977201458, "weight": 0.10033265530977202 }, "geometry": { "type": "LineString", "coordinates": [ [ -75.692281, 7.010328 ], [ -75.683352, 6.85009 ] ] } },
{ "type": "Feature", "properties": { "source": "TOLEDO", "target": "BELMIRA", "distance": 0.5, "betweenness": 0.00084117298076108145, "weight": 0.10084117298076109 }, "geometry": { "type": "LineString", "coordinates": [ [ -75.692281, 7.010328 ], [ -75.667779, 6.606319 ] ] } },
{ "type": "Feature", "properties": { "source": "TOLEDO", "target": "DABEIBA", "distance": 0.5, "betweenness": 0.0030765319094838545, "weight": 0.10307653190948386 }, "geometry": { "type": "LineString", "coordinates": [ [ -75.692281, 7.010328 ], [ -76.261614, 6.998112 ] ] } },
{ "type": "Feature", "properties": { "source": "TOLEDO", "target": "LIBORINA", "distance": 0.5, "betweenness": 0.00023095177557420121, "weight": 0.1002309517755742 }, "geometry": { "type": "LineString", "coordinates": [ [ -75.692281, 7.010328 ], [ -75.812838, 6.677316 ] ] } },
{ "type": "Feature", "properties": { "source": "TOLEDO", "target": "ANGOSTURA", "distance": 0.5, "betweenness": 0.00035596236969234681, "weight": 0.10035596236969235 }, "geometry": { "type": "LineString", "coordinates": [ [ -75.692281, 7.010328 ], [ -75.335116, 6.885175 ] ] } },
{ "type": "Feature", "properties": { "source": "TOLEDO", "target": "CAÑASGORDAS", "distance": 0.5, "betweenness": 0.00048521061106873465, "weight": 0.10048521061106874 }, "geometry": { "type": "LineString", "coordinates": [ [ -75.692281, 7.010328 ], [ -76.028228, 6.753859 ] ] } },
{ "type": "Feature", "properties": { "source": "PEQUE", "target": "BURITICÁ", "distance": 0.5, "betweenness": 0.00015255530129672007, "weight": 0.10015255530129673 }, "geometry": { "type": "LineString", "coordinates": [ [ -75.910357, 7.021029 ], [ -75.907, 6.720759 ] ] } },
{ "type": "Feature", "properties": { "source": "PEQUE", "target": "SABANALARGA", "distance": 0.33333333333333331, "betweenness": 0.00030511060259344014, "weight": 0.10030511060259345 }, "geometry": { "type": "LineString", "coordinates": [ [ -75.910357, 7.021029 ], [ -75.816645, 6.850028 ] ] } },
{ "type": "Feature", "properties": { "source": "PEQUE", "target": "DABEIBA", "distance": 0.5, "betweenness": 0.0028604118993135015, "weight": 0.10286041189931351 }, "geometry": { "type": "LineString", "coordinates": [ [ -75.910357, 7.021029 ], [ -76.261614, 6.998112 ] ] } },
{ "type": "Feature", "properties": { "source": "PEQUE", "target": "SAN JOSÉ DE LA MONTAÑA", "distance": 0.5, "betweenness": 0.00015255530129672007, "weight": 0.10015255530129673 }, "geometry": { "type": "LineString", "coordinates": [ [ -75.910357, 7.021029 ], [ -75.683352, 6.85009 ] ] } },
{ "type": "Feature", "properties": { "source": "PEQUE", "target": "CAÑASGORDAS", "distance": 0.5, "betweenness": 0.00015255530129672007, "weight": 0.10015255530129673 }, "geometry": { "type": "LineString", "coordinates": [ [ -75.910357, 7.021029 ], [ -76.028228, 6.753859 ] ] } },
{ "type": "Feature", "properties": { "source": "PEQUE", "target": "SAN ANDRÉS DE CUERQUÍA", "distance": 0.5, "betweenness": 0.00015255530129672007, "weight": 0.10015255530129673 }, "geometry": { "type": "LineString", "coordinates": [ [ -75.910357, 7.021029 ], [ -75.674564, 6.916676 ] ] } },
{ "type": "Feature", "properties": { "source": "PEQUE", "target": "URAMITA", "distance": 0.5, "betweenness": 0.00029748283752860415, "weight": 0.10029748283752861 }, "geometry": { "type": "LineString", "coordinates": [ [ -75.910357, 7.021029 ], [ -76.173284, 6.898393 ] ] } },
{ "type": "Feature", "properties": { "source": "PEQUE", "target": "LIBORINA", "distance": 0.5, "betweenness": 0.00015255530129672007, "weight": 0.10015255530129673 }, "geometry": { "type": "LineString", "coordinates": [ [ -75.910357, 7.021029 ], [ -75.812838, 6.677316 ] ] } },
{ "type": "Feature", "properties": { "source": "PEQUE", "target": "FRONTINO", "distance": 0.5, "betweenness": 0.0011823035850495806, "weight": 0.10118230358504958 }, "geometry": { "type": "LineString", "coordinates": [ [ -75.910357, 7.021029 ], [ -76.130765, 6.776066 ] ] } },
{ "type": "Feature", "properties": { "source": "PEQUE", "target": "YARUMAL", "distance": 0.5, "betweenness": 0.00015255530129672007, "weight": 0.10015255530129673 }, "geometry": { "type": "LineString", "coordinates": [ [ -75.910357, 7.021029 ], [ -75.418828, 6.963832 ] ] } },
{ "type": "Feature", "properties": { "source": "PEQUE", "target": "ABRIAQUÍ", "distance": 1.0, "betweenness": 0.0, "weight": 0.1 }, "geometry": { "type": "LineString", "coordinates": [ [ -75.910357, 7.021029 ], [ -76.064304, 6.632282 ] ] } },
{ "type": "Feature", "properties": { "source": "PEQUE", "target": "SANTA ROSA DE OSOS", "distance": 0.2, "betweenness": 0.014492753623188406, "weight": 0.11449275362318841 }, "geometry": { "type": "LineString", "coordinates": [ [ -75.910357, 7.021029 ], [ -75.460723, 6.643366 ] ] } },
{ "type": "Feature", "properties": { "source": "PEQUE", "target": "GIRALDO", "distance": 0.5, "betweenness": 0.00061022120518688027, "weight": 0.10061022120518688 }, "geometry": { "type": "LineString", "coordinates": [ [ -75.910357, 7.021029 ], [ -75.952158, 6.680808 ] ] } },
{ "type": "Feature", "properties": { "source": "PEQUE", "target": "BELMIRA", "distance": 0.5, "betweenness": 0.00030511060259344014, "weight": 0.10030511060259345 }, "geometry": { "type": "LineString", "coordinates": [ [ -75.910357, 7.021029 ], [ -75.667779, 6.606319 ] ] } },
{ "type": "Feature", "properties": { "source": "PEQUE", "target": "OLAYA", "distance": 0.5, "betweenness": 0.00015255530129672007, "weight": 0.10015255530129673 }, "geometry": { "type": "LineString", "coordinates": [ [ -75.910357, 7.021029 ], [ -75.811773, 6.626492 ] ] } },
{ "type": "Feature", "properties": { "source": "DABEIBA", "target": "URAMITA", "distance": 0.5, "betweenness": 0.0012204424103737605, "weight": 0.10122044241037377 }, "geometry": { "type": "LineString", "coordinates": [ [ -76.261614, 6.998112 ], [ -76.173284, 6.898393 ] ] } },
{ "type": "Feature", "properties": { "source": "DABEIBA", "target": "CAÑASGORDAS", "distance": 0.5, "betweenness": 7.6277650648360034e-05, "weight": 0.10007627765064836 }, "geometry": { "type": "LineString", "coordinates": [ [ -76.261614, 6.998112 ], [ -76.028228, 6.753859 ] ] } },
{ "type": "Feature", "properties": { "source": "DABEIBA", "target": "MUTATÁ", "distance": 0.5, "betweenness": 0.018954996186117467, "weight": 0.11895499618611748 }, "geometry": { "type": "LineString", "coordinates": [ [ -76.261614, 6.998112 ], [ -76.435875, 7.242875 ] ] } },
{ "type": "Feature", "properties": { "source": "DABEIBA", "target": "BURITICÁ", "distance": 0.5, "betweenness": 0.00034324942791762018, "weight": 0.10034324942791763 }, "geometry": { "type": "LineString", "coordinates": [ [ -76.261614, 6.998112 ], [ -75.907, 6.720759 ] ] } },
{ "type": "Feature", "properties": { "source": "DABEIBA", "target": "FRONTINO", "distance": 0.5, "betweenness": 0.0, "weight": 0.1 }, "geometry": { "type": "LineString", "coordinates": [ [ -76.261614, 6.998112 ], [ -76.130765, 6.776066 ] ] } },
{ "type": "Feature", "properties": { "source": "DABEIBA", "target": "SABANALARGA", "distance": 0.5, "betweenness": 0.00041952707856598016, "weight": 0.10041952707856598 }, "geometry": { "type": "LineString", "coordinates": [ [ -76.261614, 6.998112 ], [ -75.816645, 6.850028 ] ] } },
{ "type": "Feature", "properties": { "source": "DABEIBA", "target": "MURINDÓ", "distance": 0.5, "betweenness": 0.0036613272311212816, "weight": 0.10366132723112129 }, "geometry": { "type": "LineString", "coordinates": [ [ -76.261614, 6.998112 ], [ -76.817485, 6.97771 ] ] } },
{ "type": "Feature", "properties": { "source": "DABEIBA", "target": "ABRIAQUÍ", "distance": 0.2, "betweenness": 0.021815408085430969, "weight": 0.12181540808543098 }, "geometry": { "type": "LineString", "coordinates": [ [ -76.261614, 6.998112 ], [ -76.064304, 6.632282 ] ] } },
{ "type": "Feature", "properties": { "source": "DABEIBA", "target": "URRAO", "distance": 0.2, "betweenness": 0.018332062039155862, "weight": 0.11833206203915586 }, "geometry": { "type": "LineString", "coordinates": [ [ -76.261614, 6.998112 ], [ -76.133951, 6.317343 ] ] } },
{ "type": "Feature", "properties": { "source": "DABEIBA", "target": "VIGÍA DEL FUERTE", "distance": 1.0, "betweenness": 0.0, "weight": 0.1 }, "geometry": { "type": "LineString", "coordinates": [ [ -76.261614, 6.998112 ], [ -76.896004, 6.588164 ] ] } },
{ "type": "Feature", "properties": { "source": "DABEIBA", "target": "GIRALDO", "distance": 1.0, "betweenness": 0.0, "weight": 0.1 }, "geometry": { "type": "LineString", "coordinates": [ [ -76.261614, 6.998112 ], [ -75.952158, 6.680808 ] ] } },
{ "type": "Feature", "properties": { "source": "BURITICÁ", "target": "SAN ANDRÉS DE CUERQUÍA", "distance": 0.5, "betweenness": 0.00015255530129672007, "weight": 0.10015255530129673 }, "geometry": { "type": "LineString", "coordinates": [ [ -75.907, 6.720759 ], [ -75.674564, 6.916676 ] ] } },
{ "type": "Feature", "properties": { "source": "BURITICÁ", "target": "CAÑASGORDAS", "distance": 0.5, "betweenness": 0.00015255530129672007, "weight": 0.10015255530129673 }, "geometry": { "type": "LineString", "coordinates": [ [ -75.907, 6.720759 ], [ -76.028228, 6.753859 ] ] } },
{ "type": "Feature", "properties": { "source": "BURITICÁ", "target": "SABANALARGA", "distance": 0.5, "betweenness": 0.00015255530129672007, "weight": 0.10015255530129673 }, "geometry": { "type": "LineString", "coordinates": [ [ -75.907, 6.720759 ], [ -75.816645, 6.850028 ] ] } },
{ "type": "Feature", "properties": { "source": "BURITICÁ", "target": "URAMITA", "distance": 0.5, "betweenness": 0.00026697177726926009, "weight": 0.10026697177726926 }, "geometry": { "type": "LineString", "coordinates": [ [ -75.907, 6.720759 ], [ -76.173284, 6.898393 ] ] } },
{ "type": "Feature", "properties": { "source": "BURITICÁ", "target": "LIBORINA", "distance": 0.5, "betweenness": 0.0003648614289346555, "weight": 0.10036486142893467 }, "geometry": { "type": "LineString", "coordinates": [ [ -75.907, 6.720759 ], [ -75.812838, 6.677316 ] ] } },
{ "type": "Feature", "properties": { "source": "BURITICÁ", "target": "SANTA FÉ DE ANTIOQUIA", "distance": 0.5, "betweenness": 0.00018688024408848209, "weight": 0.10018688024408849 }, "geometry": { "type": "LineString", "coordinates": [ [ -75.907, 6.720759 ], [ -75.826648, 6.556484 ] ] } },
{ "type": "Feature", "properties": { "source": "BURITICÁ", "target": "SAN JOSÉ DE LA MONTAÑA", "distance": 0.33333333333333331, "betweenness": 0.0026697177726926011, "weight": 0.10266971777269261 }, "geometry": { "type": "LineString", "coordinates": [ [ -75.907, 6.720759 ], [ -75.683352, 6.85009 ] ] } },
{ "type": "Feature", "properties": { "source": "BURITICÁ", "target": "ABRIAQUÍ", "distance": 0.5, "betweenness": 0.00045766590389016021, "weight": 0.10045766590389017 }, "geometry": { "type": "LineString", "coordinates": [ [ -75.907, 6.720759 ], [ -76.064304, 6.632282 ] ] } },
{ "type": "Feature", "properties": { "source": "BURITICÁ", "target": "FRONTINO", "distance": 0.5, "betweenness": 0.00034324942791762018, "weight": 0.10034324942791763 }, "geometry": { "type": "LineString", "coordinates": [ [ -75.907, 6.720759 ], [ -76.130765, 6.776066 ] ] } },
{ "type": "Feature", "properties": { "source": "BURITICÁ", "target": "GIRALDO", "distance": 0.5, "betweenness": 0.0001678108314263921, "weight": 0.1001678108314264 }, "geometry": { "type": "LineString", "coordinates": [ [ -75.907, 6.720759 ], [ -75.952158, 6.680808 ] ] } },
{ "type": "Feature", "properties": { "source": "BURITICÁ", "target": "OLAYA", "distance": 0.5, "betweenness": 0.00026951436562420549, "weight": 0.10026951436562422 }, "geometry": { "type": "LineString", "coordinates": [ [ -75.907, 6.720759 ], [ -75.811773, 6.626492 ] ] } },
{ "type": "Feature", "properties": { "source": "BURITICÁ", "target": "BELMIRA", "distance": 0.5, "betweenness": 0.0007932875667429444, "weight": 0.10079328756674295 }, "geometry": { "type": "LineString", "coordinates": [ [ -75.907, 6.720759 ], [ -75.667779, 6.606319 ] ] } },
{ "type": "Feature", "properties": { "source": "BURITICÁ", "target": "URRAO", "distance": 0.33333333333333331, "betweenness": 0.0064518179506737857, "weight": 0.10645181795067379 }, "geometry": { "type": "LineString", "coordinates": [ [ -75.907, 6.720759 ], [ -76.133951, 6.317343 ] ] } },
{ "type": "Feature", "properties": { "source": "BURITICÁ", "target": "SANTA ROSA DE OSOS", "distance": 0.5, "betweenness": 0.0033358759216882789, "weight": 0.10333587592168829 }, "geometry": { "type": "LineString", "coordinates": [ [ -75.907, 6.720759 ], [ -75.460723, 6.643366 ] ] } },
{ "type": "Feature", "properties": { "source": "BURITICÁ", "target": "SOPETRÁN", "distance": 0.5, "betweenness": 0.0010916179337231969, "weight": 0.1010916179337232 }, "geometry": { "type": "LineString", "coordinates": [ [ -75.907, 6.720759 ], [ -75.747378, 6.500745 ] ] } },
{ "type": "Feature", "properties": { "source": "BURITICÁ", "target": "CAICEDO", "distance": 0.5, "betweenness": 0.00024408848207475213, "weight": 0.10024408848207476 }, "geometry": { "type": "LineString", "coordinates": [ [ -75.907, 6.720759 ], [ -75.98293, 6.405607 ] ] } },
{ "type": "Feature", "properties": { "source": "BURITICÁ", "target": "ENTRERRÍOS", "distance": 0.5, "betweenness": 0.004510551741673024, "weight": 0.10451055174167304 }, "geometry": { "type": "LineString", "coordinates": [ [ -75.907, 6.720759 ], [ -75.517685, 6.566273 ] ] } },
{ "type": "Feature", "properties": { "source": "BURITICÁ", "target": "SAN JERÓNIMO", "distance": 1.0, "betweenness": 1.5255530129672008e-05, "weight": 0.10001525553012967 }, "geometry": { "type": "LineString", "coordinates": [ [ -75.907, 6.720759 ], [ -75.726975, 6.44809 ] ] } },
{ "type": "Feature", "properties": { "source": "URAMITA", "target": "FRONTINO", "distance": 0.5, "betweenness": 0.00083905415713196032, "weight": 0.10083905415713197 }, "geometry": { "type": "LineString", "coordinates": [ [ -76.173284, 6.898393 ], [ -76.130765, 6.776066 ] ] } },
{ "type": "Feature", "properties": { "source": "URAMITA", "target": "ABRIAQUÍ", "distance": 0.33333333333333331, "betweenness": 0.0038138825324180018, "weight": 0.10381388253241801 }, "geometry": { "type": "LineString", "coordinates": [ [ -76.173284, 6.898393 ], [ -76.064304, 6.632282 ] ] } },
{ "type": "Feature", "properties": { "source": "URAMITA", "target": "SABANALARGA", "distance": 0.5, "betweenness": 0.00029748283752860415, "weight": 0.10029748283752861 }, "geometry": { "type": "LineString", "coordinates": [ [ -76.173284, 6.898393 ], [ -75.816645, 6.850028 ] ] } },
{ "type": "Feature", "properties": { "source": "URAMITA", "target": "CAÑASGORDAS", "distance": 0.5, "betweenness": 0.00015255530129672007, "weight": 0.10015255530129673 }, "geometry": { "type": "LineString", "coordinates": [ [ -76.173284, 6.898393 ], [ -76.028228, 6.753859 ] ] } },
{ "type": "Feature", "properties": { "source": "URAMITA", "target": "LIBORINA", "distance": 0.25, "betweenness": 0.010266971777269261, "weight": 0.11026697177726927 }, "geometry": { "type": "LineString", "coordinates": [ [ -76.173284, 6.898393 ], [ -75.812838, 6.677316 ] ] } },
{ "type": "Feature", "properties": { "source": "URAMITA", "target": "GIRALDO", "distance": 0.5, "betweenness": 0.00015255530129672007, "weight": 0.10015255530129673 }, "geometry": { "type": "LineString", "coordinates": [ [ -76.173284, 6.898393 ], [ -75.952158, 6.680808 ] ] } },
{ "type": "Feature", "properties": { "source": "URAMITA", "target": "SAN ANDRÉS DE CUERQUÍA", "distance": 0.5, "betweenness": 0.00074752097635392826, "weight": 0.10074752097635394 }, "geometry": { "type": "LineString", "coordinates": [ [ -76.173284, 6.898393 ], [ -75.674564, 6.916676 ] ] } },
{ "type": "Feature", "properties": { "source": "URAMITA", "target": "SANTA FÉ DE ANTIOQUIA", "distance": 0.5, "betweenness": 0.00040045766590389019, "weight": 0.1004004576659039 }, "geometry": { "type": "LineString", "coordinates": [ [ -76.173284, 6.898393 ], [ -75.826648, 6.556484 ] ] } },
{ "type": "Feature", "properties": { "source": "URAMITA", "target": "MUTATÁ", "distance": 0.5, "betweenness": 0.0023264683447749811, "weight": 0.10232646834477499 }, "geometry": { "type": "LineString", "coordinates": [ [ -76.173284, 6.898393 ], [ -76.435875, 7.242875 ] ] } },
{ "type": "Feature", "properties": { "source": "URAMITA", "target": "URRAO", "distance": 1.0, "betweenness": 0.0, "weight": 0.1 }, "geometry": { "type": "LineString", "coordinates": [ [ -76.173284, 6.898393 ], [ -76.133951, 6.317343 ] ] } },
{ "type": "Feature", "properties": { "source": "YARUMAL", "target": "ANORÍ", "distance": 0.5, "betweenness": 0.00015255530129672007, "weight": 0.10015255530129673 }, "geometry": { "type": "LineString", "coordinates": [ [ -75.418828, 6.963832 ], [ -75.148355, 7.074703 ] ] } },
{ "type": "Feature", "properties": { "source": "YARUMAL", "target": "SAN ANDRÉS DE CUERQUÍA", "distance": 0.5, "betweenness": 0.00010170353419781337, "weight": 0.10010170353419783 }, "geometry": { "type": "LineString", "coordinates": [ [ -75.418828, 6.963832 ], [ -75.674564, 6.916676 ] ] } },
{ "type": "Feature", "properties": { "source": "YARUMAL", "target": "CAMPAMENTO", "distance": 0.5, "betweenness": 7.6277650648360034e-05, "weight": 0.10007627765064836 }, "geometry": { "type": "LineString", "coordinates": [ [ -75.418828, 6.963832 ], [ -75.298091, 6.979771 ] ] } },
{ "type": "Feature", "properties": { "source": "YARUMAL", "target": "ANGOSTURA", "distance": 0.5, "betweenness": 0.0, "weight": 0.1 }, "geometry": { "type": "LineString", "coordinates": [ [ -75.418828, 6.963832 ], [ -75.335116, 6.885175 ] ] } },
{ "type": "Feature", "properties": { "source": "YARUMAL", "target": "GUADALUPE", "distance": 0.5, "betweenness": 0.0002288329519450801, "weight": 0.10022883295194508 }, "geometry": { "type": "LineString", "coordinates": [ [ -75.418828, 6.963832 ], [ -75.239862, 6.815069 ] ] } },
{ "type": "Feature", "properties": { "source": "YARUMAL", "target": "SANTA ROSA DE OSOS", "distance": 0.33333333333333331, "betweenness": 0.0015128400711924737, "weight": 0.10151284007119248 }, "geometry": { "type": "LineString", "coordinates": [ [ -75.418828, 6.963832 ], [ -75.460723, 6.643366 ] ] } },
{ "type": "Feature", "properties": { "source": "YARUMAL", "target": "CAROLINA", "distance": 0.16666666666666666, "betweenness": 0.0099436392914653768, "weight": 0.10994363929146539 }, "geometry": { "type": "LineString", "coordinates": [ [ -75.418828, 6.963832 ], [ -75.283192, 6.725995 ] ] } },
{ "type": "Feature", "properties": { "source": "YARUMAL", "target": "SAN JOSÉ DE LA MONTAÑA", "distance": 0.5, "betweenness": 0.0, "weight": 0.1 }, "geometry": { "type": "LineString", "coordinates": [ [ -75.418828, 6.963832 ], [ -75.683352, 6.85009 ] ] } },
{ "type": "Feature", "properties": { "source": "YARUMAL", "target": "BELMIRA", "distance": 0.5, "betweenness": 0.0, "weight": 0.1 }, "geometry": { "type": "LineString", "coordinates": [ [ -75.418828, 6.963832 ], [ -75.667779, 6.606319 ] ] } },
{ "type": "Feature", "properties": { "source": "YARUMAL", "target": "SABANALARGA", "distance": 0.5, "betweenness": 0.00019069412662090009, "weight": 0.10019069412662091 }, "geometry": { "type": "LineString", "coordinates": [ [ -75.418828, 6.963832 ], [ -75.816645, 6.850028 ] ] } },
{ "type": "Feature", "properties": { "source": "YARUMAL", "target": "LIBORINA", "distance": 0.5, "betweenness": 0.00030511060259344014, "weight": 0.10030511060259345 }, "geometry": { "type": "LineString", "coordinates": [ [ -75.418828, 6.963832 ], [ -75.812838, 6.677316 ] ] } },
{ "type": "Feature", "properties": { "source": "YARUMAL", "target": "GÓMEZ PLATA", "distance": 0.5, "betweenness": 0.0, "weight": 0.1 }, "geometry": { "type": "LineString", "coordinates": [ [ -75.418828, 6.963832 ], [ -75.220018, 6.683269 ] ] } },
{ "type": "Feature", "properties": { "source": "YARUMAL", "target": "AMALFI", "distance": 0.5, "betweenness": 0.0, "weight": 0.1 }, "geometry": { "type": "LineString", "coordinates": [ [ -75.418828, 6.963832 ], [ -75.077501, 6.909655 ] ] } },
{ "type": "Feature", "properties": { "source": "YARUMAL", "target": "ENTRERRÍOS", "distance": 0.2, "betweenness": 0.021465802186625992, "weight": 0.121465802186626 }, "geometry": { "type": "LineString", "coordinates": [ [ -75.418828, 6.963832 ], [ -75.517685, 6.566273 ] ] } },
{ "type": "Feature", "properties": { "source": "SAN ANDRÉS DE CUERQUÍA", "target": "SABANALARGA", "distance": 0.5, "betweenness": 0.00015255530129672007, "weight": 0.10015255530129673 }, "geometry": { "type": "LineString", "coordinates": [ [ -75.674564, 6.916676 ], [ -75.816645, 6.850028 ] ] } },
{ "type": "Feature", "properties": { "source": "SAN ANDRÉS DE CUERQUÍA", "target": "SANTA ROSA DE OSOS", "distance": 0.5, "betweenness": 0.0018306636155606408, "weight": 0.10183066361556065 }, "geometry": { "type": "LineString", "coordinates": [ [ -75.674564, 6.916676 ], [ -75.460723, 6.643366 ] ] } },
{ "type": "Feature", "properties": { "source": "SAN ANDRÉS DE CUERQUÍA", "target": "ANGOSTURA", "distance": 0.5, "betweenness": 0.00015255530129672007, "weight": 0.10015255530129673 }, "geometry": { "type": "LineString", "coordinates": [ [ -75.674564, 6.916676 ], [ -75.335116, 6.885175 ] ] } },
{ "type": "Feature", "properties": { "source": "SAN ANDRÉS DE CUERQUÍA", "target": "LIBORINA", "distance": 0.5, "betweenness": 0.00015255530129672007, "weight": 0.10015255530129673 }, "geometry": { "type": "LineString", "coordinates": [ [ -75.674564, 6.916676 ], [ -75.812838, 6.677316 ] ] } },
{ "type": "Feature", "properties": { "source": "SAN ANDRÉS DE CUERQUÍA", "target": "SAN JOSÉ DE LA MONTAÑA", "distance": 0.5, "betweenness": 0.0, "weight": 0.1 }, "geometry": { "type": "LineString", "coordinates": [ [ -75.674564, 6.916676 ], [ -75.683352, 6.85009 ] ] } },
{ "type": "Feature", "properties": { "source": "SAN ANDRÉS DE CUERQUÍA", "target": "BELMIRA", "distance": 0.5, "betweenness": 0.0, "weight": 0.1 }, "geometry": { "type": "LineString", "coordinates": [ [ -75.674564, 6.916676 ], [ -75.667779, 6.606319 ] ] } },
{ "type": "Feature", "properties": { "source": "SAN ANDRÉS DE CUERQUÍA", "target": "CAMPAMENTO", "distance": 0.5, "betweenness": 0.0003305364861428935, "weight": 0.1003305364861429 }, "geometry": { "type": "LineString", "coordinates": [ [ -75.674564, 6.916676 ], [ -75.298091, 6.979771 ] ] } },
{ "type": "Feature", "properties": { "source": "SAN ANDRÉS DE CUERQUÍA", "target": "ENTRERRÍOS", "distance": 0.5, "betweenness": 0.0015764047800661072, "weight": 0.10157640478006612 }, "geometry": { "type": "LineString", "coordinates": [ [ -75.674564, 6.916676 ], [ -75.517685, 6.566273 ] ] } },
{ "type": "Feature", "properties": { "source": "SAN ANDRÉS DE CUERQUÍA", "target": "CAÑASGORDAS", "distance": 0.5, "betweenness": 0.00015255530129672007, "weight": 0.10015255530129673 }, "geometry": { "type": "LineString", "coordinates": [ [ -75.674564, 6.916676 ], [ -76.028228, 6.753859 ] ] } },
{ "type": "Feature", "properties": { "source": "SAN ANDRÉS DE CUERQUÍA", "target": "OLAYA", "distance": 0.25, "betweenness": 0.0016399694889397407, "weight": 0.10163996948893975 }, "geometry": { "type": "LineString", "coordinates": [ [ -75.674564, 6.916676 ], [ -75.811773, 6.626492 ] ] } },
{ "type": "Feature", "properties": { "source": "SAN ANDRÉS DE CUERQUÍA", "target": "GIRALDO", "distance": 0.33333333333333331, "betweenness": 0.0030892448512585815, "weight": 0.10308924485125859 }, "geometry": { "type": "LineString", "coordinates": [ [ -75.674564, 6.916676 ], [ -75.952158, 6.680808 ] ] } },
{ "type": "Feature", "properties": { "source": "SAN ANDRÉS DE CUERQUÍA", "target": "SOPETRÁN", "distance": 0.5, "betweenness": 0.00061869649970336469, "weight": 0.10061869649970337 }, "geometry": { "type": "LineString", "coordinates": [ [ -75.674564, 6.916676 ], [ -75.747378, 6.500745 ] ] } },
{ "type": "Feature", "properties": { "source": "SAN ANDRÉS DE CUERQUÍA", "target": "SANTA FÉ DE ANTIOQUIA", "distance": 0.5, "betweenness": 0.00040045766590389019, "weight": 0.1004004576659039 }, "geometry": { "type": "LineString", "coordinates": [ [ -75.674564, 6.916676 ], [ -75.826648, 6.556484 ] ] } },
{ "type": "Feature", "properties": { "source": "SAN ANDRÉS DE CUERQUÍA", "target": "CAROLINA", "distance": 0.33333333333333331, "betweenness": 0.0063361301805237745, "weight": 0.10633613018052378 }, "geometry": { "type": "LineString", "coordinates": [ [ -75.674564, 6.916676 ], [ -75.283192, 6.725995 ] ] } },
{ "type": "Feature", "properties": { "source": "SANTA ROSA DE OSOS", "target": "SAN JOSÉ DE LA MONTAÑA", "distance": 0.33333333333333331, "betweenness": 0.002644291889143148, "weight": 0.10264429188914315 }, "geometry": { "type": "LineString", "coordinates": [ [ -75.460723, 6.643366 ], [ -75.683352, 6.85009 ] ] } },
{ "type": "Feature", "properties": { "source": "SANTA ROSA DE OSOS", "target": "ANGOSTURA", "distance": 0.5, "betweenness": 0.0, "weight": 0.1 }, "geometry": { "type": "LineString", "coordinates": [ [ -75.460723, 6.643366 ], [ -75.335116, 6.885175 ] ] } },
{ "type": "Feature", "properties": { "source": "SANTA ROSA DE OSOS", "target": "ENTRERRÍOS", "distance": 0.5, "betweenness": 0.0, "weight": 0.1 }, "geometry": { "type": "LineString", "coordinates": [ [ -75.460723, 6.643366 ], [ -75.517685, 6.566273 ] ] } },
{ "type": "Feature", "properties": { "source": "SANTA ROSA DE OSOS", "target": "BELMIRA", "distance": 0.5, "betweenness": 0.0, "weight": 0.1 }, "geometry": { "type": "LineString", "coordinates": [ [ -75.460723, 6.643366 ], [ -75.667779, 6.606319 ] ] } },
{ "type": "Feature", "properties": { "source": "SANTA ROSA DE OSOS", "target": "LIBORINA", "distance": 0.33333333333333331, "betweenness": 0.0097660818713450302, "weight": 0.10976608187134504 }, "geometry": { "type": "LineString", "coordinates": [ [ -75.460723, 6.643366 ], [ -75.812838, 6.677316 ] ] } },
{ "type": "Feature", "properties": { "source": "SANTA ROSA DE OSOS", "target": "CAROLINA", "distance": 0.25, "betweenness": 0.0077745087356071319, "weight": 0.10777450873560714 }, "geometry": { "type": "LineString", "coordinates": [ [ -75.460723, 6.643366 ], [ -75.283192, 6.725995 ] ] } },
{ "type": "Feature", "properties": { "source": "SANTA ROSA DE OSOS", "target": "SABANALARGA", "distance": 0.5, "betweenness": 0.0013729977116704807, "weight": 0.10137299771167049 }, "geometry": { "type": "LineString", "coordinates": [ [ -75.460723, 6.643366 ], [ -75.816645, 6.850028 ] ] } },
{ "type": "Feature", "properties": { "source": "SANTA ROSA DE OSOS", "target": "OLAYA", "distance": 0.5, "betweenness": 0.00062717179421984911, "weight": 0.10062717179421986 }, "geometry": { "type": "LineString", "coordinates": [ [ -75.460723, 6.643366 ], [ -75.811773, 6.626492 ] ] } },
{ "type": "Feature", "properties": { "source": "SANTA ROSA DE OSOS", "target": "CAMPAMENTO", "distance": 0.16666666666666666, "betweenness": 0.01610348334604628, "weight": 0.11610348334604628 }, "geometry": { "type": "LineString", "coordinates": [ [ -75.460723, 6.643366 ], [ -75.298091, 6.979771 ] ] } },
{ "type": "Feature", "properties": { "source": "SANTA ROSA DE OSOS", "target": "GUADALUPE", "distance": 0.5, "betweenness": 0.0, "weight": 0.1 }, "geometry": { "type": "LineString", "coordinates": [ [ -75.460723, 6.643366 ], [ -75.239862, 6.815069 ] ] } },
{ "type": "Feature", "properties": { "source": "SANTA ROSA DE OSOS", "target": "SOPETRÁN", "distance": 0.5, "betweenness": 0.001381473006186965, "weight": 0.10138147300618697 }, "geometry": { "type": "LineString", "coordinates": [ [ -75.460723, 6.643366 ], [ -75.747378, 6.500745 ] ] } },
{ "type": "Feature", "properties": { "source": "SANTA ROSA DE OSOS", "target": "GÓMEZ PLATA", "distance": 0.5, "betweenness": 0.00063746322327558032, "weight": 0.10063746322327559 }, "geometry": { "type": "LineString", "coordinates": [ [ -75.460723, 6.643366 ], [ -75.220018, 6.683269 ] ] } },
{ "type": "Feature", "properties": { "source": "SANTA ROSA DE OSOS", "target": "SAN PEDRO DE LOS MILAGROS", "distance": 0.5, "betweenness": 0.0021357742181540807, "weight": 0.10213577421815409 }, "geometry": { "type": "LineString", "coordinates": [ [ -75.460723, 6.643366 ], [ -75.556743, 6.46012 ] ] } },
{ "type": "Feature", "properties": { "source": "SANTA ROSA DE OSOS", "target": "DONMATÍAS", "distance": 0.5, "betweenness": 0.0, "weight": 0.1 }, "geometry": { "type": "LineString", "coordinates": [ [ -75.460723, 6.643366 ], [ -75.39263, 6.485603 ] ] } },
{ "type": "Feature", "properties": { "source": "SANTA ROSA DE OSOS", "target": "CONCEPCIÓN", "distance": 0.5, "betweenness": 0.0039206712433257048, "weight": 0.10392067124332571 }, "geometry": { "type": "LineString", "coordinates": [ [ -75.460723, 6.643366 ], [ -75.257587, 6.394348 ] ] } },
{ "type": "Feature", "properties": { "source": "SANTA ROSA DE OSOS", "target": "BARBOSA", "distance": 0.5, "betweenness": 0.0010678871090770404, "weight": 0.10106788710907705 }, "geometry": { "type": "LineString", "coordinates": [ [ -75.460723, 6.643366 ], [ -75.331627, 6.439195 ] ] } },
{ "type": "Feature", "properties": { "source": "SANTA ROSA DE OSOS", "target": "SAN VICENTE FERRER", "distance": 0.5, "betweenness": 0.0071217899822018822, "weight": 0.10712178998220188 }, "geometry": { "type": "LineString", "coordinates": [ [ -75.460723, 6.643366 ], [ -75.332616, 6.282164 ] ] } },
{ "type": "Feature", "properties": { "source": "SANTA ROSA DE OSOS", "target": "SANTO DOMINGO", "distance": 0.5, "betweenness": 0.0027096727325560282, "weight": 0.10270967273255603 }, "geometry": { "type": "LineString", "coordinates": [ [ -75.460723, 6.643366 ], [ -75.164903, 6.473032 ] ] } },
{ "type": "Feature", "properties": { "source": "SANTA ROSA DE OSOS", "target": "GIRARDOTA", "distance": 0.5, "betweenness": 0.0026739554199508432, "weight": 0.10267395541995085 }, "geometry": { "type": "LineString", "coordinates": [ [ -75.460723, 6.643366 ], [ -75.444238, 6.379472 ] ] } },
{ "type": "Feature", "properties": { "source": "SANTA ROSA DE OSOS", "target": "COPACABANA", "distance": 0.5, "betweenness": 0.0019450800915331808, "weight": 0.10194508009153319 }, "geometry": { "type": "LineString", "coordinates": [ [ -75.460723, 6.643366 ], [ -75.509384, 6.348557 ] ] } },
{ "type": "Feature", "properties": { "source": "SANTA ROSA DE OSOS", "target": "CISNEROS", "distance": 0.5, "betweenness": 0.0042606516290726818, "weight": 0.10426065162907269 }, "geometry": { "type": "LineString", "coordinates": [ [ -75.460723, 6.643366 ], [ -75.087047, 6.537829 ] ] } },
{ "type": "Feature", "properties": { "source": "SANTA ROSA DE OSOS", "target": "SAN JERÓNIMO", "distance": 0.5, "betweenness": 0.0020874650394101199, "weight": 0.10208746503941013 }, "geometry": { "type": "LineString", "coordinates": [ [ -75.460723, 6.643366 ], [ -75.726975, 6.44809 ] ] } },
{ "type": "Feature", "properties": { "source": "SANTA ROSA DE OSOS", "target": "YOLOMBÓ", "distance": 0.5, "betweenness": 0.0034775344157495186, "weight": 0.10347753441574953 }, "geometry": { "type": "LineString", "coordinates": [ [ -75.460723, 6.643366 ], [ -75.013385, 6.594511 ] ] } },
{ "type": "Feature", "properties": { "source": "SANTA ROSA DE OSOS", "target": "BELLO", "distance": 0.5, "betweenness": 0.0011187388761759471, "weight": 0.10111873887617595 }, "geometry": { "type": "LineString", "coordinates": [ [ -75.460723, 6.643366 ], [ -75.555245, 6.333587 ] ] } },
{ "type": "Feature", "properties": { "source": "SANTA ROSA DE OSOS", "target": "AMALFI", "distance": 0.5, "betweenness": 0.0023842214231230246, "weight": 0.10238422142312303 }, "geometry": { "type": "LineString", "coordinates": [ [ -75.460723, 6.643366 ], [ -75.077501, 6.909655 ] ] } },
{ "type": "Feature", "properties": { "source": "SANTA ROSA DE OSOS", "target": "GUARNE", "distance": 0.5, "betweenness": 0.0010678871090770404, "weight": 0.10106788710907705 }, "geometry": { "type": "LineString", "coordinates": [ [ -75.460723, 6.643366 ], [ -75.441612, 6.27787 ] ] } },
{ "type": "Feature", "properties": { "source": "SANTA ROSA DE OSOS", "target": "ANORÍ", "distance": 0.16666666666666666, "betweenness": 0.02684973302822273, "weight": 0.12684973302822272 }, "geometry": { "type": "LineString", "coordinates": [ [ -75.460723, 6.643366 ], [ -75.148355, 7.074703 ] ] } },
{ "type": "Feature", "properties": { "source": "SANTA ROSA DE OSOS", "target": "SAN ROQUE", "distance": 0.5, "betweenness": 0.0036250045403363484, "weight": 0.10362500454033635 }, "geometry": { "type": "LineString", "coordinates": [ [ -75.460723, 6.643366 ], [ -75.019109, 6.485939 ] ] } },
{ "type": "Feature", "properties": { "source": "SANTA ROSA DE OSOS", "target": "ALEJANDRÍA", "distance": 0.5, "betweenness": 0.0032926519196542084, "weight": 0.10329265191965421 }, "geometry": { "type": "LineString", "coordinates": [ [ -75.460723, 6.643366 ], [ -75.141346, 6.376061 ] ] } },
{ "type": "Feature", "properties": { "source": "SANTA ROSA DE OSOS", "target": "MEDELLÍN", "distance": 0.2, "betweenness": 0.078565980167810842, "weight": 0.17856598016781083 }, "geometry": { "type": "LineString", "coordinates": [ [ -75.460723, 6.643366 ], [ -75.581775, 6.246631 ] ] } },
{ "type": "Feature", "properties": { "source": "SANTA ROSA DE OSOS", "target": "SANTA FÉ DE ANTIOQUIA", "distance": 1.0, "betweenness": 0.0, "weight": 0.1 }, "geometry": { "type": "LineString", "coordinates": [ [ -75.460723, 6.643366 ], [ -75.826648, 6.556484 ] ] } },
{ "type": "Feature", "properties": { "source": "SANTA ROSA DE OSOS", "target": "PEÑOL", "distance": 1.0, "betweenness": 0.0, "weight": 0.1 }, "geometry": { "type": "LineString", "coordinates": [ [ -75.460723, 6.643366 ], [ -75.242693, 6.219349 ] ] } },
{ "type": "Feature", "properties": { "source": "SABANALARGA", "target": "BELMIRA", "distance": 0.5, "betweenness": 0.00038138825324180017, "weight": 0.1003813882532418 }, "geometry": { "type": "LineString", "coordinates": [ [ -75.816645, 6.850028 ], [ -75.667779, 6.606319 ] ] } },
{ "type": "Feature", "properties": { "source": "SABANALARGA", "target": "CAÑASGORDAS", "distance": 0.33333333333333331, "betweenness": 0.0045258072718026955, "weight": 0.1045258072718027 }, "geometry": { "type": "LineString", "coordinates": [ [ -75.816645, 6.850028 ], [ -76.028228, 6.753859 ] ] } },
{ "type": "Feature", "properties": { "source": "SABANALARGA", "target": "SAN JOSÉ DE LA MONTAÑA", "distance": 0.5, "betweenness": 0.00015255530129672007, "weight": 0.10015255530129673 }, "geometry": { "type": "LineString", "coordinates": [ [ -75.816645, 6.850028 ], [ -75.683352, 6.85009 ] ] } },
{ "type": "Feature", "properties": { "source": "SABANALARGA", "target": "LIBORINA", "distance": 0.5, "betweenness": 0.00015255530129672007, "weight": 0.10015255530129673 }, "geometry": { "type": "LineString", "coordinates": [ [ -75.816645, 6.850028 ], [ -75.812838, 6.677316 ] ] } },
{ "type": "Feature", "properties": { "source": "SABANALARGA", "target": "GIRALDO", "distance": 0.5, "betweenness": 0.00045766590389016021, "weight": 0.10045766590389017 }, "geometry": { "type": "LineString", "coordinates": [ [ -75.816645, 6.850028 ], [ -75.952158, 6.680808 ] ] } },
{ "type": "Feature", "properties": { "source": "SABANALARGA", "target": "OLAYA", "distance": 0.5, "betweenness": 0.00015255530129672007, "weight": 0.10015255530129673 }, "geometry": { "type": "LineString", "coordinates": [ [ -75.816645, 6.850028 ], [ -75.811773, 6.626492 ] ] } },
{ "type": "Feature", "properties": { "source": "SABANALARGA", "target": "SANTA FÉ DE ANTIOQUIA", "distance": 0.5, "betweenness": 0.0005275870836511569, "weight": 0.10052758708365116 }, "geometry": { "type": "LineString", "coordinates": [ [ -75.816645, 6.850028 ], [ -75.826648, 6.556484 ] ] } },
{ "type": "Feature", "properties": { "source": "SABANALARGA", "target": "ENTRERRÍOS", "distance": 0.33333333333333331, "betweenness": 0.011314518179506737, "weight": 0.11131451817950674 }, "geometry": { "type": "LineString", "coordinates": [ [ -75.816645, 6.850028 ], [ -75.517685, 6.566273 ] ] } },
{ "type": "Feature", "properties": { "source": "SABANALARGA", "target": "SOPETRÁN", "distance": 0.5, "betweenness": 0.00036443766420883128, "weight": 0.10036443766420884 }, "geometry": { "type": "LineString", "coordinates": [ [ -75.816645, 6.850028 ], [ -75.747378, 6.500745 ] ] } },
{ "type": "Feature", "properties": { "source": "SABANALARGA", "target": "ABRIAQUÍ", "distance": 0.5, "betweenness": 0.00076277650648360034, "weight": 0.1007627765064836 }, "geometry": { "type": "LineString", "coordinates": [ [ -75.816645, 6.850028 ], [ -76.064304, 6.632282 ] ] } },
{ "type": "Feature", "properties": { "source": "SABANALARGA", "target": "FRONTINO", "distance": 1.0, "betweenness": 0.0, "weight": 0.1 }, "geometry": { "type": "LineString", "coordinates": [ [ -75.816645, 6.850028 ], [ -76.130765, 6.776066 ] ] } },
{ "type": "Feature", "properties": { "source": "ANORÍ", "target": "AMALFI", "distance": 0.5, "betweenness": 0.0014111365369946607, "weight": 0.10141113653699467 }, "geometry": { "type": "LineString", "coordinates": [ [ -75.148355, 7.074703 ], [ -75.077501, 6.909655 ] ] } },
{ "type": "Feature", "properties": { "source": "ANORÍ", "target": "YOLOMBÓ", "distance": 0.5, "betweenness": 0.0030129672006102212, "weight": 0.10301296720061023 }, "geometry": { "type": "LineString", "coordinates": [ [ -75.148355, 7.074703 ], [ -75.013385, 6.594511 ] ] } },
{ "type": "Feature", "properties": { "source": "ANORÍ", "target": "ANGOSTURA", "distance": 0.5, "betweenness": 0.00030511060259344014, "weight": 0.10030511060259345 }, "geometry": { "type": "LineString", "coordinates": [ [ -75.148355, 7.074703 ], [ -75.335116, 6.885175 ] ] } },
{ "type": "Feature", "properties": { "source": "ANORÍ", "target": "CAROLINA", "distance": 0.5, "betweenness": 0.0, "weight": 0.1 }, "geometry": { "type": "LineString", "coordinates": [ [ -75.148355, 7.074703 ], [ -75.283192, 6.725995 ] ] } },
{ "type": "Feature", "properties": { "source": "ANORÍ", "target": "CAMPAMENTO", "distance": 0.5, "betweenness": 0.0, "weight": 0.1 }, "geometry": { "type": "LineString", "coordinates": [ [ -75.148355, 7.074703 ], [ -75.298091, 6.979771 ] ] } },
{ "type": "Feature", "properties": { "source": "ANORÍ", "target": "GUADALUPE", "distance": 0.5, "betweenness": 0.00030511060259344014, "weight": 0.10030511060259345 }, "geometry": { "type": "LineString", "coordinates": [ [ -75.148355, 7.074703 ], [ -75.239862, 6.815069 ] ] } },
{ "type": "Feature", "properties": { "source": "ANORÍ", "target": "GÓMEZ PLATA", "distance": 0.5, "betweenness": 0.0007246376811594203, "weight": 0.10072463768115943 }, "geometry": { "type": "LineString", "coordinates": [ [ -75.148355, 7.074703 ], [ -75.220018, 6.683269 ] ] } },
{ "type": "Feature", "properties": { "source": "ANORÍ", "target": "VEGACHÍ", "distance": 1.0, "betweenness": 0.00011441647597254005, "weight": 0.10011441647597255 }, "geometry": { "type": "LineString", "coordinates": [ [ -75.148355, 7.074703 ], [ -74.798714, 6.773525 ] ] } },
{ "type": "Feature", "properties": { "source": "ANORÍ", "target": "CÁCERES", "distance": 1.0, "betweenness": 0.0023391812865497076, "weight": 0.10233918128654972 }, "geometry": { "type": "LineString", "coordinates": [ [ -75.148355, 7.074703 ], [ -75.35205, 7.578366 ] ] } },
{ "type": "Feature", "properties": { "source": "ANORÍ", "target": "ZARAGOZA", "distance": 1.0, "betweenness": 0.017391304347826087, "weight": 0.11739130434782609 }, "geometry": { "type": "LineString", "coordinates": [ [ -75.148355, 7.074703 ], [ -74.867075, 7.488583 ] ] } },
{ "type": "Feature", "properties": { "source": "CAMPAMENTO", "target": "AMALFI", "distance": 0.5, "betweenness": 0.00048309178743961346, "weight": 0.10048309178743962 }, "geometry": { "type": "LineString", "coordinates": [ [ -75.298091, 6.979771 ], [ -75.077501, 6.909655 ] ] } },
{ "type": "Feature", "properties": { "source": "CAMPAMENTO", "target": "GUADALUPE", "distance": 0.5, "betweenness": 0.00020340706839562674, "weight": 0.10020340706839563 }, "geometry": { "type": "LineString", "coordinates": [ [ -75.298091, 6.979771 ], [ -75.239862, 6.815069 ] ] } },
{ "type": "Feature", "properties": { "source": "CAMPAMENTO", "target": "ANGOSTURA", "distance": 0.5, "betweenness": 0.00015255530129672007, "weight": 0.10015255530129673 }, "geometry": { "type": "LineString", "coordinates": [ [ -75.298091, 6.979771 ], [ -75.335116, 6.885175 ] ] } },
{ "type": "Feature", "properties": { "source": "CAMPAMENTO", "target": "CAROLINA", "distance": 0.5, "betweenness": 0.0, "weight": 0.1 }, "geometry": { "type": "LineString", "coordinates": [ [ -75.298091, 6.979771 ], [ -75.283192, 6.725995 ] ] } },
{ "type": "Feature", "properties": { "source": "CAMPAMENTO", "target": "GÓMEZ PLATA", "distance": 0.5, "betweenness": 0.00025425883549453347, "weight": 0.10025425883549453 }, "geometry": { "type": "LineString", "coordinates": [ [ -75.298091, 6.979771 ], [ -75.220018, 6.683269 ] ] } },
{ "type": "Feature", "properties": { "source": "CAMPAMENTO", "target": "YOLOMBÓ", "distance": 0.5, "betweenness": 0.0017569285532672266, "weight": 0.10175692855326723 }, "geometry": { "type": "LineString", "coordinates": [ [ -75.298091, 6.979771 ], [ -75.013385, 6.594511 ] ] } },
{ "type": "Feature", "properties": { "source": "ANGOSTURA", "target": "ENTRERRÍOS", "distance": 0.33333333333333331, "betweenness": 0.0052974828375286047, "weight": 0.10529748283752861 }, "geometry": { "type": "LineString", "coordinates": [ [ -75.335116, 6.885175 ], [ -75.517685, 6.566273 ] ] } },
{ "type": "Feature", "properties": { "source": "ANGOSTURA", "target": "CAROLINA", "distance": 0.5, "betweenness": 0.0, "weight": 0.1 }, "geometry": { "type": "LineString", "coordinates": [ [ -75.335116, 6.885175 ], [ -75.283192, 6.725995 ] ] } },
{ "type": "Feature", "properties": { "source": "ANGOSTURA", "target": "GÓMEZ PLATA", "distance": 0.5, "betweenness": 0.0, "weight": 0.1 }, "geometry": { "type": "LineString", "coordinates": [ [ -75.335116, 6.885175 ], [ -75.220018, 6.683269 ] ] } },
{ "type": "Feature", "properties": { "source": "ANGOSTURA", "target": "SAN JOSÉ DE LA MONTAÑA", "distance": 0.33333333333333331, "betweenness": 0.00030511060259344014, "weight": 0.10030511060259345 }, "geometry": { "type": "LineString", "coordinates": [ [ -75.335116, 6.885175 ], [ -75.683352, 6.85009 ] ] } },
{ "type": "Feature", "properties": { "source": "ANGOSTURA", "target": "BELMIRA", "distance": 0.14285714285714285, "betweenness": 0.013882532418001527, "weight": 0.11388253241800153 }, "geometry": { "type": "LineString", "coordinates": [ [ -75.335116, 6.885175 ], [ -75.667779, 6.606319 ] ] } },
{ "type": "Feature", "properties": { "source": "ANGOSTURA", "target": "GUADALUPE", "distance": 0.5, "betweenness": 0.00035596236969234681, "weight": 0.10035596236969235 }, "geometry": { "type": "LineString", "coordinates": [ [ -75.335116, 6.885175 ], [ -75.239862, 6.815069 ] ] } },
{ "type": "Feature", "properties": { "source": "ANGOSTURA", "target": "AMALFI", "distance": 0.33333333333333331, "betweenness": 0.0017721840833968979, "weight": 0.1017721840833969 }, "geometry": { "type": "LineString", "coordinates": [ [ -75.335116, 6.885175 ], [ -75.077501, 6.909655 ] ] } },
{ "type": "Feature", "properties": { "source": "ANGOSTURA", "target": "DONMATÍAS", "distance": 0.5, "betweenness": 0.0, "weight": 0.1 }, "geometry": { "type": "LineString", "coordinates": [ [ -75.335116, 6.885175 ], [ -75.39263, 6.485603 ] ] } },
{ "type": "Feature", "properties": { "source": "ANGOSTURA", "target": "LIBORINA", "distance": 0.5, "betweenness": 0.0010602593440122046, "weight": 0.10106025934401221 }, "geometry": { "type": "LineString", "coordinates": [ [ -75.335116, 6.885175 ], [ -75.812838, 6.677316 ] ] } },
{ "type": "Feature", "properties": { "source": "ANGOSTURA", "target": "YOLOMBÓ", "distance": 0.5, "betweenness": 0.0013818967709127894, "weight": 0.10138189677091279 }, "geometry": { "type": "LineString", "coordinates": [ [ -75.335116, 6.885175 ], [ -75.013385, 6.594511 ] ] } },
{ "type": "Feature", "properties": { "source": "ANGOSTURA", "target": "SAN PEDRO DE LOS MILAGROS", "distance": 1.0, "betweenness": 0.0, "weight": 0.1 }, "geometry": { "type": "LineString", "coordinates": [ [ -75.335116, 6.885175 ], [ -75.556743, 6.46012 ] ] } },
{ "type": "Feature", "properties": { "source": "GUADALUPE", "target": "GÓMEZ PLATA", "distance": 0.5, "betweenness": 0.0043732519705059749, "weight": 0.10437325197050598 }, "geometry": { "type": "LineString", "coordinates": [ [ -75.239862, 6.815069 ], [ -75.220018, 6.683269 ] ] } },
{ "type": "Feature", "properties": { "source": "GUADALUPE", "target": "CAROLINA", "distance": 0.5, "betweenness": 0.0014492753623188406, "weight": 0.10144927536231885 }, "geometry": { "type": "LineString", "coordinates": [ [ -75.239862, 6.815069 ], [ -75.283192, 6.725995 ] ] } },
{ "type": "Feature", "properties": { "source": "GUADALUPE", "target": "AMALFI", "distance": 0.5, "betweenness": 0.00048309178743961346, "weight": 0.10048309178743962 }, "geometry": { "type": "LineString", "coordinates": [ [ -75.239862, 6.815069 ], [ -75.077501, 6.909655 ] ] } },
{ "type": "Feature", "properties": { "source": "GUADALUPE", "target": "YOLOMBÓ", "distance": 0.5, "betweenness": 0.0020086448004068146, "weight": 0.10200864480040682 }, "geometry": { "type": "LineString", "coordinates": [ [ -75.239862, 6.815069 ], [ -75.013385, 6.594511 ] ] } },
{ "type": "Feature", "properties": { "source": "GUADALUPE", "target": "DONMATÍAS", "distance": 1.0, "betweenness": 0.0, "weight": 0.1 }, "geometry": { "type": "LineString", "coordinates": [ [ -75.239862, 6.815069 ], [ -75.39263, 6.485603 ] ] } },
{ "type": "Feature", "properties": { "source": "CAROLINA", "target": "GÓMEZ PLATA", "distance": 0.5, "betweenness": 0.0, "weight": 0.1 }, "geometry": { "type": "LineString", "coordinates": [ [ -75.283192, 6.725995 ], [ -75.220018, 6.683269 ] ] } },
{ "type": "Feature", "properties": { "source": "CAROLINA", "target": "DONMATÍAS", "distance": 0.2, "betweenness": 0.017486651411136537, "weight": 0.11748665141113654 }, "geometry": { "type": "LineString", "coordinates": [ [ -75.283192, 6.725995 ], [ -75.39263, 6.485603 ] ] } },
{ "type": "Feature", "properties": { "source": "CAROLINA", "target": "AMALFI", "distance": 0.25, "betweenness": 0.034870872834259561, "weight": 0.13487087283425958 }, "geometry": { "type": "LineString", "coordinates": [ [ -75.283192, 6.725995 ], [ -75.077501, 6.909655 ] ] } },
{ "type": "Feature", "properties": { "source": "CAROLINA", "target": "BELMIRA", "distance": 0.14285714285714285, "betweenness": 0.013424866514111365, "weight": 0.11342486651411138 }, "geometry": { "type": "LineString", "coordinates": [ [ -75.283192, 6.725995 ], [ -75.667779, 6.606319 ] ] } },
{ "type": "Feature", "properties": { "source": "CAROLINA", "target": "ENTRERRÍOS", "distance": 0.16666666666666666, "betweenness": 0.023340961098398175, "weight": 0.12334096109839818 }, "geometry": { "type": "LineString", "coordinates": [ [ -75.283192, 6.725995 ], [ -75.517685, 6.566273 ] ] } },
{ "type": "Feature", "properties": { "source": "CAROLINA", "target": "YOLOMBÓ", "distance": 0.5, "betweenness": 0.0015764047800661072, "weight": 0.10157640478006612 }, "geometry": { "type": "LineString", "coordinates": [ [ -75.283192, 6.725995 ], [ -75.013385, 6.594511 ] ] } },
{ "type": "Feature", "properties": { "source": "CAROLINA", "target": "SAN JOSÉ DE LA MONTAÑA", "distance": 0.25, "betweenness": 0.005809814391050089, "weight": 0.1058098143910501 }, "geometry": { "type": "LineString", "coordinates": [ [ -75.283192, 6.725995 ], [ -75.683352, 6.85009 ] ] } },
{ "type": "Feature", "properties": { "source": "CAROLINA", "target": "SANTO DOMINGO", "distance": 0.5, "betweenness": 0.0, "weight": 0.1 }, "geometry": { "type": "LineString", "coordinates": [ [ -75.283192, 6.725995 ], [ -75.164903, 6.473032 ] ] } },
{ "type": "Feature", "properties": { "source": "CAROLINA", "target": "SAN PEDRO DE LOS MILAGROS", "distance": 0.33333333333333331, "betweenness": 0.0072336638698194781, "weight": 0.10723366386981949 }, "geometry": { "type": "LineString", "coordinates": [ [ -75.283192, 6.725995 ], [ -75.556743, 6.46012 ] ] } },
{ "type": "Feature", "properties": { "source": "CAROLINA", "target": "BARBOSA", "distance": 0.33333333333333331, "betweenness": 0.0072675650478854137, "weight": 0.10726756504788541 }, "geometry": { "type": "LineString", "coordinates": [ [ -75.283192, 6.725995 ], [ -75.331627, 6.439195 ] ] } },
{ "type": "Feature", "properties": { "source": "CAROLINA", "target": "CISNEROS", "distance": 0.5, "betweenness": 0.0014492753623188406, "weight": 0.10144927536231885 }, "geometry": { "type": "LineString", "coordinates": [ [ -75.283192, 6.725995 ], [ -75.087047, 6.537829 ] ] } },
{ "type": "Feature", "properties": { "source": "CAROLINA", "target": "CONCEPCIÓN", "distance": 1.0, "betweenness": 0.0, "weight": 0.1 }, "geometry": { "type": "LineString", "coordinates": [ [ -75.283192, 6.725995 ], [ -75.257587, 6.394348 ] ] } },
{ "type": "Feature", "properties": { "source": "SAN JOSÉ DE LA MONTAÑA", "target": "LIBORINA", "distance": 0.5, "betweenness": 0.00030511060259344014, "weight": 0.10030511060259345 }, "geometry": { "type": "LineString", "coordinates": [ [ -75.683352, 6.85009 ], [ -75.812838, 6.677316 ] ] } },
{ "type": "Feature", "properties": { "source": "SAN JOSÉ DE LA MONTAÑA", "target": "BELMIRA", "distance": 0.5, "betweenness": 0.0, "weight": 0.1 }, "geometry": { "type": "LineString", "coordinates": [ [ -75.683352, 6.85009 ], [ -75.667779, 6.606319 ] ] } },
{ "type": "Feature", "properties": { "source": "SAN JOSÉ DE LA MONTAÑA", "target": "ENTRERRÍOS", "distance": 0.33333333333333331, "betweenness": 0.0052250190694126623, "weight": 0.10522501906941267 }, "geometry": { "type": "LineString", "coordinates": [ [ -75.683352, 6.85009 ], [ -75.517685, 6.566273 ] ] } },
{ "type": "Feature", "properties": { "source": "SAN JOSÉ DE LA MONTAÑA", "target": "SOPETRÁN", "distance": 0.5, "betweenness": 0.00021188236291211124, "weight": 0.10021188236291212 }, "geometry": { "type": "LineString", "coordinates": [ [ -75.683352, 6.85009 ], [ -75.747378, 6.500745 ] ] } },
{ "type": "Feature", "properties": { "source": "SAN JOSÉ DE LA MONTAÑA", "target": "OLAYA", "distance": 0.2, "betweenness": 0.0040172896008136292, "weight": 0.10401728960081363 }, "geometry": { "type": "LineString", "coordinates": [ [ -75.683352, 6.85009 ], [ -75.811773, 6.626492 ] ] } },
{ "type": "Feature", "properties": { "source": "SAN JOSÉ DE LA MONTAÑA", "target": "CAÑASGORDAS", "distance": 0.5, "betweenness": 0.00015255530129672007, "weight": 0.10015255530129673 }, "geometry": { "type": "LineString", "coordinates": [ [ -75.683352, 6.85009 ], [ -76.028228, 6.753859 ] ] } },
{ "type": "Feature", "properties": { "source": "SAN JOSÉ DE LA MONTAÑA", "target": "GIRALDO", "distance": 0.5, "betweenness": 0.00061022120518688027, "weight": 0.10061022120518688 }, "geometry": { "type": "LineString", "coordinates": [ [ -75.683352, 6.85009 ], [ -75.952158, 6.680808 ] ] } },
{ "type": "Feature", "properties": { "source": "SAN JOSÉ DE LA MONTAÑA", "target": "SANTA FÉ DE ANTIOQUIA", "distance": 0.5, "betweenness": 0.00068014238494787697, "weight": 0.10068014238494788 }, "geometry": { "type": "LineString", "coordinates": [ [ -75.683352, 6.85009 ], [ -75.826648, 6.556484 ] ] } },
{ "type": "Feature", "properties": { "source": "MUTATÁ", "target": "FRONTINO", "distance": 0.5, "betweenness": 0.015408085430968726, "weight": 0.11540808543096873 }, "geometry": { "type": "LineString", "coordinates": [ [ -76.435875, 7.242875 ], [ -76.130765, 6.776066 ] ] } },
{ "type": "Feature", "properties": { "source": "MUTATÁ", "target": "CHIGORODÓ", "distance": 1.0, "betweenness": 0.017391304347826087, "weight": 0.11739130434782609 }, "geometry": { "type": "LineString", "coordinates": [ [ -76.435875, 7.242875 ], [ -76.681531, 7.666147 ] ] } },
{ "type": "Feature", "properties": { "source": "MUTATÁ", "target": "TURBO", "distance": 1.0, "betweenness": 0.017391304347826087, "weight": 0.11739130434782609 }, "geometry": { "type": "LineString", "coordinates": [ [ -76.435875, 7.242875 ], [ -76.728858, 8.089929 ] ] } },
{ "type": "Feature", "properties": { "source": "CAÑASGORDAS", "target": "ABRIAQUÍ", "distance": 0.5, "betweenness": 0.00045766590389016021, "weight": 0.10045766590389017 }, "geometry": { "type": "LineString", "coordinates": [ [ -76.028228, 6.753859 ], [ -76.064304, 6.632282 ] ] } },
{ "type": "Feature", "properties": { "source": "CAÑASGORDAS", "target": "FRONTINO", "distance": 0.5, "betweenness": 0.00012712941774726671, "weight": 0.10012712941774728 }, "geometry": { "type": "LineString", "coordinates": [ [ -76.028228, 6.753859 ], [ -76.130765, 6.776066 ] ] } },
{ "type": "Feature", "properties": { "source": "CAÑASGORDAS", "target": "LIBORINA", "distance": 0.5, "betweenness": 0.00080727180269514378, "weight": 0.10080727180269515 }, "geometry": { "type": "LineString", "coordinates": [ [ -76.028228, 6.753859 ], [ -75.812838, 6.677316 ] ] } },
{ "type": "Feature", "properties": { "source": "CAÑASGORDAS", "target": "GIRALDO", "distance": 0.5, "betweenness": 0.00015255530129672007, "weight": 0.10015255530129673 }, "geometry": { "type": "LineString", "coordinates": [ [ -76.028228, 6.753859 ], [ -75.952158, 6.680808 ] ] } },
{ "type": "Feature", "properties": { "source": "CAÑASGORDAS", "target": "SANTA FÉ DE ANTIOQUIA", "distance": 0.5, "betweenness": 0.00047673531655225023, "weight": 0.10047673531655225 }, "geometry": { "type": "LineString", "coordinates": [ [ -76.028228, 6.753859 ], [ -75.826648, 6.556484 ] ] } },
{ "type": "Feature", "properties": { "source": "CAÑASGORDAS", "target": "URRAO", "distance": 0.33333333333333331, "betweenness": 0.0091978133740147471, "weight": 0.10919781337401475 }, "geometry": { "type": "LineString", "coordinates": [ [ -76.028228, 6.753859 ], [ -76.133951, 6.317343 ] ] } },
{ "type": "Feature", "properties": { "source": "CAÑASGORDAS", "target": "CAICEDO", "distance": 0.33333333333333331, "betweenness": 0.0066742944317315029, "weight": 0.10667429443173151 }, "geometry": { "type": "LineString", "coordinates": [ [ -76.028228, 6.753859 ], [ -75.98293, 6.405607 ] ] } },
{ "type": "Feature", "properties": { "source": "CAÑASGORDAS", "target": "OLAYA", "distance": 0.5, "betweenness": 0.0008644800406814139, "weight": 0.10086448004068142 }, "geometry": { "type": "LineString", "coordinates": [ [ -76.028228, 6.753859 ], [ -75.811773, 6.626492 ] ] } },
{ "type": "Feature", "properties": { "source": "CAÑASGORDAS", "target": "SOPETRÁN", "distance": 0.5, "betweenness": 0.004038477837104839, "weight": 0.10403847783710485 }, "geometry": { "type": "LineString", "coordinates": [ [ -76.028228, 6.753859 ], [ -75.747378, 6.500745 ] ] } },
{ "type": "Feature", "properties": { "source": "CAÑASGORDAS", "target": "BELMIRA", "distance": 0.5, "betweenness": 0.0034452072209509282, "weight": 0.10344520722095094 }, "geometry": { "type": "LineString", "coordinates": [ [ -76.028228, 6.753859 ], [ -75.667779, 6.606319 ] ] } },
{ "type": "Feature", "properties": { "source": "FRONTINO", "target": "ABRIAQUÍ", "distance": 0.33333333333333331, "betweenness": 0.0015255530129672007, "weight": 0.1015255530129672 }, "geometry": { "type": "LineString", "coordinates": [ [ -76.130765, 6.776066 ], [ -76.064304, 6.632282 ] ] } },
{ "type": "Feature", "properties": { "source": "FRONTINO", "target": "GIRALDO", "distance": 0.25, "betweenness": 0.021446732773963893, "weight": 0.12144673277396389 }, "geometry": { "type": "LineString", "coordinates": [ [ -76.130765, 6.776066 ], [ -75.952158, 6.680808 ] ] } },
{ "type": "Feature", "properties": { "source": "FRONTINO", "target": "URRAO", "distance": 0.25, "betweenness": 0.0030511060259344014, "weight": 0.10305110602593441 }, "geometry": { "type": "LineString", "coordinates": [ [ -76.130765, 6.776066 ], [ -76.133951, 6.317343 ] ] } },
{ "type": "Feature", "properties": { "source": "FRONTINO", "target": "SANTA FÉ DE ANTIOQUIA", "distance": 0.5, "betweenness": 0.00061022120518688027, "weight": 0.10061022120518688 }, "geometry": { "type": "LineString", "coordinates": [ [ -76.130765, 6.776066 ], [ -75.826648, 6.556484 ] ] } },
{ "type": "Feature", "properties": { "source": "FRONTINO", "target": "CAICEDO", "distance": 0.2, "betweenness": 0.020035596236969239, "weight": 0.12003559623696924 }, "geometry": { "type": "LineString", "coordinates": [ [ -76.130765, 6.776066 ], [ -75.98293, 6.405607 ] ] } },
{ "type": "Feature", "properties": { "source": "FRONTINO", "target": "VIGÍA DEL FUERTE", "distance": 0.33333333333333331, "betweenness": 0.013030765319094841, "weight": 0.11303076531909484 }, "geometry": { "type": "LineString", "coordinates": [ [ -76.130765, 6.776066 ], [ -76.896004, 6.588164 ] ] } },
{ "type": "Feature", "properties": { "source": "FRONTINO", "target": "MURINDÓ", "distance": 0.5, "betweenness": 0.0051106025934401222, "weight": 0.10511060259344013 }, "geometry": { "type": "LineString", "coordinates": [ [ -76.130765, 6.776066 ], [ -76.817485, 6.97771 ] ] } },
{ "type": "Feature", "properties": { "source": "FRONTINO", "target": "LIBORINA", "distance": 1.0, "betweenness": 0.0, "weight": 0.1 }, "geometry": { "type": "LineString", "coordinates": [ [ -76.130765, 6.776066 ], [ -75.812838, 6.677316 ] ] } },
{ "type": "Feature", "properties": { "source": "ABRIAQUÍ", "target": "SANTA FÉ DE ANTIOQUIA", "distance": 0.5, "betweenness": 0.0002288329519450801, "weight": 0.10022883295194508 }, "geometry": { "type": "LineString", "coordinates": [ [ -76.064304, 6.632282 ], [ -75.826648, 6.556484 ] ] } },
{ "type": "Feature", "properties": { "source": "ABRIAQUÍ", "target": "URRAO", "distance": 0.5, "betweenness": 0.0, "weight": 0.1 }, "geometry": { "type": "LineString", "coordinates": [ [ -76.064304, 6.632282 ], [ -76.133951, 6.317343 ] ] } },
{ "type": "Feature", "properties": { "source": "ABRIAQUÍ", "target": "CAICEDO", "distance": 0.5, "betweenness": 0.00015255530129672007, "weight": 0.10015255530129673 }, "geometry": { "type": "LineString", "coordinates": [ [ -76.064304, 6.632282 ], [ -75.98293, 6.405607 ] ] } },
{ "type": "Feature", "properties": { "source": "ABRIAQUÍ", "target": "GIRALDO", "distance": 0.5, "betweenness": 0.00045766590389016021, "weight": 0.10045766590389017 }, "geometry": { "type": "LineString", "coordinates": [ [ -76.064304, 6.632282 ], [ -75.952158, 6.680808 ] ] } },
{ "type": "Feature", "properties": { "source": "ABRIAQUÍ", "target": "LIBORINA", "distance": 0.5, "betweenness": 0.00091533180778032041, "weight": 0.10091533180778033 }, "geometry": { "type": "LineString", "coordinates": [ [ -76.064304, 6.632282 ], [ -75.812838, 6.677316 ] ] } },
{ "type": "Feature", "properties": { "source": "ABRIAQUÍ", "target": "ANZÁ", "distance": 0.125, "betweenness": 0.039359267734553775, "weight": 0.13935926773455379 }, "geometry": { "type": "LineString", "coordinates": [ [ -76.064304, 6.632282 ], [ -75.854442, 6.302641 ] ] } },
{ "type": "Feature", "properties": { "source": "ABRIAQUÍ", "target": "OLAYA", "distance": 0.5, "betweenness": 0.0014492753623188406, "weight": 0.10144927536231885 }, "geometry": { "type": "LineString", "coordinates": [ [ -76.064304, 6.632282 ], [ -75.811773, 6.626492 ] ] } },
{ "type": "Feature", "properties": { "source": "ABRIAQUÍ", "target": "SOPETRÁN", "distance": 1.0, "betweenness": 0.0, "weight": 0.1 }, "geometry": { "type": "LineString", "coordinates": [ [ -76.064304, 6.632282 ], [ -75.747378, 6.500745 ] ] } },
{ "type": "Feature", "properties": { "source": "LIBORINA", "target": "SAN PEDRO DE LOS MILAGROS", "distance": 0.5, "betweenness": 0.0034388507500635645, "weight": 0.10343885075006357 }, "geometry": { "type": "LineString", "coordinates": [ [ -75.812838, 6.677316 ], [ -75.556743, 6.46012 ] ] } },
{ "type": "Feature", "properties": { "source": "LIBORINA", "target": "BELMIRA", "distance": 0.5, "betweenness": 0.00050851767098906682, "weight": 0.10050851767098908 }, "geometry": { "type": "LineString", "coordinates": [ [ -75.812838, 6.677316 ], [ -75.667779, 6.606319 ] ] } },
{ "type": "Feature", "properties": { "source": "LIBORINA", "target": "ENTRERRÍOS", "distance": 0.5, "betweenness": 0.003178235443681668, "weight": 0.10317823544368167 }, "geometry": { "type": "LineString", "coordinates": [ [ -75.812838, 6.677316 ], [ -75.517685, 6.566273 ] ] } },
{ "type": "Feature", "properties": { "source": "LIBORINA", "target": "SANTA FÉ DE ANTIOQUIA", "distance": 0.5, "betweenness": 0.00043859649122807018, "weight": 0.10043859649122808 }, "geometry": { "type": "LineString", "coordinates": [ [ -75.812838, 6.677316 ], [ -75.826648, 6.556484 ] ] } },
{ "type": "Feature", "properties": { "source": "LIBORINA", "target": "GIRALDO", "distance": 0.5, "betweenness": 0.00050216120010170343, "weight": 0.10050216120010171 }, "geometry": { "type": "LineString", "coordinates": [ [ -75.812838, 6.677316 ], [ -75.952158, 6.680808 ] ] } },
{ "type": "Feature", "properties": { "source": "LIBORINA", "target": "OLAYA", "distance": 0.5, "betweenness": 0.0002288329519450801, "weight": 0.10022883295194508 }, "geometry": { "type": "LineString", "coordinates": [ [ -75.812838, 6.677316 ], [ -75.811773, 6.626492 ] ] } },
{ "type": "Feature", "properties": { "source": "LIBORINA", "target": "SOPETRÁN", "distance": 0.5, "betweenness": 0.00096194592762098487, "weight": 0.10096194592762099 }, "geometry": { "type": "LineString", "coordinates": [ [ -75.812838, 6.677316 ], [ -75.747378, 6.500745 ] ] } },
{ "type": "Feature", "properties": { "source": "LIBORINA", "target": "SAN JERÓNIMO", "distance": 0.5, "betweenness": 0.0028502415458937199, "weight": 0.10285024154589373 }, "geometry": { "type": "LineString", "coordinates": [ [ -75.812838, 6.677316 ], [ -75.726975, 6.44809 ] ] } },
{ "type": "Feature", "properties": { "source": "LIBORINA", "target": "CAICEDO", "distance": 1.0, "betweenness": 0.0, "weight": 0.1 }, "geometry": { "type": "LineString", "coordinates": [ [ -75.812838, 6.677316 ], [ -75.98293, 6.405607 ] ] } },
{ "type": "Feature", "properties": { "source": "LIBORINA", "target": "EBÉJICO", "distance": 1.0, "betweenness": 0.0, "weight": 0.1 }, "geometry": { "type": "LineString", "coordinates": [ [ -75.812838, 6.677316 ], [ -75.766413, 6.325615 ] ] } },
{ "type": "Feature", "properties": { "source": "MURINDÓ", "target": "VIGÍA DEL FUERTE", "distance": 1.0, "betweenness": 0.0, "weight": 0.1 }, "geometry": { "type": "LineString", "coordinates": [ [ -76.817485, 6.97771 ], [ -76.896004, 6.588164 ] ] } },
{ "type": "Feature", "properties": { "source": "MURINDÓ", "target": "URRAO", "distance": 0.5, "betweenness": 0.0086193745232646841, "weight": 0.10861937452326469 }, "geometry": { "type": "LineString", "coordinates": [ [ -76.817485, 6.97771 ], [ -76.133951, 6.317343 ] ] } },
{ "type": "Feature", "properties": { "source": "AMALFI", "target": "YOLOMBÓ", "distance": 0.5, "betweenness": 0.0012382405288583779, "weight": 0.10123824052885838 }, "geometry": { "type": "LineString", "coordinates": [ [ -75.077501, 6.909655 ], [ -75.013385, 6.594511 ] ] } },
{ "type": "Feature", "properties": { "source": "AMALFI", "target": "GÓMEZ PLATA", "distance": 0.5, "betweenness": 0.00050851767098906682, "weight": 0.10050851767098908 }, "geometry": { "type": "LineString", "coordinates": [ [ -75.077501, 6.909655 ], [ -75.220018, 6.683269 ] ] } },
{ "type": "Feature", "properties": { "source": "AMALFI", "target": "YALÍ", "distance": 0.5, "betweenness": 0.0015215575169808576, "weight": 0.10152155751698086 }, "geometry": { "type": "LineString", "coordinates": [ [ -75.077501, 6.909655 ], [ -74.840059, 6.676554 ] ] } },
{ "type": "Feature", "properties": { "source": "AMALFI", "target": "VEGACHÍ", "distance": 0.5, "betweenness": 0.001703534197813374, "weight": 0.10170353419781338 }, "geometry": { "type": "LineString", "coordinates": [ [ -75.077501, 6.909655 ], [ -74.798714, 6.773525 ] ] } },
{ "type": "Feature", "properties": { "source": "AMALFI", "target": "REMEDIOS", "distance": 0.5, "betweenness": 0.008538011695906433, "weight": 0.10853801169590643 }, "geometry": { "type": "LineString", "coordinates": [ [ -75.077501, 6.909655 ], [ -74.698135, 7.029424 ] ] } },
{ "type": "Feature", "properties": { "source": "AMALFI", "target": "SEGOVIA", "distance": 1.0, "betweenness": 0.01644800406814137, "weight": 0.11644800406814138 }, "geometry": { "type": "LineString", "coordinates": [ [ -75.077501, 6.909655 ], [ -74.701596, 7.079648 ] ] } },
{ "type": "Feature", "properties": { "source": "AMALFI", "target": "SANTO DOMINGO", "distance": 1.0, "betweenness": 0.0, "weight": 0.1 }, "geometry": { "type": "LineString", "coordinates": [ [ -75.077501, 6.909655 ], [ -75.164903, 6.473032 ] ] } },
{ "type": "Feature", "properties": { "source": "AMALFI", "target": "CISNEROS", "distance": 0.5, "betweenness": 0.00063564708873633353, "weight": 0.10063564708873633 }, "geometry": { "type": "LineString", "coordinates": [ [ -75.077501, 6.909655 ], [ -75.087047, 6.537829 ] ] } },
{ "type": "Feature", "properties": { "source": "YOLOMBÓ", "target": "GÓMEZ PLATA", "distance": 0.5, "betweenness": 0.0011187388761759473, "weight": 0.10111873887617595 }, "geometry": { "type": "LineString", "coordinates": [ [ -75.013385, 6.594511 ], [ -75.220018, 6.683269 ] ] } },
{ "type": "Feature", "properties": { "source": "YOLOMBÓ", "target": "VEGACHÍ", "distance": 0.5, "betweenness": 0.0032087465039410119, "weight": 0.10320874650394102 }, "geometry": { "type": "LineString", "coordinates": [ [ -75.013385, 6.594511 ], [ -74.798714, 6.773525 ] ] } },
{ "type": "Feature", "properties": { "source": "YOLOMBÓ", "target": "YALÍ", "distance": 0.5, "betweenness": 0.00082198249246304166, "weight": 0.10082198249246305 }, "geometry": { "type": "LineString", "coordinates": [ [ -75.013385, 6.594511 ], [ -74.840059, 6.676554 ] ] } },
{ "type": "Feature", "properties": { "source": "YOLOMBÓ", "target": "SANTO DOMINGO", "distance": 0.5, "betweenness": 0.00049834731756928565, "weight": 0.10049834731756929 }, "geometry": { "type": "LineString", "coordinates": [ [ -75.013385, 6.594511 ], [ -75.164903, 6.473032 ] ] } },
{ "type": "Feature", "properties": { "source": "YOLOMBÓ", "target": "CONCEPCIÓN", "distance": 0.5, "betweenness": 0.00045766590389016021, "weight": 0.10045766590389017 }, "geometry": { "type": "LineString", "coordinates": [ [ -75.013385, 6.594511 ], [ -75.257587, 6.394348 ] ] } },
{ "type": "Feature", "properties": { "source": "YOLOMBÓ", "target": "CISNEROS", "distance": 0.5, "betweenness": 0.00034324942791762018, "weight": 0.10034324942791763 }, "geometry": { "type": "LineString", "coordinates": [ [ -75.013385, 6.594511 ], [ -75.087047, 6.537829 ] ] } },
{ "type": "Feature", "properties": { "source": "YOLOMBÓ", "target": "SAN ROQUE", "distance": 0.5, "betweenness": 0.0003661327231121282, "weight": 0.10036613272311214 }, "geometry": { "type": "LineString", "coordinates": [ [ -75.013385, 6.594511 ], [ -75.019109, 6.485939 ] ] } },
{ "type": "Feature", "properties": { "source": "YOLOMBÓ", "target": "ALEJANDRÍA", "distance": 0.5, "betweenness": 0.00052885837782862971, "weight": 0.10052885837782864 }, "geometry": { "type": "LineString", "coordinates": [ [ -75.013385, 6.594511 ], [ -75.141346, 6.376061 ] ] } },
{ "type": "Feature", "properties": { "source": "YOLOMBÓ", "target": "BARBOSA", "distance": 0.5, "betweenness": 0.0018522756165776763, "weight": 0.10185227561657768 }, "geometry": { "type": "LineString", "coordinates": [ [ -75.013385, 6.594511 ], [ -75.331627, 6.439195 ] ] } },
{ "type": "Feature", "properties": { "source": "YOLOMBÓ", "target": "SAN RAFAEL", "distance": 0.5, "betweenness": 0.0026571864443717991, "weight": 0.1026571864443718 }, "geometry": { "type": "LineString", "coordinates": [ [ -75.013385, 6.594511 ], [ -75.02849, 6.293759 ] ] } },
{ "type": "Feature", "properties": { "source": "YOLOMBÓ", "target": "DONMATÍAS", "distance": 0.5, "betweenness": 0.00055936943808797355, "weight": 0.10055936943808798 }, "geometry": { "type": "LineString", "coordinates": [ [ -75.013385, 6.594511 ], [ -75.39263, 6.485603 ] ] } },
{ "type": "Feature", "properties": { "source": "YOLOMBÓ", "target": "MACEO", "distance": 0.5, "betweenness": 0.0020264429188914311, "weight": 0.10202644291889143 }, "geometry": { "type": "LineString", "coordinates": [ [ -75.013385, 6.594511 ], [ -74.78716, 6.552116 ] ] } },
{ "type": "Feature", "properties": { "source": "YOLOMBÓ", "target": "SAN VICENTE FERRER", "distance": 0.33333333333333331, "betweenness": 0.012865497076023394, "weight": 0.1128654970760234 }, "geometry": { "type": "LineString", "coordinates": [ [ -75.013385, 6.594511 ], [ -75.332616, 6.282164 ] ] } },
{ "type": "Feature", "properties": { "source": "YOLOMBÓ", "target": "REMEDIOS", "distance": 0.5, "betweenness": 0.0084973302822273066, "weight": 0.10849733028222731 }, "geometry": { "type": "LineString", "coordinates": [ [ -75.013385, 6.594511 ], [ -74.698135, 7.029424 ] ] } },
{ "type": "Feature", "properties": { "source": "YOLOMBÓ", "target": "GUATAPÉ", "distance": 0.33333333333333331, "betweenness": 0.0044393592677345536, "weight": 0.10443935926773457 }, "geometry": { "type": "LineString", "coordinates": [ [ -75.013385, 6.594511 ], [ -75.160041, 6.232461 ] ] } },
{ "type": "Feature", "properties": { "source": "YOLOMBÓ", "target": "CARACOLÍ", "distance": 1.0, "betweenness": 6.1022120518688033e-05, "weight": 0.10006102212051869 }, "geometry": { "type": "LineString", "coordinates": [ [ -75.013385, 6.594511 ], [ -74.757421, 6.409829 ] ] } },
{ "type": "Feature", "properties": { "source": "YOLOMBÓ", "target": "PUERTO BERRÍO", "distance": 1.0, "betweenness": 0.0041736587846427659, "weight": 0.10417365878464277 }, "geometry": { "type": "LineString", "coordinates": [ [ -75.013385, 6.594511 ], [ -74.410016, 6.487028 ] ] } },
{ "type": "Feature", "properties": { "source": "YOLOMBÓ", "target": "SAN CARLOS", "distance": 1.0, "betweenness": 0.0, "weight": 0.1 }, "geometry": { "type": "LineString", "coordinates": [ [ -75.013385, 6.594511 ], [ -74.988097, 6.187746 ] ] } },
{ "type": "Feature", "properties": { "source": "GÓMEZ PLATA", "target": "SANTO DOMINGO", "distance": 0.5, "betweenness": 0.0, "weight": 0.1 }, "geometry": { "type": "LineString", "coordinates": [ [ -75.220018, 6.683269 ], [ -75.164903, 6.473032 ] ] } },
{ "type": "Feature", "properties": { "source": "GÓMEZ PLATA", "target": "DONMATÍAS", "distance": 0.5, "betweenness": 0.0, "weight": 0.1 }, "geometry": { "type": "LineString", "coordinates": [ [ -75.220018, 6.683269 ], [ -75.39263, 6.485603 ] ] } },
{ "type": "Feature", "properties": { "source": "GÓMEZ PLATA", "target": "SAN ROQUE", "distance": 0.33333333333333331, "betweenness": 0.0067124332570556826, "weight": 0.10671243325705569 }, "geometry": { "type": "LineString", "coordinates": [ [ -75.220018, 6.683269 ], [ -75.019109, 6.485939 ] ] } },
{ "type": "Feature", "properties": { "source": "GÓMEZ PLATA", "target": "BARBOSA", "distance": 0.5, "betweenness": 0.0, "weight": 0.1 }, "geometry": { "type": "LineString", "coordinates": [ [ -75.220018, 6.683269 ], [ -75.331627, 6.439195 ] ] } },
{ "type": "Feature", "properties": { "source": "GÓMEZ PLATA", "target": "YALÍ", "distance": 0.5, "betweenness": 0.0091169953870182709, "weight": 0.10911699538701827 }, "geometry": { "type": "LineString", "coordinates": [ [ -75.220018, 6.683269 ], [ -74.840059, 6.676554 ] ] } },
{ "type": "Feature", "properties": { "source": "GÓMEZ PLATA", "target": "CONCEPCIÓN", "distance": 0.5, "betweenness": 0.0, "weight": 0.1 }, "geometry": { "type": "LineString", "coordinates": [ [ -75.220018, 6.683269 ], [ -75.257587, 6.394348 ] ] } },
{ "type": "Feature", "properties": { "source": "GÓMEZ PLATA", "target": "CISNEROS", "distance": 0.5, "betweenness": 0.0016272565471650139, "weight": 0.10162725654716502 }, "geometry": { "type": "LineString", "coordinates": [ [ -75.220018, 6.683269 ], [ -75.087047, 6.537829 ] ] } },
{ "type": "Feature", "properties": { "source": "GÓMEZ PLATA", "target": "ENTRERRÍOS", "distance": 0.1, "betweenness": 0.029290617848970253, "weight": 0.12929061784897025 }, "geometry": { "type": "LineString", "coordinates": [ [ -75.220018, 6.683269 ], [ -75.517685, 6.566273 ] ] } },
{ "type": "Feature", "properties": { "source": "GÓMEZ PLATA", "target": "ALEJANDRÍA", "distance": 0.5, "betweenness": 0.0010170353419781336, "weight": 0.10101703534197815 }, "geometry": { "type": "LineString", "coordinates": [ [ -75.220018, 6.683269 ], [ -75.141346, 6.376061 ] ] } },
{ "type": "Feature", "properties": { "source": "GÓMEZ PLATA", "target": "SAN PEDRO DE LOS MILAGROS", "distance": 0.25, "betweenness": 0.016463259598271041, "weight": 0.11646325959827104 }, "geometry": { "type": "LineString", "coordinates": [ [ -75.220018, 6.683269 ], [ -75.556743, 6.46012 ] ] } },
{ "type": "Feature", "properties": { "source": "GÓMEZ PLATA", "target": "VEGACHÍ", "distance": 0.5, "betweenness": 0.012395118230358505, "weight": 0.11239511823035851 }, "geometry": { "type": "LineString", "coordinates": [ [ -75.220018, 6.683269 ], [ -74.798714, 6.773525 ] ] } },
{ "type": "Feature", "properties": { "source": "GÓMEZ PLATA", "target": "SAN VICENTE FERRER", "distance": 0.5, "betweenness": 0.00061022120518688027, "weight": 0.10061022120518688 }, "geometry": { "type": "LineString", "coordinates": [ [ -75.220018, 6.683269 ], [ -75.332616, 6.282164 ] ] } },
{ "type": "Feature", "properties": { "source": "YALÍ", "target": "VEGACHÍ", "distance": 0.5, "betweenness": 0.00038647342995169081, "weight": 0.1003864734299517 }, "geometry": { "type": "LineString", "coordinates": [ [ -74.840059, 6.676554 ], [ -74.798714, 6.773525 ] ] } },
{ "type": "Feature", "properties": { "source": "YALÍ", "target": "SANTO DOMINGO", "distance": 0.5, "betweenness": 0.0018415604227961205, "weight": 0.10184156042279613 }, "geometry": { "type": "LineString", "coordinates": [ [ -74.840059, 6.676554 ], [ -75.164903, 6.473032 ] ] } },
{ "type": "Feature", "properties": { "source": "YALÍ", "target": "SAN ROQUE", "distance": 0.5, "betweenness": 0.003105590062111801, "weight": 0.10310559006211181 }, "geometry": { "type": "LineString", "coordinates": [ [ -74.840059, 6.676554 ], [ -75.019109, 6.485939 ] ] } },
{ "type": "Feature", "properties": { "source": "YALÍ", "target": "REMEDIOS", "distance": 1.0, "betweenness": 3.8138825324180017e-05, "weight": 0.10003813882532418 }, "geometry": { "type": "LineString", "coordinates": [ [ -74.840059, 6.676554 ], [ -74.698135, 7.029424 ] ] } },
{ "type": "Feature", "properties": { "source": "YALÍ", "target": "CISNEROS", "distance": 0.5, "betweenness": 0.00057789401038828964, "weight": 0.10057789401038829 }, "geometry": { "type": "LineString", "coordinates": [ [ -74.840059, 6.676554 ], [ -75.087047, 6.537829 ] ] } },
{ "type": "Feature", "properties": { "source": "YALÍ", "target": "MACEO", "distance": 0.5, "betweenness": 0.00048454469507101084, "weight": 0.10048454469507101 }, "geometry": { "type": "LineString", "coordinates": [ [ -74.840059, 6.676554 ], [ -74.78716, 6.552116 ] ] } },
{ "type": "Feature", "properties": { "source": "VEGACHÍ", "target": "REMEDIOS", "distance": 0.5, "betweenness": 0.00031782354436816676, "weight": 0.10031782354436818 }, "geometry": { "type": "LineString", "coordinates": [ [ -74.798714, 6.773525 ], [ -74.698135, 7.029424 ] ] } },
{ "type": "Feature", "properties": { "source": "VEGACHÍ", "target": "SEGOVIA", "distance": 1.0, "betweenness": 0.00094330027968471918, "weight": 0.10094330027968472 }, "geometry": { "type": "LineString", "coordinates": [ [ -74.798714, 6.773525 ], [ -74.701596, 7.079648 ] ] } },
{ "type": "Feature", "properties": { "source": "VEGACHÍ", "target": "MACEO", "distance": 1.0, "betweenness": 8.1362827358250701e-05, "weight": 0.10008136282735826 }, "geometry": { "type": "LineString", "coordinates": [ [ -74.798714, 6.773525 ], [ -74.78716, 6.552116 ] ] } },
{ "type": "Feature", "properties": { "source": "GIRALDO", "target": "OLAYA", "distance": 0.5, "betweenness": 0.00025425883549453347, "weight": 0.10025425883549453 }, "geometry": { "type": "LineString", "coordinates": [ [ -75.952158, 6.680808 ], [ -75.811773, 6.626492 ] ] } },
{ "type": "Feature", "properties": { "source": "GIRALDO", "target": "CAICEDO", "distance": 0.5, "betweenness": 0.0, "weight": 0.1 }, "geometry": { "type": "LineString", "coordinates": [ [ -75.952158, 6.680808 ], [ -75.98293, 6.405607 ] ] } },
{ "type": "Feature", "properties": { "source": "GIRALDO", "target": "SOPETRÁN", "distance": 0.5, "betweenness": 0.00030511060259344014, "weight": 0.10030511060259345 }, "geometry": { "type": "LineString", "coordinates": [ [ -75.952158, 6.680808 ], [ -75.747378, 6.500745 ] ] } },
{ "type": "Feature", "properties": { "source": "GIRALDO", "target": "SANTA FÉ DE ANTIOQUIA", "distance": 0.5, "betweenness": 0.00015255530129672007, "weight": 0.10015255530129673 }, "geometry": { "type": "LineString", "coordinates": [ [ -75.952158, 6.680808 ], [ -75.826648, 6.556484 ] ] } },
{ "type": "Feature", "properties": { "source": "GIRALDO", "target": "URRAO", "distance": 0.33333333333333331, "betweenness": 0.010308924485125857, "weight": 0.11030892448512586 }, "geometry": { "type": "LineString", "coordinates": [ [ -75.952158, 6.680808 ], [ -76.133951, 6.317343 ] ] } },
{ "type": "Feature", "properties": { "source": "GIRALDO", "target": "BELMIRA", "distance": 0.5, "betweenness": 0.0014365624205441138, "weight": 0.10143656242054412 }, "geometry": { "type": "LineString", "coordinates": [ [ -75.952158, 6.680808 ], [ -75.667779, 6.606319 ] ] } },
{ "type": "Feature", "properties": { "source": "GIRALDO", "target": "SAN JERÓNIMO", "distance": 0.5, "betweenness": 0.0013882532418001525, "weight": 0.10138825324180016 }, "geometry": { "type": "LineString", "coordinates": [ [ -75.952158, 6.680808 ], [ -75.726975, 6.44809 ] ] } },
{ "type": "Feature", "properties": { "source": "GIRALDO", "target": "ENTRERRÍOS", "distance": 0.33333333333333331, "betweenness": 0.030363590134757187, "weight": 0.13036359013475718 }, "geometry": { "type": "LineString", "coordinates": [ [ -75.952158, 6.680808 ], [ -75.517685, 6.566273 ] ] } },
{ "type": "Feature", "properties": { "source": "GIRALDO", "target": "ANZÁ", "distance": 1.0, "betweenness": 0.0, "weight": 0.1 }, "geometry": { "type": "LineString", "coordinates": [ [ -75.952158, 6.680808 ], [ -75.854442, 6.302641 ] ] } },
{ "type": "Feature", "properties": { "source": "BELMIRA", "target": "ENTRERRÍOS", "distance": 0.33333333333333331, "betweenness": 0.0, "weight": 0.1 }, "geometry": { "type": "LineString", "coordinates": [ [ -75.667779, 6.606319 ], [ -75.517685, 6.566273 ] ] } },
{ "type": "Feature", "properties": { "source": "BELMIRA", "target": "OLAYA", "distance": 0.5, "betweenness": 0.00016950589032968896, "weight": 0.10016950589032969 }, "geometry": { "type": "LineString", "coordinates": [ [ -75.667779, 6.606319 ], [ -75.811773, 6.626492 ] ] } },
{ "type": "Feature", "properties": { "source": "BELMIRA", "target": "SOPETRÁN", "distance": 0.5, "betweenness": 0.00046614119840664462, "weight": 0.10046614119840665 }, "geometry": { "type": "LineString", "coordinates": [ [ -75.667779, 6.606319 ], [ -75.747378, 6.500745 ] ] } },
{ "type": "Feature", "properties": { "source": "BELMIRA", "target": "SAN PEDRO DE LOS MILAGROS", "distance": 0.5, "betweenness": 0.0, "weight": 0.1 }, "geometry": { "type": "LineString", "coordinates": [ [ -75.667779, 6.606319 ], [ -75.556743, 6.46012 ] ] } },
{ "type": "Feature", "properties": { "source": "BELMIRA", "target": "SANTA FÉ DE ANTIOQUIA", "distance": 0.5, "betweenness": 0.0012585812356979405, "weight": 0.10125858123569795 }, "geometry": { "type": "LineString", "coordinates": [ [ -75.667779, 6.606319 ], [ -75.826648, 6.556484 ] ] } },
{ "type": "Feature", "properties": { "source": "BELMIRA", "target": "SAN JERÓNIMO", "distance": 0.5, "betweenness": 0.00098143910500889911, "weight": 0.10098143910500891 }, "geometry": { "type": "LineString", "coordinates": [ [ -75.667779, 6.606319 ], [ -75.726975, 6.44809 ] ] } },
{ "type": "Feature", "properties": { "source": "BELMIRA", "target": "DONMATÍAS", "distance": 0.5, "betweenness": 0.0, "weight": 0.1 }, "geometry": { "type": "LineString", "coordinates": [ [ -75.667779, 6.606319 ], [ -75.39263, 6.485603 ] ] } },
{ "type": "Feature", "properties": { "source": "BELMIRA", "target": "BELLO", "distance": 0.33333333333333331, "betweenness": 0.0044749555047037884, "weight": 0.10447495550470379 }, "geometry": { "type": "LineString", "coordinates": [ [ -75.667779, 6.606319 ], [ -75.555245, 6.333587 ] ] } },
{ "type": "Feature", "properties": { "source": "BELMIRA", "target": "GIRARDOTA", "distance": 0.5, "betweenness": 0.0015997118399864395, "weight": 0.10159971183998645 }, "geometry": { "type": "LineString", "coordinates": [ [ -75.667779, 6.606319 ], [ -75.444238, 6.379472 ] ] } },
{ "type": "Feature", "properties": { "source": "BELMIRA", "target": "MEDELLÍN", "distance": 0.5, "betweenness": 0.0017289600813628276, "weight": 0.10172896008136283 }, "geometry": { "type": "LineString", "coordinates": [ [ -75.667779, 6.606319 ], [ -75.581775, 6.246631 ] ] } },
{ "type": "Feature", "properties": { "source": "BELMIRA", "target": "EBÉJICO", "distance": 0.33333333333333331, "betweenness": 0.0085939486397152327, "weight": 0.10859394863971523 }, "geometry": { "type": "LineString", "coordinates": [ [ -75.667779, 6.606319 ], [ -75.766413, 6.325615 ] ] } },
{ "type": "Feature", "properties": { "source": "BELMIRA", "target": "COPACABANA", "distance": 0.5, "betweenness": 0.00095347063310450035, "weight": 0.1009534706331045 }, "geometry": { "type": "LineString", "coordinates": [ [ -75.667779, 6.606319 ], [ -75.509384, 6.348557 ] ] } },
{ "type": "Feature", "properties": { "source": "BELMIRA", "target": "BARBOSA", "distance": 0.5, "betweenness": 0.0, "weight": 0.1 }, "geometry": { "type": "LineString", "coordinates": [ [ -75.667779, 6.606319 ], [ -75.331627, 6.439195 ] ] } },
{ "type": "Feature", "properties": { "source": "BELMIRA", "target": "GUARNE", "distance": 0.5, "betweenness": 0.00073735062293414709, "weight": 0.10073735062293415 }, "geometry": { "type": "LineString", "coordinates": [ [ -75.667779, 6.606319 ], [ -75.441612, 6.27787 ] ] } },
{ "type": "Feature", "properties": { "source": "BELMIRA", "target": "SAN VICENTE FERRER", "distance": 0.5, "betweenness": 0.0036765827612509541, "weight": 0.10367658276125095 }, "geometry": { "type": "LineString", "coordinates": [ [ -75.667779, 6.606319 ], [ -75.332616, 6.282164 ] ] } },
{ "type": "Feature", "properties": { "source": "BELMIRA", "target": "HELICONIA", "distance": 1.0, "betweenness": 0.0, "weight": 0.1 }, "geometry": { "type": "LineString", "coordinates": [ [ -75.667779, 6.606319 ], [ -75.734322, 6.206757 ] ] } },
{ "type": "Feature", "properties": { "source": "BELMIRA", "target": "ANZÁ", "distance": 1.0, "betweenness": 0.0, "weight": 0.1 }, "geometry": { "type": "LineString", "coordinates": [ [ -75.667779, 6.606319 ], [ -75.854442, 6.302641 ] ] } },
{ "type": "Feature", "properties": { "source": "ENTRERRÍOS", "target": "DONMATÍAS", "distance": 0.5, "betweenness": 0.0, "weight": 0.1 }, "geometry": { "type": "LineString", "coordinates": [ [ -75.517685, 6.566273 ], [ -75.39263, 6.485603 ] ] } },
{ "type": "Feature", "properties": { "source": "ENTRERRÍOS", "target": "SAN JERÓNIMO", "distance": 0.5, "betweenness": 0.0011975591151792526, "weight": 0.10119755911517926 }, "geometry": { "type": "LineString", "coordinates": [ [ -75.517685, 6.566273 ], [ -75.726975, 6.44809 ] ] } },
{ "type": "Feature", "properties": { "source": "ENTRERRÍOS", "target": "MEDELLÍN", "distance": 0.5, "betweenness": 0.0001970505975082634, "weight": 0.10019705059750827 }, "geometry": { "type": "LineString", "coordinates": [ [ -75.517685, 6.566273 ], [ -75.581775, 6.246631 ] ] } },
{ "type": "Feature", "properties": { "source": "ENTRERRÍOS", "target": "BARBOSA", "distance": 0.33333333333333331, "betweenness": 0.0013857106534452071, "weight": 0.10138571065344522 }, "geometry": { "type": "LineString", "coordinates": [ [ -75.517685, 6.566273 ], [ -75.331627, 6.439195 ] ] } },
{ "type": "Feature", "properties": { "source": "ENTRERRÍOS", "target": "SAN PEDRO DE LOS MILAGROS", "distance": 0.16666666666666666, "betweenness": 0.029057971014492753, "weight": 0.12905797101449276 }, "geometry": { "type": "LineString", "coordinates": [ [ -75.517685, 6.566273 ], [ -75.556743, 6.46012 ] ] } },
{ "type": "Feature", "properties": { "source": "ENTRERRÍOS", "target": "BELLO", "distance": 0.33333333333333331, "betweenness": 0.0021866259852529875, "weight": 0.10218662598525299 }, "geometry": { "type": "LineString", "coordinates": [ [ -75.517685, 6.566273 ], [ -75.555245, 6.333587 ] ] } },
{ "type": "Feature", "properties": { "source": "ENTRERRÍOS", "target": "SOPETRÁN", "distance": 0.5, "betweenness": 5.0851767098906685e-05, "weight": 0.10005085176709891 }, "geometry": { "type": "LineString", "coordinates": [ [ -75.517685, 6.566273 ], [ -75.747378, 6.500745 ] ] } },
{ "type": "Feature", "properties": { "source": "ENTRERRÍOS", "target": "OLAYA", "distance": 0.5, "betweenness": 0.0018221883210441561, "weight": 0.10182218832104416 }, "geometry": { "type": "LineString", "coordinates": [ [ -75.517685, 6.566273 ], [ -75.811773, 6.626492 ] ] } },
{ "type": "Feature", "properties": { "source": "ENTRERRÍOS", "target": "COPACABANA", "distance": 0.5, "betweenness": 0.00087719298245614037, "weight": 0.10087719298245615 }, "geometry": { "type": "LineString", "coordinates": [ [ -75.517685, 6.566273 ], [ -75.509384, 6.348557 ] ] } },
{ "type": "Feature", "properties": { "source": "ENTRERRÍOS", "target": "GIRARDOTA", "distance": 0.5, "betweenness": 0.0012946012373929994, "weight": 0.10129460123739301 }, "geometry": { "type": "LineString", "coordinates": [ [ -75.517685, 6.566273 ], [ -75.444238, 6.379472 ] ] } },
{ "type": "Feature", "properties": { "source": "ENTRERRÍOS", "target": "SANTA FÉ DE ANTIOQUIA", "distance": 0.5, "betweenness": 0.0024345283498601574, "weight": 0.10243452834986017 }, "geometry": { "type": "LineString", "coordinates": [ [ -75.517685, 6.566273 ], [ -75.826648, 6.556484 ] ] } },
{ "type": "Feature", "properties": { "source": "ENTRERRÍOS", "target": "EBÉJICO", "distance": 0.5, "betweenness": 0.0010424612255275872, "weight": 0.1010424612255276 }, "geometry": { "type": "LineString", "coordinates": [ [ -75.517685, 6.566273 ], [ -75.766413, 6.325615 ] ] } },
{ "type": "Feature", "properties": { "source": "ENTRERRÍOS", "target": "GUARNE", "distance": 0.25, "betweenness": 0.021375540300025423, "weight": 0.12137554030002543 }, "geometry": { "type": "LineString", "coordinates": [ [ -75.517685, 6.566273 ], [ -75.441612, 6.27787 ] ] } },
{ "type": "Feature", "properties": { "source": "ENTRERRÍOS", "target": "SAN VICENTE FERRER", "distance": 0.5, "betweenness": 0.00065725908975336901, "weight": 0.10065725908975337 }, "geometry": { "type": "LineString", "coordinates": [ [ -75.517685, 6.566273 ], [ -75.332616, 6.282164 ] ] } },
{ "type": "Feature", "properties": { "source": "ENTRERRÍOS", "target": "CONCEPCIÓN", "distance": 0.33333333333333331, "betweenness": 0.012601067887109079, "weight": 0.11260106788710908 }, "geometry": { "type": "LineString", "coordinates": [ [ -75.517685, 6.566273 ], [ -75.257587, 6.394348 ] ] } },
{ "type": "Feature", "properties": { "source": "ENTRERRÍOS", "target": "SANTO DOMINGO", "distance": 0.25, "betweenness": 0.022510806000508518, "weight": 0.12251080600050852 }, "geometry": { "type": "LineString", "coordinates": [ [ -75.517685, 6.566273 ], [ -75.164903, 6.473032 ] ] } },
{ "type": "Feature", "properties": { "source": "SOPETRÁN", "target": "SANTA FÉ DE ANTIOQUIA", "distance": 0.5, "betweenness": 0.00037503178235443678, "weight": 0.10037503178235445 }, "geometry": { "type": "LineString", "coordinates": [ [ -75.747378, 6.500745 ], [ -75.826648, 6.556484 ] ] } },
{ "type": "Feature", "properties": { "source": "SOPETRÁN", "target": "SAN JERÓNIMO", "distance": 0.5, "betweenness": 0.0001678108314263921, "weight": 0.1001678108314264 }, "geometry": { "type": "LineString", "coordinates": [ [ -75.747378, 6.500745 ], [ -75.726975, 6.44809 ] ] } },
{ "type": "Feature", "properties": { "source": "SOPETRÁN", "target": "BELLO", "distance": 0.5, "betweenness": 0.00015255530129672007, "weight": 0.10015255530129673 }, "geometry": { "type": "LineString", "coordinates": [ [ -75.747378, 6.500745 ], [ -75.555245, 6.333587 ] ] } },
{ "type": "Feature", "properties": { "source": "SOPETRÁN", "target": "SAN PEDRO DE LOS MILAGROS", "distance": 0.33333333333333331, "betweenness": 0.0033994406305619118, "weight": 0.10339944063056192 }, "geometry": { "type": "LineString", "coordinates": [ [ -75.747378, 6.500745 ], [ -75.556743, 6.46012 ] ] } },
{ "type": "Feature", "properties": { "source": "SOPETRÁN", "target": "EBÉJICO", "distance": 0.5, "betweenness": 0.0002288329519450801, "weight": 0.10022883295194508 }, "geometry": { "type": "LineString", "coordinates": [ [ -75.747378, 6.500745 ], [ -75.766413, 6.325615 ] ] } },
{ "type": "Feature", "properties": { "source": "SOPETRÁN", "target": "OLAYA", "distance": 0.5, "betweenness": 0.00039198237138740572, "weight": 0.10039198237138741 }, "geometry": { "type": "LineString", "coordinates": [ [ -75.747378, 6.500745 ], [ -75.811773, 6.626492 ] ] } },
{ "type": "Feature", "properties": { "source": "SOPETRÁN", "target": "DONMATÍAS", "distance": 0.5, "betweenness": 0.00043224002034070684, "weight": 0.10043224002034071 }, "geometry": { "type": "LineString", "coordinates": [ [ -75.747378, 6.500745 ], [ -75.39263, 6.485603 ] ] } },
{ "type": "Feature", "properties": { "source": "SOPETRÁN", "target": "MEDELLÍN", "distance": 0.5, "betweenness": 0.00053394355453852019, "weight": 0.10053394355453853 }, "geometry": { "type": "LineString", "coordinates": [ [ -75.747378, 6.500745 ], [ -75.581775, 6.246631 ] ] } },
{ "type": "Feature", "properties": { "source": "SOPETRÁN", "target": "ANZÁ", "distance": 0.5, "betweenness": 0.00096618357487922703, "weight": 0.10096618357487923 }, "geometry": { "type": "LineString", "coordinates": [ [ -75.747378, 6.500745 ], [ -75.854442, 6.302641 ] ] } },
{ "type": "Feature", "properties": { "source": "SOPETRÁN", "target": "COPACABANA", "distance": 0.5, "betweenness": 0.00031782354436816676, "weight": 0.10031782354436818 }, "geometry": { "type": "LineString", "coordinates": [ [ -75.747378, 6.500745 ], [ -75.509384, 6.348557 ] ] } },
{ "type": "Feature", "properties": { "source": "SOPETRÁN", "target": "GIRARDOTA", "distance": 0.5, "betweenness": 0.00032841766251377237, "weight": 0.10032841766251378 }, "geometry": { "type": "LineString", "coordinates": [ [ -75.747378, 6.500745 ], [ -75.444238, 6.379472 ] ] } },
{ "type": "Feature", "properties": { "source": "SOPETRÁN", "target": "CAICEDO", "distance": 0.5, "betweenness": 0.0022311212814645309, "weight": 0.10223112128146454 }, "geometry": { "type": "LineString", "coordinates": [ [ -75.747378, 6.500745 ], [ -75.98293, 6.405607 ] ] } },
{ "type": "Feature", "properties": { "source": "SOPETRÁN", "target": "URRAO", "distance": 0.5, "betweenness": 0.0056318332062039169, "weight": 0.10563183320620392 }, "geometry": { "type": "LineString", "coordinates": [ [ -75.747378, 6.500745 ], [ -76.133951, 6.317343 ] ] } },
{ "type": "Feature", "properties": { "source": "SOPETRÁN", "target": "ANGELÓPOLIS", "distance": 1.0, "betweenness": 0.0, "weight": 0.1 }, "geometry": { "type": "LineString", "coordinates": [ [ -75.747378, 6.500745 ], [ -75.711389, 6.109719 ] ] } },
{ "type": "Feature", "properties": { "source": "SOPETRÁN", "target": "HELICONIA", "distance": 0.5, "betweenness": 0.0010742435799644037, "weight": 0.1010742435799644 }, "geometry": { "type": "LineString", "coordinates": [ [ -75.747378, 6.500745 ], [ -75.734322, 6.206757 ] ] } },
{ "type": "Feature", "properties": { "source": "SOPETRÁN", "target": "BARBOSA", "distance": 0.16666666666666666, "betweenness": 0.016968810916179338, "weight": 0.11696881091617935 }, "geometry": { "type": "LineString", "coordinates": [ [ -75.747378, 6.500745 ], [ -75.331627, 6.439195 ] ] } },
{ "type": "Feature", "properties": { "source": "SOPETRÁN", "target": "GUARNE", "distance": 1.0, "betweenness": 0.0, "weight": 0.1 }, "geometry": { "type": "LineString", "coordinates": [ [ -75.747378, 6.500745 ], [ -75.441612, 6.27787 ] ] } },
{ "type": "Feature", "properties": { "source": "SOPETRÁN", "target": "BETULIA", "distance": 1.0, "betweenness": 0.0, "weight": 0.1 }, "geometry": { "type": "LineString", "coordinates": [ [ -75.747378, 6.500745 ], [ -75.984452, 6.115208 ] ] } },
{ "type": "Feature", "properties": { "source": "OLAYA", "target": "SANTA FÉ DE ANTIOQUIA", "distance": 0.5, "betweenness": 0.00020213577421815412, "weight": 0.10020213577421816 }, "geometry": { "type": "LineString", "coordinates": [ [ -75.811773, 6.626492 ], [ -75.826648, 6.556484 ] ] } },
{ "type": "Feature", "properties": { "source": "OLAYA", "target": "SAN JERÓNIMO", "distance": 0.5, "betweenness": 0.0016327654886007287, "weight": 0.10163276548860073 }, "geometry": { "type": "LineString", "coordinates": [ [ -75.811773, 6.626492 ], [ -75.726975, 6.44809 ] ] } },
{ "type": "Feature", "properties": { "source": "OLAYA", "target": "CAICEDO", "distance": 0.5, "betweenness": 0.0027574370709382155, "weight": 0.10275743707093822 }, "geometry": { "type": "LineString", "coordinates": [ [ -75.811773, 6.626492 ], [ -75.98293, 6.405607 ] ] } },
{ "type": "Feature", "properties": { "source": "OLAYA", "target": "SAN PEDRO DE LOS MILAGROS", "distance": 0.5, "betweenness": 0.0017268412577337063, "weight": 0.10172684125773371 }, "geometry": { "type": "LineString", "coordinates": [ [ -75.811773, 6.626492 ], [ -75.556743, 6.46012 ] ] } },
{ "type": "Feature", "properties": { "source": "OLAYA", "target": "EBÉJICO", "distance": 0.5, "betweenness": 0.0010962793457072633, "weight": 0.10109627934570727 }, "geometry": { "type": "LineString", "coordinates": [ [ -75.811773, 6.626492 ], [ -75.766413, 6.325615 ] ] } },
{ "type": "Feature", "properties": { "source": "OLAYA", "target": "BELLO", "distance": 0.5, "betweenness": 0.00069709297398084591, "weight": 0.10069709297398086 }, "geometry": { "type": "LineString", "coordinates": [ [ -75.811773, 6.626492 ], [ -75.555245, 6.333587 ] ] } },
{ "type": "Feature", "properties": { "source": "OLAYA", "target": "MEDELLÍN", "distance": 0.5, "betweenness": 0.0023294346978557506, "weight": 0.10232943469785576 }, "geometry": { "type": "LineString", "coordinates": [ [ -75.811773, 6.626492 ], [ -75.581775, 6.246631 ] ] } },
{ "type": "Feature", "properties": { "source": "OLAYA", "target": "ANZÁ", "distance": 1.0, "betweenness": 0.0, "weight": 0.1 }, "geometry": { "type": "LineString", "coordinates": [ [ -75.811773, 6.626492 ], [ -75.854442, 6.302641 ] ] } },
{ "type": "Feature", "properties": { "source": "URRAO", "target": "BETULIA", "distance": 0.5, "betweenness": 0.0013729977116704807, "weight": 0.10137299771167049 }, "geometry": { "type": "LineString", "coordinates": [ [ -76.133951, 6.317343 ], [ -75.984452, 6.115208 ] ] } },
{ "type": "Feature", "properties": { "source": "URRAO", "target": "CAICEDO", "distance": 0.5, "betweenness": 0.0, "weight": 0.1 }, "geometry": { "type": "LineString", "coordinates": [ [ -76.133951, 6.317343 ], [ -75.98293, 6.405607 ] ] } },
{ "type": "Feature", "properties": { "source": "URRAO", "target": "ANZÁ", "distance": 0.5, "betweenness": 0.00069921179760996694, "weight": 0.10069921179760997 }, "geometry": { "type": "LineString", "coordinates": [ [ -76.133951, 6.317343 ], [ -75.854442, 6.302641 ] ] } },
{ "type": "Feature", "properties": { "source": "URRAO", "target": "SANTA FÉ DE ANTIOQUIA", "distance": 0.5, "betweenness": 0.0010068649885583525, "weight": 0.10100686498855836 }, "geometry": { "type": "LineString", "coordinates": [ [ -76.133951, 6.317343 ], [ -75.826648, 6.556484 ] ] } },
{ "type": "Feature", "properties": { "source": "URRAO", "target": "SALGAR", "distance": 0.5, "betweenness": 0.0012204424103737605, "weight": 0.10122044241037377 }, "geometry": { "type": "LineString", "coordinates": [ [ -76.133951, 6.317343 ], [ -75.976807, 5.964198 ] ] } },
{ "type": "Feature", "properties": { "source": "URRAO", "target": "VIGÍA DEL FUERTE", "distance": 0.5, "betweenness": 0.0043605390287312484, "weight": 0.10436053902873126 }, "geometry": { "type": "LineString", "coordinates": [ [ -76.133951, 6.317343 ], [ -76.896004, 6.588164 ] ] } },
{ "type": "Feature", "properties": { "source": "URRAO", "target": "CONCORDIA", "distance": 0.33333333333333331, "betweenness": 0.0014111365369946607, "weight": 0.10141113653699467 }, "geometry": { "type": "LineString", "coordinates": [ [ -76.133951, 6.317343 ], [ -75.908448, 6.045738 ] ] } },
{ "type": "Feature", "properties": { "source": "URRAO", "target": "EBÉJICO", "distance": 0.5, "betweenness": 0.0016959064327485385, "weight": 0.10169590643274855 }, "geometry": { "type": "LineString", "coordinates": [ [ -76.133951, 6.317343 ], [ -75.766413, 6.325615 ] ] } },
{ "type": "Feature", "properties": { "source": "URRAO", "target": "ARMENIA", "distance": 0.5, "betweenness": 0.0017365878464276631, "weight": 0.10173658784642767 }, "geometry": { "type": "LineString", "coordinates": [ [ -76.133951, 6.317343 ], [ -75.786647, 6.155667 ] ] } },
{ "type": "Feature", "properties": { "source": "URRAO", "target": "HELICONIA", "distance": 0.5, "betweenness": 0.0031070429697431985, "weight": 0.1031070429697432 }, "geometry": { "type": "LineString", "coordinates": [ [ -76.133951, 6.317343 ], [ -75.734322, 6.206757 ] ] } },
{ "type": "Feature", "properties": { "source": "URRAO", "target": "CIUDAD BOLÍVAR", "distance": 0.25, "betweenness": 0.019380879735570813, "weight": 0.11938087973557082 }, "geometry": { "type": "LineString", "coordinates": [ [ -76.133951, 6.317343 ], [ -76.021509, 5.850273 ] ] } },
{ "type": "Feature", "properties": { "source": "URRAO", "target": "TITIRIBÍ", "distance": 0.33333333333333331, "betweenness": 0.011266209000762776, "weight": 0.11126620900076278 }, "geometry": { "type": "LineString", "coordinates": [ [ -76.133951, 6.317343 ], [ -75.791887, 6.062391 ] ] } },
{ "type": "Feature", "properties": { "source": "URRAO", "target": "TARSO", "distance": 0.33333333333333331, "betweenness": 0.0074370709382151033, "weight": 0.10743707093821511 }, "geometry": { "type": "LineString", "coordinates": [ [ -76.133951, 6.317343 ], [ -75.822956, 5.864542 ] ] } },
{ "type": "Feature", "properties": { "source": "URRAO", "target": "BETANIA", "distance": 0.5, "betweenness": 0.0040528858377828622, "weight": 0.10405288583778287 }, "geometry": { "type": "LineString", "coordinates": [ [ -76.133951, 6.317343 ], [ -75.97679, 5.74615 ] ] } },
{ "type": "Feature", "properties": { "source": "URRAO", "target": "VENECIA", "distance": 0.5, "betweenness": 0.002212051868802441, "weight": 0.10221205186880244 }, "geometry": { "type": "LineString", "coordinates": [ [ -76.133951, 6.317343 ], [ -75.735544, 5.964693 ] ] } },
{ "type": "Feature", "properties": { "source": "URRAO", "target": "PUEBLORRICO", "distance": 0.5, "betweenness": 0.0063691838291380625, "weight": 0.10636918382913807 }, "geometry": { "type": "LineString", "coordinates": [ [ -76.133951, 6.317343 ], [ -75.839903, 5.79158 ] ] } },
{ "type": "Feature", "properties": { "source": "URRAO", "target": "HISPANIA", "distance": 1.0, "betweenness": 0.0, "weight": 0.1 }, "geometry": { "type": "LineString", "coordinates": [ [ -76.133951, 6.317343 ], [ -75.906587, 5.799461 ] ] } },
{ "type": "Feature", "properties": { "source": "SANTA FÉ DE ANTIOQUIA", "target": "CAICEDO", "distance": 0.5, "betweenness": 0.00062547673531655225, "weight": 0.10062547673531656 }, "geometry": { "type": "LineString", "coordinates": [ [ -75.826648, 6.556484 ], [ -75.98293, 6.405607 ] ] } },
{ "type": "Feature", "properties": { "source": "SANTA FÉ DE ANTIOQUIA", "target": "ANZÁ", "distance": 0.5, "betweenness": 0.00047292143401983218, "weight": 0.10047292143401984 }, "geometry": { "type": "LineString", "coordinates": [ [ -75.826648, 6.556484 ], [ -75.854442, 6.302641 ] ] } },
{ "type": "Feature", "properties": { "source": "SANTA FÉ DE ANTIOQUIA", "target": "SAN JERÓNIMO", "distance": 0.5, "betweenness": 0.0011174675819984744, "weight": 0.10111746758199848 }, "geometry": { "type": "LineString", "coordinates": [ [ -75.826648, 6.556484 ], [ -75.726975, 6.44809 ] ] } },
{ "type": "Feature", "properties": { "source": "SANTA FÉ DE ANTIOQUIA", "target": "EBÉJICO", "distance": 0.5, "betweenness": 0.00067505720823798627, "weight": 0.10067505720823799 }, "geometry": { "type": "LineString", "coordinates": [ [ -75.826648, 6.556484 ], [ -75.766413, 6.325615 ] ] } },
{ "type": "Feature", "properties": { "source": "SANTA FÉ DE ANTIOQUIA", "target": "MEDELLÍN", "distance": 0.5, "betweenness": 0.0020989066870073735, "weight": 0.10209890668700738 }, "geometry": { "type": "LineString", "coordinates": [ [ -75.826648, 6.556484 ], [ -75.581775, 6.246631 ] ] } },
{ "type": "Feature", "properties": { "source": "SANTA FÉ DE ANTIOQUIA", "target": "BETULIA", "distance": 0.5, "betweenness": 0.0017493007882023901, "weight": 0.10174930078820239 }, "geometry": { "type": "LineString", "coordinates": [ [ -75.826648, 6.556484 ], [ -75.984452, 6.115208 ] ] } },
{ "type": "Feature", "properties": { "source": "SANTA FÉ DE ANTIOQUIA", "target": "SAN PEDRO DE LOS MILAGROS", "distance": 0.5, "betweenness": 0.0016920925502161201, "weight": 0.10169209255021612 }, "geometry": { "type": "LineString", "coordinates": [ [ -75.826648, 6.556484 ], [ -75.556743, 6.46012 ] ] } },
{ "type": "Feature", "properties": { "source": "SANTA FÉ DE ANTIOQUIA", "target": "HELICONIA", "distance": 0.5, "betweenness": 0.0010183066361556063, "weight": 0.10101830663615562 }, "geometry": { "type": "LineString", "coordinates": [ [ -75.826648, 6.556484 ], [ -75.734322, 6.206757 ] ] } },
{ "type": "Feature", "properties": { "source": "SANTA FÉ DE ANTIOQUIA", "target": "BELLO", "distance": 0.5, "betweenness": 0.00049707602339181284, "weight": 0.10049707602339182 }, "geometry": { "type": "LineString", "coordinates": [ [ -75.826648, 6.556484 ], [ -75.555245, 6.333587 ] ] } },
{ "type": "Feature", "properties": { "source": "CAICEDO", "target": "ANZÁ", "distance": 0.5, "betweenness": 0.00031358589710992456, "weight": 0.10031358589710992 }, "geometry": { "type": "LineString", "coordinates": [ [ -75.98293, 6.405607 ], [ -75.854442, 6.302641 ] ] } },
{ "type": "Feature", "properties": { "source": "CAICEDO", "target": "EBÉJICO", "distance": 0.5, "betweenness": 0.00079667768454953812, "weight": 0.10079667768454954 }, "geometry": { "type": "LineString", "coordinates": [ [ -75.98293, 6.405607 ], [ -75.766413, 6.325615 ] ] } },
{ "type": "Feature", "properties": { "source": "CAICEDO", "target": "BETULIA", "distance": 0.5, "betweenness": 0.00071700991609458431, "weight": 0.10071700991609459 }, "geometry": { "type": "LineString", "coordinates": [ [ -75.98293, 6.405607 ], [ -75.984452, 6.115208 ] ] } },
{ "type": "Feature", "properties": { "source": "CAICEDO", "target": "SAN JERÓNIMO", "distance": 0.5, "betweenness": 0.0032401050936520042, "weight": 0.10324010509365202 }, "geometry": { "type": "LineString", "coordinates": [ [ -75.98293, 6.405607 ], [ -75.726975, 6.44809 ] ] } },
{ "type": "Feature", "properties": { "source": "CAICEDO", "target": "CONCORDIA", "distance": 0.16666666666666666, "betweenness": 0.023080345792016278, "weight": 0.12308034579201628 }, "geometry": { "type": "LineString", "coordinates": [ [ -75.98293, 6.405607 ], [ -75.908448, 6.045738 ] ] } },
{ "type": "Feature", "properties": { "source": "CAICEDO", "target": "ARMENIA", "distance": 0.5, "betweenness": 0.00073565556403085023, "weight": 0.10073565556403086 }, "geometry": { "type": "LineString", "coordinates": [ [ -75.98293, 6.405607 ], [ -75.786647, 6.155667 ] ] } },
{ "type": "Feature", "properties": { "source": "CAICEDO", "target": "HELICONIA", "distance": 0.5, "betweenness": 0.0010191541656072549, "weight": 0.10101915416560726 }, "geometry": { "type": "LineString", "coordinates": [ [ -75.98293, 6.405607 ], [ -75.734322, 6.206757 ] ] } },
{ "type": "Feature", "properties": { "source": "CAICEDO", "target": "MEDELLÍN", "distance": 0.5, "betweenness": 0.0056275955589456745, "weight": 0.10562759555894569 }, "geometry": { "type": "LineString", "coordinates": [ [ -75.98293, 6.405607 ], [ -75.581775, 6.246631 ] ] } },
{ "type": "Feature", "properties": { "source": "SAN PEDRO DE LOS MILAGROS", "target": "MEDELLÍN", "distance": 0.33333333333333331, "betweenness": 0.001760742435799644, "weight": 0.10176074243579965 }, "geometry": { "type": "LineString", "coordinates": [ [ -75.556743, 6.46012 ], [ -75.581775, 6.246631 ] ] } },
{ "type": "Feature", "properties": { "source": "SAN PEDRO DE LOS MILAGROS", "target": "EBÉJICO", "distance": 0.5, "betweenness": 0.00030511060259344014, "weight": 0.10030511060259345 }, "geometry": { "type": "LineString", "coordinates": [ [ -75.556743, 6.46012 ], [ -75.766413, 6.325615 ] ] } },
{ "type": "Feature", "properties": { "source": "SAN PEDRO DE LOS MILAGROS", "target": "GIRARDOTA", "distance": 0.5, "betweenness": 0.00018857530299177898, "weight": 0.10018857530299179 }, "geometry": { "type": "LineString", "coordinates": [ [ -75.556743, 6.46012 ], [ -75.444238, 6.379472 ] ] } },
{ "type": "Feature", "properties": { "source": "SAN PEDRO DE LOS MILAGROS", "target": "BELLO", "distance": 0.5, "betweenness": 7.6277650648360034e-05, "weight": 0.10007627765064836 }, "geometry": { "type": "LineString", "coordinates": [ [ -75.556743, 6.46012 ], [ -75.555245, 6.333587 ] ] } },
{ "type": "Feature", "properties": { "source": "SAN PEDRO DE LOS MILAGROS", "target": "GUARNE", "distance": 0.5, "betweenness": 0.0, "weight": 0.1 }, "geometry": { "type": "LineString", "coordinates": [ [ -75.556743, 6.46012 ], [ -75.441612, 6.27787 ] ] } },
{ "type": "Feature", "properties": { "source": "SAN PEDRO DE LOS MILAGROS", "target": "BARBOSA", "distance": 0.5, "betweenness": 7.6277650648360034e-05, "weight": 0.10007627765064836 }, "geometry": { "type": "LineString", "coordinates": [ [ -75.556743, 6.46012 ], [ -75.331627, 6.439195 ] ] } },
{ "type": "Feature", "properties": { "source": "SAN PEDRO DE LOS MILAGROS", "target": "COPACABANA", "distance": 0.5, "betweenness": 7.6277650648360034e-05, "weight": 0.10007627765064836 }, "geometry": { "type": "LineString", "coordinates": [ [ -75.556743, 6.46012 ], [ -75.509384, 6.348557 ] ] } },
{ "type": "Feature", "properties": { "source": "SAN PEDRO DE LOS MILAGROS", "target": "SAN JERÓNIMO", "distance": 0.5, "betweenness": 0.0, "weight": 0.1 }, "geometry": { "type": "LineString", "coordinates": [ [ -75.556743, 6.46012 ], [ -75.726975, 6.44809 ] ] } },
{ "type": "Feature", "properties": { "source": "SAN PEDRO DE LOS MILAGROS", "target": "CONCEPCIÓN", "distance": 0.25, "betweenness": 0.019820323756250528, "weight": 0.11982032375625054 }, "geometry": { "type": "LineString", "coordinates": [ [ -75.556743, 6.46012 ], [ -75.257587, 6.394348 ] ] } },
{ "type": "Feature", "properties": { "source": "SAN PEDRO DE LOS MILAGROS", "target": "DONMATÍAS", "distance": 0.5, "betweenness": 0.00064073226544622433, "weight": 0.10064073226544623 }, "geometry": { "type": "LineString", "coordinates": [ [ -75.556743, 6.46012 ], [ -75.39263, 6.485603 ] ] } },
{ "type": "Feature", "properties": { "source": "SAN PEDRO DE LOS MILAGROS", "target": "SAN VICENTE FERRER", "distance": 0.33333333333333331, "betweenness": 0.0063653699466056438, "weight": 0.10636536994660564 }, "geometry": { "type": "LineString", "coordinates": [ [ -75.556743, 6.46012 ], [ -75.332616, 6.282164 ] ] } },
{ "type": "Feature", "properties": { "source": "SAN PEDRO DE LOS MILAGROS", "target": "HELICONIA", "distance": 0.5, "betweenness": 0.0022184083396898043, "weight": 0.10221840833968981 }, "geometry": { "type": "LineString", "coordinates": [ [ -75.556743, 6.46012 ], [ -75.734322, 6.206757 ] ] } },
{ "type": "Feature", "properties": { "source": "SAN PEDRO DE LOS MILAGROS", "target": "SANTO DOMINGO", "distance": 0.33333333333333331, "betweenness": 0.0086625985252987547, "weight": 0.10866259852529876 }, "geometry": { "type": "LineString", "coordinates": [ [ -75.556743, 6.46012 ], [ -75.164903, 6.473032 ] ] } },
{ "type": "Feature", "properties": { "source": "SAN PEDRO DE LOS MILAGROS", "target": "ANZÁ", "distance": 0.33333333333333331, "betweenness": 0.017289600813628275, "weight": 0.11728960081362828 }, "geometry": { "type": "LineString", "coordinates": [ [ -75.556743, 6.46012 ], [ -75.854442, 6.302641 ] ] } },
{ "type": "Feature", "properties": { "source": "SAN PEDRO DE LOS MILAGROS", "target": "ITAGÜÍ", "distance": 0.33333333333333331, "betweenness": 0.0037757437070938217, "weight": 0.10377574370709383 }, "geometry": { "type": "LineString", "coordinates": [ [ -75.556743, 6.46012 ], [ -75.612056, 6.175079 ] ] } },
{ "type": "Feature", "properties": { "source": "SAN PEDRO DE LOS MILAGROS", "target": "RIONEGRO", "distance": 0.5, "betweenness": 0.0011238240528858379, "weight": 0.10112382405288585 }, "geometry": { "type": "LineString", "coordinates": [ [ -75.556743, 6.46012 ], [ -75.377316, 6.147148 ] ] } },
{ "type": "Feature", "properties": { "source": "SAN PEDRO DE LOS MILAGROS", "target": "ENVIGADO", "distance": 0.25, "betweenness": 0.02056657343842699, "weight": 0.120566573438427 }, "geometry": { "type": "LineString", "coordinates": [ [ -75.556743, 6.46012 ], [ -75.582192, 6.166695 ] ] } },
{ "type": "Feature", "properties": { "source": "SAN PEDRO DE LOS MILAGROS", "target": "RETIRO", "distance": 0.5, "betweenness": 0.00053394355453852019, "weight": 0.10053394355453853 }, "geometry": { "type": "LineString", "coordinates": [ [ -75.556743, 6.46012 ], [ -75.501301, 6.062454 ] ] } },
{ "type": "Feature", "properties": { "source": "SAN PEDRO DE LOS MILAGROS", "target": "LA ESTRELLA", "distance": 0.5, "betweenness": 0.0019577930333079074, "weight": 0.10195779303330792 }, "geometry": { "type": "LineString", "coordinates": [ [ -75.556743, 6.46012 ], [ -75.637708, 6.145238 ] ] } },
{ "type": "Feature", "properties": { "source": "SAN PEDRO DE LOS MILAGROS", "target": "ANGELÓPOLIS", "distance": 0.083333333333333329, "betweenness": 0.042986270022883286, "weight": 0.14298627002288328 }, "geometry": { "type": "LineString", "coordinates": [ [ -75.556743, 6.46012 ], [ -75.711389, 6.109719 ] ] } },
{ "type": "Feature", "properties": { "source": "SAN PEDRO DE LOS MILAGROS", "target": "ARMENIA", "distance": 0.5, "betweenness": 0.0032875667429443172, "weight": 0.10328756674294433 }, "geometry": { "type": "LineString", "coordinates": [ [ -75.556743, 6.46012 ], [ -75.786647, 6.155667 ] ] } },
{ "type": "Feature", "properties": { "source": "SAN PEDRO DE LOS MILAGROS", "target": "SABANETA", "distance": 0.5, "betweenness": 0.0, "weight": 0.1 }, "geometry": { "type": "LineString", "coordinates": [ [ -75.556743, 6.46012 ], [ -75.615479, 6.149903 ] ] } },
{ "type": "Feature", "properties": { "source": "SAN JERÓNIMO", "target": "EBÉJICO", "distance": 0.5, "betweenness": 0.00015255530129672007, "weight": 0.10015255530129673 }, "geometry": { "type": "LineString", "coordinates": [ [ -75.726975, 6.44809 ], [ -75.766413, 6.325615 ] ] } },
{ "type": "Feature", "properties": { "source": "SAN JERÓNIMO", "target": "BELLO", "distance": 0.5, "betweenness": 0.00015255530129672007, "weight": 0.10015255530129673 }, "geometry": { "type": "LineString", "coordinates": [ [ -75.726975, 6.44809 ], [ -75.555245, 6.333587 ] ] } },
{ "type": "Feature", "properties": { "source": "SAN JERÓNIMO", "target": "MEDELLÍN", "distance": 0.5, "betweenness": 0.00015255530129672007, "weight": 0.10015255530129673 }, "geometry": { "type": "LineString", "coordinates": [ [ -75.726975, 6.44809 ], [ -75.581775, 6.246631 ] ] } },
{ "type": "Feature", "properties": { "source": "SAN JERÓNIMO", "target": "GIRARDOTA", "distance": 0.5, "betweenness": 0.00037164166454784311, "weight": 0.10037164166454784 }, "geometry": { "type": "LineString", "coordinates": [ [ -75.726975, 6.44809 ], [ -75.444238, 6.379472 ] ] } },
{ "type": "Feature", "properties": { "source": "SAN JERÓNIMO", "target": "ANZÁ", "distance": 0.5, "betweenness": 0.00061022120518688027, "weight": 0.10061022120518688 }, "geometry": { "type": "LineString", "coordinates": [ [ -75.726975, 6.44809 ], [ -75.854442, 6.302641 ] ] } },
{ "type": "Feature", "properties": { "source": "SAN JERÓNIMO", "target": "COPACABANA", "distance": 0.5, "betweenness": 0.0, "weight": 0.1 }, "geometry": { "type": "LineString", "coordinates": [ [ -75.726975, 6.44809 ], [ -75.509384, 6.348557 ] ] } },
{ "type": "Feature", "properties": { "source": "SAN JERÓNIMO", "target": "HELICONIA", "distance": 0.5, "betweenness": 0.00020976353928299008, "weight": 0.100209763539283 }, "geometry": { "type": "LineString", "coordinates": [ [ -75.726975, 6.44809 ], [ -75.734322, 6.206757 ] ] } },
{ "type": "Feature", "properties": { "source": "SAN JERÓNIMO", "target": "SABANETA", "distance": 1.0, "betweenness": 0.0, "weight": 0.1 }, "geometry": { "type": "LineString", "coordinates": [ [ -75.726975, 6.44809 ], [ -75.615479, 6.149903 ] ] } },
{ "type": "Feature", "properties": { "source": "SAN JERÓNIMO", "target": "DONMATÍAS", "distance": 0.5, "betweenness": 0.00053902873124841099, "weight": 0.10053902873124841 }, "geometry": { "type": "LineString", "coordinates": [ [ -75.726975, 6.44809 ], [ -75.39263, 6.485603 ] ] } },
{ "type": "Feature", "properties": { "source": "SAN JERÓNIMO", "target": "BARBOSA", "distance": 0.5, "betweenness": 0.0002288329519450801, "weight": 0.10022883295194508 }, "geometry": { "type": "LineString", "coordinates": [ [ -75.726975, 6.44809 ], [ -75.331627, 6.439195 ] ] } },
{ "type": "Feature", "properties": { "source": "SAN JERÓNIMO", "target": "ANGELÓPOLIS", "distance": 0.5, "betweenness": 0.0002288329519450801, "weight": 0.10022883295194508 }, "geometry": { "type": "LineString", "coordinates": [ [ -75.726975, 6.44809 ], [ -75.711389, 6.109719 ] ] } },
{ "type": "Feature", "properties": { "source": "SAN JERÓNIMO", "target": "ARMENIA", "distance": 0.5, "betweenness": 0.00030002542588354944, "weight": 0.10030002542588355 }, "geometry": { "type": "LineString", "coordinates": [ [ -75.726975, 6.44809 ], [ -75.786647, 6.155667 ] ] } },
{ "type": "Feature", "properties": { "source": "SAN JERÓNIMO", "target": "ENVIGADO", "distance": 0.2, "betweenness": 0.013272311212814646, "weight": 0.11327231121281466 }, "geometry": { "type": "LineString", "coordinates": [ [ -75.726975, 6.44809 ], [ -75.582192, 6.166695 ] ] } },
{ "type": "Feature", "properties": { "source": "SAN JERÓNIMO", "target": "GUARNE", "distance": 0.5, "betweenness": 0.00015255530129672007, "weight": 0.10015255530129673 }, "geometry": { "type": "LineString", "coordinates": [ [ -75.726975, 6.44809 ], [ -75.441612, 6.27787 ] ] } },
{ "type": "Feature", "properties": { "source": "SAN JERÓNIMO", "target": "ITAGÜÍ", "distance": 0.5, "betweenness": 0.00016103059581320451, "weight": 0.10016103059581322 }, "geometry": { "type": "LineString", "coordinates": [ [ -75.726975, 6.44809 ], [ -75.612056, 6.175079 ] ] } },
{ "type": "Feature", "properties": { "source": "SAN JERÓNIMO", "target": "LA ESTRELLA", "distance": 0.5, "betweenness": 0.00015255530129672007, "weight": 0.10015255530129673 }, "geometry": { "type": "LineString", "coordinates": [ [ -75.726975, 6.44809 ], [ -75.637708, 6.145238 ] ] } },
{ "type": "Feature", "properties": { "source": "SAN JERÓNIMO", "target": "BETULIA", "distance": 0.5, "betweenness": 0.0013577421815408088, "weight": 0.10135774218154081 }, "geometry": { "type": "LineString", "coordinates": [ [ -75.726975, 6.44809 ], [ -75.984452, 6.115208 ] ] } },
{ "type": "Feature", "properties": { "source": "SAN JERÓNIMO", "target": "SAN VICENTE FERRER", "distance": 0.5, "betweenness": 0.0015636918382913806, "weight": 0.10156369183829139 }, "geometry": { "type": "LineString", "coordinates": [ [ -75.726975, 6.44809 ], [ -75.332616, 6.282164 ] ] } },
{ "type": "Feature", "properties": { "source": "SAN JERÓNIMO", "target": "RIONEGRO", "distance": 1.0, "betweenness": 0.0, "weight": 0.1 }, "geometry": { "type": "LineString", "coordinates": [ [ -75.726975, 6.44809 ], [ -75.377316, 6.147148 ] ] } },
{ "type": "Feature", "properties": { "source": "DONMATÍAS", "target": "ALEJANDRÍA", "distance": 0.33333333333333331, "betweenness": 0.001983218916857361, "weight": 0.10198321891685737 }, "geometry": { "type": "LineString", "coordinates": [ [ -75.39263, 6.485603 ], [ -75.141346, 6.376061 ] ] } },
{ "type": "Feature", "properties": { "source": "DONMATÍAS", "target": "SAN VICENTE FERRER", "distance": 0.5, "betweenness": 0.00015255530129672007, "weight": 0.10015255530129673 }, "geometry": { "type": "LineString", "coordinates": [ [ -75.39263, 6.485603 ], [ -75.332616, 6.282164 ] ] } },
{ "type": "Feature", "properties": { "source": "DONMATÍAS", "target": "SANTO DOMINGO", "distance": 0.5, "betweenness": 0.00020340706839562674, "weight": 0.10020340706839563 }, "geometry": { "type": "LineString", "coordinates": [ [ -75.39263, 6.485603 ], [ -75.164903, 6.473032 ] ] } },
{ "type": "Feature", "properties": { "source": "DONMATÍAS", "target": "BARBOSA", "distance": 0.5, "betweenness": 0.00015255530129672007, "weight": 0.10015255530129673 }, "geometry": { "type": "LineString", "coordinates": [ [ -75.39263, 6.485603 ], [ -75.331627, 6.439195 ] ] } },
{ "type": "Feature", "properties": { "source": "DONMATÍAS", "target": "COPACABANA", "distance": 0.33333333333333331, "betweenness": 0.0024154589371980675, "weight": 0.10241545893719807 }, "geometry": { "type": "LineString", "coordinates": [ [ -75.39263, 6.485603 ], [ -75.509384, 6.348557 ] ] } },
{ "type": "Feature", "properties": { "source": "DONMATÍAS", "target": "GIRARDOTA", "distance": 0.5, "betweenness": 0.00030511060259344014, "weight": 0.10030511060259345 }, "geometry": { "type": "LineString", "coordinates": [ [ -75.39263, 6.485603 ], [ -75.444238, 6.379472 ] ] } },
{ "type": "Feature", "properties": { "source": "DONMATÍAS", "target": "CONCEPCIÓN", "distance": 0.5, "betweenness": 0.00015255530129672007, "weight": 0.10015255530129673 }, "geometry": { "type": "LineString", "coordinates": [ [ -75.39263, 6.485603 ], [ -75.257587, 6.394348 ] ] } },
{ "type": "Feature", "properties": { "source": "DONMATÍAS", "target": "PEÑOL", "distance": 0.33333333333333331, "betweenness": 0.0045258072718026947, "weight": 0.1045258072718027 }, "geometry": { "type": "LineString", "coordinates": [ [ -75.39263, 6.485603 ], [ -75.242693, 6.219349 ] ] } },
{ "type": "Feature", "properties": { "source": "DONMATÍAS", "target": "SAN ROQUE", "distance": 0.5, "betweenness": 0.0003305364861428935, "weight": 0.1003305364861429 }, "geometry": { "type": "LineString", "coordinates": [ [ -75.39263, 6.485603 ], [ -75.019109, 6.485939 ] ] } },
{ "type": "Feature", "properties": { "source": "DONMATÍAS", "target": "CISNEROS", "distance": 0.33333333333333331, "betweenness": 0.0022018815153826599, "weight": 0.10220188151538266 }, "geometry": { "type": "LineString", "coordinates": [ [ -75.39263, 6.485603 ], [ -75.087047, 6.537829 ] ] } },
{ "type": "Feature", "properties": { "source": "DONMATÍAS", "target": "GUARNE", "distance": 0.5, "betweenness": 0.00051995931858632091, "weight": 0.10051995931858633 }, "geometry": { "type": "LineString", "coordinates": [ [ -75.39263, 6.485603 ], [ -75.441612, 6.27787 ] ] } },
{ "type": "Feature", "properties": { "source": "DONMATÍAS", "target": "BELLO", "distance": 0.5, "betweenness": 0.0010475464022374778, "weight": 0.10104754640223748 }, "geometry": { "type": "LineString", "coordinates": [ [ -75.39263, 6.485603 ], [ -75.555245, 6.333587 ] ] } },
{ "type": "Feature", "properties": { "source": "DONMATÍAS", "target": "MEDELLÍN", "distance": 0.5, "betweenness": 0.00076786168319349104, "weight": 0.1007678616831935 }, "geometry": { "type": "LineString", "coordinates": [ [ -75.39263, 6.485603 ], [ -75.581775, 6.246631 ] ] } },
{ "type": "Feature", "properties": { "source": "DONMATÍAS", "target": "RIONEGRO", "distance": 0.5, "betweenness": 0.001765827612509535, "weight": 0.10176582761250955 }, "geometry": { "type": "LineString", "coordinates": [ [ -75.39263, 6.485603 ], [ -75.377316, 6.147148 ] ] } },
{ "type": "Feature", "properties": { "source": "DONMATÍAS", "target": "MARINILLA", "distance": 0.25, "betweenness": 0.0062484108822781596, "weight": 0.10624841088227817 }, "geometry": { "type": "LineString", "coordinates": [ [ -75.39263, 6.485603 ], [ -75.339345, 6.173995 ] ] } },
{ "type": "Feature", "properties": { "source": "DONMATÍAS", "target": "GUATAPÉ", "distance": 0.5, "betweenness": 0.00088990592423086705, "weight": 0.10088990592423087 }, "geometry": { "type": "LineString", "coordinates": [ [ -75.39263, 6.485603 ], [ -75.160041, 6.232461 ] ] } },
{ "type": "Feature", "properties": { "source": "DONMATÍAS", "target": "ENVIGADO", "distance": 0.5, "betweenness": 0.0020061022120518687, "weight": 0.10200610221205188 }, "geometry": { "type": "LineString", "coordinates": [ [ -75.39263, 6.485603 ], [ -75.582192, 6.166695 ] ] } },
{ "type": "Feature", "properties": { "source": "DONMATÍAS", "target": "EBÉJICO", "distance": 1.0, "betweenness": 0.0, "weight": 0.1 }, "geometry": { "type": "LineString", "coordinates": [ [ -75.39263, 6.485603 ], [ -75.766413, 6.325615 ] ] } },
{ "type": "Feature", "properties": { "source": "DONMATÍAS", "target": "SAN RAFAEL", "distance": 1.0, "betweenness": 0.0, "weight": 0.1 }, "geometry": { "type": "LineString", "coordinates": [ [ -75.39263, 6.485603 ], [ -75.02849, 6.293759 ] ] } },
{ "type": "Feature", "properties": { "source": "BELLO", "target": "COPACABANA", "distance": 0.5, "betweenness": 0.00015255530129672007, "weight": 0.10015255530129673 }, "geometry": { "type": "LineString", "coordinates": [ [ -75.555245, 6.333587 ], [ -75.509384, 6.348557 ] ] } },
{ "type": "Feature", "properties": { "source": "BELLO", "target": "GUARNE", "distance": 0.5, "betweenness": 0.00030511060259344014, "weight": 0.10030511060259345 }, "geometry": { "type": "LineString", "coordinates": [ [ -75.555245, 6.333587 ], [ -75.441612, 6.27787 ] ] } },
{ "type": "Feature", "properties": { "source": "BELLO", "target": "MEDELLÍN", "distance": 0.5, "betweenness": 0.0002288329519450801, "weight": 0.10022883295194508 }, "geometry": { "type": "LineString", "coordinates": [ [ -75.555245, 6.333587 ], [ -75.581775, 6.246631 ] ] } },
{ "type": "Feature", "properties": { "source": "BELLO", "target": "EBÉJICO", "distance": 0.5, "betweenness": 0.00015255530129672007, "weight": 0.10015255530129673 }, "geometry": { "type": "LineString", "coordinates": [ [ -75.555245, 6.333587 ], [ -75.766413, 6.325615 ] ] } },
{ "type": "Feature", "properties": { "source": "BELLO", "target": "RETIRO", "distance": 0.5, "betweenness": 0.0013984235952199337, "weight": 0.10139842359521994 }, "geometry": { "type": "LineString", "coordinates": [ [ -75.555245, 6.333587 ], [ -75.501301, 6.062454 ] ] } },
{ "type": "Feature", "properties": { "source": "BELLO", "target": "SABANETA", "distance": 0.5, "betweenness": 0.00081362827358250696, "weight": 0.10081362827358251 }, "geometry": { "type": "LineString", "coordinates": [ [ -75.555245, 6.333587 ], [ -75.615479, 6.149903 ] ] } },
{ "type": "Feature", "properties": { "source": "BELLO", "target": "ENVIGADO", "distance": 0.5, "betweenness": 0.00015255530129672007, "weight": 0.10015255530129673 }, "geometry": { "type": "LineString", "coordinates": [ [ -75.555245, 6.333587 ], [ -75.582192, 6.166695 ] ] } },
{ "type": "Feature", "properties": { "source": "BELLO", "target": "BARBOSA", "distance": 0.5, "betweenness": 0.00030511060259344014, "weight": 0.10030511060259345 }, "geometry": { "type": "LineString", "coordinates": [ [ -75.555245, 6.333587 ], [ -75.331627, 6.439195 ] ] } },
{ "type": "Feature", "properties": { "source": "BELLO", "target": "SAN VICENTE FERRER", "distance": 0.5, "betweenness": 0.00063564708873633353, "weight": 0.10063564708873633 }, "geometry": { "type": "LineString", "coordinates": [ [ -75.555245, 6.333587 ], [ -75.332616, 6.282164 ] ] } },
{ "type": "Feature", "properties": { "source": "BELLO", "target": "LA ESTRELLA", "distance": 0.5, "betweenness": 0.0002288329519450801, "weight": 0.10022883295194508 }, "geometry": { "type": "LineString", "coordinates": [ [ -75.555245, 6.333587 ], [ -75.637708, 6.145238 ] ] } },
{ "type": "Feature", "properties": { "source": "BELLO", "target": "RIONEGRO", "distance": 0.5, "betweenness": 0.004111365369946606, "weight": 0.10411136536994661 }, "geometry": { "type": "LineString", "coordinates": [ [ -75.555245, 6.333587 ], [ -75.377316, 6.147148 ] ] } },
{ "type": "Feature", "properties": { "source": "BELLO", "target": "HELICONIA", "distance": 0.5, "betweenness": 0.00055301296720061026, "weight": 0.10055301296720062 }, "geometry": { "type": "LineString", "coordinates": [ [ -75.555245, 6.333587 ], [ -75.734322, 6.206757 ] ] } },
{ "type": "Feature", "properties": { "source": "BELLO", "target": "GIRARDOTA", "distance": 0.5, "betweenness": 0.00072251885753029917, "weight": 0.10072251885753031 }, "geometry": { "type": "LineString", "coordinates": [ [ -75.555245, 6.333587 ], [ -75.444238, 6.379472 ] ] } },
{ "type": "Feature", "properties": { "source": "BELLO", "target": "ANGELÓPOLIS", "distance": 0.5, "betweenness": 0.00020340706839562674, "weight": 0.10020340706839563 }, "geometry": { "type": "LineString", "coordinates": [ [ -75.555245, 6.333587 ], [ -75.711389, 6.109719 ] ] } },
{ "type": "Feature", "properties": { "source": "BELLO", "target": "ANZÁ", "distance": 0.25, "betweenness": 0.016077633697771002, "weight": 0.11607763369777101 }, "geometry": { "type": "LineString", "coordinates": [ [ -75.555245, 6.333587 ], [ -75.854442, 6.302641 ] ] } },
{ "type": "Feature", "properties": { "source": "BELLO", "target": "CALDAS", "distance": 0.5, "betweenness": 0.00063564708873633353, "weight": 0.10063564708873633 }, "geometry": { "type": "LineString", "coordinates": [ [ -75.555245, 6.333587 ], [ -75.633673, 6.091077 ] ] } },
{ "type": "Feature", "properties": { "source": "BELLO", "target": "ARMENIA", "distance": 0.5, "betweenness": 0.00041444190185608952, "weight": 0.1004144419018561 }, "geometry": { "type": "LineString", "coordinates": [ [ -75.555245, 6.333587 ], [ -75.786647, 6.155667 ] ] } },
{ "type": "Feature", "properties": { "source": "BELLO", "target": "CONCEPCIÓN", "distance": 0.5, "betweenness": 0.00055936943808797355, "weight": 0.10055936943808798 }, "geometry": { "type": "LineString", "coordinates": [ [ -75.555245, 6.333587 ], [ -75.257587, 6.394348 ] ] } },
{ "type": "Feature", "properties": { "source": "BELLO", "target": "ITAGÜÍ", "distance": 0.25, "betweenness": 0.0039113484193575732, "weight": 0.10391134841935758 }, "geometry": { "type": "LineString", "coordinates": [ [ -75.555245, 6.333587 ], [ -75.612056, 6.175079 ] ] } },
{ "type": "Feature", "properties": { "source": "BELLO", "target": "MARINILLA", "distance": 0.5, "betweenness": 0.00076277650648360034, "weight": 0.1007627765064836 }, "geometry": { "type": "LineString", "coordinates": [ [ -75.555245, 6.333587 ], [ -75.339345, 6.173995 ] ] } },
{ "type": "Feature", "properties": { "source": "BELLO", "target": "EL CARMEN DE VIBORAL", "distance": 0.5, "betweenness": 0.0018306636155606406, "weight": 0.10183066361556065 }, "geometry": { "type": "LineString", "coordinates": [ [ -75.555245, 6.333587 ], [ -75.333901, 6.082885 ] ] } },
{ "type": "Feature", "properties": { "source": "BELLO", "target": "TITIRIBÍ", "distance": 1.0, "betweenness": 0.0, "weight": 0.1 }, "geometry": { "type": "LineString", "coordinates": [ [ -75.555245, 6.333587 ], [ -75.791887, 6.062391 ] ] } },
{ "type": "Feature", "properties": { "source": "BELLO", "target": "PEÑOL", "distance": 0.5, "betweenness": 0.0017925247902364609, "weight": 0.10179252479023647 }, "geometry": { "type": "LineString", "coordinates": [ [ -75.555245, 6.333587 ], [ -75.242693, 6.219349 ] ] } },
{ "type": "Feature", "properties": { "source": "BELLO", "target": "LA CEJA", "distance": 0.5, "betweenness": 0.001474701245868294, "weight": 0.1014747012458683 }, "geometry": { "type": "LineString", "coordinates": [ [ -75.555245, 6.333587 ], [ -75.429433, 6.028062 ] ] } },
{ "type": "Feature", "properties": { "source": "BELLO", "target": "AMAGÁ", "distance": 0.5, "betweenness": 0.0013475718281210274, "weight": 0.10134757182812103 }, "geometry": { "type": "LineString", "coordinates": [ [ -75.555245, 6.333587 ], [ -75.702188, 6.038708 ] ] } },
{ "type": "Feature", "properties": { "source": "MEDELLÍN", "target": "RIONEGRO", "distance": 0.5, "betweenness": 0.0027637935418255788, "weight": 0.10276379354182559 }, "geometry": { "type": "LineString", "coordinates": [ [ -75.581775, 6.246631 ], [ -75.377316, 6.147148 ] ] } },
{ "type": "Feature", "properties": { "source": "MEDELLÍN", "target": "GUARNE", "distance": 0.5, "betweenness": 0.00015255530129672007, "weight": 0.10015255530129673 }, "geometry": { "type": "LineString", "coordinates": [ [ -75.581775, 6.246631 ], [ -75.441612, 6.27787 ] ] } },
{ "type": "Feature", "properties": { "source": "MEDELLÍN", "target": "RETIRO", "distance": 0.5, "betweenness": 0.0024790236460717012, "weight": 0.10247902364607171 }, "geometry": { "type": "LineString", "coordinates": [ [ -75.581775, 6.246631 ], [ -75.501301, 6.062454 ] ] } },
{ "type": "Feature", "properties": { "source": "MEDELLÍN", "target": "LA ESTRELLA", "distance": 0.5, "betweenness": 0.0016781083142639206, "weight": 0.10167810831426392 }, "geometry": { "type": "LineString", "coordinates": [ [ -75.581775, 6.246631 ], [ -75.637708, 6.145238 ] ] } },
{ "type": "Feature", "properties": { "source": "MEDELLÍN", "target": "GIRARDOTA", "distance": 0.5, "betweenness": 0.00032078989744893638, "weight": 0.10032078989744894 }, "geometry": { "type": "LineString", "coordinates": [ [ -75.581775, 6.246631 ], [ -75.444238, 6.379472 ] ] } },
{ "type": "Feature", "properties": { "source": "MEDELLÍN", "target": "ANZÁ", "distance": 0.5, "betweenness": 0.0029494024917365879, "weight": 0.10294940249173659 }, "geometry": { "type": "LineString", "coordinates": [ [ -75.581775, 6.246631 ], [ -75.854442, 6.302641 ] ] } },
{ "type": "Feature", "properties": { "source": "MEDELLÍN", "target": "ANGELÓPOLIS", "distance": 0.5, "betweenness": 0.0, "weight": 0.1 }, "geometry": { "type": "LineString", "coordinates": [ [ -75.581775, 6.246631 ], [ -75.711389, 6.109719 ] ] } },
{ "type": "Feature", "properties": { "source": "MEDELLÍN", "target": "AMAGÁ", "distance": 0.5, "betweenness": 0.0023391812865497076, "weight": 0.10233918128654972 }, "geometry": { "type": "LineString", "coordinates": [ [ -75.581775, 6.246631 ], [ -75.702188, 6.038708 ] ] } },
{ "type": "Feature", "properties": { "source": "MEDELLÍN", "target": "EBÉJICO", "distance": 0.33333333333333331, "betweenness": 0.0016069158403254511, "weight": 0.10160691584032545 }, "geometry": { "type": "LineString", "coordinates": [ [ -75.581775, 6.246631 ], [ -75.766413, 6.325615 ] ] } },
{ "type": "Feature", "properties": { "source": "MEDELLÍN", "target": "ENVIGADO", "distance": 0.5, "betweenness": 0.00061022120518688027, "weight": 0.10061022120518688 }, "geometry": { "type": "LineString", "coordinates": [ [ -75.581775, 6.246631 ], [ -75.582192, 6.166695 ] ] } },
{ "type": "Feature", "properties": { "source": "MEDELLÍN", "target": "COPACABANA", "distance": 0.5, "betweenness": 0.0002288329519450801, "weight": 0.10022883295194508 }, "geometry": { "type": "LineString", "coordinates": [ [ -75.581775, 6.246631 ], [ -75.509384, 6.348557 ] ] } },
{ "type": "Feature", "properties": { "source": "MEDELLÍN", "target": "CALDAS", "distance": 0.33333333333333331, "betweenness": 0.0047101449275362322, "weight": 0.10471014492753623 }, "geometry": { "type": "LineString", "coordinates": [ [ -75.581775, 6.246631 ], [ -75.633673, 6.091077 ] ] } },
{ "type": "Feature", "properties": { "source": "MEDELLÍN", "target": "HELICONIA", "distance": 0.5, "betweenness": 0.0017861683193490974, "weight": 0.1017861683193491 }, "geometry": { "type": "LineString", "coordinates": [ [ -75.581775, 6.246631 ], [ -75.734322, 6.206757 ] ] } },
{ "type": "Feature", "properties": { "source": "MEDELLÍN", "target": "SABANETA", "distance": 0.5, "betweenness": 0.0025934401220442413, "weight": 0.10259344012204424 }, "geometry": { "type": "LineString", "coordinates": [ [ -75.581775, 6.246631 ], [ -75.615479, 6.149903 ] ] } },
{ "type": "Feature", "properties": { "source": "MEDELLÍN", "target": "BETULIA", "distance": 0.5, "betweenness": 0.006697177726926011, "weight": 0.10669717772692602 }, "geometry": { "type": "LineString", "coordinates": [ [ -75.581775, 6.246631 ], [ -75.984452, 6.115208 ] ] } },
{ "type": "Feature", "properties": { "source": "MEDELLÍN", "target": "ARMENIA", "distance": 0.5, "betweenness": 0.00224510551741673, "weight": 0.10224510551741674 }, "geometry": { "type": "LineString", "coordinates": [ [ -75.581775, 6.246631 ], [ -75.786647, 6.155667 ] ] } },
{ "type": "Feature", "properties": { "source": "MEDELLÍN", "target": "TITIRIBÍ", "distance": 0.33333333333333331, "betweenness": 0.0089295703025680136, "weight": 0.10892957030256802 }, "geometry": { "type": "LineString", "coordinates": [ [ -75.581775, 6.246631 ], [ -75.791887, 6.062391 ] ] } },
{ "type": "Feature", "properties": { "source": "MEDELLÍN", "target": "VENECIA", "distance": 0.5, "betweenness": 0.0021612001017035343, "weight": 0.10216120010170354 }, "geometry": { "type": "LineString", "coordinates": [ [ -75.581775, 6.246631 ], [ -75.735544, 5.964693 ] ] } },
{ "type": "Feature", "properties": { "source": "MEDELLÍN", "target": "SANTA BÁRBARA", "distance": 0.5, "betweenness": 0.002574370709382151, "weight": 0.10257437070938216 }, "geometry": { "type": "LineString", "coordinates": [ [ -75.581775, 6.246631 ], [ -75.567351, 5.875527 ] ] } },
{ "type": "Feature", "properties": { "source": "MEDELLÍN", "target": "CONCORDIA", "distance": 0.5, "betweenness": 0.0028095601322145947, "weight": 0.10280956013221459 }, "geometry": { "type": "LineString", "coordinates": [ [ -75.581775, 6.246631 ], [ -75.908448, 6.045738 ] ] } },
{ "type": "Feature", "properties": { "source": "MEDELLÍN", "target": "SAN VICENTE FERRER", "distance": 0.5, "betweenness": 0.0002288329519450801, "weight": 0.10022883295194508 }, "geometry": { "type": "LineString", "coordinates": [ [ -75.581775, 6.246631 ], [ -75.332616, 6.282164 ] ] } },
{ "type": "Feature", "properties": { "source": "MEDELLÍN", "target": "ITAGÜÍ", "distance": 0.5, "betweenness": 0.0012289177048902451, "weight": 0.10122891770489024 }, "geometry": { "type": "LineString", "coordinates": [ [ -75.581775, 6.246631 ], [ -75.612056, 6.175079 ] ] } },
{ "type": "Feature", "properties": { "source": "MEDELLÍN", "target": "EL CARMEN DE VIBORAL", "distance": 0.5, "betweenness": 0.0018611746758199848, "weight": 0.10186117467582 }, "geometry": { "type": "LineString", "coordinates": [ [ -75.581775, 6.246631 ], [ -75.333901, 6.082885 ] ] } },
{ "type": "Feature", "properties": { "source": "MEDELLÍN", "target": "LA CEJA", "distance": 0.5, "betweenness": 0.0019069412662090009, "weight": 0.101906941266209 }, "geometry": { "type": "LineString", "coordinates": [ [ -75.581775, 6.246631 ], [ -75.429433, 6.028062 ] ] } },
{ "type": "Feature", "properties": { "source": "MEDELLÍN", "target": "FREDONIA", "distance": 0.5, "betweenness": 0.0041253496058988055, "weight": 0.10412534960589881 }, "geometry": { "type": "LineString", "coordinates": [ [ -75.581775, 6.246631 ], [ -75.675072, 5.928039 ] ] } },
{ "type": "Feature", "properties": { "source": "MEDELLÍN", "target": "MARINILLA", "distance": 0.33333333333333331, "betweenness": 0.0049961861174675822, "weight": 0.10499618611746758 }, "geometry": { "type": "LineString", "coordinates": [ [ -75.581775, 6.246631 ], [ -75.339345, 6.173995 ] ] } },
{ "type": "Feature", "properties": { "source": "MEDELLÍN", "target": "LA UNIÓN", "distance": 0.5, "betweenness": 0.0082634121535723384, "weight": 0.10826341215357234 }, "geometry": { "type": "LineString", "coordinates": [ [ -75.581775, 6.246631 ], [ -75.360874, 5.973845 ] ] } },
{ "type": "Feature", "properties": { "source": "MEDELLÍN", "target": "BARBOSA", "distance": 0.5, "betweenness": 0.00041952707856598016, "weight": 0.10041952707856598 }, "geometry": { "type": "LineString", "coordinates": [ [ -75.581775, 6.246631 ], [ -75.331627, 6.439195 ] ] } },
{ "type": "Feature", "properties": { "source": "MEDELLÍN", "target": "MONTEBELLO", "distance": 0.25, "betweenness": 0.020531400966183576, "weight": 0.12053140096618359 }, "geometry": { "type": "LineString", "coordinates": [ [ -75.581775, 6.246631 ], [ -75.523455, 5.946313 ] ] } },
{ "type": "Feature", "properties": { "source": "MEDELLÍN", "target": "EL SANTUARIO", "distance": 0.5, "betweenness": 0.0038774472412916347, "weight": 0.10387744724129164 }, "geometry": { "type": "LineString", "coordinates": [ [ -75.581775, 6.246631 ], [ -75.265465, 6.136871 ] ] } },
{ "type": "Feature", "properties": { "source": "MEDELLÍN", "target": "PEÑOL", "distance": 0.5, "betweenness": 0.0028095601322145943, "weight": 0.10280956013221459 }, "geometry": { "type": "LineString", "coordinates": [ [ -75.581775, 6.246631 ], [ -75.242693, 6.219349 ] ] } },
{ "type": "Feature", "properties": { "source": "MEDELLÍN", "target": "CONCEPCIÓN", "distance": 0.5, "betweenness": 0.00068014238494787697, "weight": 0.10068014238494788 }, "geometry": { "type": "LineString", "coordinates": [ [ -75.581775, 6.246631 ], [ -75.257587, 6.394348 ] ] } },
{ "type": "Feature", "properties": { "source": "MEDELLÍN", "target": "ABEJORRAL", "distance": 1.0, "betweenness": 0.0, "weight": 0.1 }, "geometry": { "type": "LineString", "coordinates": [ [ -75.581775, 6.246631 ], [ -75.428739, 5.789315 ] ] } },
{ "type": "Feature", "properties": { "source": "MEDELLÍN", "target": "COCORNÁ", "distance": 0.5, "betweenness": 0.0019120264429188915, "weight": 0.1019120264429189 }, "geometry": { "type": "LineString", "coordinates": [ [ -75.581775, 6.246631 ], [ -75.185483, 6.058295 ] ] } },
{ "type": "Feature", "properties": { "source": "BARBOSA", "target": "ALEJANDRÍA", "distance": 0.5, "betweenness": 0.00084159674548690572, "weight": 0.10084159674548691 }, "geometry": { "type": "LineString", "coordinates": [ [ -75.331627, 6.439195 ], [ -75.141346, 6.376061 ] ] } },
{ "type": "Feature", "properties": { "source": "BARBOSA", "target": "GIRARDOTA", "distance": 0.5, "betweenness": 0.00015255530129672007, "weight": 0.10015255530129673 }, "geometry": { "type": "LineString", "coordinates": [ [ -75.331627, 6.439195 ], [ -75.444238, 6.379472 ] ] } },
{ "type": "Feature", "properties": { "source": "BARBOSA", "target": "GUARNE", "distance": 0.5, "betweenness": 0.00041189931350114423, "weight": 0.10041189931350115 }, "geometry": { "type": "LineString", "coordinates": [ [ -75.331627, 6.439195 ], [ -75.441612, 6.27787 ] ] } },
{ "type": "Feature", "properties": { "source": "BARBOSA", "target": "SAN VICENTE FERRER", "distance": 0.5, "betweenness": 0.0002288329519450801, "weight": 0.10022883295194508 }, "geometry": { "type": "LineString", "coordinates": [ [ -75.331627, 6.439195 ], [ -75.332616, 6.282164 ] ] } },
{ "type": "Feature", "properties": { "source": "BARBOSA", "target": "GUATAPÉ", "distance": 0.5, "betweenness": 0.0010170353419781336, "weight": 0.10101703534197815 }, "geometry": { "type": "LineString", "coordinates": [ [ -75.331627, 6.439195 ], [ -75.160041, 6.232461 ] ] } },
{ "type": "Feature", "properties": { "source": "BARBOSA", "target": "COPACABANA", "distance": 0.5, "betweenness": 0.00019069412662090009, "weight": 0.10019069412662091 }, "geometry": { "type": "LineString", "coordinates": [ [ -75.331627, 6.439195 ], [ -75.509384, 6.348557 ] ] } },
{ "type": "Feature", "properties": { "source": "BARBOSA", "target": "CONCEPCIÓN", "distance": 0.5, "betweenness": 0.0002288329519450801, "weight": 0.10022883295194508 }, "geometry": { "type": "LineString", "coordinates": [ [ -75.331627, 6.439195 ], [ -75.257587, 6.394348 ] ] } },
{ "type": "Feature", "properties": { "source": "BARBOSA", "target": "SANTO DOMINGO", "distance": 0.5, "betweenness": 0.00033562166285278419, "weight": 0.10033562166285279 }, "geometry": { "type": "LineString", "coordinates": [ [ -75.331627, 6.439195 ], [ -75.164903, 6.473032 ] ] } },
{ "type": "Feature", "properties": { "source": "BARBOSA", "target": "CISNEROS", "distance": 0.5, "betweenness": 0.0014937706585303838, "weight": 0.10149377065853039 }, "geometry": { "type": "LineString", "coordinates": [ [ -75.331627, 6.439195 ], [ -75.087047, 6.537829 ] ] } },
{ "type": "Feature", "properties": { "source": "BARBOSA", "target": "PEÑOL", "distance": 0.5, "betweenness": 0.00050851767098906682, "weight": 0.10050851767098908 }, "geometry": { "type": "LineString", "coordinates": [ [ -75.331627, 6.439195 ], [ -75.242693, 6.219349 ] ] } },
{ "type": "Feature", "properties": { "source": "BARBOSA", "target": "MARINILLA", "distance": 0.5, "betweenness": 0.00030511060259344014, "weight": 0.10030511060259345 }, "geometry": { "type": "LineString", "coordinates": [ [ -75.331627, 6.439195 ], [ -75.339345, 6.173995 ] ] } },
{ "type": "Feature", "properties": { "source": "BARBOSA", "target": "RIONEGRO", "distance": 0.5, "betweenness": 0.0011365369946605645, "weight": 0.10113653699466058 }, "geometry": { "type": "LineString", "coordinates": [ [ -75.331627, 6.439195 ], [ -75.377316, 6.147148 ] ] } },
{ "type": "Feature", "properties": { "source": "BARBOSA", "target": "SAN ROQUE", "distance": 0.5, "betweenness": 0.00064708873633358751, "weight": 0.10064708873633359 }, "geometry": { "type": "LineString", "coordinates": [ [ -75.331627, 6.439195 ], [ -75.019109, 6.485939 ] ] } },
{ "type": "Feature", "properties": { "source": "BARBOSA", "target": "SAN RAFAEL", "distance": 0.5, "betweenness": 0.0020391558606661585, "weight": 0.10203915586066617 }, "geometry": { "type": "LineString", "coordinates": [ [ -75.331627, 6.439195 ], [ -75.02849, 6.293759 ] ] } },
{ "type": "Feature", "properties": { "source": "BARBOSA", "target": "EL CARMEN DE VIBORAL", "distance": 0.33333333333333331, "betweenness": 0.0055924230867022626, "weight": 0.10559242308670228 }, "geometry": { "type": "LineString", "coordinates": [ [ -75.331627, 6.439195 ], [ -75.333901, 6.082885 ] ] } },
{ "type": "Feature", "properties": { "source": "BARBOSA", "target": "ENVIGADO", "distance": 0.5, "betweenness": 0.00084413933384185102, "weight": 0.10084413933384186 }, "geometry": { "type": "LineString", "coordinates": [ [ -75.331627, 6.439195 ], [ -75.582192, 6.166695 ] ] } },
{ "type": "Feature", "properties": { "source": "BARBOSA", "target": "SAN CARLOS", "distance": 1.0, "betweenness": 0.0, "weight": 0.1 }, "geometry": { "type": "LineString", "coordinates": [ [ -75.331627, 6.439195 ], [ -74.988097, 6.187746 ] ] } },
{ "type": "Feature", "properties": { "source": "BARBOSA", "target": "EL SANTUARIO", "distance": 0.5, "betweenness": 0.00095347063310450046, "weight": 0.1009534706331045 }, "geometry": { "type": "LineString", "coordinates": [ [ -75.331627, 6.439195 ], [ -75.265465, 6.136871 ] ] } },
{ "type": "Feature", "properties": { "source": "BARBOSA", "target": "RETIRO", "distance": 0.33333333333333331, "betweenness": 0.0073468090516145444, "weight": 0.10734680905161455 }, "geometry": { "type": "LineString", "coordinates": [ [ -75.331627, 6.439195 ], [ -75.501301, 6.062454 ] ] } },
{ "type": "Feature", "properties": { "source": "BARBOSA", "target": "GRANADA", "distance": 0.5, "betweenness": 0.00075006356470887366, "weight": 0.10075006356470888 }, "geometry": { "type": "LineString", "coordinates": [ [ -75.331627, 6.439195 ], [ -75.184446, 6.142892 ] ] } },
{ "type": "Feature", "properties": { "source": "COPACABANA", "target": "PEÑOL", "distance": 0.5, "betweenness": 0.00035596236969234681, "weight": 0.10035596236969235 }, "geometry": { "type": "LineString", "coordinates": [ [ -75.509384, 6.348557 ], [ -75.242693, 6.219349 ] ] } },
{ "type": "Feature", "properties": { "source": "COPACABANA", "target": "GUARNE", "distance": 0.5, "betweenness": 0.00015255530129672007, "weight": 0.10015255530129673 }, "geometry": { "type": "LineString", "coordinates": [ [ -75.509384, 6.348557 ], [ -75.441612, 6.27787 ] ] } },
{ "type": "Feature", "properties": { "source": "COPACABANA", "target": "RETIRO", "distance": 0.5, "betweenness": 0.00035596236969234681, "weight": 0.10035596236969235 }, "geometry": { "type": "LineString", "coordinates": [ [ -75.509384, 6.348557 ], [ -75.501301, 6.062454 ] ] } },
{ "type": "Feature", "properties": { "source": "COPACABANA", "target": "SAN VICENTE FERRER", "distance": 0.5, "betweenness": 0.00035596236969234681, "weight": 0.10035596236969235 }, "geometry": { "type": "LineString", "coordinates": [ [ -75.509384, 6.348557 ], [ -75.332616, 6.282164 ] ] } },
{ "type": "Feature", "properties": { "source": "COPACABANA", "target": "ENVIGADO", "distance": 0.25, "betweenness": 0.0035850495804729218, "weight": 0.10358504958047293 }, "geometry": { "type": "LineString", "coordinates": [ [ -75.509384, 6.348557 ], [ -75.582192, 6.166695 ] ] } },
{ "type": "Feature", "properties": { "source": "COPACABANA", "target": "RIONEGRO", "distance": 0.5, "betweenness": 0.000661072972285787, "weight": 0.1006610729722858 }, "geometry": { "type": "LineString", "coordinates": [ [ -75.509384, 6.348557 ], [ -75.377316, 6.147148 ] ] } },
{ "type": "Feature", "properties": { "source": "COPACABANA", "target": "EBÉJICO", "distance": 0.5, "betweenness": 0.00020340706839562674, "weight": 0.10020340706839563 }, "geometry": { "type": "LineString", "coordinates": [ [ -75.509384, 6.348557 ], [ -75.766413, 6.325615 ] ] } },
{ "type": "Feature", "properties": { "source": "COPACABANA", "target": "CONCEPCIÓN", "distance": 0.5, "betweenness": 0.00048309178743961346, "weight": 0.10048309178743962 }, "geometry": { "type": "LineString", "coordinates": [ [ -75.509384, 6.348557 ], [ -75.257587, 6.394348 ] ] } },
{ "type": "Feature", "properties": { "source": "COPACABANA", "target": "GIRARDOTA", "distance": 0.5, "betweenness": 0.00020340706839562674, "weight": 0.10020340706839563 }, "geometry": { "type": "LineString", "coordinates": [ [ -75.509384, 6.348557 ], [ -75.444238, 6.379472 ] ] } },
{ "type": "Feature", "properties": { "source": "COPACABANA", "target": "MARINILLA", "distance": 0.5, "betweenness": 0.00019069412662090009, "weight": 0.10019069412662091 }, "geometry": { "type": "LineString", "coordinates": [ [ -75.509384, 6.348557 ], [ -75.339345, 6.173995 ] ] } },
{ "type": "Feature", "properties": { "source": "COPACABANA", "target": "HELICONIA", "distance": 0.33333333333333331, "betweenness": 0.0027841342486651407, "weight": 0.10278413424866514 }, "geometry": { "type": "LineString", "coordinates": [ [ -75.509384, 6.348557 ], [ -75.734322, 6.206757 ] ] } },
{ "type": "Feature", "properties": { "source": "COPACABANA", "target": "LA ESTRELLA", "distance": 0.33333333333333331, "betweenness": 0.0021230612763793537, "weight": 0.10212306127637936 }, "geometry": { "type": "LineString", "coordinates": [ [ -75.509384, 6.348557 ], [ -75.637708, 6.145238 ] ] } },
{ "type": "Feature", "properties": { "source": "COPACABANA", "target": "ANGELÓPOLIS", "distance": 0.5, "betweenness": 0.0002288329519450801, "weight": 0.10022883295194508 }, "geometry": { "type": "LineString", "coordinates": [ [ -75.509384, 6.348557 ], [ -75.711389, 6.109719 ] ] } },
{ "type": "Feature", "properties": { "source": "COPACABANA", "target": "EL CARMEN DE VIBORAL", "distance": 0.5, "betweenness": 0.00035596236969234681, "weight": 0.10035596236969235 }, "geometry": { "type": "LineString", "coordinates": [ [ -75.509384, 6.348557 ], [ -75.333901, 6.082885 ] ] } },
{ "type": "Feature", "properties": { "source": "COPACABANA", "target": "CALDAS", "distance": 0.5, "betweenness": 0.0002288329519450801, "weight": 0.10022883295194508 }, "geometry": { "type": "LineString", "coordinates": [ [ -75.509384, 6.348557 ], [ -75.633673, 6.091077 ] ] } },
{ "type": "Feature", "properties": { "source": "COPACABANA", "target": "ITAGÜÍ", "distance": 0.33333333333333331, "betweenness": 0.00057208237986270023, "weight": 0.1005720823798627 }, "geometry": { "type": "LineString", "coordinates": [ [ -75.509384, 6.348557 ], [ -75.612056, 6.175079 ] ] } },
{ "type": "Feature", "properties": { "source": "COPACABANA", "target": "SABANETA", "distance": 0.5, "betweenness": 0.0, "weight": 0.1 }, "geometry": { "type": "LineString", "coordinates": [ [ -75.509384, 6.348557 ], [ -75.615479, 6.149903 ] ] } },
{ "type": "Feature", "properties": { "source": "COPACABANA", "target": "SANTO DOMINGO", "distance": 0.5, "betweenness": 0.00088990592423086716, "weight": 0.10088990592423087 }, "geometry": { "type": "LineString", "coordinates": [ [ -75.509384, 6.348557 ], [ -75.164903, 6.473032 ] ] } },
{ "type": "Feature", "properties": { "source": "COPACABANA", "target": "EL SANTUARIO", "distance": 0.5, "betweenness": 0.0003941011950165268, "weight": 0.10039410119501653 }, "geometry": { "type": "LineString", "coordinates": [ [ -75.509384, 6.348557 ], [ -75.265465, 6.136871 ] ] } },
{ "type": "Feature", "properties": { "source": "COPACABANA", "target": "LA CEJA", "distance": 1.0, "betweenness": 0.0, "weight": 0.1 }, "geometry": { "type": "LineString", "coordinates": [ [ -75.509384, 6.348557 ], [ -75.429433, 6.028062 ] ] } },
{ "type": "Feature", "properties": { "source": "GIRARDOTA", "target": "CONCEPCIÓN", "distance": 0.5, "betweenness": 0.00035596236969234681, "weight": 0.10035596236969235 }, "geometry": { "type": "LineString", "coordinates": [ [ -75.444238, 6.379472 ], [ -75.257587, 6.394348 ] ] } },
{ "type": "Feature", "properties": { "source": "GIRARDOTA", "target": "RIONEGRO", "distance": 0.5, "betweenness": 0.00030511060259344014, "weight": 0.10030511060259345 }, "geometry": { "type": "LineString", "coordinates": [ [ -75.444238, 6.379472 ], [ -75.377316, 6.147148 ] ] } },
{ "type": "Feature", "properties": { "source": "GIRARDOTA", "target": "MARINILLA", "distance": 0.5, "betweenness": 0.00015255530129672007, "weight": 0.10015255530129673 }, "geometry": { "type": "LineString", "coordinates": [ [ -75.444238, 6.379472 ], [ -75.339345, 6.173995 ] ] } },
{ "type": "Feature", "properties": { "source": "GIRARDOTA", "target": "SAN VICENTE FERRER", "distance": 0.5, "betweenness": 0.00020340706839562674, "weight": 0.10020340706839563 }, "geometry": { "type": "LineString", "coordinates": [ [ -75.444238, 6.379472 ], [ -75.332616, 6.282164 ] ] } },
{ "type": "Feature", "properties": { "source": "GIRARDOTA", "target": "GUARNE", "distance": 0.5, "betweenness": 0.00020340706839562674, "weight": 0.10020340706839563 }, "geometry": { "type": "LineString", "coordinates": [ [ -75.444238, 6.379472 ], [ -75.441612, 6.27787 ] ] } },
{ "type": "Feature", "properties": { "source": "GIRARDOTA", "target": "SANTO DOMINGO", "distance": 0.5, "betweenness": 0.00061022120518688027, "weight": 0.10061022120518688 }, "geometry": { "type": "LineString", "coordinates": [ [ -75.444238, 6.379472 ], [ -75.164903, 6.473032 ] ] } },
{ "type": "Feature", "properties": { "source": "GIRARDOTA", "target": "PEÑOL", "distance": 0.5, "betweenness": 0.00015255530129672007, "weight": 0.10015255530129673 }, "geometry": { "type": "LineString", "coordinates": [ [ -75.444238, 6.379472 ], [ -75.242693, 6.219349 ] ] } },
{ "type": "Feature", "properties": { "source": "GIRARDOTA", "target": "ENVIGADO", "distance": 0.5, "betweenness": 0.0, "weight": 0.1 }, "geometry": { "type": "LineString", "coordinates": [ [ -75.444238, 6.379472 ], [ -75.582192, 6.166695 ] ] } },
{ "type": "Feature", "properties": { "source": "GIRARDOTA", "target": "RETIRO", "distance": 0.25, "betweenness": 0.0035452762340634201, "weight": 0.10354527623406343 }, "geometry": { "type": "LineString", "coordinates": [ [ -75.444238, 6.379472 ], [ -75.501301, 6.062454 ] ] } },
{ "type": "Feature", "properties": { "source": "GIRARDOTA", "target": "EBÉJICO", "distance": 0.5, "betweenness": 0.00037164166454784311, "weight": 0.10037164166454784 }, "geometry": { "type": "LineString", "coordinates": [ [ -75.444238, 6.379472 ], [ -75.766413, 6.325615 ] ] } },
{ "type": "Feature", "properties": { "source": "GIRARDOTA", "target": "ITAGÜÍ", "distance": 0.33333333333333331, "betweenness": 0.00052631578947368431, "weight": 0.10052631578947369 }, "geometry": { "type": "LineString", "coordinates": [ [ -75.444238, 6.379472 ], [ -75.612056, 6.175079 ] ] } },
{ "type": "Feature", "properties": { "source": "GIRARDOTA", "target": "EL CARMEN DE VIBORAL", "distance": 0.5, "betweenness": 0.00030511060259344014, "weight": 0.10030511060259345 }, "geometry": { "type": "LineString", "coordinates": [ [ -75.444238, 6.379472 ], [ -75.333901, 6.082885 ] ] } },
{ "type": "Feature", "properties": { "source": "GIRARDOTA", "target": "EL SANTUARIO", "distance": 0.5, "betweenness": 0.00019069412662090009, "weight": 0.10019069412662091 }, "geometry": { "type": "LineString", "coordinates": [ [ -75.444238, 6.379472 ], [ -75.265465, 6.136871 ] ] } },
{ "type": "Feature", "properties": { "source": "GIRARDOTA", "target": "CALDAS", "distance": 0.5, "betweenness": 0.00064073226544622433, "weight": 0.10064073226544623 }, "geometry": { "type": "LineString", "coordinates": [ [ -75.444238, 6.379472 ], [ -75.633673, 6.091077 ] ] } },
{ "type": "Feature", "properties": { "source": "GIRARDOTA", "target": "GUATAPÉ", "distance": 0.33333333333333331, "betweenness": 0.0038138825324180018, "weight": 0.10381388253241801 }, "geometry": { "type": "LineString", "coordinates": [ [ -75.444238, 6.379472 ], [ -75.160041, 6.232461 ] ] } },
{ "type": "Feature", "properties": { "source": "GIRARDOTA", "target": "ALEJANDRÍA", "distance": 1.0, "betweenness": 0.0, "weight": 0.1 }, "geometry": { "type": "LineString", "coordinates": [ [ -75.444238, 6.379472 ], [ -75.141346, 6.376061 ] ] } },
{ "type": "Feature", "properties": { "source": "GIRARDOTA", "target": "SABANETA", "distance": 0.25, "betweenness": 0.0043875994333660243, "weight": 0.10438759943336604 }, "geometry": { "type": "LineString", "coordinates": [ [ -75.444238, 6.379472 ], [ -75.615479, 6.149903 ] ] } },
{ "type": "Feature", "properties": { "source": "EBÉJICO", "target": "CALDAS", "distance": 0.5, "betweenness": 0.0002288329519450801, "weight": 0.10022883295194508 }, "geometry": { "type": "LineString", "coordinates": [ [ -75.766413, 6.325615 ], [ -75.633673, 6.091077 ] ] } },
{ "type": "Feature", "properties": { "source": "EBÉJICO", "target": "ANZÁ", "distance": 0.5, "betweenness": 0.00053394355453852019, "weight": 0.10053394355453853 }, "geometry": { "type": "LineString", "coordinates": [ [ -75.766413, 6.325615 ], [ -75.854442, 6.302641 ] ] } },
{ "type": "Feature", "properties": { "source": "EBÉJICO", "target": "ARMENIA", "distance": 0.5, "betweenness": 0.00034579201627256547, "weight": 0.10034579201627257 }, "geometry": { "type": "LineString", "coordinates": [ [ -75.766413, 6.325615 ], [ -75.786647, 6.155667 ] ] } },
{ "type": "Feature", "properties": { "source": "EBÉJICO", "target": "BETULIA", "distance": 0.5, "betweenness": 0.0015357233663869823, "weight": 0.10153572336638698 }, "geometry": { "type": "LineString", "coordinates": [ [ -75.766413, 6.325615 ], [ -75.984452, 6.115208 ] ] } },
{ "type": "Feature", "properties": { "source": "EBÉJICO", "target": "CONCORDIA", "distance": 0.33333333333333331, "betweenness": 0.0045953046868378675, "weight": 0.10459530468683788 }, "geometry": { "type": "LineString", "coordinates": [ [ -75.766413, 6.325615 ], [ -75.908448, 6.045738 ] ] } },
{ "type": "Feature", "properties": { "source": "EBÉJICO", "target": "ANGELÓPOLIS", "distance": 0.5, "betweenness": 0.00017798118484617343, "weight": 0.10017798118484618 }, "geometry": { "type": "LineString", "coordinates": [ [ -75.766413, 6.325615 ], [ -75.711389, 6.109719 ] ] } },
{ "type": "Feature", "properties": { "source": "EBÉJICO", "target": "HELICONIA", "distance": 0.5, "betweenness": 0.00024790236460717012, "weight": 0.10024790236460718 }, "geometry": { "type": "LineString", "coordinates": [ [ -75.766413, 6.325615 ], [ -75.734322, 6.206757 ] ] } },
{ "type": "Feature", "properties": { "source": "EBÉJICO", "target": "LA ESTRELLA", "distance": 0.5, "betweenness": 0.00025425883549453341, "weight": 0.10025425883549453 }, "geometry": { "type": "LineString", "coordinates": [ [ -75.766413, 6.325615 ], [ -75.637708, 6.145238 ] ] } },
{ "type": "Feature", "properties": { "source": "EBÉJICO", "target": "AMAGÁ", "distance": 0.5, "betweenness": 0.00050851767098906682, "weight": 0.10050851767098908 }, "geometry": { "type": "LineString", "coordinates": [ [ -75.766413, 6.325615 ], [ -75.702188, 6.038708 ] ] } },
{ "type": "Feature", "properties": { "source": "EBÉJICO", "target": "ENVIGADO", "distance": 0.33333333333333331, "betweenness": 0.0030638189677091279, "weight": 0.10306381896770914 }, "geometry": { "type": "LineString", "coordinates": [ [ -75.766413, 6.325615 ], [ -75.582192, 6.166695 ] ] } },
{ "type": "Feature", "properties": { "source": "EBÉJICO", "target": "GUARNE", "distance": 0.5, "betweenness": 0.0002288329519450801, "weight": 0.10022883295194508 }, "geometry": { "type": "LineString", "coordinates": [ [ -75.766413, 6.325615 ], [ -75.441612, 6.27787 ] ] } },
{ "type": "Feature", "properties": { "source": "EBÉJICO", "target": "RETIRO", "distance": 0.33333333333333331, "betweenness": 0.0048538011695906441, "weight": 0.10485380116959064 }, "geometry": { "type": "LineString", "coordinates": [ [ -75.766413, 6.325615 ], [ -75.501301, 6.062454 ] ] } },
{ "type": "Feature", "properties": { "source": "EBÉJICO", "target": "TITIRIBÍ", "distance": 0.5, "betweenness": 0.00026697177726926009, "weight": 0.10026697177726926 }, "geometry": { "type": "LineString", "coordinates": [ [ -75.766413, 6.325615 ], [ -75.791887, 6.062391 ] ] } },
{ "type": "Feature", "properties": { "source": "EBÉJICO", "target": "SABANETA", "distance": 0.5, "betweenness": 0.00010678871090770404, "weight": 0.10010678871090771 }, "geometry": { "type": "LineString", "coordinates": [ [ -75.766413, 6.325615 ], [ -75.615479, 6.149903 ] ] } },
{ "type": "Feature", "properties": { "source": "EBÉJICO", "target": "RIONEGRO", "distance": 0.5, "betweenness": 0.0014162217137045512, "weight": 0.10141622171370455 }, "geometry": { "type": "LineString", "coordinates": [ [ -75.766413, 6.325615 ], [ -75.377316, 6.147148 ] ] } },
{ "type": "Feature", "properties": { "source": "EBÉJICO", "target": "ITAGÜÍ", "distance": 0.5, "betweenness": 0.00024578354097804899, "weight": 0.10024578354097806 }, "geometry": { "type": "LineString", "coordinates": [ [ -75.766413, 6.325615 ], [ -75.612056, 6.175079 ] ] } },
{ "type": "Feature", "properties": { "source": "EBÉJICO", "target": "VENECIA", "distance": 1.0, "betweenness": 0.0, "weight": 0.1 }, "geometry": { "type": "LineString", "coordinates": [ [ -75.766413, 6.325615 ], [ -75.735544, 5.964693 ] ] } },
{ "type": "Feature", "properties": { "source": "GUARNE", "target": "ENVIGADO", "distance": 0.5, "betweenness": 0.00015255530129672007, "weight": 0.10015255530129673 }, "geometry": { "type": "LineString", "coordinates": [ [ -75.441612, 6.27787 ], [ -75.582192, 6.166695 ] ] } },
{ "type": "Feature", "properties": { "source": "GUARNE", "target": "HELICONIA", "distance": 0.5, "betweenness": 0.00038138825324180017, "weight": 0.1003813882532418 }, "geometry": { "type": "LineString", "coordinates": [ [ -75.441612, 6.27787 ], [ -75.734322, 6.206757 ] ] } },
{ "type": "Feature", "properties": { "source": "GUARNE", "target": "MARINILLA", "distance": 0.5, "betweenness": 0.00015255530129672007, "weight": 0.10015255530129673 }, "geometry": { "type": "LineString", "coordinates": [ [ -75.441612, 6.27787 ], [ -75.339345, 6.173995 ] ] } },
{ "type": "Feature", "properties": { "source": "GUARNE", "target": "ANGELÓPOLIS", "distance": 0.25, "betweenness": 0.0033307907449783886, "weight": 0.10333079074497839 }, "geometry": { "type": "LineString", "coordinates": [ [ -75.441612, 6.27787 ], [ -75.711389, 6.109719 ] ] } },
{ "type": "Feature", "properties": { "source": "GUARNE", "target": "PEÑOL", "distance": 0.5, "betweenness": 0.00036231884057971015, "weight": 0.10036231884057971 }, "geometry": { "type": "LineString", "coordinates": [ [ -75.441612, 6.27787 ], [ -75.242693, 6.219349 ] ] } },
{ "type": "Feature", "properties": { "source": "GUARNE", "target": "EL SANTUARIO", "distance": 0.5, "betweenness": 0.00020456279037514734, "weight": 0.10020456279037515 }, "geometry": { "type": "LineString", "coordinates": [ [ -75.441612, 6.27787 ], [ -75.265465, 6.136871 ] ] } },
{ "type": "Feature", "properties": { "source": "GUARNE", "target": "CONCEPCIÓN", "distance": 0.5, "betweenness": 0.00020383083312145096, "weight": 0.10020383083312145 }, "geometry": { "type": "LineString", "coordinates": [ [ -75.441612, 6.27787 ], [ -75.257587, 6.394348 ] ] } },
{ "type": "Feature", "properties": { "source": "GUARNE", "target": "RIONEGRO", "distance": 0.5, "betweenness": 0.00030511060259344014, "weight": 0.10030511060259345 }, "geometry": { "type": "LineString", "coordinates": [ [ -75.441612, 6.27787 ], [ -75.377316, 6.147148 ] ] } },
{ "type": "Feature", "properties": { "source": "GUARNE", "target": "SAN VICENTE FERRER", "distance": 0.5, "betweenness": 0.0002288329519450801, "weight": 0.10022883295194508 }, "geometry": { "type": "LineString", "coordinates": [ [ -75.441612, 6.27787 ], [ -75.332616, 6.282164 ] ] } },
{ "type": "Feature", "properties": { "source": "GUARNE", "target": "RETIRO", "distance": 0.33333333333333331, "betweenness": 0.0038393084159674554, "weight": 0.10383930841596746 }, "geometry": { "type": "LineString", "coordinates": [ [ -75.441612, 6.27787 ], [ -75.501301, 6.062454 ] ] } },
{ "type": "Feature", "properties": { "source": "GUARNE", "target": "LA ESTRELLA", "distance": 0.5, "betweenness": 0.00019069412662090009, "weight": 0.10019069412662091 }, "geometry": { "type": "LineString", "coordinates": [ [ -75.441612, 6.27787 ], [ -75.637708, 6.145238 ] ] } },
{ "type": "Feature", "properties": { "source": "GUARNE", "target": "LA CEJA", "distance": 0.5, "betweenness": 0.00015255530129672007, "weight": 0.10015255530129673 }, "geometry": { "type": "LineString", "coordinates": [ [ -75.441612, 6.27787 ], [ -75.429433, 6.028062 ] ] } },
{ "type": "Feature", "properties": { "source": "GUARNE", "target": "EL CARMEN DE VIBORAL", "distance": 0.5, "betweenness": 0.00015255530129672007, "weight": 0.10015255530129673 }, "geometry": { "type": "LineString", "coordinates": [ [ -75.441612, 6.27787 ], [ -75.333901, 6.082885 ] ] } },
{ "type": "Feature", "properties": { "source": "GUARNE", "target": "CALDAS", "distance": 0.5, "betweenness": 0.0001779811848461734, "weight": 0.10017798118484618 }, "geometry": { "type": "LineString", "coordinates": [ [ -75.441612, 6.27787 ], [ -75.633673, 6.091077 ] ] } },
{ "type": "Feature", "properties": { "source": "GUARNE", "target": "ITAGÜÍ", "distance": 0.5, "betweenness": 0.00030511060259344014, "weight": 0.10030511060259345 }, "geometry": { "type": "LineString", "coordinates": [ [ -75.441612, 6.27787 ], [ -75.612056, 6.175079 ] ] } },
{ "type": "Feature", "properties": { "source": "GUARNE", "target": "SABANETA", "distance": 0.5, "betweenness": 0.00030511060259344014, "weight": 0.10030511060259345 }, "geometry": { "type": "LineString", "coordinates": [ [ -75.441612, 6.27787 ], [ -75.615479, 6.149903 ] ] } },
{ "type": "Feature", "properties": { "source": "GUARNE", "target": "SANTO DOMINGO", "distance": 0.5, "betweenness": 0.00031782354436816676, "weight": 0.10031782354436818 }, "geometry": { "type": "LineString", "coordinates": [ [ -75.441612, 6.27787 ], [ -75.164903, 6.473032 ] ] } },
{ "type": "Feature", "properties": { "source": "GUARNE", "target": "GUATAPÉ", "distance": 0.5, "betweenness": 0.0005212306127637935, "weight": 0.1005212306127638 }, "geometry": { "type": "LineString", "coordinates": [ [ -75.441612, 6.27787 ], [ -75.160041, 6.232461 ] ] } },
{ "type": "Feature", "properties": { "source": "GUARNE", "target": "SANTA BÁRBARA", "distance": 0.33333333333333331, "betweenness": 0.0077030796138347632, "weight": 0.10770307961383477 }, "geometry": { "type": "LineString", "coordinates": [ [ -75.441612, 6.27787 ], [ -75.567351, 5.875527 ] ] } },
{ "type": "Feature", "properties": { "source": "GUARNE", "target": "LA UNIÓN", "distance": 0.5, "betweenness": 0.0021993389270277145, "weight": 0.10219933892702772 }, "geometry": { "type": "LineString", "coordinates": [ [ -75.441612, 6.27787 ], [ -75.360874, 5.973845 ] ] } },
{ "type": "Feature", "properties": { "source": "GUARNE", "target": "MONTEBELLO", "distance": 0.5, "betweenness": 0.0002987541317060768, "weight": 0.10029875413170608 }, "geometry": { "type": "LineString", "coordinates": [ [ -75.441612, 6.27787 ], [ -75.523455, 5.946313 ] ] } },
{ "type": "Feature", "properties": { "source": "GUARNE", "target": "ALEJANDRÍA", "distance": 0.5, "betweenness": 0.00019069412662090009, "weight": 0.10019069412662091 }, "geometry": { "type": "LineString", "coordinates": [ [ -75.441612, 6.27787 ], [ -75.141346, 6.376061 ] ] } },
{ "type": "Feature", "properties": { "source": "GUARNE", "target": "GRANADA", "distance": 0.5, "betweenness": 0.00030511060259344014, "weight": 0.10030511060259345 }, "geometry": { "type": "LineString", "coordinates": [ [ -75.441612, 6.27787 ], [ -75.184446, 6.142892 ] ] } },
{ "type": "Feature", "properties": { "source": "GUARNE", "target": "COCORNÁ", "distance": 0.25, "betweenness": 0.0080714467327739643, "weight": 0.10807144673277397 }, "geometry": { "type": "LineString", "coordinates": [ [ -75.441612, 6.27787 ], [ -75.185483, 6.058295 ] ] } },
{ "type": "Feature", "properties": { "source": "GUARNE", "target": "SAN RAFAEL", "distance": 0.5, "betweenness": 0.00054665649631324698, "weight": 0.10054665649631325 }, "geometry": { "type": "LineString", "coordinates": [ [ -75.441612, 6.27787 ], [ -75.02849, 6.293759 ] ] } },
{ "type": "Feature", "properties": { "source": "GUARNE", "target": "AMAGÁ", "distance": 0.5, "betweenness": 0.0010297482837528604, "weight": 0.10102974828375287 }, "geometry": { "type": "LineString", "coordinates": [ [ -75.441612, 6.27787 ], [ -75.702188, 6.038708 ] ] } },
{ "type": "Feature", "properties": { "source": "SAN VICENTE FERRER", "target": "RETIRO", "distance": 0.5, "betweenness": 0.0011441647597254005, "weight": 0.1011441647597254 }, "geometry": { "type": "LineString", "coordinates": [ [ -75.332616, 6.282164 ], [ -75.501301, 6.062454 ] ] } },
{ "type": "Feature", "properties": { "source": "SAN VICENTE FERRER", "target": "PEÑOL", "distance": 0.5, "betweenness": 0.00020340706839562674, "weight": 0.10020340706839563 }, "geometry": { "type": "LineString", "coordinates": [ [ -75.332616, 6.282164 ], [ -75.242693, 6.219349 ] ] } },
{ "type": "Feature", "properties": { "source": "SAN VICENTE FERRER", "target": "RIONEGRO", "distance": 0.5, "betweenness": 0.0, "weight": 0.1 }, "geometry": { "type": "LineString", "coordinates": [ [ -75.332616, 6.282164 ], [ -75.377316, 6.147148 ] ] } },
{ "type": "Feature", "properties": { "source": "SAN VICENTE FERRER", "target": "EL CARMEN DE VIBORAL", "distance": 0.5, "betweenness": 0.00022520068286658679, "weight": 0.1002252006828666 }, "geometry": { "type": "LineString", "coordinates": [ [ -75.332616, 6.282164 ], [ -75.333901, 6.082885 ] ] } },
{ "type": "Feature", "properties": { "source": "SAN VICENTE FERRER", "target": "CONCEPCIÓN", "distance": 0.5, "betweenness": 7.6277650648360034e-05, "weight": 0.10007627765064836 }, "geometry": { "type": "LineString", "coordinates": [ [ -75.332616, 6.282164 ], [ -75.257587, 6.394348 ] ] } },
{ "type": "Feature", "properties": { "source": "SAN VICENTE FERRER", "target": "EL SANTUARIO", "distance": 0.33333333333333331, "betweenness": 0.0015764047800661072, "weight": 0.10157640478006612 }, "geometry": { "type": "LineString", "coordinates": [ [ -75.332616, 6.282164 ], [ -75.265465, 6.136871 ] ] } },
{ "type": "Feature", "properties": { "source": "SAN VICENTE FERRER", "target": "ALEJANDRÍA", "distance": 0.25, "betweenness": 0.0037604881769641501, "weight": 0.10376048817696415 }, "geometry": { "type": "LineString", "coordinates": [ [ -75.332616, 6.282164 ], [ -75.141346, 6.376061 ] ] } },
{ "type": "Feature", "properties": { "source": "SAN VICENTE FERRER", "target": "SANTO DOMINGO", "distance": 0.5, "betweenness": 0.00019069412662090009, "weight": 0.10019069412662091 }, "geometry": { "type": "LineString", "coordinates": [ [ -75.332616, 6.282164 ], [ -75.164903, 6.473032 ] ] } },
{ "type": "Feature", "properties": { "source": "SAN VICENTE FERRER", "target": "SAN RAFAEL", "distance": 0.5, "betweenness": 0.00015255530129672007, "weight": 0.10015255530129673 }, "geometry": { "type": "LineString", "coordinates": [ [ -75.332616, 6.282164 ], [ -75.02849, 6.293759 ] ] } },
{ "type": "Feature", "properties": { "source": "SAN VICENTE FERRER", "target": "GUATAPÉ", "distance": 0.5, "betweenness": 0.00015255530129672007, "weight": 0.10015255530129673 }, "geometry": { "type": "LineString", "coordinates": [ [ -75.332616, 6.282164 ], [ -75.160041, 6.232461 ] ] } },
{ "type": "Feature", "properties": { "source": "SAN VICENTE FERRER", "target": "ENVIGADO", "distance": 0.33333333333333331, "betweenness": 0.0066285278413424874, "weight": 0.1066285278413425 }, "geometry": { "type": "LineString", "coordinates": [ [ -75.332616, 6.282164 ], [ -75.582192, 6.166695 ] ] } },
{ "type": "Feature", "properties": { "source": "SAN VICENTE FERRER", "target": "MARINILLA", "distance": 0.5, "betweenness": 0.00020340706839562674, "weight": 0.10020340706839563 }, "geometry": { "type": "LineString", "coordinates": [ [ -75.332616, 6.282164 ], [ -75.339345, 6.173995 ] ] } },
{ "type": "Feature", "properties": { "source": "SAN VICENTE FERRER", "target": "GRANADA", "distance": 0.5, "betweenness": 0.00025425883549453341, "weight": 0.10025425883549453 }, "geometry": { "type": "LineString", "coordinates": [ [ -75.332616, 6.282164 ], [ -75.184446, 6.142892 ] ] } },
{ "type": "Feature", "properties": { "source": "SAN VICENTE FERRER", "target": "COCORNÁ", "distance": 0.5, "betweenness": 0.00040681413679125353, "weight": 0.10040681413679126 }, "geometry": { "type": "LineString", "coordinates": [ [ -75.332616, 6.282164 ], [ -75.185483, 6.058295 ] ] } },
{ "type": "Feature", "properties": { "source": "SAN VICENTE FERRER", "target": "SAN CARLOS", "distance": 0.25, "betweenness": 0.015832697686244599, "weight": 0.1158326976862446 }, "geometry": { "type": "LineString", "coordinates": [ [ -75.332616, 6.282164 ], [ -74.988097, 6.187746 ] ] } },
{ "type": "Feature", "properties": { "source": "SAN VICENTE FERRER", "target": "SAN ROQUE", "distance": 0.25, "betweenness": 0.011983400530311288, "weight": 0.11198340053031129 }, "geometry": { "type": "LineString", "coordinates": [ [ -75.332616, 6.282164 ], [ -75.019109, 6.485939 ] ] } },
{ "type": "Feature", "properties": { "source": "SAN VICENTE FERRER", "target": "CISNEROS", "distance": 0.5, "betweenness": 0.0019628782100177982, "weight": 0.1019628782100178 }, "geometry": { "type": "LineString", "coordinates": [ [ -75.332616, 6.282164 ], [ -75.087047, 6.537829 ] ] } },
{ "type": "Feature", "properties": { "source": "SAN VICENTE FERRER", "target": "LA CEJA", "distance": 0.5, "betweenness": 0.0009916094584286805, "weight": 0.10099160945842868 }, "geometry": { "type": "LineString", "coordinates": [ [ -75.332616, 6.282164 ], [ -75.429433, 6.028062 ] ] } },
{ "type": "Feature", "properties": { "source": "SAN VICENTE FERRER", "target": "ITAGÜÍ", "distance": 0.5, "betweenness": 0.0010297482837528604, "weight": 0.10102974828375287 }, "geometry": { "type": "LineString", "coordinates": [ [ -75.332616, 6.282164 ], [ -75.612056, 6.175079 ] ] } },
{ "type": "Feature", "properties": { "source": "SAN VICENTE FERRER", "target": "LA UNIÓN", "distance": 0.5, "betweenness": 0.0018560894991100942, "weight": 0.1018560894991101 }, "geometry": { "type": "LineString", "coordinates": [ [ -75.332616, 6.282164 ], [ -75.360874, 5.973845 ] ] } },
{ "type": "Feature", "properties": { "source": "SAN VICENTE FERRER", "target": "SABANETA", "distance": 0.25, "betweenness": 0.014537248919399948, "weight": 0.11453724891939995 }, "geometry": { "type": "LineString", "coordinates": [ [ -75.332616, 6.282164 ], [ -75.615479, 6.149903 ] ] } },
{ "type": "Feature", "properties": { "source": "SAN VICENTE FERRER", "target": "CALDAS", "distance": 1.0, "betweenness": 0.0, "weight": 0.1 }, "geometry": { "type": "LineString", "coordinates": [ [ -75.332616, 6.282164 ], [ -75.633673, 6.091077 ] ] } },
{ "type": "Feature", "properties": { "source": "CONCEPCIÓN", "target": "SANTO DOMINGO", "distance": 0.5, "betweenness": 0.00024154589371980676, "weight": 0.10024154589371981 }, "geometry": { "type": "LineString", "coordinates": [ [ -75.257587, 6.394348 ], [ -75.164903, 6.473032 ] ] } },
{ "type": "Feature", "properties": { "source": "CONCEPCIÓN", "target": "MARINILLA", "distance": 0.5, "betweenness": 0.00020340706839562674, "weight": 0.10020340706839563 }, "geometry": { "type": "LineString", "coordinates": [ [ -75.257587, 6.394348 ], [ -75.339345, 6.173995 ] ] } },
{ "type": "Feature", "properties": { "source": "CONCEPCIÓN", "target": "GUATAPÉ", "distance": 0.33333333333333331, "betweenness": 0.0041507754894482577, "weight": 0.10415077548944826 }, "geometry": { "type": "LineString", "coordinates": [ [ -75.257587, 6.394348 ], [ -75.160041, 6.232461 ] ] } },
{ "type": "Feature", "properties": { "source": "CONCEPCIÓN", "target": "PEÑOL", "distance": 0.5, "betweenness": 0.0002288329519450801, "weight": 0.10022883295194508 }, "geometry": { "type": "LineString", "coordinates": [ [ -75.257587, 6.394348 ], [ -75.242693, 6.219349 ] ] } },
{ "type": "Feature", "properties": { "source": "CONCEPCIÓN", "target": "GRANADA", "distance": 0.5, "betweenness": 0.00015255530129672007, "weight": 0.10015255530129673 }, "geometry": { "type": "LineString", "coordinates": [ [ -75.257587, 6.394348 ], [ -75.184446, 6.142892 ] ] } },
{ "type": "Feature", "properties": { "source": "CONCEPCIÓN", "target": "SAN RAFAEL", "distance": 0.33333333333333331, "betweenness": 0.0070633104500381402, "weight": 0.10706331045003814 }, "geometry": { "type": "LineString", "coordinates": [ [ -75.257587, 6.394348 ], [ -75.02849, 6.293759 ] ] } },
{ "type": "Feature", "properties": { "source": "CONCEPCIÓN", "target": "RIONEGRO", "distance": 0.5, "betweenness": 0.00035638613441817102, "weight": 0.10035638613441818 }, "geometry": { "type": "LineString", "coordinates": [ [ -75.257587, 6.394348 ], [ -75.377316, 6.147148 ] ] } },
{ "type": "Feature", "properties": { "source": "CONCEPCIÓN", "target": "ALEJANDRÍA", "distance": 0.5, "betweenness": 0.00015255530129672007, "weight": 0.10015255530129673 }, "geometry": { "type": "LineString", "coordinates": [ [ -75.257587, 6.394348 ], [ -75.141346, 6.376061 ] ] } },
{ "type": "Feature", "properties": { "source": "CONCEPCIÓN", "target": "EL SANTUARIO", "distance": 0.33333333333333331, "betweenness": 0.0029239766081871348, "weight": 0.10292397660818714 }, "geometry": { "type": "LineString", "coordinates": [ [ -75.257587, 6.394348 ], [ -75.265465, 6.136871 ] ] } },
{ "type": "Feature", "properties": { "source": "CONCEPCIÓN", "target": "SAN CARLOS", "distance": 0.5, "betweenness": 0.00015255530129672007, "weight": 0.10015255530129673 }, "geometry": { "type": "LineString", "coordinates": [ [ -75.257587, 6.394348 ], [ -74.988097, 6.187746 ] ] } },
{ "type": "Feature", "properties": { "source": "CONCEPCIÓN", "target": "CISNEROS", "distance": 0.5, "betweenness": 0.00092804474955504709, "weight": 0.10092804474955505 }, "geometry": { "type": "LineString", "coordinates": [ [ -75.257587, 6.394348 ], [ -75.087047, 6.537829 ] ] } },
{ "type": "Feature", "properties": { "source": "CONCEPCIÓN", "target": "SAN ROQUE", "distance": 0.25, "betweenness": 0.0050815444408121753, "weight": 0.10508154444081218 }, "geometry": { "type": "LineString", "coordinates": [ [ -75.257587, 6.394348 ], [ -75.019109, 6.485939 ] ] } },
{ "type": "Feature", "properties": { "source": "CONCEPCIÓN", "target": "EL CARMEN DE VIBORAL", "distance": 0.5, "betweenness": 0.00033961715883912681, "weight": 0.10033961715883913 }, "geometry": { "type": "LineString", "coordinates": [ [ -75.257587, 6.394348 ], [ -75.333901, 6.082885 ] ] } },
{ "type": "Feature", "properties": { "source": "CONCEPCIÓN", "target": "COCORNÁ", "distance": 0.5, "betweenness": 0.00045766590389016015, "weight": 0.10045766590389017 }, "geometry": { "type": "LineString", "coordinates": [ [ -75.257587, 6.394348 ], [ -75.185483, 6.058295 ] ] } },
{ "type": "Feature", "properties": { "source": "CONCEPCIÓN", "target": "SAN LUIS", "distance": 0.33333333333333331, "betweenness": 0.01149249936435291, "weight": 0.11149249936435292 }, "geometry": { "type": "LineString", "coordinates": [ [ -75.257587, 6.394348 ], [ -74.993619, 6.043017 ] ] } },
{ "type": "Feature", "properties": { "source": "CONCEPCIÓN", "target": "ENVIGADO", "distance": 0.5, "betweenness": 0.00067209085515721671, "weight": 0.10067209085515723 }, "geometry": { "type": "LineString", "coordinates": [ [ -75.257587, 6.394348 ], [ -75.582192, 6.166695 ] ] } },
{ "type": "Feature", "properties": { "source": "HELICONIA", "target": "CALDAS", "distance": 0.5, "betweenness": 0.00015255530129672007, "weight": 0.10015255530129673 }, "geometry": { "type": "LineString", "coordinates": [ [ -75.734322, 6.206757 ], [ -75.633673, 6.091077 ] ] } },
{ "type": "Feature", "properties": { "source": "HELICONIA", "target": "CONCORDIA", "distance": 0.5, "betweenness": 0.00029748283752860415, "weight": 0.10029748283752861 }, "geometry": { "type": "LineString", "coordinates": [ [ -75.734322, 6.206757 ], [ -75.908448, 6.045738 ] ] } },
{ "type": "Feature", "properties": { "source": "HELICONIA", "target": "ANZÁ", "distance": 0.5, "betweenness": 0.0009916094584286805, "weight": 0.10099160945842868 }, "geometry": { "type": "LineString", "coordinates": [ [ -75.734322, 6.206757 ], [ -75.854442, 6.302641 ] ] } },
{ "type": "Feature", "properties": { "source": "HELICONIA", "target": "ANGELÓPOLIS", "distance": 0.5, "betweenness": 0.00015255530129672007, "weight": 0.10015255530129673 }, "geometry": { "type": "LineString", "coordinates": [ [ -75.734322, 6.206757 ], [ -75.711389, 6.109719 ] ] } },
{ "type": "Feature", "properties": { "source": "HELICONIA", "target": "AMAGÁ", "distance": 0.5, "betweenness": 0.00017798118484617343, "weight": 0.10017798118484618 }, "geometry": { "type": "LineString", "coordinates": [ [ -75.734322, 6.206757 ], [ -75.702188, 6.038708 ] ] } },
{ "type": "Feature", "properties": { "source": "HELICONIA", "target": "RETIRO", "distance": 0.5, "betweenness": 0.00038138825324180017, "weight": 0.1003813882532418 }, "geometry": { "type": "LineString", "coordinates": [ [ -75.734322, 6.206757 ], [ -75.501301, 6.062454 ] ] } },
{ "type": "Feature", "properties": { "source": "HELICONIA", "target": "ENVIGADO", "distance": 0.5, "betweenness": 0.00019069412662090009, "weight": 0.10019069412662091 }, "geometry": { "type": "LineString", "coordinates": [ [ -75.734322, 6.206757 ], [ -75.582192, 6.166695 ] ] } },
{ "type": "Feature", "properties": { "source": "HELICONIA", "target": "BETULIA", "distance": 0.5, "betweenness": 0.00050851767098906682, "weight": 0.10050851767098908 }, "geometry": { "type": "LineString", "coordinates": [ [ -75.734322, 6.206757 ], [ -75.984452, 6.115208 ] ] } },
{ "type": "Feature", "properties": { "source": "HELICONIA", "target": "TITIRIBÍ", "distance": 0.5, "betweenness": 0.00017798118484617343, "weight": 0.10017798118484618 }, "geometry": { "type": "LineString", "coordinates": [ [ -75.734322, 6.206757 ], [ -75.791887, 6.062391 ] ] } },
{ "type": "Feature", "properties": { "source": "HELICONIA", "target": "SABANETA", "distance": 0.5, "betweenness": 0.0010043224002034071, "weight": 0.10100432240020341 }, "geometry": { "type": "LineString", "coordinates": [ [ -75.734322, 6.206757 ], [ -75.615479, 6.149903 ] ] } },
{ "type": "Feature", "properties": { "source": "HELICONIA", "target": "FREDONIA", "distance": 0.5, "betweenness": 0.00032290872107805746, "weight": 0.10032290872107806 }, "geometry": { "type": "LineString", "coordinates": [ [ -75.734322, 6.206757 ], [ -75.675072, 5.928039 ] ] } },
{ "type": "Feature", "properties": { "source": "HELICONIA", "target": "LA ESTRELLA", "distance": 0.5, "betweenness": 0.00015255530129672007, "weight": 0.10015255530129673 }, "geometry": { "type": "LineString", "coordinates": [ [ -75.734322, 6.206757 ], [ -75.637708, 6.145238 ] ] } },
{ "type": "Feature", "properties": { "source": "HELICONIA", "target": "ARMENIA", "distance": 0.5, "betweenness": 0.0001678108314263921, "weight": 0.1001678108314264 }, "geometry": { "type": "LineString", "coordinates": [ [ -75.734322, 6.206757 ], [ -75.786647, 6.155667 ] ] } },
{ "type": "Feature", "properties": { "source": "HELICONIA", "target": "RIONEGRO", "distance": 0.5, "betweenness": 0.0014543605390287314, "weight": 0.10145436053902873 }, "geometry": { "type": "LineString", "coordinates": [ [ -75.734322, 6.206757 ], [ -75.377316, 6.147148 ] ] } },
{ "type": "Feature", "properties": { "source": "HELICONIA", "target": "VENECIA", "distance": 0.5, "betweenness": 0.00024663107042969742, "weight": 0.10024663107042971 }, "geometry": { "type": "LineString", "coordinates": [ [ -75.734322, 6.206757 ], [ -75.735544, 5.964693 ] ] } },
{ "type": "Feature", "properties": { "source": "HELICONIA", "target": "ITAGÜÍ", "distance": 0.5, "betweenness": 0.00016103059581320451, "weight": 0.10016103059581322 }, "geometry": { "type": "LineString", "coordinates": [ [ -75.734322, 6.206757 ], [ -75.612056, 6.175079 ] ] } },
{ "type": "Feature", "properties": { "source": "HELICONIA", "target": "SALGAR", "distance": 0.5, "betweenness": 0.00055174167302313767, "weight": 0.10055174167302314 }, "geometry": { "type": "LineString", "coordinates": [ [ -75.734322, 6.206757 ], [ -75.976807, 5.964198 ] ] } },
{ "type": "Feature", "properties": { "source": "HELICONIA", "target": "SANTA BÁRBARA", "distance": 0.2, "betweenness": 0.0055174167302313769, "weight": 0.10551741673023138 }, "geometry": { "type": "LineString", "coordinates": [ [ -75.734322, 6.206757 ], [ -75.567351, 5.875527 ] ] } },
{ "type": "Feature", "properties": { "source": "HELICONIA", "target": "MONTEBELLO", "distance": 1.0, "betweenness": 0.0, "weight": 0.1 }, "geometry": { "type": "LineString", "coordinates": [ [ -75.734322, 6.206757 ], [ -75.523455, 5.946313 ] ] } },
{ "type": "Feature", "properties": { "source": "SANTO DOMINGO", "target": "SAN ROQUE", "distance": 0.5, "betweenness": 0.0001830663615560641, "weight": 0.10018306636155606 }, "geometry": { "type": "LineString", "coordinates": [ [ -75.164903, 6.473032 ], [ -75.019109, 6.485939 ] ] } },
{ "type": "Feature", "properties": { "source": "SANTO DOMINGO", "target": "CISNEROS", "distance": 0.5, "betweenness": 0.00036867531146707349, "weight": 0.10036867531146708 }, "geometry": { "type": "LineString", "coordinates": [ [ -75.164903, 6.473032 ], [ -75.087047, 6.537829 ] ] } },
{ "type": "Feature", "properties": { "source": "SANTO DOMINGO", "target": "ALEJANDRÍA", "distance": 0.5, "betweenness": 0.00020849224510551743, "weight": 0.10020849224510553 }, "geometry": { "type": "LineString", "coordinates": [ [ -75.164903, 6.473032 ], [ -75.141346, 6.376061 ] ] } },
{ "type": "Feature", "properties": { "source": "SANTO DOMINGO", "target": "PEÑOL", "distance": 0.5, "betweenness": 0.00032290872107805746, "weight": 0.10032290872107806 }, "geometry": { "type": "LineString", "coordinates": [ [ -75.164903, 6.473032 ], [ -75.242693, 6.219349 ] ] } },
{ "type": "Feature", "properties": { "source": "SANTO DOMINGO", "target": "SAN RAFAEL", "distance": 0.5, "betweenness": 0.00045403363481166695, "weight": 0.10045403363481167 }, "geometry": { "type": "LineString", "coordinates": [ [ -75.164903, 6.473032 ], [ -75.02849, 6.293759 ] ] } },
{ "type": "Feature", "properties": { "source": "SANTO DOMINGO", "target": "GUATAPÉ", "distance": 0.5, "betweenness": 0.0001830663615560641, "weight": 0.10018306636155606 }, "geometry": { "type": "LineString", "coordinates": [ [ -75.164903, 6.473032 ], [ -75.160041, 6.232461 ] ] } },
{ "type": "Feature", "properties": { "source": "SANTO DOMINGO", "target": "MARINILLA", "distance": 0.33333333333333331, "betweenness": 0.002517162471395881, "weight": 0.10251716247139589 }, "geometry": { "type": "LineString", "coordinates": [ [ -75.164903, 6.473032 ], [ -75.339345, 6.173995 ] ] } },
{ "type": "Feature", "properties": { "source": "SANTO DOMINGO", "target": "SAN CARLOS", "distance": 0.5, "betweenness": 0.00096999745741164513, "weight": 0.10096999745741166 }, "geometry": { "type": "LineString", "coordinates": [ [ -75.164903, 6.473032 ], [ -74.988097, 6.187746 ] ] } },
{ "type": "Feature", "properties": { "source": "SANTO DOMINGO", "target": "GRANADA", "distance": 0.33333333333333331, "betweenness": 0.010973811339944062, "weight": 0.11097381133994406 }, "geometry": { "type": "LineString", "coordinates": [ [ -75.164903, 6.473032 ], [ -75.184446, 6.142892 ] ] } },
{ "type": "Feature", "properties": { "source": "SANTO DOMINGO", "target": "MACEO", "distance": 0.5, "betweenness": 0.0089066870073735063, "weight": 0.10890668700737351 }, "geometry": { "type": "LineString", "coordinates": [ [ -75.164903, 6.473032 ], [ -74.78716, 6.552116 ] ] } },
{ "type": "Feature", "properties": { "source": "SANTO DOMINGO", "target": "CARACOLÍ", "distance": 0.5, "betweenness": 0.0071878972794304618, "weight": 0.10718789727943047 }, "geometry": { "type": "LineString", "coordinates": [ [ -75.164903, 6.473032 ], [ -74.757421, 6.409829 ] ] } },
{ "type": "Feature", "properties": { "source": "SANTO DOMINGO", "target": "RIONEGRO", "distance": 1.0, "betweenness": 0.0, "weight": 0.1 }, "geometry": { "type": "LineString", "coordinates": [ [ -75.164903, 6.473032 ], [ -75.377316, 6.147148 ] ] } },
{ "type": "Feature", "properties": { "source": "CISNEROS", "target": "ALEJANDRÍA", "distance": 0.5, "betweenness": 0.00044368166793796093, "weight": 0.10044368166793796 }, "geometry": { "type": "LineString", "coordinates": [ [ -75.087047, 6.537829 ], [ -75.141346, 6.376061 ] ] } },
{ "type": "Feature", "properties": { "source": "CISNEROS", "target": "SAN ROQUE", "distance": 0.5, "betweenness": 0.00026697177726926009, "weight": 0.10026697177726926 }, "geometry": { "type": "LineString", "coordinates": [ [ -75.087047, 6.537829 ], [ -75.019109, 6.485939 ] ] } },
{ "type": "Feature", "properties": { "source": "CISNEROS", "target": "SAN RAFAEL", "distance": 0.5, "betweenness": 0.0010718826050633832, "weight": 0.10107188260506339 }, "geometry": { "type": "LineString", "coordinates": [ [ -75.087047, 6.537829 ], [ -75.02849, 6.293759 ] ] } },
{ "type": "Feature", "properties": { "source": "CISNEROS", "target": "MACEO", "distance": 1.0, "betweenness": 2.5425883549453343e-05, "weight": 0.10002542588354946 }, "geometry": { "type": "LineString", "coordinates": [ [ -75.087047, 6.537829 ], [ -74.78716, 6.552116 ] ] } },
{ "type": "Feature", "properties": { "source": "CISNEROS", "target": "PEÑOL", "distance": 0.5, "betweenness": 0.00054665649631324698, "weight": 0.10054665649631325 }, "geometry": { "type": "LineString", "coordinates": [ [ -75.087047, 6.537829 ], [ -75.242693, 6.219349 ] ] } },
{ "type": "Feature", "properties": { "source": "CISNEROS", "target": "GUATAPÉ", "distance": 0.5, "betweenness": 0.00034324942791762018, "weight": 0.10034324942791763 }, "geometry": { "type": "LineString", "coordinates": [ [ -75.087047, 6.537829 ], [ -75.160041, 6.232461 ] ] } },
{ "type": "Feature", "properties": { "source": "ANZÁ", "target": "BETULIA", "distance": 0.5, "betweenness": 0.0023646071700991612, "weight": 0.10236460717009917 }, "geometry": { "type": "LineString", "coordinates": [ [ -75.854442, 6.302641 ], [ -75.984452, 6.115208 ] ] } },
{ "type": "Feature", "properties": { "source": "ANZÁ", "target": "SALGAR", "distance": 0.33333333333333331, "betweenness": 0.0066615814899567763, "weight": 0.10666158148995677 }, "geometry": { "type": "LineString", "coordinates": [ [ -75.854442, 6.302641 ], [ -75.976807, 5.964198 ] ] } },
{ "type": "Feature", "properties": { "source": "ANZÁ", "target": "CONCORDIA", "distance": 0.5, "betweenness": 0.00045766590389016021, "weight": 0.10045766590389017 }, "geometry": { "type": "LineString", "coordinates": [ [ -75.854442, 6.302641 ], [ -75.908448, 6.045738 ] ] } },
{ "type": "Feature", "properties": { "source": "ANZÁ", "target": "TITIRIBÍ", "distance": 0.5, "betweenness": 0.00053394355453852019, "weight": 0.10053394355453853 }, "geometry": { "type": "LineString", "coordinates": [ [ -75.854442, 6.302641 ], [ -75.791887, 6.062391 ] ] } },
{ "type": "Feature", "properties": { "source": "ANZÁ", "target": "ARMENIA", "distance": 0.5, "betweenness": 0.00047292143401983223, "weight": 0.10047292143401984 }, "geometry": { "type": "LineString", "coordinates": [ [ -75.854442, 6.302641 ], [ -75.786647, 6.155667 ] ] } },
{ "type": "Feature", "properties": { "source": "ANZÁ", "target": "ANGELÓPOLIS", "distance": 0.5, "betweenness": 0.0, "weight": 0.1 }, "geometry": { "type": "LineString", "coordinates": [ [ -75.854442, 6.302641 ], [ -75.711389, 6.109719 ] ] } },
{ "type": "Feature", "properties": { "source": "ANZÁ", "target": "LA ESTRELLA", "distance": 0.33333333333333331, "betweenness": 0.0066488685481820497, "weight": 0.10664886854818205 }, "geometry": { "type": "LineString", "coordinates": [ [ -75.854442, 6.302641 ], [ -75.637708, 6.145238 ] ] } },
{ "type": "Feature", "properties": { "source": "ANZÁ", "target": "AMAGÁ", "distance": 1.0, "betweenness": 0.0, "weight": 0.1 }, "geometry": { "type": "LineString", "coordinates": [ [ -75.854442, 6.302641 ], [ -75.702188, 6.038708 ] ] } },
{ "type": "Feature", "properties": { "source": "BETULIA", "target": "ARMENIA", "distance": 0.5, "betweenness": 0.00047292143401983223, "weight": 0.10047292143401984 }, "geometry": { "type": "LineString", "coordinates": [ [ -75.984452, 6.115208 ], [ -75.786647, 6.155667 ] ] } },
{ "type": "Feature", "properties": { "source": "BETULIA", "target": "TITIRIBÍ", "distance": 0.5, "betweenness": 0.00020340706839562674, "weight": 0.10020340706839563 }, "geometry": { "type": "LineString", "coordinates": [ [ -75.984452, 6.115208 ], [ -75.791887, 6.062391 ] ] } },
{ "type": "Feature", "properties": { "source": "BETULIA", "target": "SALGAR", "distance": 0.5, "betweenness": 0.00015255530129672007, "weight": 0.10015255530129673 }, "geometry": { "type": "LineString", "coordinates": [ [ -75.984452, 6.115208 ], [ -75.976807, 5.964198 ] ] } },
{ "type": "Feature", "properties": { "source": "BETULIA", "target": "CIUDAD BOLÍVAR", "distance": 0.5, "betweenness": 0.00032206119162640897, "weight": 0.10032206119162641 }, "geometry": { "type": "LineString", "coordinates": [ [ -75.984452, 6.115208 ], [ -76.021509, 5.850273 ] ] } },
{ "type": "Feature", "properties": { "source": "BETULIA", "target": "CONCORDIA", "distance": 0.5, "betweenness": 0.00015255530129672007, "weight": 0.10015255530129673 }, "geometry": { "type": "LineString", "coordinates": [ [ -75.984452, 6.115208 ], [ -75.908448, 6.045738 ] ] } },
{ "type": "Feature", "properties": { "source": "BETULIA", "target": "ANGELÓPOLIS", "distance": 0.5, "betweenness": 0.0057843885075006358, "weight": 0.10578438850750065 }, "geometry": { "type": "LineString", "coordinates": [ [ -75.984452, 6.115208 ], [ -75.711389, 6.109719 ] ] } },
{ "type": "Feature", "properties": { "source": "BETULIA", "target": "VENECIA", "distance": 0.5, "betweenness": 0.00015255530129672007, "weight": 0.10015255530129673 }, "geometry": { "type": "LineString", "coordinates": [ [ -75.984452, 6.115208 ], [ -75.735544, 5.964693 ] ] } },
{ "type": "Feature", "properties": { "source": "BETULIA", "target": "LA ESTRELLA", "distance": 0.5, "betweenness": 0.00073735062293414698, "weight": 0.10073735062293415 }, "geometry": { "type": "LineString", "coordinates": [ [ -75.984452, 6.115208 ], [ -75.637708, 6.145238 ] ] } },
{ "type": "Feature", "properties": { "source": "BETULIA", "target": "AMAGÁ", "distance": 0.33333333333333331, "betweenness": 0.0025985252987541316, "weight": 0.10259852529875414 }, "geometry": { "type": "LineString", "coordinates": [ [ -75.984452, 6.115208 ], [ -75.702188, 6.038708 ] ] } },
{ "type": "Feature", "properties": { "source": "BETULIA", "target": "TARSO", "distance": 0.5, "betweenness": 0.0002288329519450801, "weight": 0.10022883295194508 }, "geometry": { "type": "LineString", "coordinates": [ [ -75.984452, 6.115208 ], [ -75.822956, 5.864542 ] ] } },
{ "type": "Feature", "properties": { "source": "BETULIA", "target": "CALDAS", "distance": 0.5, "betweenness": 0.00058140520383083308, "weight": 0.10058140520383084 }, "geometry": { "type": "LineString", "coordinates": [ [ -75.984452, 6.115208 ], [ -75.633673, 6.091077 ] ] } },
{ "type": "Feature", "properties": { "source": "BETULIA", "target": "PUEBLORRICO", "distance": 0.2, "betweenness": 0.013285024154589372, "weight": 0.11328502415458938 }, "geometry": { "type": "LineString", "coordinates": [ [ -75.984452, 6.115208 ], [ -75.839903, 5.79158 ] ] } },
{ "type": "Feature", "properties": { "source": "BETULIA", "target": "ITAGÜÍ", "distance": 1.0, "betweenness": 0.0, "weight": 0.1 }, "geometry": { "type": "LineString", "coordinates": [ [ -75.984452, 6.115208 ], [ -75.612056, 6.175079 ] ] } },
{ "type": "Feature", "properties": { "source": "SALGAR", "target": "CONCORDIA", "distance": 0.5, "betweenness": 0.00040485829959514168, "weight": 0.10040485829959515 }, "geometry": { "type": "LineString", "coordinates": [ [ -75.976807, 5.964198 ], [ -75.908448, 6.045738 ] ] } },
{ "type": "Feature", "properties": { "source": "SALGAR", "target": "CIUDAD BOLÍVAR", "distance": 0.5, "betweenness": 0.00016950589032968896, "weight": 0.10016950589032969 }, "geometry": { "type": "LineString", "coordinates": [ [ -75.976807, 5.964198 ], [ -76.021509, 5.850273 ] ] } },
{ "type": "Feature", "properties": { "source": "SALGAR", "target": "PUEBLORRICO", "distance": 0.5, "betweenness": 0.0004794595183611202, "weight": 0.10047945951836112 }, "geometry": { "type": "LineString", "coordinates": [ [ -75.976807, 5.964198 ], [ -75.839903, 5.79158 ] ] } },
{ "type": "Feature", "properties": { "source": "SALGAR", "target": "TITIRIBÍ", "distance": 0.5, "betweenness": 0.00069073650309348263, "weight": 0.10069073650309349 }, "geometry": { "type": "LineString", "coordinates": [ [ -75.976807, 5.964198 ], [ -75.791887, 6.062391 ] ] } },
{ "type": "Feature", "properties": { "source": "SALGAR", "target": "ARMENIA", "distance": 0.5, "betweenness": 0.00029409271972201037, "weight": 0.10029409271972202 }, "geometry": { "type": "LineString", "coordinates": [ [ -75.976807, 5.964198 ], [ -75.786647, 6.155667 ] ] } },
{ "type": "Feature", "properties": { "source": "SALGAR", "target": "TARSO", "distance": 0.5, "betweenness": 0.00026757715544900899, "weight": 0.10026757715544901 }, "geometry": { "type": "LineString", "coordinates": [ [ -75.976807, 5.964198 ], [ -75.822956, 5.864542 ] ] } },
{ "type": "Feature", "properties": { "source": "SALGAR", "target": "BETANIA", "distance": 0.5, "betweenness": 0.00071192473938469373, "weight": 0.1007119247393847 }, "geometry": { "type": "LineString", "coordinates": [ [ -75.976807, 5.964198 ], [ -75.97679, 5.74615 ] ] } },
{ "type": "Feature", "properties": { "source": "SALGAR", "target": "HISPANIA", "distance": 0.5, "betweenness": 0.00068014238494787697, "weight": 0.10068014238494788 }, "geometry": { "type": "LineString", "coordinates": [ [ -75.976807, 5.964198 ], [ -75.906587, 5.799461 ] ] } },
{ "type": "Feature", "properties": { "source": "SALGAR", "target": "VENECIA", "distance": 0.5, "betweenness": 0.00016950589032968896, "weight": 0.10016950589032969 }, "geometry": { "type": "LineString", "coordinates": [ [ -75.976807, 5.964198 ], [ -75.735544, 5.964693 ] ] } },
{ "type": "Feature", "properties": { "source": "SALGAR", "target": "AMAGÁ", "distance": 0.5, "betweenness": 0.0014778492124029885, "weight": 0.10147784921240299 }, "geometry": { "type": "LineString", "coordinates": [ [ -75.976807, 5.964198 ], [ -75.702188, 6.038708 ] ] } },
{ "type": "Feature", "properties": { "source": "SALGAR", "target": "ANGELÓPOLIS", "distance": 0.5, "betweenness": 0.0046571743368082046, "weight": 0.10465717433680821 }, "geometry": { "type": "LineString", "coordinates": [ [ -75.976807, 5.964198 ], [ -75.711389, 6.109719 ] ] } },
{ "type": "Feature", "properties": { "source": "SALGAR", "target": "JERICÓ", "distance": 0.5, "betweenness": 0.0008184712990204979, "weight": 0.10081847129902051 }, "geometry": { "type": "LineString", "coordinates": [ [ -75.976807, 5.964198 ], [ -75.785499, 5.789748 ] ] } },
{ "type": "Feature", "properties": { "source": "SALGAR", "target": "ANDES", "distance": 0.5, "betweenness": 0.00073371835385565361, "weight": 0.10073371835385565 }, "geometry": { "type": "LineString", "coordinates": [ [ -75.976807, 5.964198 ], [ -75.878828, 5.657194 ] ] } },
{ "type": "Feature", "properties": { "source": "SALGAR", "target": "FREDONIA", "distance": 0.5, "betweenness": 0.0007125301175644424, "weight": 0.10071253011756445 }, "geometry": { "type": "LineString", "coordinates": [ [ -75.976807, 5.964198 ], [ -75.675072, 5.928039 ] ] } },
{ "type": "Feature", "properties": { "source": "SALGAR", "target": "TÁMESIS", "distance": 0.5, "betweenness": 0.00073091498720789338, "weight": 0.1007309149872079 }, "geometry": { "type": "LineString", "coordinates": [ [ -75.976807, 5.964198 ], [ -75.714429, 5.664645 ] ] } },
{ "type": "Feature", "properties": { "source": "SALGAR", "target": "CALDAS", "distance": 0.5, "betweenness": 0.0016192050173743538, "weight": 0.10161920501737436 }, "geometry": { "type": "LineString", "coordinates": [ [ -75.976807, 5.964198 ], [ -75.633673, 6.091077 ] ] } },
{ "type": "Feature", "properties": { "source": "SAN ROQUE", "target": "SAN RAFAEL", "distance": 0.5, "betweenness": 0.00035995786567868948, "weight": 0.1003599578656787 }, "geometry": { "type": "LineString", "coordinates": [ [ -75.019109, 6.485939 ], [ -75.02849, 6.293759 ] ] } },
{ "type": "Feature", "properties": { "source": "SAN ROQUE", "target": "PEÑOL", "distance": 0.5, "betweenness": 0.00036104754640223745, "weight": 0.10036104754640224 }, "geometry": { "type": "LineString", "coordinates": [ [ -75.019109, 6.485939 ], [ -75.242693, 6.219349 ] ] } },
{ "type": "Feature", "properties": { "source": "SAN ROQUE", "target": "ALEJANDRÍA", "distance": 0.5, "betweenness": 0.0001627256547165014, "weight": 0.10016272565471651 }, "geometry": { "type": "LineString", "coordinates": [ [ -75.019109, 6.485939 ], [ -75.141346, 6.376061 ] ] } },
{ "type": "Feature", "properties": { "source": "SAN ROQUE", "target": "GUATAPÉ", "distance": 0.5, "betweenness": 0.0001830663615560641, "weight": 0.10018306636155606 }, "geometry": { "type": "LineString", "coordinates": [ [ -75.019109, 6.485939 ], [ -75.160041, 6.232461 ] ] } },
{ "type": "Feature", "properties": { "source": "SAN ROQUE", "target": "SAN CARLOS", "distance": 0.5, "betweenness": 0.00070683956267480303, "weight": 0.1007068395626748 }, "geometry": { "type": "LineString", "coordinates": [ [ -75.019109, 6.485939 ], [ -74.988097, 6.187746 ] ] } },
{ "type": "Feature", "properties": { "source": "SAN ROQUE", "target": "MACEO", "distance": 0.5, "betweenness": 0.002387490465293669, "weight": 0.10238749046529368 }, "geometry": { "type": "LineString", "coordinates": [ [ -75.019109, 6.485939 ], [ -74.78716, 6.552116 ] ] } },
{ "type": "Feature", "properties": { "source": "SAN ROQUE", "target": "PUERTO BERRÍO", "distance": 1.0, "betweenness": 0.0080879735570811087, "weight": 0.10808797355708111 }, "geometry": { "type": "LineString", "coordinates": [ [ -75.019109, 6.485939 ], [ -74.410016, 6.487028 ] ] } },
{ "type": "Feature", "properties": { "source": "SAN ROQUE", "target": "GRANADA", "distance": 0.5, "betweenness": 0.00026697177726926009, "weight": 0.10026697177726926 }, "geometry": { "type": "LineString", "coordinates": [ [ -75.019109, 6.485939 ], [ -75.184446, 6.142892 ] ] } },
{ "type": "Feature", "properties": { "source": "SAN ROQUE", "target": "CARACOLÍ", "distance": 0.5, "betweenness": 0.0016628527841342485, "weight": 0.10166285278413426 }, "geometry": { "type": "LineString", "coordinates": [ [ -75.019109, 6.485939 ], [ -74.757421, 6.409829 ] ] } },
{ "type": "Feature", "properties": { "source": "ALEJANDRÍA", "target": "GUATAPÉ", "distance": 0.5, "betweenness": 0.0001830663615560641, "weight": 0.10018306636155606 }, "geometry": { "type": "LineString", "coordinates": [ [ -75.141346, 6.376061 ], [ -75.160041, 6.232461 ] ] } },
{ "type": "Feature", "properties": { "source": "ALEJANDRÍA", "target": "GRANADA", "distance": 0.5, "betweenness": 0.00015255530129672007, "weight": 0.10015255530129673 }, "geometry": { "type": "LineString", "coordinates": [ [ -75.141346, 6.376061 ], [ -75.184446, 6.142892 ] ] } },
{ "type": "Feature", "properties": { "source": "ALEJANDRÍA", "target": "CARACOLÍ", "distance": 0.5, "betweenness": 0.0013628273582506993, "weight": 0.10136282735825071 }, "geometry": { "type": "LineString", "coordinates": [ [ -75.141346, 6.376061 ], [ -74.757421, 6.409829 ] ] } },
{ "type": "Feature", "properties": { "source": "ALEJANDRÍA", "target": "PEÑOL", "distance": 0.5, "betweenness": 0.0001830663615560641, "weight": 0.10018306636155606 }, "geometry": { "type": "LineString", "coordinates": [ [ -75.141346, 6.376061 ], [ -75.242693, 6.219349 ] ] } },
{ "type": "Feature", "properties": { "source": "ALEJANDRÍA", "target": "MARINILLA", "distance": 0.33333333333333331, "betweenness": 0.00063564708873633353, "weight": 0.10063564708873633 }, "geometry": { "type": "LineString", "coordinates": [ [ -75.141346, 6.376061 ], [ -75.339345, 6.173995 ] ] } },
{ "type": "Feature", "properties": { "source": "ALEJANDRÍA", "target": "SAN CARLOS", "distance": 0.5, "betweenness": 0.0, "weight": 0.1 }, "geometry": { "type": "LineString", "coordinates": [ [ -75.141346, 6.376061 ], [ -74.988097, 6.187746 ] ] } },
{ "type": "Feature", "properties": { "source": "ALEJANDRÍA", "target": "SAN RAFAEL", "distance": 0.5, "betweenness": 0.00021357742181540813, "weight": 0.10021357742181541 }, "geometry": { "type": "LineString", "coordinates": [ [ -75.141346, 6.376061 ], [ -75.02849, 6.293759 ] ] } },
{ "type": "Feature", "properties": { "source": "ALEJANDRÍA", "target": "EL SANTUARIO", "distance": 0.5, "betweenness": 0.00020340706839562674, "weight": 0.10020340706839563 }, "geometry": { "type": "LineString", "coordinates": [ [ -75.141346, 6.376061 ], [ -75.265465, 6.136871 ] ] } },
{ "type": "Feature", "properties": { "source": "ALEJANDRÍA", "target": "RIONEGRO", "distance": 0.33333333333333331, "betweenness": 0.0037744724129163492, "weight": 0.10377447241291636 }, "geometry": { "type": "LineString", "coordinates": [ [ -75.141346, 6.376061 ], [ -75.377316, 6.147148 ] ] } },
{ "type": "Feature", "properties": { "source": "ALEJANDRÍA", "target": "SAN LUIS", "distance": 0.5, "betweenness": 0.00027968471904398677, "weight": 0.100279684719044 }, "geometry": { "type": "LineString", "coordinates": [ [ -75.141346, 6.376061 ], [ -74.993619, 6.043017 ] ] } },
{ "type": "Feature", "properties": { "source": "ALEJANDRÍA", "target": "COCORNÁ", "distance": 0.5, "betweenness": 0.00026697177726926015, "weight": 0.10026697177726926 }, "geometry": { "type": "LineString", "coordinates": [ [ -75.141346, 6.376061 ], [ -75.185483, 6.058295 ] ] } },
{ "type": "Feature", "properties": { "source": "ALEJANDRÍA", "target": "EL CARMEN DE VIBORAL", "distance": 0.33333333333333331, "betweenness": 0.00082634121535723375, "weight": 0.10082634121535725 }, "geometry": { "type": "LineString", "coordinates": [ [ -75.141346, 6.376061 ], [ -75.333901, 6.082885 ] ] } },
{ "type": "Feature", "properties": { "source": "PEÑOL", "target": "COCORNÁ", "distance": 0.5, "betweenness": 0.00017798118484617343, "weight": 0.10017798118484618 }, "geometry": { "type": "LineString", "coordinates": [ [ -75.242693, 6.219349 ], [ -75.185483, 6.058295 ] ] } },
{ "type": "Feature", "properties": { "source": "PEÑOL", "target": "EL CARMEN DE VIBORAL", "distance": 0.5, "betweenness": 0.00015255530129672007, "weight": 0.10015255530129673 }, "geometry": { "type": "LineString", "coordinates": [ [ -75.242693, 6.219349 ], [ -75.333901, 6.082885 ] ] } },
{ "type": "Feature", "properties": { "source": "PEÑOL", "target": "RIONEGRO", "distance": 0.5, "betweenness": 0.00066742944317315029, "weight": 0.10066742944317315 }, "geometry": { "type": "LineString", "coordinates": [ [ -75.242693, 6.219349 ], [ -75.377316, 6.147148 ] ] } },
{ "type": "Feature", "properties": { "source": "PEÑOL", "target": "MARINILLA", "distance": 0.5, "betweenness": 0.00015255530129672007, "weight": 0.10015255530129673 }, "geometry": { "type": "LineString", "coordinates": [ [ -75.242693, 6.219349 ], [ -75.339345, 6.173995 ] ] } },
{ "type": "Feature", "properties": { "source": "PEÑOL", "target": "EL SANTUARIO", "distance": 0.5, "betweenness": 0.00015255530129672007, "weight": 0.10015255530129673 }, "geometry": { "type": "LineString", "coordinates": [ [ -75.242693, 6.219349 ], [ -75.265465, 6.136871 ] ] } },
{ "type": "Feature", "properties": { "source": "PEÑOL", "target": "LA CEJA", "distance": 0.33333333333333331, "betweenness": 0.0022056953979150778, "weight": 0.10220569539791509 }, "geometry": { "type": "LineString", "coordinates": [ [ -75.242693, 6.219349 ], [ -75.429433, 6.028062 ] ] } },
{ "type": "Feature", "properties": { "source": "PEÑOL", "target": "SAN RAFAEL", "distance": 0.5, "betweenness": 0.0003610475464022375, "weight": 0.10036104754640224 }, "geometry": { "type": "LineString", "coordinates": [ [ -75.242693, 6.219349 ], [ -75.02849, 6.293759 ] ] } },
{ "type": "Feature", "properties": { "source": "PEÑOL", "target": "SAN CARLOS", "distance": 0.5, "betweenness": 0.00028476989575387752, "weight": 0.10028476989575388 }, "geometry": { "type": "LineString", "coordinates": [ [ -75.242693, 6.219349 ], [ -74.988097, 6.187746 ] ] } },
{ "type": "Feature", "properties": { "source": "PEÑOL", "target": "GRANADA", "distance": 0.5, "betweenness": 0.00020340706839562674, "weight": 0.10020340706839563 }, "geometry": { "type": "LineString", "coordinates": [ [ -75.242693, 6.219349 ], [ -75.184446, 6.142892 ] ] } },
{ "type": "Feature", "properties": { "source": "PEÑOL", "target": "SAN LUIS", "distance": 0.5, "betweenness": 0.00024154589371980676, "weight": 0.10024154589371981 }, "geometry": { "type": "LineString", "coordinates": [ [ -75.242693, 6.219349 ], [ -74.993619, 6.043017 ] ] } },
{ "type": "Feature", "properties": { "source": "PEÑOL", "target": "GUATAPÉ", "distance": 0.5, "betweenness": 0.00025425883549453347, "weight": 0.10025425883549453 }, "geometry": { "type": "LineString", "coordinates": [ [ -75.242693, 6.219349 ], [ -75.160041, 6.232461 ] ] } },
{ "type": "Feature", "properties": { "source": "PEÑOL", "target": "ENVIGADO", "distance": 0.5, "betweenness": 0.0012204424103737605, "weight": 0.10122044241037377 }, "geometry": { "type": "LineString", "coordinates": [ [ -75.242693, 6.219349 ], [ -75.582192, 6.166695 ] ] } },
{ "type": "Feature", "properties": { "source": "PEÑOL", "target": "LA UNIÓN", "distance": 0.5, "betweenness": 0.00054665649631324698, "weight": 0.10054665649631325 }, "geometry": { "type": "LineString", "coordinates": [ [ -75.242693, 6.219349 ], [ -75.360874, 5.973845 ] ] } },
{ "type": "Feature", "properties": { "source": "PEÑOL", "target": "SAN FRANCISCO", "distance": 0.5, "betweenness": 0.0012840071192473938, "weight": 0.1012840071192474 }, "geometry": { "type": "LineString", "coordinates": [ [ -75.242693, 6.219349 ], [ -75.101562, 5.963476 ] ] } },
{ "type": "Feature", "properties": { "source": "PEÑOL", "target": "RETIRO", "distance": 0.5, "betweenness": 0.00054030002542588358, "weight": 0.10054030002542588 }, "geometry": { "type": "LineString", "coordinates": [ [ -75.242693, 6.219349 ], [ -75.501301, 6.062454 ] ] } },
{ "type": "Feature", "properties": { "source": "CONCORDIA", "target": "CIUDAD BOLÍVAR", "distance": 0.5, "betweenness": 0.00035824417975447727, "weight": 0.10035824417975449 }, "geometry": { "type": "LineString", "coordinates": [ [ -75.908448, 6.045738 ], [ -76.021509, 5.850273 ] ] } },
{ "type": "Feature", "properties": { "source": "CONCORDIA", "target": "ARMENIA", "distance": 0.5, "betweenness": 0.00026358165946266637, "weight": 0.10026358165946267 }, "geometry": { "type": "LineString", "coordinates": [ [ -75.908448, 6.045738 ], [ -75.786647, 6.155667 ] ] } },
{ "type": "Feature", "properties": { "source": "CONCORDIA", "target": "TITIRIBÍ", "distance": 0.5, "betweenness": 0.00030511060259344014, "weight": 0.10030511060259345 }, "geometry": { "type": "LineString", "coordinates": [ [ -75.908448, 6.045738 ], [ -75.791887, 6.062391 ] ] } },
{ "type": "Feature", "properties": { "source": "CONCORDIA", "target": "ANGELÓPOLIS", "distance": 0.5, "betweenness": 0.0025298754131706075, "weight": 0.10252987541317062 }, "geometry": { "type": "LineString", "coordinates": [ [ -75.908448, 6.045738 ], [ -75.711389, 6.109719 ] ] } },
{ "type": "Feature", "properties": { "source": "CONCORDIA", "target": "TARSO", "distance": 0.5, "betweenness": 0.00044844552853706178, "weight": 0.10044844552853707 }, "geometry": { "type": "LineString", "coordinates": [ [ -75.908448, 6.045738 ], [ -75.822956, 5.864542 ] ] } },
{ "type": "Feature", "properties": { "source": "CONCORDIA", "target": "AMAGÁ", "distance": 0.5, "betweenness": 0.0032181717765241797, "weight": 0.10321817177652419 }, "geometry": { "type": "LineString", "coordinates": [ [ -75.908448, 6.045738 ], [ -75.702188, 6.038708 ] ] } },
{ "type": "Feature", "properties": { "source": "CONCORDIA", "target": "VENECIA", "distance": 0.5, "betweenness": 0.00035400653249623507, "weight": 0.10035400653249624 }, "geometry": { "type": "LineString", "coordinates": [ [ -75.908448, 6.045738 ], [ -75.735544, 5.964693 ] ] } },
{ "type": "Feature", "properties": { "source": "CONCORDIA", "target": "PUEBLORRICO", "distance": 0.5, "betweenness": 0.0013109697320223639, "weight": 0.10131096973202237 }, "geometry": { "type": "LineString", "coordinates": [ [ -75.908448, 6.045738 ], [ -75.839903, 5.79158 ] ] } },
{ "type": "Feature", "properties": { "source": "CONCORDIA", "target": "FREDONIA", "distance": 0.5, "betweenness": 0.0014400549869657418, "weight": 0.10144005498696575 }, "geometry": { "type": "LineString", "coordinates": [ [ -75.908448, 6.045738 ], [ -75.675072, 5.928039 ] ] } },
{ "type": "Feature", "properties": { "source": "CONCORDIA", "target": "JERICÓ", "distance": 0.5, "betweenness": 0.0024600566820246451, "weight": 0.10246005668202465 }, "geometry": { "type": "LineString", "coordinates": [ [ -75.908448, 6.045738 ], [ -75.785499, 5.789748 ] ] } },
{ "type": "Feature", "properties": { "source": "CONCORDIA", "target": "ANDES", "distance": 0.5, "betweenness": 0.0014934245769486043, "weight": 0.10149342457694861 }, "geometry": { "type": "LineString", "coordinates": [ [ -75.908448, 6.045738 ], [ -75.878828, 5.657194 ] ] } },
{ "type": "Feature", "properties": { "source": "CONCORDIA", "target": "BETANIA", "distance": 0.5, "betweenness": 0.0016776053846992058, "weight": 0.10167760538469921 }, "geometry": { "type": "LineString", "coordinates": [ [ -75.908448, 6.045738 ], [ -75.97679, 5.74615 ] ] } },
{ "type": "Feature", "properties": { "source": "CONCORDIA", "target": "LA ESTRELLA", "distance": 0.5, "betweenness": 0.0003941011950165268, "weight": 0.10039410119501653 }, "geometry": { "type": "LineString", "coordinates": [ [ -75.908448, 6.045738 ], [ -75.637708, 6.145238 ] ] } },
{ "type": "Feature", "properties": { "source": "CONCORDIA", "target": "CALDAS", "distance": 0.5, "betweenness": 0.0016971777269260109, "weight": 0.10169717772692602 }, "geometry": { "type": "LineString", "coordinates": [ [ -75.908448, 6.045738 ], [ -75.633673, 6.091077 ] ] } },
{ "type": "Feature", "properties": { "source": "CONCORDIA", "target": "HISPANIA", "distance": 0.5, "betweenness": 0.0028673551213596986, "weight": 0.10286735512135971 }, "geometry": { "type": "LineString", "coordinates": [ [ -75.908448, 6.045738 ], [ -75.906587, 5.799461 ] ] } },
{ "type": "Feature", "properties": { "source": "CONCORDIA", "target": "ITAGÜÍ", "distance": 1.0, "betweenness": 0.0, "weight": 0.1 }, "geometry": { "type": "LineString", "coordinates": [ [ -75.908448, 6.045738 ], [ -75.612056, 6.175079 ] ] } },
{ "type": "Feature", "properties": { "source": "CONCORDIA", "target": "SABANETA", "distance": 0.5, "betweenness": 0.0090112055501071521, "weight": 0.10901120555010715 }, "geometry": { "type": "LineString", "coordinates": [ [ -75.908448, 6.045738 ], [ -75.615479, 6.149903 ] ] } },
{ "type": "Feature", "properties": { "source": "CONCORDIA", "target": "SANTA BÁRBARA", "distance": 0.5, "betweenness": 0.0013929015302013015, "weight": 0.10139290153020131 }, "geometry": { "type": "LineString", "coordinates": [ [ -75.908448, 6.045738 ], [ -75.567351, 5.875527 ] ] } },
{ "type": "Feature", "properties": { "source": "ARMENIA", "target": "SANTA BÁRBARA", "distance": 0.5, "betweenness": 0.00039071107720993302, "weight": 0.10039071107720994 }, "geometry": { "type": "LineString", "coordinates": [ [ -75.786647, 6.155667 ], [ -75.567351, 5.875527 ] ] } },
{ "type": "Feature", "properties": { "source": "ARMENIA", "target": "TITIRIBÍ", "distance": 0.5, "betweenness": 0.00019493177387914229, "weight": 0.10019493177387914 }, "geometry": { "type": "LineString", "coordinates": [ [ -75.786647, 6.155667 ], [ -75.791887, 6.062391 ] ] } },
{ "type": "Feature", "properties": { "source": "ARMENIA", "target": "VENECIA", "distance": 0.5, "betweenness": 0.00029409271972201037, "weight": 0.10029409271972202 }, "geometry": { "type": "LineString", "coordinates": [ [ -75.786647, 6.155667 ], [ -75.735544, 5.964693 ] ] } },
{ "type": "Feature", "properties": { "source": "ARMENIA", "target": "CALDAS", "distance": 0.5, "betweenness": 0.00016950589032968896, "weight": 0.10016950589032969 }, "geometry": { "type": "LineString", "coordinates": [ [ -75.786647, 6.155667 ], [ -75.633673, 6.091077 ] ] } },
{ "type": "Feature", "properties": { "source": "ARMENIA", "target": "ENVIGADO", "distance": 0.5, "betweenness": 0.00078057462496821772, "weight": 0.10078057462496823 }, "geometry": { "type": "LineString", "coordinates": [ [ -75.786647, 6.155667 ], [ -75.582192, 6.166695 ] ] } },
{ "type": "Feature", "properties": { "source": "ARMENIA", "target": "ANGELÓPOLIS", "distance": 0.5, "betweenness": 0.00030511060259344014, "weight": 0.10030511060259345 }, "geometry": { "type": "LineString", "coordinates": [ [ -75.786647, 6.155667 ], [ -75.711389, 6.109719 ] ] } },
{ "type": "Feature", "properties": { "source": "ARMENIA", "target": "AMAGÁ", "distance": 0.5, "betweenness": 0.00056869226205610651, "weight": 0.10056869226205611 }, "geometry": { "type": "LineString", "coordinates": [ [ -75.786647, 6.155667 ], [ -75.702188, 6.038708 ] ] } },
{ "type": "Feature", "properties": { "source": "ARMENIA", "target": "FREDONIA", "distance": 0.5, "betweenness": 0.00048478684634291048, "weight": 0.10048478684634292 }, "geometry": { "type": "LineString", "coordinates": [ [ -75.786647, 6.155667 ], [ -75.675072, 5.928039 ] ] } },
{ "type": "Feature", "properties": { "source": "ARMENIA", "target": "RETIRO", "distance": 0.5, "betweenness": 0.0011865412323078229, "weight": 0.10118654123230783 }, "geometry": { "type": "LineString", "coordinates": [ [ -75.786647, 6.155667 ], [ -75.501301, 6.062454 ] ] } },
{ "type": "Feature", "properties": { "source": "ARMENIA", "target": "SABANETA", "distance": 0.5, "betweenness": 0.0019832189168573606, "weight": 0.10198321891685737 }, "geometry": { "type": "LineString", "coordinates": [ [ -75.786647, 6.155667 ], [ -75.615479, 6.149903 ] ] } },
{ "type": "Feature", "properties": { "source": "ARMENIA", "target": "LA ESTRELLA", "distance": 0.5, "betweenness": 0.00015255530129672007, "weight": 0.10015255530129673 }, "geometry": { "type": "LineString", "coordinates": [ [ -75.786647, 6.155667 ], [ -75.637708, 6.145238 ] ] } },
{ "type": "Feature", "properties": { "source": "ARMENIA", "target": "TARSO", "distance": 1.0, "betweenness": 0.0, "weight": 0.1 }, "geometry": { "type": "LineString", "coordinates": [ [ -75.786647, 6.155667 ], [ -75.822956, 5.864542 ] ] } },
{ "type": "Feature", "properties": { "source": "ARMENIA", "target": "ITAGÜÍ", "distance": 0.5, "betweenness": 0.00016103059581320451, "weight": 0.10016103059581322 }, "geometry": { "type": "LineString", "coordinates": [ [ -75.786647, 6.155667 ], [ -75.612056, 6.175079 ] ] } },
{ "type": "Feature", "properties": { "source": "RIONEGRO", "target": "EL CARMEN DE VIBORAL", "distance": 0.5, "betweenness": 0.00053394355453852019, "weight": 0.10053394355453853 }, "geometry": { "type": "LineString", "coordinates": [ [ -75.377316, 6.147148 ], [ -75.333901, 6.082885 ] ] } },
{ "type": "Feature", "properties": { "source": "RIONEGRO", "target": "MONTEBELLO", "distance": 0.5, "betweenness": 0.00091533180778032041, "weight": 0.10091533180778033 }, "geometry": { "type": "LineString", "coordinates": [ [ -75.377316, 6.147148 ], [ -75.523455, 5.946313 ] ] } },
{ "type": "Feature", "properties": { "source": "RIONEGRO", "target": "GRANADA", "distance": 0.33333333333333331, "betweenness": 0.0021103483346046276, "weight": 0.10211034833460464 }, "geometry": { "type": "LineString", "coordinates": [ [ -75.377316, 6.147148 ], [ -75.184446, 6.142892 ] ] } },
{ "type": "Feature", "properties": { "source": "RIONEGRO", "target": "LA CEJA", "distance": 0.5, "betweenness": 0.00045766590389016021, "weight": 0.10045766590389017 }, "geometry": { "type": "LineString", "coordinates": [ [ -75.377316, 6.147148 ], [ -75.429433, 6.028062 ] ] } },
{ "type": "Feature", "properties": { "source": "RIONEGRO", "target": "LA UNIÓN", "distance": 0.5, "betweenness": 0.00073735062293414698, "weight": 0.10073735062293415 }, "geometry": { "type": "LineString", "coordinates": [ [ -75.377316, 6.147148 ], [ -75.360874, 5.973845 ] ] } },
{ "type": "Feature", "properties": { "source": "RIONEGRO", "target": "EL SANTUARIO", "distance": 0.5, "betweenness": 0.00066222869426530752, "weight": 0.10066222869426532 }, "geometry": { "type": "LineString", "coordinates": [ [ -75.377316, 6.147148 ], [ -75.265465, 6.136871 ] ] } },
{ "type": "Feature", "properties": { "source": "RIONEGRO", "target": "ABEJORRAL", "distance": 0.5, "betweenness": 0.00041952707856598016, "weight": 0.10041952707856598 }, "geometry": { "type": "LineString", "coordinates": [ [ -75.377316, 6.147148 ], [ -75.428739, 5.789315 ] ] } },
{ "type": "Feature", "properties": { "source": "RIONEGRO", "target": "ENVIGADO", "distance": 0.5, "betweenness": 0.00030511060259344014, "weight": 0.10030511060259345 }, "geometry": { "type": "LineString", "coordinates": [ [ -75.377316, 6.147148 ], [ -75.582192, 6.166695 ] ] } },
{ "type": "Feature", "properties": { "source": "RIONEGRO", "target": "RETIRO", "distance": 0.5, "betweenness": 0.00045766590389016021, "weight": 0.10045766590389017 }, "geometry": { "type": "LineString", "coordinates": [ [ -75.377316, 6.147148 ], [ -75.501301, 6.062454 ] ] } },
{ "type": "Feature", "properties": { "source": "RIONEGRO", "target": "GUATAPÉ", "distance": 0.5, "betweenness": 0.0013285024154589371, "weight": 0.10132850241545895 }, "geometry": { "type": "LineString", "coordinates": [ [ -75.377316, 6.147148 ], [ -75.160041, 6.232461 ] ] } },
{ "type": "Feature", "properties": { "source": "RIONEGRO", "target": "MARINILLA", "distance": 0.5, "betweenness": 0.0, "weight": 0.1 }, "geometry": { "type": "LineString", "coordinates": [ [ -75.377316, 6.147148 ], [ -75.339345, 6.173995 ] ] } },
{ "type": "Feature", "properties": { "source": "RIONEGRO", "target": "COCORNÁ", "distance": 0.5, "betweenness": 0.0002288329519450801, "weight": 0.10022883295194508 }, "geometry": { "type": "LineString", "coordinates": [ [ -75.377316, 6.147148 ], [ -75.185483, 6.058295 ] ] } },
{ "type": "Feature", "properties": { "source": "RIONEGRO", "target": "CALDAS", "distance": 0.5, "betweenness": 0.0010170353419781339, "weight": 0.10101703534197815 }, "geometry": { "type": "LineString", "coordinates": [ [ -75.377316, 6.147148 ], [ -75.633673, 6.091077 ] ] } },
{ "type": "Feature", "properties": { "source": "RIONEGRO", "target": "SAN CARLOS", "distance": 0.14285714285714285, "betweenness": 0.026430205949656751, "weight": 0.12643020594965676 }, "geometry": { "type": "LineString", "coordinates": [ [ -75.377316, 6.147148 ], [ -74.988097, 6.187746 ] ] } },
{ "type": "Feature", "properties": { "source": "RIONEGRO", "target": "LA ESTRELLA", "distance": 0.5, "betweenness": 0.0011060259344012205, "weight": 0.10110602593440123 }, "geometry": { "type": "LineString", "coordinates": [ [ -75.377316, 6.147148 ], [ -75.637708, 6.145238 ] ] } },
{ "type": "Feature", "properties": { "source": "RIONEGRO", "target": "SABANETA", "distance": 0.5, "betweenness": 0.00015255530129672007, "weight": 0.10015255530129673 }, "geometry": { "type": "LineString", "coordinates": [ [ -75.377316, 6.147148 ], [ -75.615479, 6.149903 ] ] } },
{ "type": "Feature", "properties": { "source": "RIONEGRO", "target": "AMAGÁ", "distance": 0.25, "betweenness": 0.019743198576150527, "weight": 0.11974319857615054 }, "geometry": { "type": "LineString", "coordinates": [ [ -75.377316, 6.147148 ], [ -75.702188, 6.038708 ] ] } },
{ "type": "Feature", "properties": { "source": "RIONEGRO", "target": "SANTA BÁRBARA", "distance": 0.33333333333333331, "betweenness": 0.0035065375339974883, "weight": 0.10350653753399749 }, "geometry": { "type": "LineString", "coordinates": [ [ -75.377316, 6.147148 ], [ -75.567351, 5.875527 ] ] } },
{ "type": "Feature", "properties": { "source": "RIONEGRO", "target": "ANGELÓPOLIS", "distance": 0.5, "betweenness": 0.00068649885583524036, "weight": 0.10068649885583525 }, "geometry": { "type": "LineString", "coordinates": [ [ -75.377316, 6.147148 ], [ -75.711389, 6.109719 ] ] } },
{ "type": "Feature", "properties": { "source": "RIONEGRO", "target": "FREDONIA", "distance": 0.5, "betweenness": 0.0030828883803712178, "weight": 0.10308288838037122 }, "geometry": { "type": "LineString", "coordinates": [ [ -75.377316, 6.147148 ], [ -75.675072, 5.928039 ] ] } },
{ "type": "Feature", "properties": { "source": "RIONEGRO", "target": "ITAGÜÍ", "distance": 0.5, "betweenness": 0.0009916094584286805, "weight": 0.10099160945842868 }, "geometry": { "type": "LineString", "coordinates": [ [ -75.377316, 6.147148 ], [ -75.612056, 6.175079 ] ] } },
{ "type": "Feature", "properties": { "source": "RIONEGRO", "target": "SAN RAFAEL", "distance": 0.5, "betweenness": 0.0022883295194508009, "weight": 0.10228832951945081 }, "geometry": { "type": "LineString", "coordinates": [ [ -75.377316, 6.147148 ], [ -75.02849, 6.293759 ] ] } },
{ "type": "Feature", "properties": { "source": "RIONEGRO", "target": "SONSÓN", "distance": 0.5, "betweenness": 0.00019069412662090009, "weight": 0.10019069412662091 }, "geometry": { "type": "LineString", "coordinates": [ [ -75.377316, 6.147148 ], [ -75.309596, 5.714851 ] ] } },
{ "type": "Feature", "properties": { "source": "MARINILLA", "target": "COCORNÁ", "distance": 0.5, "betweenness": 0.0002288329519450801, "weight": 0.10022883295194508 }, "geometry": { "type": "LineString", "coordinates": [ [ -75.339345, 6.173995 ], [ -75.185483, 6.058295 ] ] } },
{ "type": "Feature", "properties": { "source": "MARINILLA", "target": "GRANADA", "distance": 0.5, "betweenness": 0.00034324942791762018, "weight": 0.10034324942791763 }, "geometry": { "type": "LineString", "coordinates": [ [ -75.339345, 6.173995 ], [ -75.184446, 6.142892 ] ] } },
{ "type": "Feature", "properties": { "source": "MARINILLA", "target": "SAN CARLOS", "distance": 0.33333333333333331, "betweenness": 0.0028921942537503183, "weight": 0.10289219425375032 }, "geometry": { "type": "LineString", "coordinates": [ [ -75.339345, 6.173995 ], [ -74.988097, 6.187746 ] ] } },
{ "type": "Feature", "properties": { "source": "MARINILLA", "target": "EL SANTUARIO", "distance": 0.5, "betweenness": 0.00034324942791762018, "weight": 0.10034324942791763 }, "geometry": { "type": "LineString", "coordinates": [ [ -75.339345, 6.173995 ], [ -75.265465, 6.136871 ] ] } },
{ "type": "Feature", "properties": { "source": "MARINILLA", "target": "LA CEJA", "distance": 0.5, "betweenness": 0.00019069412662090009, "weight": 0.10019069412662091 }, "geometry": { "type": "LineString", "coordinates": [ [ -75.339345, 6.173995 ], [ -75.429433, 6.028062 ] ] } },
{ "type": "Feature", "properties": { "source": "MARINILLA", "target": "EL CARMEN DE VIBORAL", "distance": 0.5, "betweenness": 0.00015255530129672007, "weight": 0.10015255530129673 }, "geometry": { "type": "LineString", "coordinates": [ [ -75.339345, 6.173995 ], [ -75.333901, 6.082885 ] ] } },
{ "type": "Feature", "properties": { "source": "MARINILLA", "target": "SAN RAFAEL", "distance": 0.5, "betweenness": 0.00045766590389016021, "weight": 0.10045766590389017 }, "geometry": { "type": "LineString", "coordinates": [ [ -75.339345, 6.173995 ], [ -75.02849, 6.293759 ] ] } },
{ "type": "Feature", "properties": { "source": "MARINILLA", "target": "ENVIGADO", "distance": 0.33333333333333331, "betweenness": 0.0018942283244342741, "weight": 0.10189422832443427 }, "geometry": { "type": "LineString", "coordinates": [ [ -75.339345, 6.173995 ], [ -75.582192, 6.166695 ] ] } },
{ "type": "Feature", "properties": { "source": "MARINILLA", "target": "GUATAPÉ", "distance": 0.5, "betweenness": 0.00022883295194508008, "weight": 0.10022883295194508 }, "geometry": { "type": "LineString", "coordinates": [ [ -75.339345, 6.173995 ], [ -75.160041, 6.232461 ] ] } },
{ "type": "Feature", "properties": { "source": "MARINILLA", "target": "RETIRO", "distance": 0.5, "betweenness": 0.0002288329519450801, "weight": 0.10022883295194508 }, "geometry": { "type": "LineString", "coordinates": [ [ -75.339345, 6.173995 ], [ -75.501301, 6.062454 ] ] } },
{ "type": "Feature", "properties": { "source": "MARINILLA", "target": "LA UNIÓN", "distance": 0.5, "betweenness": 0.00076277650648360034, "weight": 0.1007627765064836 }, "geometry": { "type": "LineString", "coordinates": [ [ -75.339345, 6.173995 ], [ -75.360874, 5.973845 ] ] } },
{ "type": "Feature", "properties": { "source": "MARINILLA", "target": "ABEJORRAL", "distance": 0.5, "betweenness": 0.0, "weight": 0.1 }, "geometry": { "type": "LineString", "coordinates": [ [ -75.339345, 6.173995 ], [ -75.428739, 5.789315 ] ] } },
{ "type": "Feature", "properties": { "source": "MARINILLA", "target": "SAN LUIS", "distance": 0.5, "betweenness": 0.00069158403254513095, "weight": 0.10069158403254513 }, "geometry": { "type": "LineString", "coordinates": [ [ -75.339345, 6.173995 ], [ -74.993619, 6.043017 ] ] } },
{ "type": "Feature", "properties": { "source": "MARINILLA", "target": "MONTEBELLO", "distance": 0.5, "betweenness": 0.00064073226544622433, "weight": 0.10064073226544623 }, "geometry": { "type": "LineString", "coordinates": [ [ -75.339345, 6.173995 ], [ -75.523455, 5.946313 ] ] } },
{ "type": "Feature", "properties": { "source": "MARINILLA", "target": "CALDAS", "distance": 0.5, "betweenness": 0.00086448004068141379, "weight": 0.10086448004068142 }, "geometry": { "type": "LineString", "coordinates": [ [ -75.339345, 6.173995 ], [ -75.633673, 6.091077 ] ] } },
{ "type": "Feature", "properties": { "source": "MARINILLA", "target": "SAN FRANCISCO", "distance": 1.0, "betweenness": 0.0, "weight": 0.1 }, "geometry": { "type": "LineString", "coordinates": [ [ -75.339345, 6.173995 ], [ -75.101562, 5.963476 ] ] } },
{ "type": "Feature", "properties": { "source": "MARINILLA", "target": "SABANETA", "distance": 0.33333333333333331, "betweenness": 0.0017162471395881008, "weight": 0.1017162471395881 }, "geometry": { "type": "LineString", "coordinates": [ [ -75.339345, 6.173995 ], [ -75.615479, 6.149903 ] ] } },
{ "type": "Feature", "properties": { "source": "MARINILLA", "target": "SONSÓN", "distance": 0.5, "betweenness": 0.0008517670989066869, "weight": 0.1008517670989067 }, "geometry": { "type": "LineString", "coordinates": [ [ -75.339345, 6.173995 ], [ -75.309596, 5.714851 ] ] } },
{ "type": "Feature", "properties": { "source": "MARINILLA", "target": "ITAGÜÍ", "distance": 1.0, "betweenness": 0.0, "weight": 0.1 }, "geometry": { "type": "LineString", "coordinates": [ [ -75.339345, 6.173995 ], [ -75.612056, 6.175079 ] ] } },
{ "type": "Feature", "properties": { "source": "GUATAPÉ", "target": "SAN RAFAEL", "distance": 0.5, "betweenness": 0.0002339181286549708, "weight": 0.10023391812865498 }, "geometry": { "type": "LineString", "coordinates": [ [ -75.160041, 6.232461 ], [ -75.02849, 6.293759 ] ] } },
{ "type": "Feature", "properties": { "source": "GUATAPÉ", "target": "EL CARMEN DE VIBORAL", "distance": 0.5, "betweenness": 0.00021612001017035342, "weight": 0.10021612001017036 }, "geometry": { "type": "LineString", "coordinates": [ [ -75.160041, 6.232461 ], [ -75.333901, 6.082885 ] ] } },
{ "type": "Feature", "properties": { "source": "GUATAPÉ", "target": "EL SANTUARIO", "distance": 0.5, "betweenness": 0.0002288329519450801, "weight": 0.10022883295194508 }, "geometry": { "type": "LineString", "coordinates": [ [ -75.160041, 6.232461 ], [ -75.265465, 6.136871 ] ] } },
{ "type": "Feature", "properties": { "source": "GUATAPÉ", "target": "GRANADA", "distance": 0.5, "betweenness": 0.00030511060259344008, "weight": 0.10030511060259345 }, "geometry": { "type": "LineString", "coordinates": [ [ -75.160041, 6.232461 ], [ -75.184446, 6.142892 ] ] } },
{ "type": "Feature", "properties": { "source": "GUATAPÉ", "target": "COCORNÁ", "distance": 0.5, "betweenness": 0.00038138825324180017, "weight": 0.1003813882532418 }, "geometry": { "type": "LineString", "coordinates": [ [ -75.160041, 6.232461 ], [ -75.185483, 6.058295 ] ] } },
{ "type": "Feature", "properties": { "source": "GUATAPÉ", "target": "SAN CARLOS", "distance": 0.5, "betweenness": 0.00028476989575387752, "weight": 0.10028476989575388 }, "geometry": { "type": "LineString", "coordinates": [ [ -75.160041, 6.232461 ], [ -74.988097, 6.187746 ] ] } },
{ "type": "Feature", "properties": { "source": "GUATAPÉ", "target": "SAN LUIS", "distance": 0.5, "betweenness": 0.00043224002034070684, "weight": 0.10043224002034071 }, "geometry": { "type": "LineString", "coordinates": [ [ -75.160041, 6.232461 ], [ -74.993619, 6.043017 ] ] } },
{ "type": "Feature", "properties": { "source": "GUATAPÉ", "target": "SAN FRANCISCO", "distance": 0.5, "betweenness": 0.00067632850241545897, "weight": 0.10067632850241547 }, "geometry": { "type": "LineString", "coordinates": [ [ -75.160041, 6.232461 ], [ -75.101562, 5.963476 ] ] } },
{ "type": "Feature", "properties": { "source": "GUATAPÉ", "target": "LA UNIÓN", "distance": 0.5, "betweenness": 0.0013984235952199339, "weight": 0.10139842359521994 }, "geometry": { "type": "LineString", "coordinates": [ [ -75.160041, 6.232461 ], [ -75.360874, 5.973845 ] ] } },
{ "type": "Feature", "properties": { "source": "GUATAPÉ", "target": "LA CEJA", "distance": 1.0, "betweenness": 0.0, "weight": 0.1 }, "geometry": { "type": "LineString", "coordinates": [ [ -75.160041, 6.232461 ], [ -75.429433, 6.028062 ] ] } },
{ "type": "Feature", "properties": { "source": "TITIRIBÍ", "target": "TARSO", "distance": 0.5, "betweenness": 0.00031782354436816676, "weight": 0.10031782354436818 }, "geometry": { "type": "LineString", "coordinates": [ [ -75.791887, 6.062391 ], [ -75.822956, 5.864542 ] ] } },
{ "type": "Feature", "properties": { "source": "TITIRIBÍ", "target": "ENVIGADO", "distance": 0.5, "betweenness": 0.00084413933384185102, "weight": 0.10084413933384186 }, "geometry": { "type": "LineString", "coordinates": [ [ -75.791887, 6.062391 ], [ -75.582192, 6.166695 ] ] } },
{ "type": "Feature", "properties": { "source": "TITIRIBÍ", "target": "CALDAS", "distance": 0.5, "betweenness": 0.00034113060428849905, "weight": 0.10034113060428851 }, "geometry": { "type": "LineString", "coordinates": [ [ -75.791887, 6.062391 ], [ -75.633673, 6.091077 ] ] } },
{ "type": "Feature", "properties": { "source": "TITIRIBÍ", "target": "SANTA BÁRBARA", "distance": 0.5, "betweenness": 0.00018052377320111878, "weight": 0.10018052377320112 }, "geometry": { "type": "LineString", "coordinates": [ [ -75.791887, 6.062391 ], [ -75.567351, 5.875527 ] ] } },
{ "type": "Feature", "properties": { "source": "TITIRIBÍ", "target": "RETIRO", "distance": 0.33333333333333331, "betweenness": 0.010264429188914315, "weight": 0.11026442918891433 }, "geometry": { "type": "LineString", "coordinates": [ [ -75.791887, 6.062391 ], [ -75.501301, 6.062454 ] ] } },
{ "type": "Feature", "properties": { "source": "TITIRIBÍ", "target": "VENECIA", "distance": 0.5, "betweenness": 0.00016526824307144672, "weight": 0.10016526824307145 }, "geometry": { "type": "LineString", "coordinates": [ [ -75.791887, 6.062391 ], [ -75.735544, 5.964693 ] ] } },
{ "type": "Feature", "properties": { "source": "TITIRIBÍ", "target": "PUEBLORRICO", "distance": 0.5, "betweenness": 0.00075006356470887355, "weight": 0.10075006356470888 }, "geometry": { "type": "LineString", "coordinates": [ [ -75.791887, 6.062391 ], [ -75.839903, 5.79158 ] ] } },
{ "type": "Feature", "properties": { "source": "TITIRIBÍ", "target": "AMAGÁ", "distance": 0.5, "betweenness": 0.00062293414696160706, "weight": 0.10062293414696161 }, "geometry": { "type": "LineString", "coordinates": [ [ -75.791887, 6.062391 ], [ -75.702188, 6.038708 ] ] } },
{ "type": "Feature", "properties": { "source": "TITIRIBÍ", "target": "FREDONIA", "distance": 0.5, "betweenness": 0.00016526824307144672, "weight": 0.10016526824307145 }, "geometry": { "type": "LineString", "coordinates": [ [ -75.791887, 6.062391 ], [ -75.675072, 5.928039 ] ] } },
{ "type": "Feature", "properties": { "source": "TITIRIBÍ", "target": "LA ESTRELLA", "distance": 0.5, "betweenness": 0.00019069412662090009, "weight": 0.10019069412662091 }, "geometry": { "type": "LineString", "coordinates": [ [ -75.791887, 6.062391 ], [ -75.637708, 6.145238 ] ] } },
{ "type": "Feature", "properties": { "source": "TITIRIBÍ", "target": "ANGELÓPOLIS", "distance": 0.5, "betweenness": 0.0012967200610221206, "weight": 0.10129672006102212 }, "geometry": { "type": "LineString", "coordinates": [ [ -75.791887, 6.062391 ], [ -75.711389, 6.109719 ] ] } },
{ "type": "Feature", "properties": { "source": "TITIRIBÍ", "target": "CIUDAD BOLÍVAR", "distance": 0.5, "betweenness": 0.0019711113532623827, "weight": 0.10197111135326239 }, "geometry": { "type": "LineString", "coordinates": [ [ -75.791887, 6.062391 ], [ -76.021509, 5.850273 ] ] } },
{ "type": "Feature", "properties": { "source": "TITIRIBÍ", "target": "SABANETA", "distance": 0.5, "betweenness": 0.001817950673785914, "weight": 0.10181795067378592 }, "geometry": { "type": "LineString", "coordinates": [ [ -75.791887, 6.062391 ], [ -75.615479, 6.149903 ] ] } },
{ "type": "Feature", "properties": { "source": "TITIRIBÍ", "target": "JERICÓ", "distance": 0.5, "betweenness": 0.00033477413340113571, "weight": 0.10033477413340114 }, "geometry": { "type": "LineString", "coordinates": [ [ -75.791887, 6.062391 ], [ -75.785499, 5.789748 ] ] } },
{ "type": "Feature", "properties": { "source": "TITIRIBÍ", "target": "ITAGÜÍ", "distance": 0.5, "betweenness": 0.00038138825324180017, "weight": 0.1003813882532418 }, "geometry": { "type": "LineString", "coordinates": [ [ -75.791887, 6.062391 ], [ -75.612056, 6.175079 ] ] } },
{ "type": "Feature", "properties": { "source": "TITIRIBÍ", "target": "MONTEBELLO", "distance": 0.5, "betweenness": 0.00045463901299141579, "weight": 0.10045463901299143 }, "geometry": { "type": "LineString", "coordinates": [ [ -75.791887, 6.062391 ], [ -75.523455, 5.946313 ] ] } },
{ "type": "Feature", "properties": { "source": "TITIRIBÍ", "target": "HISPANIA", "distance": 0.5, "betweenness": 0.0027258363299553228, "weight": 0.10272583632995533 }, "geometry": { "type": "LineString", "coordinates": [ [ -75.791887, 6.062391 ], [ -75.906587, 5.799461 ] ] } },
{ "type": "Feature", "properties": { "source": "CIUDAD BOLÍVAR", "target": "ANDES", "distance": 0.33333333333333331, "betweenness": 0.0043287566742944324, "weight": 0.10432875667429443 }, "geometry": { "type": "LineString", "coordinates": [ [ -76.021509, 5.850273 ], [ -75.878828, 5.657194 ] ] } },
{ "type": "Feature", "properties": { "source": "CIUDAD BOLÍVAR", "target": "BETANIA", "distance": 0.5, "betweenness": 0.0001678108314263921, "weight": 0.1001678108314264 }, "geometry": { "type": "LineString", "coordinates": [ [ -76.021509, 5.850273 ], [ -75.97679, 5.74615 ] ] } },
{ "type": "Feature", "properties": { "source": "CIUDAD BOLÍVAR", "target": "TÁMESIS", "distance": 0.5, "betweenness": 0.0023946153007937906, "weight": 0.1023946153007938 }, "geometry": { "type": "LineString", "coordinates": [ [ -76.021509, 5.850273 ], [ -75.714429, 5.664645 ] ] } },
{ "type": "Feature", "properties": { "source": "CIUDAD BOLÍVAR", "target": "JERICÓ", "distance": 0.5, "betweenness": 0.0011676534330996573, "weight": 0.10116765343309966 }, "geometry": { "type": "LineString", "coordinates": [ [ -76.021509, 5.850273 ], [ -75.785499, 5.789748 ] ] } },
{ "type": "Feature", "properties": { "source": "CIUDAD BOLÍVAR", "target": "JARDÍN", "distance": 0.5, "betweenness": 0.0028985507246376812, "weight": 0.10289855072463769 }, "geometry": { "type": "LineString", "coordinates": [ [ -76.021509, 5.850273 ], [ -75.818982, 5.597542 ] ] } },
{ "type": "Feature", "properties": { "source": "CIUDAD BOLÍVAR", "target": "HISPANIA", "distance": 0.5, "betweenness": 0.0011441647597254005, "weight": 0.1011441647597254 }, "geometry": { "type": "LineString", "coordinates": [ [ -76.021509, 5.850273 ], [ -75.906587, 5.799461 ] ] } },
{ "type": "Feature", "properties": { "source": "CIUDAD BOLÍVAR", "target": "PUEBLORRICO", "distance": 0.5, "betweenness": 0.00038138825324180017, "weight": 0.1003813882532418 }, "geometry": { "type": "LineString", "coordinates": [ [ -76.021509, 5.850273 ], [ -75.839903, 5.79158 ] ] } },
{ "type": "Feature", "properties": { "source": "CIUDAD BOLÍVAR", "target": "VENECIA", "distance": 0.5, "betweenness": 0.00092610753937985048, "weight": 0.10092610753937986 }, "geometry": { "type": "LineString", "coordinates": [ [ -76.021509, 5.850273 ], [ -75.735544, 5.964693 ] ] } },
{ "type": "Feature", "properties": { "source": "CIUDAD BOLÍVAR", "target": "TARSO", "distance": 0.5, "betweenness": 0.00019129950480064898, "weight": 0.10019129950480066 }, "geometry": { "type": "LineString", "coordinates": [ [ -76.021509, 5.850273 ], [ -75.822956, 5.864542 ] ] } },
{ "type": "Feature", "properties": { "source": "CIUDAD BOLÍVAR", "target": "FREDONIA", "distance": 0.5, "betweenness": 0.0019304299395832573, "weight": 0.10193042993958326 }, "geometry": { "type": "LineString", "coordinates": [ [ -76.021509, 5.850273 ], [ -75.675072, 5.928039 ] ] } },
{ "type": "Feature", "properties": { "source": "CIUDAD BOLÍVAR", "target": "AMAGÁ", "distance": 0.5, "betweenness": 0.004183163222064825, "weight": 0.10418316322206483 }, "geometry": { "type": "LineString", "coordinates": [ [ -76.021509, 5.850273 ], [ -75.702188, 6.038708 ] ] } },
{ "type": "Feature", "properties": { "source": "ANGELÓPOLIS", "target": "SANTA BÁRBARA", "distance": 0.5, "betweenness": 0.00025086871768793963, "weight": 0.10025086871768794 }, "geometry": { "type": "LineString", "coordinates": [ [ -75.711389, 6.109719 ], [ -75.567351, 5.875527 ] ] } },
{ "type": "Feature", "properties": { "source": "ANGELÓPOLIS", "target": "RETIRO", "distance": 0.5, "betweenness": 0.00030511060259344014, "weight": 0.10030511060259345 }, "geometry": { "type": "LineString", "coordinates": [ [ -75.711389, 6.109719 ], [ -75.501301, 6.062454 ] ] } },
{ "type": "Feature", "properties": { "source": "ANGELÓPOLIS", "target": "FREDONIA", "distance": 0.5, "betweenness": 0.00062971438257479462, "weight": 0.1006297143825748 }, "geometry": { "type": "LineString", "coordinates": [ [ -75.711389, 6.109719 ], [ -75.675072, 5.928039 ] ] } },
{ "type": "Feature", "properties": { "source": "ANGELÓPOLIS", "target": "CALDAS", "distance": 0.5, "betweenness": 0.00023518942283244342, "weight": 0.10023518942283245 }, "geometry": { "type": "LineString", "coordinates": [ [ -75.711389, 6.109719 ], [ -75.633673, 6.091077 ] ] } },
{ "type": "Feature", "properties": { "source": "ANGELÓPOLIS", "target": "VENECIA", "distance": 0.33333333333333331, "betweenness": 0.015497076023391815, "weight": 0.11549707602339182 }, "geometry": { "type": "LineString", "coordinates": [ [ -75.711389, 6.109719 ], [ -75.735544, 5.964693 ] ] } },
{ "type": "Feature", "properties": { "source": "ANGELÓPOLIS", "target": "MONTEBELLO", "distance": 0.5, "betweenness": 0.000226714128315959, "weight": 0.10022671412831596 }, "geometry": { "type": "LineString", "coordinates": [ [ -75.711389, 6.109719 ], [ -75.523455, 5.946313 ] ] } },
{ "type": "Feature", "properties": { "source": "ANGELÓPOLIS", "target": "LA ESTRELLA", "distance": 0.5, "betweenness": 0.00015255530129672007, "weight": 0.10015255530129673 }, "geometry": { "type": "LineString", "coordinates": [ [ -75.711389, 6.109719 ], [ -75.637708, 6.145238 ] ] } },
{ "type": "Feature", "properties": { "source": "ANGELÓPOLIS", "target": "ITAGÜÍ", "distance": 0.5, "betweenness": 0.0, "weight": 0.1 }, "geometry": { "type": "LineString", "coordinates": [ [ -75.711389, 6.109719 ], [ -75.612056, 6.175079 ] ] } },
{ "type": "Feature", "properties": { "source": "ANGELÓPOLIS", "target": "AMAGÁ", "distance": 0.5, "betweenness": 0.001309433002796847, "weight": 0.10130943300279685 }, "geometry": { "type": "LineString", "coordinates": [ [ -75.711389, 6.109719 ], [ -75.702188, 6.038708 ] ] } },
{ "type": "Feature", "properties": { "source": "ANGELÓPOLIS", "target": "ENVIGADO", "distance": 0.5, "betweenness": 0.0, "weight": 0.1 }, "geometry": { "type": "LineString", "coordinates": [ [ -75.711389, 6.109719 ], [ -75.582192, 6.166695 ] ] } },
{ "type": "Feature", "properties": { "source": "ANGELÓPOLIS", "target": "LA CEJA", "distance": 0.5, "betweenness": 0.00015255530129672007, "weight": 0.10015255530129673 }, "geometry": { "type": "LineString", "coordinates": [ [ -75.711389, 6.109719 ], [ -75.429433, 6.028062 ] ] } },
{ "type": "Feature", "properties": { "source": "ANGELÓPOLIS", "target": "SABANETA", "distance": 0.33333333333333331, "betweenness": 0.0035977625222476479, "weight": 0.10359776252224766 }, "geometry": { "type": "LineString", "coordinates": [ [ -75.711389, 6.109719 ], [ -75.615479, 6.149903 ] ] } },
{ "type": "Feature", "properties": { "source": "ANGELÓPOLIS", "target": "ABEJORRAL", "distance": 1.0, "betweenness": 0.0, "weight": 0.1 }, "geometry": { "type": "LineString", "coordinates": [ [ -75.711389, 6.109719 ], [ -75.428739, 5.789315 ] ] } },
{ "type": "Feature", "properties": { "source": "ANGELÓPOLIS", "target": "TARSO", "distance": 0.5, "betweenness": 0.0053779981354352066, "weight": 0.10537799813543522 }, "geometry": { "type": "LineString", "coordinates": [ [ -75.711389, 6.109719 ], [ -75.822956, 5.864542 ] ] } },
{ "type": "Feature", "properties": { "source": "ANGELÓPOLIS", "target": "JERICÓ", "distance": 1.0, "betweenness": 0.0, "weight": 0.1 }, "geometry": { "type": "LineString", "coordinates": [ [ -75.711389, 6.109719 ], [ -75.785499, 5.789748 ] ] } },
{ "type": "Feature", "properties": { "source": "VENECIA", "target": "TÁMESIS", "distance": 0.5, "betweenness": 0.0014666823133642358, "weight": 0.10146668231336424 }, "geometry": { "type": "LineString", "coordinates": [ [ -75.735544, 5.964693 ], [ -75.714429, 5.664645 ] ] } },
{ "type": "Feature", "properties": { "source": "VENECIA", "target": "JERICÓ", "distance": 0.5, "betweenness": 0.001261840964358127, "weight": 0.10126184096435813 }, "geometry": { "type": "LineString", "coordinates": [ [ -75.735544, 5.964693 ], [ -75.785499, 5.789748 ] ] } },
{ "type": "Feature", "properties": { "source": "VENECIA", "target": "FREDONIA", "distance": 0.5, "betweenness": 0.00016429032447339082, "weight": 0.1001642903244734 }, "geometry": { "type": "LineString", "coordinates": [ [ -75.735544, 5.964693 ], [ -75.675072, 5.928039 ] ] } },
{ "type": "Feature", "properties": { "source": "VENECIA", "target": "CALDAS", "distance": 0.5, "betweenness": 0.00025468260022035763, "weight": 0.10025468260022036 }, "geometry": { "type": "LineString", "coordinates": [ [ -75.735544, 5.964693 ], [ -75.633673, 6.091077 ] ] } },
{ "type": "Feature", "properties": { "source": "VENECIA", "target": "PUEBLORRICO", "distance": 0.5, "betweenness": 0.00048211386884155762, "weight": 0.10048211386884157 }, "geometry": { "type": "LineString", "coordinates": [ [ -75.735544, 5.964693 ], [ -75.839903, 5.79158 ] ] } },
{ "type": "Feature", "properties": { "source": "VENECIA", "target": "ABEJORRAL", "distance": 0.5, "betweenness": 0.0010164206502879273, "weight": 0.10101642065028793 }, "geometry": { "type": "LineString", "coordinates": [ [ -75.735544, 5.964693 ], [ -75.428739, 5.789315 ] ] } },
{ "type": "Feature", "properties": { "source": "VENECIA", "target": "SANTA BÁRBARA", "distance": 0.5, "betweenness": 0.00019341451835731016, "weight": 0.10019341451835731 }, "geometry": { "type": "LineString", "coordinates": [ [ -75.735544, 5.964693 ], [ -75.567351, 5.875527 ] ] } },
{ "type": "Feature", "properties": { "source": "VENECIA", "target": "AMAGÁ", "distance": 0.5, "betweenness": 0.00048465645719650291, "weight": 0.10048465645719651 }, "geometry": { "type": "LineString", "coordinates": [ [ -75.735544, 5.964693 ], [ -75.702188, 6.038708 ] ] } },
{ "type": "Feature", "properties": { "source": "VENECIA", "target": "HISPANIA", "distance": 0.5, "betweenness": 0.002443609022556391, "weight": 0.10244360902255639 }, "geometry": { "type": "LineString", "coordinates": [ [ -75.735544, 5.964693 ], [ -75.906587, 5.799461 ] ] } },
{ "type": "Feature", "properties": { "source": "VENECIA", "target": "RETIRO", "distance": 0.5, "betweenness": 0.0012360821228098117, "weight": 0.10123608212280982 }, "geometry": { "type": "LineString", "coordinates": [ [ -75.735544, 5.964693 ], [ -75.501301, 6.062454 ] ] } },
{ "type": "Feature", "properties": { "source": "VENECIA", "target": "MONTEBELLO", "distance": 0.5, "betweenness": 0.00027713281717858378, "weight": 0.10027713281717859 }, "geometry": { "type": "LineString", "coordinates": [ [ -75.735544, 5.964693 ], [ -75.523455, 5.946313 ] ] } },
{ "type": "Feature", "properties": { "source": "VENECIA", "target": "ENVIGADO", "distance": 0.5, "betweenness": 0.00043224002034070684, "weight": 0.10043224002034071 }, "geometry": { "type": "LineString", "coordinates": [ [ -75.735544, 5.964693 ], [ -75.582192, 6.166695 ] ] } },
{ "type": "Feature", "properties": { "source": "VENECIA", "target": "TARSO", "distance": 0.5, "betweenness": 0.00031684562577011087, "weight": 0.10031684562577012 }, "geometry": { "type": "LineString", "coordinates": [ [ -75.735544, 5.964693 ], [ -75.822956, 5.864542 ] ] } },
{ "type": "Feature", "properties": { "source": "VENECIA", "target": "ANDES", "distance": 0.5, "betweenness": 0.0039279319714102317, "weight": 0.10392793197141023 }, "geometry": { "type": "LineString", "coordinates": [ [ -75.735544, 5.964693 ], [ -75.878828, 5.657194 ] ] } },
{ "type": "Feature", "properties": { "source": "VENECIA", "target": "LA PINTADA", "distance": 1.0, "betweenness": 1.1735023176670774e-05, "weight": 0.10001173502317667 }, "geometry": { "type": "LineString", "coordinates": [ [ -75.735544, 5.964693 ], [ -75.60781, 5.743808 ] ] } },
{ "type": "Feature", "properties": { "source": "VENECIA", "target": "LA ESTRELLA", "distance": 0.33333333333333331, "betweenness": 0.0020304384148777744, "weight": 0.10203043841487779 }, "geometry": { "type": "LineString", "coordinates": [ [ -75.735544, 5.964693 ], [ -75.637708, 6.145238 ] ] } },
{ "type": "Feature", "properties": { "source": "VENECIA", "target": "SABANETA", "distance": 0.5, "betweenness": 0.00069058515854854535, "weight": 0.10069058515854855 }, "geometry": { "type": "LineString", "coordinates": [ [ -75.735544, 5.964693 ], [ -75.615479, 6.149903 ] ] } },
{ "type": "Feature", "properties": { "source": "VENECIA", "target": "BETANIA", "distance": 0.5, "betweenness": 0.004199447895100069, "weight": 0.10419944789510008 }, "geometry": { "type": "LineString", "coordinates": [ [ -75.735544, 5.964693 ], [ -75.97679, 5.74615 ] ] } },
{ "type": "Feature", "properties": { "source": "VENECIA", "target": "ITAGÜÍ", "distance": 0.5, "betweenness": 0.00045766590389016021, "weight": 0.10045766590389017 }, "geometry": { "type": "LineString", "coordinates": [ [ -75.735544, 5.964693 ], [ -75.612056, 6.175079 ] ] } },
{ "type": "Feature", "properties": { "source": "VENECIA", "target": "LA CEJA", "distance": 0.5, "betweenness": 0.0012372626102603219, "weight": 0.10123726261026032 }, "geometry": { "type": "LineString", "coordinates": [ [ -75.735544, 5.964693 ], [ -75.429433, 6.028062 ] ] } },
{ "type": "Feature", "properties": { "source": "VENECIA", "target": "VALPARAÍSO", "distance": 1.0, "betweenness": 0.0, "weight": 0.1 }, "geometry": { "type": "LineString", "coordinates": [ [ -75.735544, 5.964693 ], [ -75.624452, 5.614555 ] ] } },
{ "type": "Feature", "properties": { "source": "GRANADA", "target": "COCORNÁ", "distance": 0.33333333333333331, "betweenness": 0.00080091533180778039, "weight": 0.10080091533180778 }, "geometry": { "type": "LineString", "coordinates": [ [ -75.184446, 6.142892 ], [ -75.185483, 6.058295 ] ] } },
{ "type": "Feature", "properties": { "source": "GRANADA", "target": "SAN RAFAEL", "distance": 0.5, "betweenness": 0.0002288329519450801, "weight": 0.10022883295194508 }, "geometry": { "type": "LineString", "coordinates": [ [ -75.184446, 6.142892 ], [ -75.02849, 6.293759 ] ] } },
{ "type": "Feature", "properties": { "source": "GRANADA", "target": "SAN CARLOS", "distance": 0.33333333333333331, "betweenness": 0.00038138825324180017, "weight": 0.1003813882532418 }, "geometry": { "type": "LineString", "coordinates": [ [ -75.184446, 6.142892 ], [ -74.988097, 6.187746 ] ] } },
{ "type": "Feature", "properties": { "source": "GRANADA", "target": "SAN LUIS", "distance": 0.5, "betweenness": 0.00024154589371980676, "weight": 0.10024154589371981 }, "geometry": { "type": "LineString", "coordinates": [ [ -75.184446, 6.142892 ], [ -74.993619, 6.043017 ] ] } },
{ "type": "Feature", "properties": { "source": "GRANADA", "target": "EL CARMEN DE VIBORAL", "distance": 0.5, "betweenness": 0.00015255530129672007, "weight": 0.10015255530129673 }, "geometry": { "type": "LineString", "coordinates": [ [ -75.184446, 6.142892 ], [ -75.333901, 6.082885 ] ] } },
{ "type": "Feature", "properties": { "source": "GRANADA", "target": "EL SANTUARIO", "distance": 0.5, "betweenness": 0.00024154589371980676, "weight": 0.10024154589371981 }, "geometry": { "type": "LineString", "coordinates": [ [ -75.184446, 6.142892 ], [ -75.265465, 6.136871 ] ] } },
{ "type": "Feature", "properties": { "source": "GRANADA", "target": "LA UNIÓN", "distance": 0.5, "betweenness": 0.00068649885583524036, "weight": 0.10068649885583525 }, "geometry": { "type": "LineString", "coordinates": [ [ -75.184446, 6.142892 ], [ -75.360874, 5.973845 ] ] } },
{ "type": "Feature", "properties": { "source": "GRANADA", "target": "LA CEJA", "distance": 0.5, "betweenness": 0.0003941011950165268, "weight": 0.10039410119501653 }, "geometry": { "type": "LineString", "coordinates": [ [ -75.184446, 6.142892 ], [ -75.429433, 6.028062 ] ] } },
{ "type": "Feature", "properties": { "source": "GRANADA", "target": "SAN FRANCISCO", "distance": 0.5, "betweenness": 0.00021866259852529877, "weight": 0.1002186625985253 }, "geometry": { "type": "LineString", "coordinates": [ [ -75.184446, 6.142892 ], [ -75.101562, 5.963476 ] ] } },
{ "type": "Feature", "properties": { "source": "GRANADA", "target": "PUERTO NARE", "distance": 0.5, "betweenness": 0.0061149249936435302, "weight": 0.10611492499364354 }, "geometry": { "type": "LineString", "coordinates": [ [ -75.184446, 6.142892 ], [ -74.583012, 6.186025 ] ] } },
{ "type": "Feature", "properties": { "source": "GRANADA", "target": "SONSÓN", "distance": 0.5, "betweenness": 0.0007882023900330536, "weight": 0.10078820239003305 }, "geometry": { "type": "LineString", "coordinates": [ [ -75.184446, 6.142892 ], [ -75.309596, 5.714851 ] ] } },
{ "type": "Feature", "properties": { "source": "GRANADA", "target": "RETIRO", "distance": 0.33333333333333331, "betweenness": 0.0049326214085939494, "weight": 0.10493262140859395 }, "geometry": { "type": "LineString", "coordinates": [ [ -75.184446, 6.142892 ], [ -75.501301, 6.062454 ] ] } },
{ "type": "Feature", "properties": { "source": "GRANADA", "target": "ENVIGADO", "distance": 1.0, "betweenness": 0.0, "weight": 0.1 }, "geometry": { "type": "LineString", "coordinates": [ [ -75.184446, 6.142892 ], [ -75.582192, 6.166695 ] ] } },
{ "type": "Feature", "properties": { "source": "GRANADA", "target": "ABEJORRAL", "distance": 0.5, "betweenness": 0.0010424612255275872, "weight": 0.1010424612255276 }, "geometry": { "type": "LineString", "coordinates": [ [ -75.184446, 6.142892 ], [ -75.428739, 5.789315 ] ] } },
{ "type": "Feature", "properties": { "source": "SAN RAFAEL", "target": "SAN CARLOS", "distance": 0.5, "betweenness": 0.00022120518688024412, "weight": 0.10022120518688026 }, "geometry": { "type": "LineString", "coordinates": [ [ -75.02849, 6.293759 ], [ -74.988097, 6.187746 ] ] } },
{ "type": "Feature", "properties": { "source": "SAN RAFAEL", "target": "EL SANTUARIO", "distance": 0.5, "betweenness": 0.00055936943808797355, "weight": 0.10055936943808798 }, "geometry": { "type": "LineString", "coordinates": [ [ -75.02849, 6.293759 ], [ -75.265465, 6.136871 ] ] } },
{ "type": "Feature", "properties": { "source": "SAN RAFAEL", "target": "SAN LUIS", "distance": 0.5, "betweenness": 0.00054665649631324698, "weight": 0.10054665649631325 }, "geometry": { "type": "LineString", "coordinates": [ [ -75.02849, 6.293759 ], [ -74.993619, 6.043017 ] ] } },
{ "type": "Feature", "properties": { "source": "SAN RAFAEL", "target": "EL CARMEN DE VIBORAL", "distance": 0.25, "betweenness": 0.0099106461806690652, "weight": 0.10991064618066906 }, "geometry": { "type": "LineString", "coordinates": [ [ -75.02849, 6.293759 ], [ -75.333901, 6.082885 ] ] } },
{ "type": "Feature", "properties": { "source": "SAN RAFAEL", "target": "COCORNÁ", "distance": 0.5, "betweenness": 0.00053394355453852019, "weight": 0.10053394355453853 }, "geometry": { "type": "LineString", "coordinates": [ [ -75.02849, 6.293759 ], [ -75.185483, 6.058295 ] ] } },
{ "type": "Feature", "properties": { "source": "SAN RAFAEL", "target": "PUERTO NARE", "distance": 0.5, "betweenness": 0.0028349860157640483, "weight": 0.10283498601576406 }, "geometry": { "type": "LineString", "coordinates": [ [ -75.02849, 6.293759 ], [ -74.583012, 6.186025 ] ] } },
{ "type": "Feature", "properties": { "source": "SAN RAFAEL", "target": "SAN FRANCISCO", "distance": 0.33333333333333331, "betweenness": 0.0027078565980167813, "weight": 0.10270785659801679 }, "geometry": { "type": "LineString", "coordinates": [ [ -75.02849, 6.293759 ], [ -75.101562, 5.963476 ] ] } },
{ "type": "Feature", "properties": { "source": "SAN RAFAEL", "target": "CARACOLÍ", "distance": 0.5, "betweenness": 0.0012051868802440884, "weight": 0.10120518688024409 }, "geometry": { "type": "LineString", "coordinates": [ [ -75.02849, 6.293759 ], [ -74.757421, 6.409829 ] ] } },
{ "type": "Feature", "properties": { "source": "SAN RAFAEL", "target": "PUERTO BERRÍO", "distance": 1.0, "betweenness": 0.0046440376303076535, "weight": 0.10464403763030766 }, "geometry": { "type": "LineString", "coordinates": [ [ -75.02849, 6.293759 ], [ -74.410016, 6.487028 ] ] } },
{ "type": "Feature", "properties": { "source": "SAN RAFAEL", "target": "MACEO", "distance": 0.5, "betweenness": 0.0034746286004867246, "weight": 0.10347462860048673 }, "geometry": { "type": "LineString", "coordinates": [ [ -75.02849, 6.293759 ], [ -74.78716, 6.552116 ] ] } },
{ "type": "Feature", "properties": { "source": "EL SANTUARIO", "target": "EL CARMEN DE VIBORAL", "distance": 0.5, "betweenness": 0.00015255530129672007, "weight": 0.10015255530129673 }, "geometry": { "type": "LineString", "coordinates": [ [ -75.265465, 6.136871 ], [ -75.333901, 6.082885 ] ] } },
{ "type": "Feature", "properties": { "source": "EL SANTUARIO", "target": "LA UNIÓN", "distance": 0.5, "betweenness": 0.00034324942791762018, "weight": 0.10034324942791763 }, "geometry": { "type": "LineString", "coordinates": [ [ -75.265465, 6.136871 ], [ -75.360874, 5.973845 ] ] } },
{ "type": "Feature", "properties": { "source": "EL SANTUARIO", "target": "ABEJORRAL", "distance": 0.5, "betweenness": 0.00064951575249058095, "weight": 0.10064951575249059 }, "geometry": { "type": "LineString", "coordinates": [ [ -75.265465, 6.136871 ], [ -75.428739, 5.789315 ] ] } },
{ "type": "Feature", "properties": { "source": "EL SANTUARIO", "target": "RETIRO", "distance": 0.5, "betweenness": 0.00050967339296858745, "weight": 0.1005096733929686 }, "geometry": { "type": "LineString", "coordinates": [ [ -75.265465, 6.136871 ], [ -75.501301, 6.062454 ] ] } },
{ "type": "Feature", "properties": { "source": "EL SANTUARIO", "target": "LA CEJA", "distance": 0.33333333333333331, "betweenness": 0.001455285116612348, "weight": 0.10145528511661235 }, "geometry": { "type": "LineString", "coordinates": [ [ -75.265465, 6.136871 ], [ -75.429433, 6.028062 ] ] } },
{ "type": "Feature", "properties": { "source": "EL SANTUARIO", "target": "COCORNÁ", "distance": 0.5, "betweenness": 0.00015255530129672007, "weight": 0.10015255530129673 }, "geometry": { "type": "LineString", "coordinates": [ [ -75.265465, 6.136871 ], [ -75.185483, 6.058295 ] ] } },
{ "type": "Feature", "properties": { "source": "EL SANTUARIO", "target": "SAN LUIS", "distance": 0.5, "betweenness": 0.00025934401220442411, "weight": 0.10025934401220443 }, "geometry": { "type": "LineString", "coordinates": [ [ -75.265465, 6.136871 ], [ -74.993619, 6.043017 ] ] } },
{ "type": "Feature", "properties": { "source": "EL SANTUARIO", "target": "SAN CARLOS", "distance": 0.5, "betweenness": 0.00029239766081871346, "weight": 0.10029239766081872 }, "geometry": { "type": "LineString", "coordinates": [ [ -75.265465, 6.136871 ], [ -74.988097, 6.187746 ] ] } },
{ "type": "Feature", "properties": { "source": "EL SANTUARIO", "target": "ENVIGADO", "distance": 0.5, "betweenness": 0.00068118253472944552, "weight": 0.10068118253472945 }, "geometry": { "type": "LineString", "coordinates": [ [ -75.265465, 6.136871 ], [ -75.582192, 6.166695 ] ] } },
{ "type": "Feature", "properties": { "source": "EL SANTUARIO", "target": "SAN FRANCISCO", "distance": 0.5, "betweenness": 0.0002288329519450801, "weight": 0.10022883295194508 }, "geometry": { "type": "LineString", "coordinates": [ [ -75.265465, 6.136871 ], [ -75.101562, 5.963476 ] ] } },
{ "type": "Feature", "properties": { "source": "EL SANTUARIO", "target": "SONSÓN", "distance": 0.5, "betweenness": 0.00060374916210156491, "weight": 0.10060374916210157 }, "geometry": { "type": "LineString", "coordinates": [ [ -75.265465, 6.136871 ], [ -75.309596, 5.714851 ] ] } },
{ "type": "Feature", "properties": { "source": "EL SANTUARIO", "target": "MONTEBELLO", "distance": 0.5, "betweenness": 0.00055289739500265819, "weight": 0.10055289739500266 }, "geometry": { "type": "LineString", "coordinates": [ [ -75.265465, 6.136871 ], [ -75.523455, 5.946313 ] ] } },
{ "type": "Feature", "properties": { "source": "SAN CARLOS", "target": "SAN LUIS", "distance": 0.5, "betweenness": 0.0010806000508517672, "weight": 0.10108060005085177 }, "geometry": { "type": "LineString", "coordinates": [ [ -74.988097, 6.187746 ], [ -74.993619, 6.043017 ] ] } },
{ "type": "Feature", "properties": { "source": "SAN CARLOS", "target": "EL CARMEN DE VIBORAL", "distance": 0.5, "betweenness": 0.00019069412662090009, "weight": 0.10019069412662091 }, "geometry": { "type": "LineString", "coordinates": [ [ -74.988097, 6.187746 ], [ -75.333901, 6.082885 ] ] } },
{ "type": "Feature", "properties": { "source": "SAN CARLOS", "target": "COCORNÁ", "distance": 0.5, "betweenness": 0.00020340706839562674, "weight": 0.10020340706839563 }, "geometry": { "type": "LineString", "coordinates": [ [ -74.988097, 6.187746 ], [ -75.185483, 6.058295 ] ] } },
{ "type": "Feature", "properties": { "source": "SAN CARLOS", "target": "SAN FRANCISCO", "distance": 0.33333333333333331, "betweenness": 0.0066437833714721589, "weight": 0.10664378337147216 }, "geometry": { "type": "LineString", "coordinates": [ [ -74.988097, 6.187746 ], [ -75.101562, 5.963476 ] ] } },
{ "type": "Feature", "properties": { "source": "SAN CARLOS", "target": "PUERTO NARE", "distance": 0.5, "betweenness": 0.0084032545130943298, "weight": 0.10840325451309434 }, "geometry": { "type": "LineString", "coordinates": [ [ -74.988097, 6.187746 ], [ -74.583012, 6.186025 ] ] } },
{ "type": "Feature", "properties": { "source": "SAN CARLOS", "target": "CARACOLÍ", "distance": 0.5, "betweenness": 0.0058199847444698706, "weight": 0.10581998474446988 }, "geometry": { "type": "LineString", "coordinates": [ [ -74.988097, 6.187746 ], [ -74.757421, 6.409829 ] ] } },
{ "type": "Feature", "properties": { "source": "SAN CARLOS", "target": "MACEO", "distance": 1.0, "betweenness": 3.0511060259344016e-05, "weight": 0.10003051106025936 }, "geometry": { "type": "LineString", "coordinates": [ [ -74.988097, 6.187746 ], [ -74.78716, 6.552116 ] ] } },
{ "type": "Feature", "properties": { "source": "SAN CARLOS", "target": "PUERTO TRIUNFO", "distance": 1.0, "betweenness": 0.0082888380371217915, "weight": 0.1082888380371218 }, "geometry": { "type": "LineString", "coordinates": [ [ -74.988097, 6.187746 ], [ -74.64119, 5.871318 ] ] } },
{ "type": "Feature", "properties": { "source": "SAN CARLOS", "target": "SONSÓN", "distance": 0.5, "betweenness": 0.0010933129926264937, "weight": 0.1010933129926265 }, "geometry": { "type": "LineString", "coordinates": [ [ -74.988097, 6.187746 ], [ -75.309596, 5.714851 ] ] } },
{ "type": "Feature", "properties": { "source": "EL CARMEN DE VIBORAL", "target": "RETIRO", "distance": 0.5, "betweenness": 0.00051360284769895752, "weight": 0.10051360284769896 }, "geometry": { "type": "LineString", "coordinates": [ [ -75.333901, 6.082885 ], [ -75.501301, 6.062454 ] ] } },
{ "type": "Feature", "properties": { "source": "EL CARMEN DE VIBORAL", "target": "ABEJORRAL", "distance": 0.5, "betweenness": 0.0, "weight": 0.1 }, "geometry": { "type": "LineString", "coordinates": [ [ -75.333901, 6.082885 ], [ -75.428739, 5.789315 ] ] } },
{ "type": "Feature", "properties": { "source": "EL CARMEN DE VIBORAL", "target": "LA UNIÓN", "distance": 0.5, "betweenness": 0.00059750826341215359, "weight": 0.10059750826341216 }, "geometry": { "type": "LineString", "coordinates": [ [ -75.333901, 6.082885 ], [ -75.360874, 5.973845 ] ] } },
{ "type": "Feature", "properties": { "source": "EL CARMEN DE VIBORAL", "target": "SONSÓN", "distance": 0.5, "betweenness": 0.0013266862809196906, "weight": 0.10132668628091969 }, "geometry": { "type": "LineString", "coordinates": [ [ -75.333901, 6.082885 ], [ -75.309596, 5.714851 ] ] } },
{ "type": "Feature", "properties": { "source": "EL CARMEN DE VIBORAL", "target": "LA CEJA", "distance": 0.5, "betweenness": 0.00045766590389016021, "weight": 0.10045766590389017 }, "geometry": { "type": "LineString", "coordinates": [ [ -75.333901, 6.082885 ], [ -75.429433, 6.028062 ] ] } },
{ "type": "Feature", "properties": { "source": "EL CARMEN DE VIBORAL", "target": "COCORNÁ", "distance": 0.5, "betweenness": 0.00015255530129672007, "weight": 0.10015255530129673 }, "geometry": { "type": "LineString", "coordinates": [ [ -75.333901, 6.082885 ], [ -75.185483, 6.058295 ] ] } },
{ "type": "Feature", "properties": { "source": "EL CARMEN DE VIBORAL", "target": "ENVIGADO", "distance": 0.5, "betweenness": 0.00040826704442265081, "weight": 0.10040826704442266 }, "geometry": { "type": "LineString", "coordinates": [ [ -75.333901, 6.082885 ], [ -75.582192, 6.166695 ] ] } },
{ "type": "Feature", "properties": { "source": "EL CARMEN DE VIBORAL", "target": "SANTA BÁRBARA", "distance": 0.5, "betweenness": 0.0020945479641131816, "weight": 0.10209454796411319 }, "geometry": { "type": "LineString", "coordinates": [ [ -75.333901, 6.082885 ], [ -75.567351, 5.875527 ] ] } },
{ "type": "Feature", "properties": { "source": "EL CARMEN DE VIBORAL", "target": "MONTEBELLO", "distance": 0.5, "betweenness": 0.00076786168319349104, "weight": 0.1007678616831935 }, "geometry": { "type": "LineString", "coordinates": [ [ -75.333901, 6.082885 ], [ -75.523455, 5.946313 ] ] } },
{ "type": "Feature", "properties": { "source": "EL CARMEN DE VIBORAL", "target": "SAN FRANCISCO", "distance": 0.5, "betweenness": 0.00040045766590389019, "weight": 0.1004004576659039 }, "geometry": { "type": "LineString", "coordinates": [ [ -75.333901, 6.082885 ], [ -75.101562, 5.963476 ] ] } },
{ "type": "Feature", "properties": { "source": "EL CARMEN DE VIBORAL", "target": "CALDAS", "distance": 0.5, "betweenness": 0.0010043224002034073, "weight": 0.10100432240020342 }, "geometry": { "type": "LineString", "coordinates": [ [ -75.333901, 6.082885 ], [ -75.633673, 6.091077 ] ] } },
{ "type": "Feature", "properties": { "source": "EL CARMEN DE VIBORAL", "target": "ARGELIA", "distance": 0.5, "betweenness": 0.0012967200610221206, "weight": 0.10129672006102212 }, "geometry": { "type": "LineString", "coordinates": [ [ -75.333901, 6.082885 ], [ -75.14107, 5.731474 ] ] } },
{ "type": "Feature", "properties": { "source": "EL CARMEN DE VIBORAL", "target": "SAN LUIS", "distance": 0.5, "betweenness": 0.00047546402237477753, "weight": 0.10047546402237478 }, "geometry": { "type": "LineString", "coordinates": [ [ -75.333901, 6.082885 ], [ -74.993619, 6.043017 ] ] } },
{ "type": "Feature", "properties": { "source": "EL CARMEN DE VIBORAL", "target": "NARIÑO", "distance": 0.5, "betweenness": 0.0020722095092804474, "weight": 0.10207220950928045 }, "geometry": { "type": "LineString", "coordinates": [ [ -75.333901, 6.082885 ], [ -75.176262, 5.610777 ] ] } },
{ "type": "Feature", "properties": { "source": "EL CARMEN DE VIBORAL", "target": "SABANETA", "distance": 0.33333333333333331, "betweenness": 0.0037459591006501762, "weight": 0.10374595910065018 }, "geometry": { "type": "LineString", "coordinates": [ [ -75.333901, 6.082885 ], [ -75.615479, 6.149903 ] ] } },
{ "type": "Feature", "properties": { "source": "EL CARMEN DE VIBORAL", "target": "LA ESTRELLA", "distance": 0.5, "betweenness": 0.0010261160146743671, "weight": 0.10102611601467437 }, "geometry": { "type": "LineString", "coordinates": [ [ -75.333901, 6.082885 ], [ -75.637708, 6.145238 ] ] } },
{ "type": "Feature", "properties": { "source": "EL CARMEN DE VIBORAL", "target": "ITAGÜÍ", "distance": 1.0, "betweenness": 0.0, "weight": 0.1 }, "geometry": { "type": "LineString", "coordinates": [ [ -75.333901, 6.082885 ], [ -75.612056, 6.175079 ] ] } },
{ "type": "Feature", "properties": { "source": "ENVIGADO", "target": "CALDAS", "distance": 0.33333333333333331, "betweenness": 0.0020531400966183576, "weight": 0.10205314009661837 }, "geometry": { "type": "LineString", "coordinates": [ [ -75.582192, 6.166695 ], [ -75.633673, 6.091077 ] ] } },
{ "type": "Feature", "properties": { "source": "ENVIGADO", "target": "FREDONIA", "distance": 0.33333333333333331, "betweenness": 0.01085041050144025, "weight": 0.11085041050144026 }, "geometry": { "type": "LineString", "coordinates": [ [ -75.582192, 6.166695 ], [ -75.675072, 5.928039 ] ] } },
{ "type": "Feature", "properties": { "source": "ENVIGADO", "target": "ABEJORRAL", "distance": 0.2, "betweenness": 0.018293923213831682, "weight": 0.11829392321383168 }, "geometry": { "type": "LineString", "coordinates": [ [ -75.582192, 6.166695 ], [ -75.428739, 5.789315 ] ] } },
{ "type": "Feature", "properties": { "source": "ENVIGADO", "target": "RETIRO", "distance": 0.5, "betweenness": 0.00015255530129672007, "weight": 0.10015255530129673 }, "geometry": { "type": "LineString", "coordinates": [ [ -75.582192, 6.166695 ], [ -75.501301, 6.062454 ] ] } },
{ "type": "Feature", "properties": { "source": "ENVIGADO", "target": "LA UNIÓN", "distance": 0.5, "betweenness": 0.0, "weight": 0.1 }, "geometry": { "type": "LineString", "coordinates": [ [ -75.582192, 6.166695 ], [ -75.360874, 5.973845 ] ] } },
{ "type": "Feature", "properties": { "source": "ENVIGADO", "target": "MONTEBELLO", "distance": 0.5, "betweenness": 0.00038138825324180017, "weight": 0.1003813882532418 }, "geometry": { "type": "LineString", "coordinates": [ [ -75.582192, 6.166695 ], [ -75.523455, 5.946313 ] ] } },
{ "type": "Feature", "properties": { "source": "ENVIGADO", "target": "LA CEJA", "distance": 0.25, "betweenness": 0.0057589626239511827, "weight": 0.10575896262395119 }, "geometry": { "type": "LineString", "coordinates": [ [ -75.582192, 6.166695 ], [ -75.429433, 6.028062 ] ] } },
{ "type": "Feature", "properties": { "source": "ENVIGADO", "target": "SANTA BÁRBARA", "distance": 0.33333333333333331, "betweenness": 0.0026946043193182786, "weight": 0.10269460431931829 }, "geometry": { "type": "LineString", "coordinates": [ [ -75.582192, 6.166695 ], [ -75.567351, 5.875527 ] ] } },
{ "type": "Feature", "properties": { "source": "ENVIGADO", "target": "LA ESTRELLA", "distance": 0.33333333333333331, "betweenness": 0.0013348588863463006, "weight": 0.1013348588863463 }, "geometry": { "type": "LineString", "coordinates": [ [ -75.582192, 6.166695 ], [ -75.637708, 6.145238 ] ] } },
{ "type": "Feature", "properties": { "source": "ENVIGADO", "target": "ITAGÜÍ", "distance": 0.5, "betweenness": 0.00015255530129672007, "weight": 0.10015255530129673 }, "geometry": { "type": "LineString", "coordinates": [ [ -75.582192, 6.166695 ], [ -75.612056, 6.175079 ] ] } },
{ "type": "Feature", "properties": { "source": "ENVIGADO", "target": "AMAGÁ", "distance": 0.5, "betweenness": 0.00030511060259344014, "weight": 0.10030511060259345 }, "geometry": { "type": "LineString", "coordinates": [ [ -75.582192, 6.166695 ], [ -75.702188, 6.038708 ] ] } },
{ "type": "Feature", "properties": { "source": "ENVIGADO", "target": "SABANETA", "distance": 0.16666666666666666, "betweenness": 0.0054973484435727003, "weight": 0.10549734844357271 }, "geometry": { "type": "LineString", "coordinates": [ [ -75.582192, 6.166695 ], [ -75.615479, 6.149903 ] ] } },
{ "type": "Feature", "properties": { "source": "ENVIGADO", "target": "COCORNÁ", "distance": 0.33333333333333331, "betweenness": 0.003150266971777269, "weight": 0.10315026697177727 }, "geometry": { "type": "LineString", "coordinates": [ [ -75.582192, 6.166695 ], [ -75.185483, 6.058295 ] ] } },
{ "type": "Feature", "properties": { "source": "RETIRO", "target": "SANTA BÁRBARA", "distance": 0.5, "betweenness": 0.00023391812865497074, "weight": 0.10023391812865498 }, "geometry": { "type": "LineString", "coordinates": [ [ -75.501301, 6.062454 ], [ -75.567351, 5.875527 ] ] } },
{ "type": "Feature", "properties": { "source": "RETIRO", "target": "LA CEJA", "distance": 0.5, "betweenness": 0.00015255530129672007, "weight": 0.10015255530129673 }, "geometry": { "type": "LineString", "coordinates": [ [ -75.501301, 6.062454 ], [ -75.429433, 6.028062 ] ] } },
{ "type": "Feature", "properties": { "source": "RETIRO", "target": "FREDONIA", "distance": 0.5, "betweenness": 0.00056327412734735391, "weight": 0.10056327412734736 }, "geometry": { "type": "LineString", "coordinates": [ [ -75.501301, 6.062454 ], [ -75.675072, 5.928039 ] ] } },
{ "type": "Feature", "properties": { "source": "RETIRO", "target": "MONTEBELLO", "distance": 0.5, "betweenness": 0.00027968471904398677, "weight": 0.100279684719044 }, "geometry": { "type": "LineString", "coordinates": [ [ -75.501301, 6.062454 ], [ -75.523455, 5.946313 ] ] } },
{ "type": "Feature", "properties": { "source": "RETIRO", "target": "LA UNIÓN", "distance": 0.5, "betweenness": 0.00038138825324180017, "weight": 0.1003813882532418 }, "geometry": { "type": "LineString", "coordinates": [ [ -75.501301, 6.062454 ], [ -75.360874, 5.973845 ] ] } },
{ "type": "Feature", "properties": { "source": "RETIRO", "target": "CALDAS", "distance": 0.5, "betweenness": 0.00024154589371980676, "weight": 0.10024154589371981 }, "geometry": { "type": "LineString", "coordinates": [ [ -75.501301, 6.062454 ], [ -75.633673, 6.091077 ] ] } },
{ "type": "Feature", "properties": { "source": "RETIRO", "target": "LA ESTRELLA", "distance": 0.5, "betweenness": 0.00048944825832697686, "weight": 0.10048944825832698 }, "geometry": { "type": "LineString", "coordinates": [ [ -75.501301, 6.062454 ], [ -75.637708, 6.145238 ] ] } },
{ "type": "Feature", "properties": { "source": "RETIRO", "target": "ABEJORRAL", "distance": 0.5, "betweenness": 0.0, "weight": 0.1 }, "geometry": { "type": "LineString", "coordinates": [ [ -75.501301, 6.062454 ], [ -75.428739, 5.789315 ] ] } },
{ "type": "Feature", "properties": { "source": "RETIRO", "target": "AMAGÁ", "distance": 0.5, "betweenness": 0.00035596236969234681, "weight": 0.10035596236969235 }, "geometry": { "type": "LineString", "coordinates": [ [ -75.501301, 6.062454 ], [ -75.702188, 6.038708 ] ] } },
{ "type": "Feature", "properties": { "source": "RETIRO", "target": "SABANETA", "distance": 0.33333333333333331, "betweenness": 0.00081362827358250696, "weight": 0.10081362827358251 }, "geometry": { "type": "LineString", "coordinates": [ [ -75.501301, 6.062454 ], [ -75.615479, 6.149903 ] ] } },
{ "type": "Feature", "properties": { "source": "RETIRO", "target": "ITAGÜÍ", "distance": 0.5, "betweenness": 0.00038138825324180017, "weight": 0.1003813882532418 }, "geometry": { "type": "LineString", "coordinates": [ [ -75.501301, 6.062454 ], [ -75.612056, 6.175079 ] ] } },
{ "type": "Feature", "properties": { "source": "RETIRO", "target": "COCORNÁ", "distance": 0.5, "betweenness": 0.00036104754640223745, "weight": 0.10036104754640224 }, "geometry": { "type": "LineString", "coordinates": [ [ -75.501301, 6.062454 ], [ -75.185483, 6.058295 ] ] } },
{ "type": "Feature", "properties": { "source": "RETIRO", "target": "JERICÓ", "distance": 0.5, "betweenness": 0.0038536916511744891, "weight": 0.1038536916511745 }, "geometry": { "type": "LineString", "coordinates": [ [ -75.501301, 6.062454 ], [ -75.785499, 5.789748 ] ] } },
{ "type": "Feature", "properties": { "source": "RETIRO", "target": "SONSÓN", "distance": 0.2, "betweenness": 0.016730231375540305, "weight": 0.11673023137554031 }, "geometry": { "type": "LineString", "coordinates": [ [ -75.501301, 6.062454 ], [ -75.309596, 5.714851 ] ] } },
{ "type": "Feature", "properties": { "source": "RETIRO", "target": "LA PINTADA", "distance": 0.5, "betweenness": 0.0025727571436953592, "weight": 0.10257275714369536 }, "geometry": { "type": "LineString", "coordinates": [ [ -75.501301, 6.062454 ], [ -75.60781, 5.743808 ] ] } },
{ "type": "Feature", "properties": { "source": "RETIRO", "target": "TARSO", "distance": 1.0, "betweenness": 0.0, "weight": 0.1 }, "geometry": { "type": "LineString", "coordinates": [ [ -75.501301, 6.062454 ], [ -75.822956, 5.864542 ] ] } },
{ "type": "Feature", "properties": { "source": "RETIRO", "target": "TÁMESIS", "distance": 1.0, "betweenness": 0.0, "weight": 0.1 }, "geometry": { "type": "LineString", "coordinates": [ [ -75.501301, 6.062454 ], [ -75.714429, 5.664645 ] ] } },
{ "type": "Feature", "properties": { "source": "LA ESTRELLA", "target": "SANTA BÁRBARA", "distance": 0.5, "betweenness": 0.00028604118993135012, "weight": 0.10028604118993135 }, "geometry": { "type": "LineString", "coordinates": [ [ -75.637708, 6.145238 ], [ -75.567351, 5.875527 ] ] } },
{ "type": "Feature", "properties": { "source": "LA ESTRELLA", "target": "CALDAS", "distance": 0.5, "betweenness": 0.00015255530129672007, "weight": 0.10015255530129673 }, "geometry": { "type": "LineString", "coordinates": [ [ -75.637708, 6.145238 ], [ -75.633673, 6.091077 ] ] } },
{ "type": "Feature", "properties": { "source": "LA ESTRELLA", "target": "FREDONIA", "distance": 0.5, "betweenness": 0.00043859649122807018, "weight": 0.10043859649122808 }, "geometry": { "type": "LineString", "coordinates": [ [ -75.637708, 6.145238 ], [ -75.675072, 5.928039 ] ] } },
{ "type": "Feature", "properties": { "source": "LA ESTRELLA", "target": "ITAGÜÍ", "distance": 0.5, "betweenness": 0.00015255530129672007, "weight": 0.10015255530129673 }, "geometry": { "type": "LineString", "coordinates": [ [ -75.637708, 6.145238 ], [ -75.612056, 6.175079 ] ] } },
{ "type": "Feature", "properties": { "source": "LA ESTRELLA", "target": "LA CEJA", "distance": 0.5, "betweenness": 0.00027332824815662343, "weight": 0.10027332824815663 }, "geometry": { "type": "LineString", "coordinates": [ [ -75.637708, 6.145238 ], [ -75.429433, 6.028062 ] ] } },
{ "type": "Feature", "properties": { "source": "LA ESTRELLA", "target": "SABANETA", "distance": 0.5, "betweenness": 0.00012712941774726671, "weight": 0.10012712941774728 }, "geometry": { "type": "LineString", "coordinates": [ [ -75.637708, 6.145238 ], [ -75.615479, 6.149903 ] ] } },
{ "type": "Feature", "properties": { "source": "LA ESTRELLA", "target": "AMAGÁ", "distance": 0.5, "betweenness": 0.00017162471395881009, "weight": 0.10017162471395881 }, "geometry": { "type": "LineString", "coordinates": [ [ -75.637708, 6.145238 ], [ -75.702188, 6.038708 ] ] } },
{ "type": "Feature", "properties": { "source": "LA ESTRELLA", "target": "MONTEBELLO", "distance": 0.5, "betweenness": 0.00020976353928299008, "weight": 0.100209763539283 }, "geometry": { "type": "LineString", "coordinates": [ [ -75.637708, 6.145238 ], [ -75.523455, 5.946313 ] ] } },
{ "type": "Feature", "properties": { "source": "LA ESTRELLA", "target": "LA UNIÓN", "distance": 0.5, "betweenness": 0.0025235189422832443, "weight": 0.10252351894228325 }, "geometry": { "type": "LineString", "coordinates": [ [ -75.637708, 6.145238 ], [ -75.360874, 5.973845 ] ] } },
{ "type": "Feature", "properties": { "source": "LA ESTRELLA", "target": "ABEJORRAL", "distance": 0.5, "betweenness": 0.00036231884057971015, "weight": 0.10036231884057971 }, "geometry": { "type": "LineString", "coordinates": [ [ -75.637708, 6.145238 ], [ -75.428739, 5.789315 ] ] } },
{ "type": "Feature", "properties": { "source": "LA CEJA", "target": "SONSÓN", "distance": 0.33333333333333331, "betweenness": 0.0017670989066870075, "weight": 0.10176709890668702 }, "geometry": { "type": "LineString", "coordinates": [ [ -75.429433, 6.028062 ], [ -75.309596, 5.714851 ] ] } },
{ "type": "Feature", "properties": { "source": "LA CEJA", "target": "ABEJORRAL", "distance": 0.5, "betweenness": 0.0, "weight": 0.1 }, "geometry": { "type": "LineString", "coordinates": [ [ -75.429433, 6.028062 ], [ -75.428739, 5.789315 ] ] } },
{ "type": "Feature", "properties": { "source": "LA CEJA", "target": "CALDAS", "distance": 0.33333333333333331, "betweenness": 0.0018433765573353674, "weight": 0.10184337655733537 }, "geometry": { "type": "LineString", "coordinates": [ [ -75.429433, 6.028062 ], [ -75.633673, 6.091077 ] ] } },
{ "type": "Feature", "properties": { "source": "LA CEJA", "target": "LA UNIÓN", "distance": 0.5, "betweenness": 0.00030511060259344014, "weight": 0.10030511060259345 }, "geometry": { "type": "LineString", "coordinates": [ [ -75.429433, 6.028062 ], [ -75.360874, 5.973845 ] ] } },
{ "type": "Feature", "properties": { "source": "LA CEJA", "target": "COCORNÁ", "distance": 0.33333333333333331, "betweenness": 0.00040681413679125348, "weight": 0.10040681413679126 }, "geometry": { "type": "LineString", "coordinates": [ [ -75.429433, 6.028062 ], [ -75.185483, 6.058295 ] ] } },
{ "type": "Feature", "properties": { "source": "LA CEJA", "target": "SANTA BÁRBARA", "distance": 0.5, "betweenness": 0.0004778910385317708, "weight": 0.10047789103853177 }, "geometry": { "type": "LineString", "coordinates": [ [ -75.429433, 6.028062 ], [ -75.567351, 5.875527 ] ] } },
{ "type": "Feature", "properties": { "source": "LA CEJA", "target": "AMAGÁ", "distance": 0.5, "betweenness": 0.00034324942791762018, "weight": 0.10034324942791763 }, "geometry": { "type": "LineString", "coordinates": [ [ -75.429433, 6.028062 ], [ -75.702188, 6.038708 ] ] } },
{ "type": "Feature", "properties": { "source": "LA CEJA", "target": "MONTEBELLO", "distance": 0.5, "betweenness": 0.00015255530129672007, "weight": 0.10015255530129673 }, "geometry": { "type": "LineString", "coordinates": [ [ -75.429433, 6.028062 ], [ -75.523455, 5.946313 ] ] } },
{ "type": "Feature", "properties": { "source": "LA CEJA", "target": "FREDONIA", "distance": 0.5, "betweenness": 0.00080079975960982831, "weight": 0.10080079975960983 }, "geometry": { "type": "LineString", "coordinates": [ [ -75.429433, 6.028062 ], [ -75.675072, 5.928039 ] ] } },
{ "type": "Feature", "properties": { "source": "LA CEJA", "target": "LA PINTADA", "distance": 0.5, "betweenness": 0.0009460206714211292, "weight": 0.10094602067142114 }, "geometry": { "type": "LineString", "coordinates": [ [ -75.429433, 6.028062 ], [ -75.60781, 5.743808 ] ] } },
{ "type": "Feature", "properties": { "source": "LA CEJA", "target": "SABANETA", "distance": 0.5, "betweenness": 0.0, "weight": 0.1 }, "geometry": { "type": "LineString", "coordinates": [ [ -75.429433, 6.028062 ], [ -75.615479, 6.149903 ] ] } },
{ "type": "Feature", "properties": { "source": "LA CEJA", "target": "ITAGÜÍ", "distance": 0.5, "betweenness": 0.00019069412662090009, "weight": 0.10019069412662091 }, "geometry": { "type": "LineString", "coordinates": [ [ -75.429433, 6.028062 ], [ -75.612056, 6.175079 ] ] } },
{ "type": "Feature", "properties": { "source": "LA CEJA", "target": "SAN FRANCISCO", "distance": 1.0, "betweenness": 0.0, "weight": 0.1 }, "geometry": { "type": "LineString", "coordinates": [ [ -75.429433, 6.028062 ], [ -75.101562, 5.963476 ] ] } },
{ "type": "Feature", "properties": { "source": "CALDAS", "target": "SANTA BÁRBARA", "distance": 0.5, "betweenness": 0.00019323671497584541, "weight": 0.10019323671497585 }, "geometry": { "type": "LineString", "coordinates": [ [ -75.633673, 6.091077 ], [ -75.567351, 5.875527 ] ] } },
{ "type": "Feature", "properties": { "source": "CALDAS", "target": "MONTEBELLO", "distance": 0.5, "betweenness": 0.00021018730400881432, "weight": 0.10021018730400882 }, "geometry": { "type": "LineString", "coordinates": [ [ -75.633673, 6.091077 ], [ -75.523455, 5.946313 ] ] } },
{ "type": "Feature", "properties": { "source": "CALDAS", "target": "ABEJORRAL", "distance": 0.5, "betweenness": 0.00034579201627256553, "weight": 0.10034579201627257 }, "geometry": { "type": "LineString", "coordinates": [ [ -75.633673, 6.091077 ], [ -75.428739, 5.789315 ] ] } },
{ "type": "Feature", "properties": { "source": "CALDAS", "target": "LA UNIÓN", "distance": 0.5, "betweenness": 0.00082379862700228824, "weight": 0.10082379862700229 }, "geometry": { "type": "LineString", "coordinates": [ [ -75.633673, 6.091077 ], [ -75.360874, 5.973845 ] ] } },
{ "type": "Feature", "properties": { "source": "CALDAS", "target": "AMAGÁ", "distance": 0.5, "betweenness": 0.00020383083312145101, "weight": 0.10020383083312145 }, "geometry": { "type": "LineString", "coordinates": [ [ -75.633673, 6.091077 ], [ -75.702188, 6.038708 ] ] } },
{ "type": "Feature", "properties": { "source": "CALDAS", "target": "FREDONIA", "distance": 0.5, "betweenness": 0.00028010848376981099, "weight": 0.10028010848376982 }, "geometry": { "type": "LineString", "coordinates": [ [ -75.633673, 6.091077 ], [ -75.675072, 5.928039 ] ] } },
{ "type": "Feature", "properties": { "source": "CALDAS", "target": "TARSO", "distance": 0.5, "betweenness": 0.0013263835918298163, "weight": 0.10132638359182983 }, "geometry": { "type": "LineString", "coordinates": [ [ -75.633673, 6.091077 ], [ -75.822956, 5.864542 ] ] } },
{ "type": "Feature", "properties": { "source": "CALDAS", "target": "ITAGÜÍ", "distance": 0.33333333333333331, "betweenness": 0.00059327061615391133, "weight": 0.10059327061615392 }, "geometry": { "type": "LineString", "coordinates": [ [ -75.633673, 6.091077 ], [ -75.612056, 6.175079 ] ] } },
{ "type": "Feature", "properties": { "source": "CALDAS", "target": "JERICÓ", "distance": 0.5, "betweenness": 0.00088185439444020679, "weight": 0.10088185439444021 }, "geometry": { "type": "LineString", "coordinates": [ [ -75.633673, 6.091077 ], [ -75.785499, 5.789748 ] ] } },
{ "type": "Feature", "properties": { "source": "CALDAS", "target": "SABANETA", "distance": 0.5, "betweenness": 7.6277650648360034e-05, "weight": 0.10007627765064836 }, "geometry": { "type": "LineString", "coordinates": [ [ -75.633673, 6.091077 ], [ -75.615479, 6.149903 ] ] } },
{ "type": "Feature", "properties": { "source": "CALDAS", "target": "TÁMESIS", "distance": 1.0, "betweenness": 1.5255530129672008e-05, "weight": 0.10001525553012967 }, "geometry": { "type": "LineString", "coordinates": [ [ -75.633673, 6.091077 ], [ -75.714429, 5.664645 ] ] } },
{ "type": "Feature", "properties": { "source": "CALDAS", "target": "LA PINTADA", "distance": 1.0, "betweenness": 0.0, "weight": 0.1 }, "geometry": { "type": "LineString", "coordinates": [ [ -75.633673, 6.091077 ], [ -75.60781, 5.743808 ] ] } },
{ "type": "Feature", "properties": { "source": "CALDAS", "target": "PUEBLORRICO", "distance": 1.0, "betweenness": 0.0, "weight": 0.1 }, "geometry": { "type": "LineString", "coordinates": [ [ -75.633673, 6.091077 ], [ -75.839903, 5.79158 ] ] } },
{ "type": "Feature", "properties": { "source": "ITAGÜÍ", "target": "SANTA BÁRBARA", "distance": 0.5, "betweenness": 0.00027968471904398677, "weight": 0.100279684719044 }, "geometry": { "type": "LineString", "coordinates": [ [ -75.612056, 6.175079 ], [ -75.567351, 5.875527 ] ] } },
{ "type": "Feature", "properties": { "source": "ITAGÜÍ", "target": "MONTEBELLO", "distance": 0.5, "betweenness": 0.00027968471904398677, "weight": 0.100279684719044 }, "geometry": { "type": "LineString", "coordinates": [ [ -75.612056, 6.175079 ], [ -75.523455, 5.946313 ] ] } },
{ "type": "Feature", "properties": { "source": "ITAGÜÍ", "target": "FREDONIA", "distance": 0.5, "betweenness": 0.00058479532163742691, "weight": 0.10058479532163743 }, "geometry": { "type": "LineString", "coordinates": [ [ -75.612056, 6.175079 ], [ -75.675072, 5.928039 ] ] } },
{ "type": "Feature", "properties": { "source": "ITAGÜÍ", "target": "AMAGÁ", "distance": 0.33333333333333331, "betweenness": 0.0018442240867870159, "weight": 0.10184422408678702 }, "geometry": { "type": "LineString", "coordinates": [ [ -75.612056, 6.175079 ], [ -75.702188, 6.038708 ] ] } },
{ "type": "Feature", "properties": { "source": "ITAGÜÍ", "target": "SABANETA", "distance": 0.5, "betweenness": 0.00061022120518688027, "weight": 0.10061022120518688 }, "geometry": { "type": "LineString", "coordinates": [ [ -75.612056, 6.175079 ], [ -75.615479, 6.149903 ] ] } },
{ "type": "Feature", "properties": { "source": "MACEO", "target": "CARACOLÍ", "distance": 1.0, "betweenness": 3.8138825324180017e-05, "weight": 0.10003813882532418 }, "geometry": { "type": "LineString", "coordinates": [ [ -74.78716, 6.552116 ], [ -74.757421, 6.409829 ] ] } },
{ "type": "Feature", "properties": { "source": "MACEO", "target": "PUERTO BERRÍO", "distance": 1.0, "betweenness": 0.00023391812865497074, "weight": 0.10023391812865498 }, "geometry": { "type": "LineString", "coordinates": [ [ -74.78716, 6.552116 ], [ -74.410016, 6.487028 ] ] } },
{ "type": "Feature", "properties": { "source": "SANTA BÁRBARA", "target": "ABEJORRAL", "distance": 0.5, "betweenness": 0.00030511060259344014, "weight": 0.10030511060259345 }, "geometry": { "type": "LineString", "coordinates": [ [ -75.567351, 5.875527 ], [ -75.428739, 5.789315 ] ] } },
{ "type": "Feature", "properties": { "source": "SANTA BÁRBARA", "target": "JERICÓ", "distance": 0.5, "betweenness": 0.00051645362858177501, "weight": 0.10051645362858178 }, "geometry": { "type": "LineString", "coordinates": [ [ -75.567351, 5.875527 ], [ -75.785499, 5.789748 ] ] } },
{ "type": "Feature", "properties": { "source": "SANTA BÁRBARA", "target": "LA UNIÓN", "distance": 0.5, "betweenness": 0.00077294685990338162, "weight": 0.10077294685990339 }, "geometry": { "type": "LineString", "coordinates": [ [ -75.567351, 5.875527 ], [ -75.360874, 5.973845 ] ] } },
{ "type": "Feature", "properties": { "source": "SANTA BÁRBARA", "target": "SABANETA", "distance": 0.5, "betweenness": 0.00012712941774726671, "weight": 0.10012712941774728 }, "geometry": { "type": "LineString", "coordinates": [ [ -75.567351, 5.875527 ], [ -75.615479, 6.149903 ] ] } },
{ "type": "Feature", "properties": { "source": "SANTA BÁRBARA", "target": "FREDONIA", "distance": 0.5, "betweenness": 0.00018167949518063935, "weight": 0.10018167949518064 }, "geometry": { "type": "LineString", "coordinates": [ [ -75.567351, 5.875527 ], [ -75.675072, 5.928039 ] ] } },
{ "type": "Feature", "properties": { "source": "SANTA BÁRBARA", "target": "TARSO", "distance": 0.5, "betweenness": 0.00049060398030649748, "weight": 0.1004906039803065 }, "geometry": { "type": "LineString", "coordinates": [ [ -75.567351, 5.875527 ], [ -75.822956, 5.864542 ] ] } },
{ "type": "Feature", "properties": { "source": "SANTA BÁRBARA", "target": "MONTEBELLO", "distance": 0.5, "betweenness": 0.00030511060259344014, "weight": 0.10030511060259345 }, "geometry": { "type": "LineString", "coordinates": [ [ -75.567351, 5.875527 ], [ -75.523455, 5.946313 ] ] } },
{ "type": "Feature", "properties": { "source": "SANTA BÁRBARA", "target": "AMAGÁ", "distance": 0.5, "betweenness": 0.0001678108314263921, "weight": 0.1001678108314264 }, "geometry": { "type": "LineString", "coordinates": [ [ -75.567351, 5.875527 ], [ -75.702188, 6.038708 ] ] } },
{ "type": "Feature", "properties": { "source": "SANTA BÁRBARA", "target": "TÁMESIS", "distance": 0.5, "betweenness": 0.00096284087130769046, "weight": 0.10096284087130769 }, "geometry": { "type": "LineString", "coordinates": [ [ -75.567351, 5.875527 ], [ -75.714429, 5.664645 ] ] } },
{ "type": "Feature", "properties": { "source": "SANTA BÁRBARA", "target": "PUEBLORRICO", "distance": 0.5, "betweenness": 0.0013131313131313133, "weight": 0.10131313131313131 }, "geometry": { "type": "LineString", "coordinates": [ [ -75.567351, 5.875527 ], [ -75.839903, 5.79158 ] ] } },
{ "type": "Feature", "properties": { "source": "SANTA BÁRBARA", "target": "SONSÓN", "distance": 0.5, "betweenness": 0.0002288329519450801, "weight": 0.10022883295194508 }, "geometry": { "type": "LineString", "coordinates": [ [ -75.567351, 5.875527 ], [ -75.309596, 5.714851 ] ] } },
{ "type": "Feature", "properties": { "source": "SANTA BÁRBARA", "target": "VALPARAÍSO", "distance": 0.5, "betweenness": 0.0020352264059357882, "weight": 0.10203522640593579 }, "geometry": { "type": "LineString", "coordinates": [ [ -75.567351, 5.875527 ], [ -75.624452, 5.614555 ] ] } },
{ "type": "Feature", "properties": { "source": "SANTA BÁRBARA", "target": "LA PINTADA", "distance": 0.5, "betweenness": 0.0010163050780899751, "weight": 0.10101630507808998 }, "geometry": { "type": "LineString", "coordinates": [ [ -75.567351, 5.875527 ], [ -75.60781, 5.743808 ] ] } },
{ "type": "Feature", "properties": { "source": "SANTA BÁRBARA", "target": "JARDÍN", "distance": 0.5, "betweenness": 0.0073033098776805888, "weight": 0.10730330987768059 }, "geometry": { "type": "LineString", "coordinates": [ [ -75.567351, 5.875527 ], [ -75.818982, 5.597542 ] ] } },
{ "type": "Feature", "properties": { "source": "SANTA BÁRBARA", "target": "ANDES", "distance": 1.0, "betweenness": 1.386866375424728e-05, "weight": 0.10001386866375425 }, "geometry": { "type": "LineString", "coordinates": [ [ -75.567351, 5.875527 ], [ -75.878828, 5.657194 ] ] } },
{ "type": "Feature", "properties": { "source": "SANTA BÁRBARA", "target": "CARAMANTA", "distance": 1.0, "betweenness": 0.0, "weight": 0.1 }, "geometry": { "type": "LineString", "coordinates": [ [ -75.567351, 5.875527 ], [ -75.643868, 5.54853 ] ] } },
{ "type": "Feature", "properties": { "source": "FREDONIA", "target": "JERICÓ", "distance": 0.5, "betweenness": 0.00016950589032968896, "weight": 0.10016950589032969 }, "geometry": { "type": "LineString", "coordinates": [ [ -75.675072, 5.928039 ], [ -75.785499, 5.789748 ] ] } },
{ "type": "Feature", "properties": { "source": "FREDONIA", "target": "AMAGÁ", "distance": 0.5, "betweenness": 0.0001678108314263921, "weight": 0.1001678108314264 }, "geometry": { "type": "LineString", "coordinates": [ [ -75.675072, 5.928039 ], [ -75.702188, 6.038708 ] ] } },
{ "type": "Feature", "properties": { "source": "FREDONIA", "target": "MONTEBELLO", "distance": 0.5, "betweenness": 0.000265397794001913, "weight": 0.10026539779400191 }, "geometry": { "type": "LineString", "coordinates": [ [ -75.675072, 5.928039 ], [ -75.523455, 5.946313 ] ] } },
{ "type": "Feature", "properties": { "source": "FREDONIA", "target": "TARSO", "distance": 0.5, "betweenness": 0.00025807271802695146, "weight": 0.10025807271802696 }, "geometry": { "type": "LineString", "coordinates": [ [ -75.675072, 5.928039 ], [ -75.822956, 5.864542 ] ] } },
{ "type": "Feature", "properties": { "source": "FREDONIA", "target": "TÁMESIS", "distance": 0.5, "betweenness": 0.00023450487981380429, "weight": 0.10023450487981381 }, "geometry": { "type": "LineString", "coordinates": [ [ -75.675072, 5.928039 ], [ -75.714429, 5.664645 ] ] } },
{ "type": "Feature", "properties": { "source": "FREDONIA", "target": "ANDES", "distance": 0.5, "betweenness": 0.0038298397508923824, "weight": 0.10382983975089238 }, "geometry": { "type": "LineString", "coordinates": [ [ -75.675072, 5.928039 ], [ -75.878828, 5.657194 ] ] } },
{ "type": "Feature", "properties": { "source": "FREDONIA", "target": "ABEJORRAL", "distance": 0.5, "betweenness": 0.00054701972322109623, "weight": 0.1005470197232211 }, "geometry": { "type": "LineString", "coordinates": [ [ -75.675072, 5.928039 ], [ -75.428739, 5.789315 ] ] } },
{ "type": "Feature", "properties": { "source": "FREDONIA", "target": "HISPANIA", "distance": 0.5, "betweenness": 0.0016342183962321263, "weight": 0.10163421839623213 }, "geometry": { "type": "LineString", "coordinates": [ [ -75.675072, 5.928039 ], [ -75.906587, 5.799461 ] ] } },
{ "type": "Feature", "properties": { "source": "FREDONIA", "target": "PUEBLORRICO", "distance": 0.5, "betweenness": 0.00054665649631324687, "weight": 0.10054665649631325 }, "geometry": { "type": "LineString", "coordinates": [ [ -75.675072, 5.928039 ], [ -75.839903, 5.79158 ] ] } },
{ "type": "Feature", "properties": { "source": "FREDONIA", "target": "BETANIA", "distance": 0.5, "betweenness": 0.0047234027096727327, "weight": 0.10472340270967274 }, "geometry": { "type": "LineString", "coordinates": [ [ -75.675072, 5.928039 ], [ -75.97679, 5.74615 ] ] } },
{ "type": "Feature", "properties": { "source": "FREDONIA", "target": "LA UNIÓN", "distance": 0.5, "betweenness": 0.001910755148741419, "weight": 0.10191075514874143 }, "geometry": { "type": "LineString", "coordinates": [ [ -75.675072, 5.928039 ], [ -75.360874, 5.973845 ] ] } },
{ "type": "Feature", "properties": { "source": "FREDONIA", "target": "JARDÍN", "distance": 0.5, "betweenness": 0.0022563160206180806, "weight": 0.10225631602061809 }, "geometry": { "type": "LineString", "coordinates": [ [ -75.675072, 5.928039 ], [ -75.818982, 5.597542 ] ] } },
{ "type": "Feature", "properties": { "source": "FREDONIA", "target": "VALPARAÍSO", "distance": 0.5, "betweenness": 0.00034324942791762018, "weight": 0.10034324942791763 }, "geometry": { "type": "LineString", "coordinates": [ [ -75.675072, 5.928039 ], [ -75.624452, 5.614555 ] ] } },
{ "type": "Feature", "properties": { "source": "FREDONIA", "target": "LA PINTADA", "distance": 0.5, "betweenness": 0.00030382999490550979, "weight": 0.10030382999490552 }, "geometry": { "type": "LineString", "coordinates": [ [ -75.675072, 5.928039 ], [ -75.60781, 5.743808 ] ] } },
{ "type": "Feature", "properties": { "source": "FREDONIA", "target": "SABANETA", "distance": 0.5, "betweenness": 0.00028377102175729176, "weight": 0.1002837710217573 }, "geometry": { "type": "LineString", "coordinates": [ [ -75.675072, 5.928039 ], [ -75.615479, 6.149903 ] ] } },
{ "type": "Feature", "properties": { "source": "FREDONIA", "target": "CARAMANTA", "distance": 1.0, "betweenness": 0.0, "weight": 0.1 }, "geometry": { "type": "LineString", "coordinates": [ [ -75.675072, 5.928039 ], [ -75.643868, 5.54853 ] ] } },
{ "type": "Feature", "properties": { "source": "FREDONIA", "target": "SONSÓN", "distance": 0.5, "betweenness": 0.0011695906432748538, "weight": 0.10116959064327485 }, "geometry": { "type": "LineString", "coordinates": [ [ -75.675072, 5.928039 ], [ -75.309596, 5.714851 ] ] } },
{ "type": "Feature", "properties": { "source": "MONTEBELLO", "target": "TÁMESIS", "distance": 0.5, "betweenness": 0.0034716017095879803, "weight": 0.10347160170958798 }, "geometry": { "type": "LineString", "coordinates": [ [ -75.523455, 5.946313 ], [ -75.714429, 5.664645 ] ] } },
{ "type": "Feature", "properties": { "source": "MONTEBELLO", "target": "ABEJORRAL", "distance": 0.5, "betweenness": 0.00030511060259344014, "weight": 0.10030511060259345 }, "geometry": { "type": "LineString", "coordinates": [ [ -75.523455, 5.946313 ], [ -75.428739, 5.789315 ] ] } },
{ "type": "Feature", "properties": { "source": "MONTEBELLO", "target": "LA UNIÓN", "distance": 0.5, "betweenness": 0.00042206966692092556, "weight": 0.10042206966692094 }, "geometry": { "type": "LineString", "coordinates": [ [ -75.523455, 5.946313 ], [ -75.360874, 5.973845 ] ] } },
{ "type": "Feature", "properties": { "source": "MONTEBELLO", "target": "SABANETA", "distance": 0.5, "betweenness": 0.00027968471904398677, "weight": 0.100279684719044 }, "geometry": { "type": "LineString", "coordinates": [ [ -75.523455, 5.946313 ], [ -75.615479, 6.149903 ] ] } },
{ "type": "Feature", "properties": { "source": "MONTEBELLO", "target": "LA PINTADA", "distance": 0.5, "betweenness": 0.0027731675901012283, "weight": 0.10277316759010123 }, "geometry": { "type": "LineString", "coordinates": [ [ -75.523455, 5.946313 ], [ -75.60781, 5.743808 ] ] } },
{ "type": "Feature", "properties": { "source": "MONTEBELLO", "target": "SONSÓN", "distance": 0.5, "betweenness": 0.00033562166285278419, "weight": 0.10033562166285279 }, "geometry": { "type": "LineString", "coordinates": [ [ -75.523455, 5.946313 ], [ -75.309596, 5.714851 ] ] } },
{ "type": "Feature", "properties": { "source": "MONTEBELLO", "target": "AMAGÁ", "distance": 0.5, "betweenness": 0.00021309311927160897, "weight": 0.10021309311927161 }, "geometry": { "type": "LineString", "coordinates": [ [ -75.523455, 5.946313 ], [ -75.702188, 6.038708 ] ] } },
{ "type": "Feature", "properties": { "source": "MONTEBELLO", "target": "JERICÓ", "distance": 0.5, "betweenness": 0.0026565865696300487, "weight": 0.10265658656963006 }, "geometry": { "type": "LineString", "coordinates": [ [ -75.523455, 5.946313 ], [ -75.785499, 5.789748 ] ] } },
{ "type": "Feature", "properties": { "source": "MONTEBELLO", "target": "VALPARAÍSO", "distance": 0.5, "betweenness": 0.0037721114380153287, "weight": 0.10377211143801533 }, "geometry": { "type": "LineString", "coordinates": [ [ -75.523455, 5.946313 ], [ -75.624452, 5.614555 ] ] } },
{ "type": "Feature", "properties": { "source": "MONTEBELLO", "target": "TARSO", "distance": 0.5, "betweenness": 0.0019028246945867083, "weight": 0.10190282469458671 }, "geometry": { "type": "LineString", "coordinates": [ [ -75.523455, 5.946313 ], [ -75.822956, 5.864542 ] ] } },
{ "type": "Feature", "properties": { "source": "LA UNIÓN", "target": "SONSÓN", "distance": 0.5, "betweenness": 0.00020340706839562674, "weight": 0.10020340706839563 }, "geometry": { "type": "LineString", "coordinates": [ [ -75.360874, 5.973845 ], [ -75.309596, 5.714851 ] ] } },
{ "type": "Feature", "properties": { "source": "LA UNIÓN", "target": "ABEJORRAL", "distance": 0.25, "betweenness": 0.0029239766081871348, "weight": 0.10292397660818714 }, "geometry": { "type": "LineString", "coordinates": [ [ -75.360874, 5.973845 ], [ -75.428739, 5.789315 ] ] } },
{ "type": "Feature", "properties": { "source": "LA UNIÓN", "target": "COCORNÁ", "distance": 0.33333333333333331, "betweenness": 0.00019069412662090009, "weight": 0.10019069412662091 }, "geometry": { "type": "LineString", "coordinates": [ [ -75.360874, 5.973845 ], [ -75.185483, 6.058295 ] ] } },
{ "type": "Feature", "properties": { "source": "LA UNIÓN", "target": "ARGELIA", "distance": 0.33333333333333331, "betweenness": 0.0019323671497584541, "weight": 0.10193236714975847 }, "geometry": { "type": "LineString", "coordinates": [ [ -75.360874, 5.973845 ], [ -75.14107, 5.731474 ] ] } },
{ "type": "Feature", "properties": { "source": "LA UNIÓN", "target": "SABANETA", "distance": 0.33333333333333331, "betweenness": 0.0026951436562420543, "weight": 0.10269514365624206 }, "geometry": { "type": "LineString", "coordinates": [ [ -75.360874, 5.973845 ], [ -75.615479, 6.149903 ] ] } },
{ "type": "Feature", "properties": { "source": "LA UNIÓN", "target": "SAN LUIS", "distance": 0.5, "betweenness": 0.0008568522756165777, "weight": 0.10085685227561658 }, "geometry": { "type": "LineString", "coordinates": [ [ -75.360874, 5.973845 ], [ -74.993619, 6.043017 ] ] } },
{ "type": "Feature", "properties": { "source": "LA UNIÓN", "target": "NARIÑO", "distance": 0.25, "betweenness": 0.012026442918891433, "weight": 0.11202644291889144 }, "geometry": { "type": "LineString", "coordinates": [ [ -75.360874, 5.973845 ], [ -75.176262, 5.610777 ] ] } },
{ "type": "Feature", "properties": { "source": "LA UNIÓN", "target": "SAN FRANCISCO", "distance": 0.5, "betweenness": 0.00020340706839562674, "weight": 0.10020340706839563 }, "geometry": { "type": "LineString", "coordinates": [ [ -75.360874, 5.973845 ], [ -75.101562, 5.963476 ] ] } },
{ "type": "Feature", "properties": { "source": "LA UNIÓN", "target": "LA PINTADA", "distance": 0.5, "betweenness": 0.00081108568522756167, "weight": 0.10081108568522756 }, "geometry": { "type": "LineString", "coordinates": [ [ -75.360874, 5.973845 ], [ -75.60781, 5.743808 ] ] } },
{ "type": "Feature", "properties": { "source": "ABEJORRAL", "target": "SONSÓN", "distance": 0.5, "betweenness": 0.0002288329519450801, "weight": 0.10022883295194508 }, "geometry": { "type": "LineString", "coordinates": [ [ -75.428739, 5.789315 ], [ -75.309596, 5.714851 ] ] } },
{ "type": "Feature", "properties": { "source": "ABEJORRAL", "target": "ARGELIA", "distance": 0.25, "betweenness": 0.012789219425375031, "weight": 0.11278921942537504 }, "geometry": { "type": "LineString", "coordinates": [ [ -75.428739, 5.789315 ], [ -75.14107, 5.731474 ] ] } },
{ "type": "Feature", "properties": { "source": "ABEJORRAL", "target": "NARIÑO", "distance": 0.5, "betweenness": 0.00086448004068141379, "weight": 0.10086448004068142 }, "geometry": { "type": "LineString", "coordinates": [ [ -75.428739, 5.789315 ], [ -75.176262, 5.610777 ] ] } },
{ "type": "Feature", "properties": { "source": "ABEJORRAL", "target": "COCORNÁ", "distance": 0.5, "betweenness": 0.00038138825324180017, "weight": 0.1003813882532418 }, "geometry": { "type": "LineString", "coordinates": [ [ -75.428739, 5.789315 ], [ -75.185483, 6.058295 ] ] } },
{ "type": "Feature", "properties": { "source": "ABEJORRAL", "target": "LA PINTADA", "distance": 0.5, "betweenness": 0.0020576105816380416, "weight": 0.10205761058163805 }, "geometry": { "type": "LineString", "coordinates": [ [ -75.428739, 5.789315 ], [ -75.60781, 5.743808 ] ] } },
{ "type": "Feature", "properties": { "source": "ABEJORRAL", "target": "TÁMESIS", "distance": 0.5, "betweenness": 0.0049101013403072911, "weight": 0.1049101013403073 }, "geometry": { "type": "LineString", "coordinates": [ [ -75.428739, 5.789315 ], [ -75.714429, 5.664645 ] ] } },
{ "type": "Feature", "properties": { "source": "ABEJORRAL", "target": "JERICÓ", "distance": 0.5, "betweenness": 0.0038916791319537317, "weight": 0.10389167913195374 }, "geometry": { "type": "LineString", "coordinates": [ [ -75.428739, 5.789315 ], [ -75.785499, 5.789748 ] ] } },
{ "type": "Feature", "properties": { "source": "ABEJORRAL", "target": "AMAGÁ", "distance": 0.5, "betweenness": 0.00091024663107042972, "weight": 0.10091024663107044 }, "geometry": { "type": "LineString", "coordinates": [ [ -75.428739, 5.789315 ], [ -75.702188, 6.038708 ] ] } },
{ "type": "Feature", "properties": { "source": "ABEJORRAL", "target": "VALPARAÍSO", "distance": 0.5, "betweenness": 0.0045821074425193425, "weight": 0.10458210744251935 }, "geometry": { "type": "LineString", "coordinates": [ [ -75.428739, 5.789315 ], [ -75.624452, 5.614555 ] ] } },
{ "type": "Feature", "properties": { "source": "ABEJORRAL", "target": "SAN FRANCISCO", "distance": 0.5, "betweenness": 0.0034324942791762016, "weight": 0.10343249427917621 }, "geometry": { "type": "LineString", "coordinates": [ [ -75.428739, 5.789315 ], [ -75.101562, 5.963476 ] ] } },
{ "type": "Feature", "properties": { "source": "ABEJORRAL", "target": "CARAMANTA", "distance": 0.5, "betweenness": 0.0062602157567832641, "weight": 0.10626021575678327 }, "geometry": { "type": "LineString", "coordinates": [ [ -75.428739, 5.789315 ], [ -75.643868, 5.54853 ] ] } },
{ "type": "Feature", "properties": { "source": "ABEJORRAL", "target": "SABANETA", "distance": 0.14285714285714285, "betweenness": 0.023302822273073991, "weight": 0.123302822273074 }, "geometry": { "type": "LineString", "coordinates": [ [ -75.428739, 5.789315 ], [ -75.615479, 6.149903 ] ] } },
{ "type": "Feature", "properties": { "source": "ABEJORRAL", "target": "JARDÍN", "distance": 1.0, "betweenness": 0.0, "weight": 0.1 }, "geometry": { "type": "LineString", "coordinates": [ [ -75.428739, 5.789315 ], [ -75.818982, 5.597542 ] ] } },
{ "type": "Feature", "properties": { "source": "ABEJORRAL", "target": "TARSO", "distance": 1.0, "betweenness": 0.0, "weight": 0.1 }, "geometry": { "type": "LineString", "coordinates": [ [ -75.428739, 5.789315 ], [ -75.822956, 5.864542 ] ] } },
{ "type": "Feature", "properties": { "source": "AMAGÁ", "target": "TARSO", "distance": 0.5, "betweenness": 0.0013628273582506993, "weight": 0.10136282735825071 }, "geometry": { "type": "LineString", "coordinates": [ [ -75.702188, 6.038708 ], [ -75.822956, 5.864542 ] ] } },
{ "type": "Feature", "properties": { "source": "AMAGÁ", "target": "PUEBLORRICO", "distance": 0.5, "betweenness": 0.0021637426900584797, "weight": 0.10216374269005848 }, "geometry": { "type": "LineString", "coordinates": [ [ -75.702188, 6.038708 ], [ -75.839903, 5.79158 ] ] } },
{ "type": "Feature", "properties": { "source": "AMAGÁ", "target": "JERICÓ", "distance": 0.5, "betweenness": 0.001074667344690228, "weight": 0.10107466734469023 }, "geometry": { "type": "LineString", "coordinates": [ [ -75.702188, 6.038708 ], [ -75.785499, 5.789748 ] ] } },
{ "type": "Feature", "properties": { "source": "AMAGÁ", "target": "TÁMESIS", "distance": 0.5, "betweenness": 0.001470202820317237, "weight": 0.10147020282031724 }, "geometry": { "type": "LineString", "coordinates": [ [ -75.702188, 6.038708 ], [ -75.714429, 5.664645 ] ] } },
{ "type": "Feature", "properties": { "source": "AMAGÁ", "target": "SABANETA", "distance": 0.5, "betweenness": 0.00025425883549453341, "weight": 0.10025425883549453 }, "geometry": { "type": "LineString", "coordinates": [ [ -75.702188, 6.038708 ], [ -75.615479, 6.149903 ] ] } },
{ "type": "Feature", "properties": { "source": "AMAGÁ", "target": "LA PINTADA", "distance": 0.5, "betweenness": 0.00081234766589457672, "weight": 0.10081234766589459 }, "geometry": { "type": "LineString", "coordinates": [ [ -75.702188, 6.038708 ], [ -75.60781, 5.743808 ] ] } },
{ "type": "Feature", "properties": { "source": "AMAGÁ", "target": "HISPANIA", "distance": 0.5, "betweenness": 0.0040013681546862325, "weight": 0.10400136815468623 }, "geometry": { "type": "LineString", "coordinates": [ [ -75.702188, 6.038708 ], [ -75.906587, 5.799461 ] ] } },
{ "type": "Feature", "properties": { "source": "COCORNÁ", "target": "SONSÓN", "distance": 0.33333333333333331, "betweenness": 0.0011187388761759471, "weight": 0.10111873887617595 }, "geometry": { "type": "LineString", "coordinates": [ [ -75.185483, 6.058295 ], [ -75.309596, 5.714851 ] ] } },
{ "type": "Feature", "properties": { "source": "COCORNÁ", "target": "SAN LUIS", "distance": 0.5, "betweenness": 0.00041952707856598016, "weight": 0.10041952707856598 }, "geometry": { "type": "LineString", "coordinates": [ [ -75.185483, 6.058295 ], [ -74.993619, 6.043017 ] ] } },
{ "type": "Feature", "properties": { "source": "COCORNÁ", "target": "SAN FRANCISCO", "distance": 0.5, "betweenness": 0.0007182812102720569, "weight": 0.10071828121027206 }, "geometry": { "type": "LineString", "coordinates": [ [ -75.185483, 6.058295 ], [ -75.101562, 5.963476 ] ] } },
{ "type": "Feature", "properties": { "source": "COCORNÁ", "target": "ARGELIA", "distance": 0.5, "betweenness": 0.00030511060259344014, "weight": 0.10030511060259345 }, "geometry": { "type": "LineString", "coordinates": [ [ -75.185483, 6.058295 ], [ -75.14107, 5.731474 ] ] } },
{ "type": "Feature", "properties": { "source": "COCORNÁ", "target": "NARIÑO", "distance": 0.5, "betweenness": 0.000851767098906687, "weight": 0.1008517670989067 }, "geometry": { "type": "LineString", "coordinates": [ [ -75.185483, 6.058295 ], [ -75.176262, 5.610777 ] ] } },
{ "type": "Feature", "properties": { "source": "COCORNÁ", "target": "PUERTO NARE", "distance": 1.0, "betweenness": 0.0, "weight": 0.1 }, "geometry": { "type": "LineString", "coordinates": [ [ -75.185483, 6.058295 ], [ -74.583012, 6.186025 ] ] } },
{ "type": "Feature", "properties": { "source": "SAN LUIS", "target": "SAN FRANCISCO", "distance": 0.5, "betweenness": 0.00015255530129672007, "weight": 0.10015255530129673 }, "geometry": { "type": "LineString", "coordinates": [ [ -74.993619, 6.043017 ], [ -75.101562, 5.963476 ] ] } },
{ "type": "Feature", "properties": { "source": "SAN LUIS", "target": "PUERTO NARE", "distance": 1.0, "betweenness": 3.8138825324180017e-05, "weight": 0.10003813882532418 }, "geometry": { "type": "LineString", "coordinates": [ [ -74.993619, 6.043017 ], [ -74.583012, 6.186025 ] ] } },
{ "type": "Feature", "properties": { "source": "SAN LUIS", "target": "SONSÓN", "distance": 0.5, "betweenness": 0.0019374523264683449, "weight": 0.10193745232646835 }, "geometry": { "type": "LineString", "coordinates": [ [ -74.993619, 6.043017 ], [ -75.309596, 5.714851 ] ] } },
{ "type": "Feature", "properties": { "source": "SAN LUIS", "target": "ARGELIA", "distance": 0.5, "betweenness": 0.00050851767098906682, "weight": 0.10050851767098908 }, "geometry": { "type": "LineString", "coordinates": [ [ -74.993619, 6.043017 ], [ -75.14107, 5.731474 ] ] } },
{ "type": "Feature", "properties": { "source": "SAN LUIS", "target": "PUERTO TRIUNFO", "distance": 1.0, "betweenness": 0.0020086448004068146, "weight": 0.10200864480040682 }, "geometry": { "type": "LineString", "coordinates": [ [ -74.993619, 6.043017 ], [ -74.64119, 5.871318 ] ] } },
{ "type": "Feature", "properties": { "source": "SONSÓN", "target": "NARIÑO", "distance": 0.5, "betweenness": 0.0010424612255275872, "weight": 0.1010424612255276 }, "geometry": { "type": "LineString", "coordinates": [ [ -75.309596, 5.714851 ], [ -75.176262, 5.610777 ] ] } },
{ "type": "Feature", "properties": { "source": "SONSÓN", "target": "ARGELIA", "distance": 0.5, "betweenness": 0.00035596236969234681, "weight": 0.10035596236969235 }, "geometry": { "type": "LineString", "coordinates": [ [ -75.309596, 5.714851 ], [ -75.14107, 5.731474 ] ] } },
{ "type": "Feature", "properties": { "source": "SONSÓN", "target": "LA PINTADA", "distance": 0.33333333333333331, "betweenness": 0.004155200253598423, "weight": 0.10415520025359842 }, "geometry": { "type": "LineString", "coordinates": [ [ -75.309596, 5.714851 ], [ -75.60781, 5.743808 ] ] } },
{ "type": "Feature", "properties": { "source": "SONSÓN", "target": "SAN FRANCISCO", "distance": 0.5, "betweenness": 0.0013348588863463006, "weight": 0.1013348588863463 }, "geometry": { "type": "LineString", "coordinates": [ [ -75.309596, 5.714851 ], [ -75.101562, 5.963476 ] ] } },
{ "type": "Feature", "properties": { "source": "SONSÓN", "target": "VALPARAÍSO", "distance": 0.5, "betweenness": 0.0016018306636155608, "weight": 0.10160183066361557 }, "geometry": { "type": "LineString", "coordinates": [ [ -75.309596, 5.714851 ], [ -75.624452, 5.614555 ] ] } },
{ "type": "Feature", "properties": { "source": "SONSÓN", "target": "CARAMANTA", "distance": 0.5, "betweenness": 0.0031146707348080351, "weight": 0.10311467073480804 }, "geometry": { "type": "LineString", "coordinates": [ [ -75.309596, 5.714851 ], [ -75.643868, 5.54853 ] ] } },
{ "type": "Feature", "properties": { "source": "SONSÓN", "target": "PUERTO TRIUNFO", "distance": 1.0, "betweenness": 0.0060513602847698965, "weight": 0.1060513602847699 }, "geometry": { "type": "LineString", "coordinates": [ [ -75.309596, 5.714851 ], [ -74.64119, 5.871318 ] ] } },
{ "type": "Feature", "properties": { "source": "CARACOLÍ", "target": "PUERTO BERRÍO", "distance": 1.0, "betweenness": 0.00025171624713958812, "weight": 0.10025171624713959 }, "geometry": { "type": "LineString", "coordinates": [ [ -74.757421, 6.409829 ], [ -74.410016, 6.487028 ] ] } },
{ "type": "Feature", "properties": { "source": "SAN FRANCISCO", "target": "ARGELIA", "distance": 0.5, "betweenness": 0.00035596236969234681, "weight": 0.10035596236969235 }, "geometry": { "type": "LineString", "coordinates": [ [ -75.101562, 5.963476 ], [ -75.14107, 5.731474 ] ] } },
{ "type": "Feature", "properties": { "source": "SAN FRANCISCO", "target": "PUERTO TRIUNFO", "distance": 1.0, "betweenness": 0.0010424612255275872, "weight": 0.1010424612255276 }, "geometry": { "type": "LineString", "coordinates": [ [ -75.101562, 5.963476 ], [ -74.64119, 5.871318 ] ] } },
{ "type": "Feature", "properties": { "source": "SAN FRANCISCO", "target": "PUERTO NARE", "distance": 1.0, "betweenness": 0.0, "weight": 0.1 }, "geometry": { "type": "LineString", "coordinates": [ [ -75.101562, 5.963476 ], [ -74.583012, 6.186025 ] ] } },
{ "type": "Feature", "properties": { "source": "SAN FRANCISCO", "target": "NARIÑO", "distance": 0.5, "betweenness": 0.00038138825324180017, "weight": 0.1003813882532418 }, "geometry": { "type": "LineString", "coordinates": [ [ -75.101562, 5.963476 ], [ -75.176262, 5.610777 ] ] } },
{ "type": "Feature", "properties": { "source": "TARSO", "target": "TÁMESIS", "distance": 0.5, "betweenness": 0.00020399381955446032, "weight": 0.10020399381955447 }, "geometry": { "type": "LineString", "coordinates": [ [ -75.822956, 5.864542 ], [ -75.714429, 5.664645 ] ] } },
{ "type": "Feature", "properties": { "source": "TARSO", "target": "JERICÓ", "distance": 0.5, "betweenness": 0.00015255530129672007, "weight": 0.10015255530129673 }, "geometry": { "type": "LineString", "coordinates": [ [ -75.822956, 5.864542 ], [ -75.785499, 5.789748 ] ] } },
{ "type": "Feature", "properties": { "source": "TARSO", "target": "PUEBLORRICO", "distance": 0.5, "betweenness": 0.00030511060259344014, "weight": 0.10030511060259345 }, "geometry": { "type": "LineString", "coordinates": [ [ -75.822956, 5.864542 ], [ -75.839903, 5.79158 ] ] } },
{ "type": "Feature", "properties": { "source": "TARSO", "target": "HISPANIA", "distance": 0.5, "betweenness": 0.000225624447592411, "weight": 0.10022562444759242 }, "geometry": { "type": "LineString", "coordinates": [ [ -75.822956, 5.864542 ], [ -75.906587, 5.799461 ] ] } },
{ "type": "Feature", "properties": { "source": "TARSO", "target": "BETANIA", "distance": 0.5, "betweenness": 0.00022374777523518946, "weight": 0.1002237477752352 }, "geometry": { "type": "LineString", "coordinates": [ [ -75.822956, 5.864542 ], [ -75.97679, 5.74615 ] ] } },
{ "type": "Feature", "properties": { "source": "TARSO", "target": "ANDES", "distance": 0.5, "betweenness": 0.00021364346307138073, "weight": 0.10021364346307139 }, "geometry": { "type": "LineString", "coordinates": [ [ -75.822956, 5.864542 ], [ -75.878828, 5.657194 ] ] } },
{ "type": "Feature", "properties": { "source": "TARSO", "target": "JARDÍN", "distance": 0.5, "betweenness": 0.00023561318755826763, "weight": 0.10023561318755828 }, "geometry": { "type": "LineString", "coordinates": [ [ -75.822956, 5.864542 ], [ -75.818982, 5.597542 ] ] } },
{ "type": "Feature", "properties": { "source": "TARSO", "target": "LA PINTADA", "distance": 0.5, "betweenness": 0.0026722510475370889, "weight": 0.10267225104753709 }, "geometry": { "type": "LineString", "coordinates": [ [ -75.822956, 5.864542 ], [ -75.60781, 5.743808 ] ] } },
{ "type": "Feature", "properties": { "source": "TARSO", "target": "VALPARAÍSO", "distance": 0.5, "betweenness": 0.001169590643274854, "weight": 0.10116959064327485 }, "geometry": { "type": "LineString", "coordinates": [ [ -75.822956, 5.864542 ], [ -75.624452, 5.614555 ] ] } },
{ "type": "Feature", "properties": { "source": "PUEBLORRICO", "target": "HISPANIA", "distance": 0.5, "betweenness": 0.00064242732434952119, "weight": 0.10064242732434953 }, "geometry": { "type": "LineString", "coordinates": [ [ -75.839903, 5.79158 ], [ -75.906587, 5.799461 ] ] } },
{ "type": "Feature", "properties": { "source": "PUEBLORRICO", "target": "ANDES", "distance": 0.5, "betweenness": 0.00031897926634768739, "weight": 0.1003189792663477 }, "geometry": { "type": "LineString", "coordinates": [ [ -75.839903, 5.79158 ], [ -75.878828, 5.657194 ] ] } },
{ "type": "Feature", "properties": { "source": "PUEBLORRICO", "target": "TÁMESIS", "distance": 0.5, "betweenness": 0.00023959005652369499, "weight": 0.10023959005652371 }, "geometry": { "type": "LineString", "coordinates": [ [ -75.839903, 5.79158 ], [ -75.714429, 5.664645 ] ] } },
{ "type": "Feature", "properties": { "source": "PUEBLORRICO", "target": "JARDÍN", "distance": 0.5, "betweenness": 0.00038138825324180017, "weight": 0.1003813882532418 }, "geometry": { "type": "LineString", "coordinates": [ [ -75.839903, 5.79158 ], [ -75.818982, 5.597542 ] ] } },
{ "type": "Feature", "properties": { "source": "PUEBLORRICO", "target": "JERICÓ", "distance": 0.5, "betweenness": 0.00015255530129672007, "weight": 0.10015255530129673 }, "geometry": { "type": "LineString", "coordinates": [ [ -75.839903, 5.79158 ], [ -75.785499, 5.789748 ] ] } },
{ "type": "Feature", "properties": { "source": "PUEBLORRICO", "target": "LA PINTADA", "distance": 0.5, "betweenness": 0.0005644453012874066, "weight": 0.10056444530128741 }, "geometry": { "type": "LineString", "coordinates": [ [ -75.839903, 5.79158 ], [ -75.60781, 5.743808 ] ] } },
{ "type": "Feature", "properties": { "source": "PUEBLORRICO", "target": "VALPARAÍSO", "distance": 0.33333333333333331, "betweenness": 0.0032545130943300283, "weight": 0.10325451309433004 }, "geometry": { "type": "LineString", "coordinates": [ [ -75.839903, 5.79158 ], [ -75.624452, 5.614555 ] ] } },
{ "type": "Feature", "properties": { "source": "PUEBLORRICO", "target": "CARAMANTA", "distance": 0.16666666666666666, "betweenness": 0.01221518120831622, "weight": 0.11221518120831622 }, "geometry": { "type": "LineString", "coordinates": [ [ -75.839903, 5.79158 ], [ -75.643868, 5.54853 ] ] } },
{ "type": "Feature", "properties": { "source": "PUEBLORRICO", "target": "BETANIA", "distance": 0.5, "betweenness": 0.00054919908466819227, "weight": 0.10054919908466819 }, "geometry": { "type": "LineString", "coordinates": [ [ -75.839903, 5.79158 ], [ -75.97679, 5.74615 ] ] } },
{ "type": "Feature", "properties": { "source": "JERICÓ", "target": "ANDES", "distance": 0.5, "betweenness": 0.00034558563734765109, "weight": 0.10034558563734766 }, "geometry": { "type": "LineString", "coordinates": [ [ -75.785499, 5.789748 ], [ -75.878828, 5.657194 ] ] } },
{ "type": "Feature", "properties": { "source": "JERICÓ", "target": "TÁMESIS", "distance": 0.5, "betweenness": 0.00020399381955446032, "weight": 0.10020399381955447 }, "geometry": { "type": "LineString", "coordinates": [ [ -75.785499, 5.789748 ], [ -75.714429, 5.664645 ] ] } },
{ "type": "Feature", "properties": { "source": "JERICÓ", "target": "BETANIA", "distance": 0.5, "betweenness": 0.00041898223820420623, "weight": 0.10041898223820421 }, "geometry": { "type": "LineString", "coordinates": [ [ -75.785499, 5.789748 ], [ -75.97679, 5.74615 ] ] } },
{ "type": "Feature", "properties": { "source": "JERICÓ", "target": "VALPARAÍSO", "distance": 0.5, "betweenness": 0.00017798118484617343, "weight": 0.10017798118484618 }, "geometry": { "type": "LineString", "coordinates": [ [ -75.785499, 5.789748 ], [ -75.624452, 5.614555 ] ] } },
{ "type": "Feature", "properties": { "source": "JERICÓ", "target": "JARDÍN", "distance": 0.33333333333333331, "betweenness": 0.0023337493932459609, "weight": 0.10233374939324597 }, "geometry": { "type": "LineString", "coordinates": [ [ -75.785499, 5.789748 ], [ -75.818982, 5.597542 ] ] } },
{ "type": "Feature", "properties": { "source": "JERICÓ", "target": "HISPANIA", "distance": 0.5, "betweenness": 0.00028664656811109901, "weight": 0.10028664656811111 }, "geometry": { "type": "LineString", "coordinates": [ [ -75.785499, 5.789748 ], [ -75.906587, 5.799461 ] ] } },
{ "type": "Feature", "properties": { "source": "JERICÓ", "target": "CARAMANTA", "distance": 0.33333333333333331, "betweenness": 0.00053394355453852019, "weight": 0.10053394355453853 }, "geometry": { "type": "LineString", "coordinates": [ [ -75.785499, 5.789748 ], [ -75.643868, 5.54853 ] ] } },
{ "type": "Feature", "properties": { "source": "JERICÓ", "target": "LA PINTADA", "distance": 0.5, "betweenness": 0.00024662175691923978, "weight": 0.10024662175691924 }, "geometry": { "type": "LineString", "coordinates": [ [ -75.785499, 5.789748 ], [ -75.60781, 5.743808 ] ] } },
{ "type": "Feature", "properties": { "source": "TÁMESIS", "target": "CARAMANTA", "distance": 0.33333333333333331, "betweenness": 0.00062097830976549516, "weight": 0.1006209783097655 }, "geometry": { "type": "LineString", "coordinates": [ [ -75.714429, 5.664645 ], [ -75.643868, 5.54853 ] ] } },
{ "type": "Feature", "properties": { "source": "TÁMESIS", "target": "HISPANIA", "distance": 0.5, "betweenness": 0.00030376014357707723, "weight": 0.10030376014357709 }, "geometry": { "type": "LineString", "coordinates": [ [ -75.714429, 5.664645 ], [ -75.906587, 5.799461 ] ] } },
{ "type": "Feature", "properties": { "source": "TÁMESIS", "target": "JARDÍN", "distance": 0.5, "betweenness": 0.00015255530129672007, "weight": 0.10015255530129673 }, "geometry": { "type": "LineString", "coordinates": [ [ -75.714429, 5.664645 ], [ -75.818982, 5.597542 ] ] } },
{ "type": "Feature", "properties": { "source": "TÁMESIS", "target": "ANDES", "distance": 0.5, "betweenness": 0.00025527485481718893, "weight": 0.10025527485481719 }, "geometry": { "type": "LineString", "coordinates": [ [ -75.714429, 5.664645 ], [ -75.878828, 5.657194 ] ] } },
{ "type": "Feature", "properties": { "source": "TÁMESIS", "target": "VALPARAÍSO", "distance": 0.5, "betweenness": 0.00015255530129672007, "weight": 0.10015255530129673 }, "geometry": { "type": "LineString", "coordinates": [ [ -75.714429, 5.664645 ], [ -75.624452, 5.614555 ] ] } },
{ "type": "Feature", "properties": { "source": "TÁMESIS", "target": "BETANIA", "distance": 0.5, "betweenness": 0.00029806958868743765, "weight": 0.10029806958868745 }, "geometry": { "type": "LineString", "coordinates": [ [ -75.714429, 5.664645 ], [ -75.97679, 5.74615 ] ] } },
{ "type": "Feature", "properties": { "source": "TÁMESIS", "target": "LA PINTADA", "distance": 0.5, "betweenness": 0.00035558982927403975, "weight": 0.10035558982927405 }, "geometry": { "type": "LineString", "coordinates": [ [ -75.714429, 5.664645 ], [ -75.60781, 5.743808 ] ] } },
{ "type": "Feature", "properties": { "source": "ARGELIA", "target": "NARIÑO", "distance": 0.5, "betweenness": 0.00015255530129672007, "weight": 0.10015255530129673 }, "geometry": { "type": "LineString", "coordinates": [ [ -75.14107, 5.731474 ], [ -75.176262, 5.610777 ] ] } },
{ "type": "Feature", "properties": { "source": "LA PINTADA", "target": "ANDES", "distance": 0.5, "betweenness": 0.001630309896900286, "weight": 0.10163030989690029 }, "geometry": { "type": "LineString", "coordinates": [ [ -75.60781, 5.743808 ], [ -75.878828, 5.657194 ] ] } },
{ "type": "Feature", "properties": { "source": "LA PINTADA", "target": "JARDÍN", "distance": 0.5, "betweenness": 0.00097908913698387372, "weight": 0.10097908913698388 }, "geometry": { "type": "LineString", "coordinates": [ [ -75.60781, 5.743808 ], [ -75.818982, 5.597542 ] ] } },
{ "type": "Feature", "properties": { "source": "LA PINTADA", "target": "VALPARAÍSO", "distance": 0.5, "betweenness": 0.00015255530129672007, "weight": 0.10015255530129673 }, "geometry": { "type": "LineString", "coordinates": [ [ -75.60781, 5.743808 ], [ -75.624452, 5.614555 ] ] } },
{ "type": "Feature", "properties": { "source": "LA PINTADA", "target": "CARAMANTA", "distance": 0.5, "betweenness": 0.00015255530129672007, "weight": 0.10015255530129673 }, "geometry": { "type": "LineString", "coordinates": [ [ -75.60781, 5.743808 ], [ -75.643868, 5.54853 ] ] } },
{ "type": "Feature", "properties": { "source": "LA PINTADA", "target": "HISPANIA", "distance": 1.0, "betweenness": 1.6950589032968897e-05, "weight": 0.10001695058903297 }, "geometry": { "type": "LineString", "coordinates": [ [ -75.60781, 5.743808 ], [ -75.906587, 5.799461 ] ] } },
{ "type": "Feature", "properties": { "source": "VALPARAÍSO", "target": "CARAMANTA", "distance": 0.5, "betweenness": 7.6277650648360034e-05, "weight": 0.10007627765064836 }, "geometry": { "type": "LineString", "coordinates": [ [ -75.624452, 5.614555 ], [ -75.643868, 5.54853 ] ] } },
{ "type": "Feature", "properties": { "source": "VALPARAÍSO", "target": "JARDÍN", "distance": 0.5, "betweenness": 0.0002288329519450801, "weight": 0.10022883295194508 }, "geometry": { "type": "LineString", "coordinates": [ [ -75.624452, 5.614555 ], [ -75.818982, 5.597542 ] ] } },
{ "type": "Feature", "properties": { "source": "VALPARAÍSO", "target": "ANDES", "distance": 0.5, "betweenness": 0.00030808245911220745, "weight": 0.10030808245911221 }, "geometry": { "type": "LineString", "coordinates": [ [ -75.624452, 5.614555 ], [ -75.878828, 5.657194 ] ] } },
{ "type": "Feature", "properties": { "source": "BETANIA", "target": "JARDÍN", "distance": 0.33333333333333331, "betweenness": 0.0010330173259235046, "weight": 0.10103301732592351 }, "geometry": { "type": "LineString", "coordinates": [ [ -75.97679, 5.74615 ], [ -75.818982, 5.597542 ] ] } },
{ "type": "Feature", "properties": { "source": "BETANIA", "target": "ANDES", "distance": 0.5, "betweenness": 0.00015255530129672007, "weight": 0.10015255530129673 }, "geometry": { "type": "LineString", "coordinates": [ [ -75.97679, 5.74615 ], [ -75.878828, 5.657194 ] ] } },
{ "type": "Feature", "properties": { "source": "BETANIA", "target": "HISPANIA", "distance": 0.5, "betweenness": 0.0001678108314263921, "weight": 0.1001678108314264 }, "geometry": { "type": "LineString", "coordinates": [ [ -75.97679, 5.74615 ], [ -75.906587, 5.799461 ] ] } },
{ "type": "Feature", "properties": { "source": "BETANIA", "target": "CARAMANTA", "distance": 1.0, "betweenness": 0.0, "weight": 0.1 }, "geometry": { "type": "LineString", "coordinates": [ [ -75.97679, 5.74615 ], [ -75.643868, 5.54853 ] ] } },
{ "type": "Feature", "properties": { "source": "ANDES", "target": "HISPANIA", "distance": 0.5, "betweenness": 0.00016950589032968896, "weight": 0.10016950589032969 }, "geometry": { "type": "LineString", "coordinates": [ [ -75.878828, 5.657194 ], [ -75.906587, 5.799461 ] ] } },
{ "type": "Feature", "properties": { "source": "ANDES", "target": "JARDÍN", "distance": 0.5, "betweenness": 0.00016642396505096732, "weight": 0.10016642396505097 }, "geometry": { "type": "LineString", "coordinates": [ [ -75.878828, 5.657194 ], [ -75.818982, 5.597542 ] ] } },
{ "type": "Feature", "properties": { "source": "ANDES", "target": "CARAMANTA", "distance": 0.5, "betweenness": 0.00019614253023864006, "weight": 0.10019614253023865 }, "geometry": { "type": "LineString", "coordinates": [ [ -75.878828, 5.657194 ], [ -75.643868, 5.54853 ] ] } },
{ "type": "Feature", "properties": { "source": "HISPANIA", "target": "JARDÍN", "distance": 0.5, "betweenness": 0.00018476142045936096, "weight": 0.10018476142045937 }, "geometry": { "type": "LineString", "coordinates": [ [ -75.906587, 5.799461 ], [ -75.818982, 5.597542 ] ] } },
{ "type": "Feature", "properties": { "source": "JARDÍN", "target": "CARAMANTA", "distance": 0.5, "betweenness": 0.00015255530129672007, "weight": 0.10015255530129673 }, "geometry": { "type": "LineString", "coordinates": [ [ -75.818982, 5.597542 ], [ -75.643868, 5.54853 ] ] } }
]
}
