{
"type": "FeatureCollection",
"name": "fig2_undirected_Pperuviana_23km_10steps_10reps_municipalities_network_v2_edges",
"crs": { "type": "name", "properties": { "name": "urn:ogc:def:crs:OGC:1.3:CRS84" } },
"features": [
{ "type": "Feature", "properties": { "source": "ITUANGO", "target": "TARAZÁ", "distance": 0.5, "betweenness": 0.0095277095277095294, "weight": 0.10952770952770953 }, "geometry": { "type": "LineString", "coordinates": [ [ -75.764673, 7.171629 ], [ -75.401407, 7.580127 ] ] } },
{ "type": "Feature", "properties": { "source": "ITUANGO", "target": "VALDIVIA", "distance": 0.5, "betweenness": 0.0027300027300027297, "weight": 0.10273000273000274 }, "geometry": { "type": "LineString", "coordinates": [ [ -75.764673, 7.171629 ], [ -75.439274, 7.1652 ] ] } },
{ "type": "Feature", "properties": { "source": "ITUANGO", "target": "BRICEÑO", "distance": 0.5, "betweenness": 0.0034671034671034666, "weight": 0.10346710346710347 }, "geometry": { "type": "LineString", "coordinates": [ [ -75.764673, 7.171629 ], [ -75.55036, 7.112803 ] ] } },
{ "type": "Feature", "properties": { "source": "ITUANGO", "target": "YARUMAL", "distance": 0.5, "betweenness": 0.0046683046683046675, "weight": 0.10466830466830468 }, "geometry": { "type": "LineString", "coordinates": [ [ -75.764673, 7.171629 ], [ -75.418828, 6.963832 ] ] } },
{ "type": "Feature", "properties": { "source": "ITUANGO", "target": "PEQUE", "distance": 0.5, "betweenness": 0.00038220038220038215, "weight": 0.10038220038220039 }, "geometry": { "type": "LineString", "coordinates": [ [ -75.764673, 7.171629 ], [ -75.910357, 7.021029 ] ] } },
{ "type": "Feature", "properties": { "source": "ITUANGO", "target": "SAN ANDRÉS DE CUERQUÍA", "distance": 0.5, "betweenness": 0.00090090090090090091, "weight": 0.10090090090090091 }, "geometry": { "type": "LineString", "coordinates": [ [ -75.764673, 7.171629 ], [ -75.674564, 6.916676 ] ] } },
{ "type": "Feature", "properties": { "source": "ITUANGO", "target": "TOLEDO", "distance": 0.5, "betweenness": 0.0034944034944034939, "weight": 0.1034944034944035 }, "geometry": { "type": "LineString", "coordinates": [ [ -75.764673, 7.171629 ], [ -75.692281, 7.010328 ] ] } },
{ "type": "Feature", "properties": { "source": "ITUANGO", "target": "SABANALARGA", "distance": 0.5, "betweenness": 0.0, "weight": 0.1 }, "geometry": { "type": "LineString", "coordinates": [ [ -75.764673, 7.171629 ], [ -75.816645, 6.850028 ] ] } },
{ "type": "Feature", "properties": { "source": "ITUANGO", "target": "DABEIBA", "distance": 0.5, "betweenness": 0.0013104013104013104, "weight": 0.10131040131040131 }, "geometry": { "type": "LineString", "coordinates": [ [ -75.764673, 7.171629 ], [ -76.261614, 6.998112 ] ] } },
{ "type": "Feature", "properties": { "source": "ITUANGO", "target": "MUTATÁ", "distance": 0.5, "betweenness": 0.013377013377013379, "weight": 0.11337701337701339 }, "geometry": { "type": "LineString", "coordinates": [ [ -75.764673, 7.171629 ], [ -76.435875, 7.242875 ] ] } },
{ "type": "Feature", "properties": { "source": "ITUANGO", "target": "CAÑASGORDAS", "distance": 0.25, "betweenness": 0.029975429975429978, "weight": 0.12997542997542999 }, "geometry": { "type": "LineString", "coordinates": [ [ -75.764673, 7.171629 ], [ -76.028228, 6.753859 ] ] } },
{ "type": "Feature", "properties": { "source": "ITUANGO", "target": "URAMITA", "distance": 0.125, "betweenness": 0.0018018018018018018, "weight": 0.1018018018018018 }, "geometry": { "type": "LineString", "coordinates": [ [ -75.764673, 7.171629 ], [ -76.173284, 6.898393 ] ] } },
{ "type": "Feature", "properties": { "source": "ITUANGO", "target": "BURITICÁ", "distance": 0.5, "betweenness": 0.00049140049140049139, "weight": 0.1004914004914005 }, "geometry": { "type": "LineString", "coordinates": [ [ -75.764673, 7.171629 ], [ -75.907, 6.720759 ] ] } },
{ "type": "Feature", "properties": { "source": "ITUANGO", "target": "CAMPAMENTO", "distance": 1.0, "betweenness": 0.0, "weight": 0.1 }, "geometry": { "type": "LineString", "coordinates": [ [ -75.764673, 7.171629 ], [ -75.298091, 6.979771 ] ] } },
{ "type": "Feature", "properties": { "source": "TARAZÁ", "target": "VALDIVIA", "distance": 0.33333333333333331, "betweenness": 0.00049140049140049139, "weight": 0.1004914004914005 }, "geometry": { "type": "LineString", "coordinates": [ [ -75.401407, 7.580127 ], [ -75.439274, 7.1652 ] ] } },
{ "type": "Feature", "properties": { "source": "TARAZÁ", "target": "BRICEÑO", "distance": 0.5, "betweenness": 0.0026208026208026209, "weight": 0.10262080262080263 }, "geometry": { "type": "LineString", "coordinates": [ [ -75.401407, 7.580127 ], [ -75.55036, 7.112803 ] ] } },
{ "type": "Feature", "properties": { "source": "TARAZÁ", "target": "CÁCERES", "distance": 1.0, "betweenness": 0.0049959049959049963, "weight": 0.104995904995905 }, "geometry": { "type": "LineString", "coordinates": [ [ -75.401407, 7.580127 ], [ -75.35205, 7.578366 ] ] } },
{ "type": "Feature", "properties": { "source": "TARAZÁ", "target": "ANORÍ", "distance": 0.5, "betweenness": 0.0014196014196014195, "weight": 0.10141960141960142 }, "geometry": { "type": "LineString", "coordinates": [ [ -75.401407, 7.580127 ], [ -75.148355, 7.074703 ] ] } },
{ "type": "Feature", "properties": { "source": "TARAZÁ", "target": "YARUMAL", "distance": 0.5, "betweenness": 0.0088452088452088459, "weight": 0.10884520884520885 }, "geometry": { "type": "LineString", "coordinates": [ [ -75.401407, 7.580127 ], [ -75.418828, 6.963832 ] ] } },
{ "type": "Feature", "properties": { "source": "TARAZÁ", "target": "CAMPAMENTO", "distance": 1.0, "betweenness": 0.0, "weight": 0.1 }, "geometry": { "type": "LineString", "coordinates": [ [ -75.401407, 7.580127 ], [ -75.298091, 6.979771 ] ] } },
{ "type": "Feature", "properties": { "source": "VALDIVIA", "target": "BRICEÑO", "distance": 0.5, "betweenness": 0.00016380016380016381, "weight": 0.10016380016380017 }, "geometry": { "type": "LineString", "coordinates": [ [ -75.439274, 7.1652 ], [ -75.55036, 7.112803 ] ] } },
{ "type": "Feature", "properties": { "source": "VALDIVIA", "target": "YARUMAL", "distance": 0.33333333333333331, "betweenness": 0.012612612612612612, "weight": 0.11261261261261261 }, "geometry": { "type": "LineString", "coordinates": [ [ -75.439274, 7.1652 ], [ -75.418828, 6.963832 ] ] } },
{ "type": "Feature", "properties": { "source": "VALDIVIA", "target": "SAN ANDRÉS DE CUERQUÍA", "distance": 0.5, "betweenness": 0.00032760032760032761, "weight": 0.10032760032760034 }, "geometry": { "type": "LineString", "coordinates": [ [ -75.439274, 7.1652 ], [ -75.674564, 6.916676 ] ] } },
{ "type": "Feature", "properties": { "source": "VALDIVIA", "target": "CAMPAMENTO", "distance": 0.5, "betweenness": 0.00098280098280098278, "weight": 0.10098280098280099 }, "geometry": { "type": "LineString", "coordinates": [ [ -75.439274, 7.1652 ], [ -75.298091, 6.979771 ] ] } },
{ "type": "Feature", "properties": { "source": "VALDIVIA", "target": "ANGOSTURA", "distance": 0.5, "betweenness": 0.00049140049140049139, "weight": 0.1004914004914005 }, "geometry": { "type": "LineString", "coordinates": [ [ -75.439274, 7.1652 ], [ -75.335116, 6.885175 ] ] } },
{ "type": "Feature", "properties": { "source": "VALDIVIA", "target": "ANORÍ", "distance": 0.5, "betweenness": 0.0007644007644007643, "weight": 0.10076440076440077 }, "geometry": { "type": "LineString", "coordinates": [ [ -75.439274, 7.1652 ], [ -75.148355, 7.074703 ] ] } },
{ "type": "Feature", "properties": { "source": "VALDIVIA", "target": "SANTA ROSA DE OSOS", "distance": 1.0, "betweenness": 0.0, "weight": 0.1 }, "geometry": { "type": "LineString", "coordinates": [ [ -75.439274, 7.1652 ], [ -75.460723, 6.643366 ] ] } },
{ "type": "Feature", "properties": { "source": "BRICEÑO", "target": "YARUMAL", "distance": 0.5, "betweenness": 0.0, "weight": 0.1 }, "geometry": { "type": "LineString", "coordinates": [ [ -75.55036, 7.112803 ], [ -75.418828, 6.963832 ] ] } },
{ "type": "Feature", "properties": { "source": "BRICEÑO", "target": "SAN ANDRÉS DE CUERQUÍA", "distance": 0.5, "betweenness": 0.0, "weight": 0.1 }, "geometry": { "type": "LineString", "coordinates": [ [ -75.55036, 7.112803 ], [ -75.674564, 6.916676 ] ] } },
{ "type": "Feature", "properties": { "source": "BRICEÑO", "target": "PEQUE", "distance": 0.5, "betweenness": 0.0, "weight": 0.1 }, "geometry": { "type": "LineString", "coordinates": [ [ -75.55036, 7.112803 ], [ -75.910357, 7.021029 ] ] } },
{ "type": "Feature", "properties": { "source": "BRICEÑO", "target": "TOLEDO", "distance": 0.33333333333333331, "betweenness": 0.00024570024570024569, "weight": 0.10024570024570024 }, "geometry": { "type": "LineString", "coordinates": [ [ -75.55036, 7.112803 ], [ -75.692281, 7.010328 ] ] } },
{ "type": "Feature", "properties": { "source": "BRICEÑO", "target": "SABANALARGA", "distance": 0.5, "betweenness": 0.00016380016380016381, "weight": 0.10016380016380017 }, "geometry": { "type": "LineString", "coordinates": [ [ -75.55036, 7.112803 ], [ -75.816645, 6.850028 ] ] } },
{ "type": "Feature", "properties": { "source": "BRICEÑO", "target": "SAN JOSÉ DE LA MONTAÑA", "distance": 0.2, "betweenness": 0.004395304395304396, "weight": 0.10439530439530439 }, "geometry": { "type": "LineString", "coordinates": [ [ -75.55036, 7.112803 ], [ -75.683352, 6.85009 ] ] } },
{ "type": "Feature", "properties": { "source": "BRICEÑO", "target": "SANTA ROSA DE OSOS", "distance": 0.2, "betweenness": 0.015206115206115206, "weight": 0.11520611520611521 }, "geometry": { "type": "LineString", "coordinates": [ [ -75.55036, 7.112803 ], [ -75.460723, 6.643366 ] ] } },
{ "type": "Feature", "properties": { "source": "BRICEÑO", "target": "ANGOSTURA", "distance": 0.5, "betweenness": 0.0, "weight": 0.1 }, "geometry": { "type": "LineString", "coordinates": [ [ -75.55036, 7.112803 ], [ -75.335116, 6.885175 ] ] } },
{ "type": "Feature", "properties": { "source": "BRICEÑO", "target": "CAMPAMENTO", "distance": 0.5, "betweenness": 0.0, "weight": 0.1 }, "geometry": { "type": "LineString", "coordinates": [ [ -75.55036, 7.112803 ], [ -75.298091, 6.979771 ] ] } },
{ "type": "Feature", "properties": { "source": "BRICEÑO", "target": "ANORÍ", "distance": 1.0, "betweenness": 0.0, "weight": 0.1 }, "geometry": { "type": "LineString", "coordinates": [ [ -75.55036, 7.112803 ], [ -75.148355, 7.074703 ] ] } },
{ "type": "Feature", "properties": { "source": "YARUMAL", "target": "SAN ANDRÉS DE CUERQUÍA", "distance": 0.25, "betweenness": 0.0013104013104013104, "weight": 0.10131040131040131 }, "geometry": { "type": "LineString", "coordinates": [ [ -75.418828, 6.963832 ], [ -75.674564, 6.916676 ] ] } },
{ "type": "Feature", "properties": { "source": "YARUMAL", "target": "TOLEDO", "distance": 0.33333333333333331, "betweenness": 0.0010647010647010647, "weight": 0.10106470106470107 }, "geometry": { "type": "LineString", "coordinates": [ [ -75.418828, 6.963832 ], [ -75.692281, 7.010328 ] ] } },
{ "type": "Feature", "properties": { "source": "YARUMAL", "target": "ANGOSTURA", "distance": 0.5, "betweenness": 0.0, "weight": 0.1 }, "geometry": { "type": "LineString", "coordinates": [ [ -75.418828, 6.963832 ], [ -75.335116, 6.885175 ] ] } },
{ "type": "Feature", "properties": { "source": "YARUMAL", "target": "CAMPAMENTO", "distance": 0.5, "betweenness": 0.00065520065520065522, "weight": 0.10065520065520066 }, "geometry": { "type": "LineString", "coordinates": [ [ -75.418828, 6.963832 ], [ -75.298091, 6.979771 ] ] } },
{ "type": "Feature", "properties": { "source": "YARUMAL", "target": "SANTA ROSA DE OSOS", "distance": 0.33333333333333331, "betweenness": 0.0027846027846027848, "weight": 0.10278460278460279 }, "geometry": { "type": "LineString", "coordinates": [ [ -75.418828, 6.963832 ], [ -75.460723, 6.643366 ] ] } },
{ "type": "Feature", "properties": { "source": "YARUMAL", "target": "SAN JOSÉ DE LA MONTAÑA", "distance": 0.33333333333333331, "betweenness": 0.0, "weight": 0.1 }, "geometry": { "type": "LineString", "coordinates": [ [ -75.418828, 6.963832 ], [ -75.683352, 6.85009 ] ] } },
{ "type": "Feature", "properties": { "source": "YARUMAL", "target": "BELMIRA", "distance": 0.125, "betweenness": 0.025061425061425061, "weight": 0.12506142506142506 }, "geometry": { "type": "LineString", "coordinates": [ [ -75.418828, 6.963832 ], [ -75.667779, 6.606319 ] ] } },
{ "type": "Feature", "properties": { "source": "YARUMAL", "target": "CAROLINA", "distance": 0.33333333333333331, "betweenness": 0.0058968058968058967, "weight": 0.1058968058968059 }, "geometry": { "type": "LineString", "coordinates": [ [ -75.418828, 6.963832 ], [ -75.283192, 6.725995 ] ] } },
{ "type": "Feature", "properties": { "source": "YARUMAL", "target": "GUADALUPE", "distance": 0.33333333333333331, "betweenness": 0.010292110292110291, "weight": 0.11029211029211029 }, "geometry": { "type": "LineString", "coordinates": [ [ -75.418828, 6.963832 ], [ -75.239862, 6.815069 ] ] } },
{ "type": "Feature", "properties": { "source": "YARUMAL", "target": "ANORÍ", "distance": 0.5, "betweenness": 0.0033852033852033855, "weight": 0.10338520338520339 }, "geometry": { "type": "LineString", "coordinates": [ [ -75.418828, 6.963832 ], [ -75.148355, 7.074703 ] ] } },
{ "type": "Feature", "properties": { "source": "YARUMAL", "target": "SABANALARGA", "distance": 0.33333333333333331, "betweenness": 0.0031122031122031123, "weight": 0.10311220311220312 }, "geometry": { "type": "LineString", "coordinates": [ [ -75.418828, 6.963832 ], [ -75.816645, 6.850028 ] ] } },
{ "type": "Feature", "properties": { "source": "YARUMAL", "target": "ENTRERRÍOS", "distance": 0.2, "betweenness": 0.034752934752934755, "weight": 0.13475293475293476 }, "geometry": { "type": "LineString", "coordinates": [ [ -75.418828, 6.963832 ], [ -75.517685, 6.566273 ] ] } },
{ "type": "Feature", "properties": { "source": "YARUMAL", "target": "LIBORINA", "distance": 0.5, "betweenness": 0.00057330057330057336, "weight": 0.10057330057330058 }, "geometry": { "type": "LineString", "coordinates": [ [ -75.418828, 6.963832 ], [ -75.812838, 6.677316 ] ] } },
{ "type": "Feature", "properties": { "source": "YARUMAL", "target": "GÓMEZ PLATA", "distance": 0.5, "betweenness": 0.0017199017199017199, "weight": 0.10171990171990172 }, "geometry": { "type": "LineString", "coordinates": [ [ -75.418828, 6.963832 ], [ -75.220018, 6.683269 ] ] } },
{ "type": "Feature", "properties": { "source": "YARUMAL", "target": "PEQUE", "distance": 0.5, "betweenness": 0.0, "weight": 0.1 }, "geometry": { "type": "LineString", "coordinates": [ [ -75.418828, 6.963832 ], [ -75.910357, 7.021029 ] ] } },
{ "type": "Feature", "properties": { "source": "YARUMAL", "target": "AMALFI", "distance": 1.0, "betweenness": 0.0, "weight": 0.1 }, "geometry": { "type": "LineString", "coordinates": [ [ -75.418828, 6.963832 ], [ -75.077501, 6.909655 ] ] } },
{ "type": "Feature", "properties": { "source": "PEQUE", "target": "TOLEDO", "distance": 0.33333333333333331, "betweenness": 0.00049140049140049139, "weight": 0.1004914004914005 }, "geometry": { "type": "LineString", "coordinates": [ [ -75.910357, 7.021029 ], [ -75.692281, 7.010328 ] ] } },
{ "type": "Feature", "properties": { "source": "PEQUE", "target": "SABANALARGA", "distance": 0.5, "betweenness": 0.00016380016380016381, "weight": 0.10016380016380017 }, "geometry": { "type": "LineString", "coordinates": [ [ -75.910357, 7.021029 ], [ -75.816645, 6.850028 ] ] } },
{ "type": "Feature", "properties": { "source": "PEQUE", "target": "DABEIBA", "distance": 0.5, "betweenness": 0.0057876057876057874, "weight": 0.10578760578760579 }, "geometry": { "type": "LineString", "coordinates": [ [ -75.910357, 7.021029 ], [ -76.261614, 6.998112 ] ] } },
{ "type": "Feature", "properties": { "source": "PEQUE", "target": "BURITICÁ", "distance": 0.5, "betweenness": 0.00016380016380016381, "weight": 0.10016380016380017 }, "geometry": { "type": "LineString", "coordinates": [ [ -75.910357, 7.021029 ], [ -75.907, 6.720759 ] ] } },
{ "type": "Feature", "properties": { "source": "PEQUE", "target": "CAÑASGORDAS", "distance": 0.5, "betweenness": 0.002375102375102375, "weight": 0.10237510237510238 }, "geometry": { "type": "LineString", "coordinates": [ [ -75.910357, 7.021029 ], [ -76.028228, 6.753859 ] ] } },
{ "type": "Feature", "properties": { "source": "PEQUE", "target": "URAMITA", "distance": 0.5, "betweenness": 0.00032760032760032761, "weight": 0.10032760032760034 }, "geometry": { "type": "LineString", "coordinates": [ [ -75.910357, 7.021029 ], [ -76.173284, 6.898393 ] ] } },
{ "type": "Feature", "properties": { "source": "PEQUE", "target": "SAN JOSÉ DE LA MONTAÑA", "distance": 0.2, "betweenness": 0.020010920010920013, "weight": 0.12001092001092002 }, "geometry": { "type": "LineString", "coordinates": [ [ -75.910357, 7.021029 ], [ -75.683352, 6.85009 ] ] } },
{ "type": "Feature", "properties": { "source": "PEQUE", "target": "SAN ANDRÉS DE CUERQUÍA", "distance": 0.5, "betweenness": 0.0, "weight": 0.1 }, "geometry": { "type": "LineString", "coordinates": [ [ -75.910357, 7.021029 ], [ -75.674564, 6.916676 ] ] } },
{ "type": "Feature", "properties": { "source": "PEQUE", "target": "LIBORINA", "distance": 0.5, "betweenness": 0.00016380016380016381, "weight": 0.10016380016380017 }, "geometry": { "type": "LineString", "coordinates": [ [ -75.910357, 7.021029 ], [ -75.812838, 6.677316 ] ] } },
{ "type": "Feature", "properties": { "source": "PEQUE", "target": "GIRALDO", "distance": 1.0, "betweenness": 0.0, "weight": 0.1 }, "geometry": { "type": "LineString", "coordinates": [ [ -75.910357, 7.021029 ], [ -75.952158, 6.680808 ] ] } },
{ "type": "Feature", "properties": { "source": "SAN ANDRÉS DE CUERQUÍA", "target": "SABANALARGA", "distance": 0.33333333333333331, "betweenness": 0.00081900081900081905, "weight": 0.10081900081900083 }, "geometry": { "type": "LineString", "coordinates": [ [ -75.674564, 6.916676 ], [ -75.816645, 6.850028 ] ] } },
{ "type": "Feature", "properties": { "source": "SAN ANDRÉS DE CUERQUÍA", "target": "BELMIRA", "distance": 0.5, "betweenness": 0.0, "weight": 0.1 }, "geometry": { "type": "LineString", "coordinates": [ [ -75.674564, 6.916676 ], [ -75.667779, 6.606319 ] ] } },
{ "type": "Feature", "properties": { "source": "SAN ANDRÉS DE CUERQUÍA", "target": "SAN JOSÉ DE LA MONTAÑA", "distance": 0.5, "betweenness": 0.0, "weight": 0.1 }, "geometry": { "type": "LineString", "coordinates": [ [ -75.674564, 6.916676 ], [ -75.683352, 6.85009 ] ] } },
{ "type": "Feature", "properties": { "source": "SAN ANDRÉS DE CUERQUÍA", "target": "TOLEDO", "distance": 0.5, "betweenness": 0.00016380016380016381, "weight": 0.10016380016380017 }, "geometry": { "type": "LineString", "coordinates": [ [ -75.674564, 6.916676 ], [ -75.692281, 7.010328 ] ] } },
{ "type": "Feature", "properties": { "source": "SAN ANDRÉS DE CUERQUÍA", "target": "SANTA ROSA DE OSOS", "distance": 0.5, "betweenness": 0.0, "weight": 0.1 }, "geometry": { "type": "LineString", "coordinates": [ [ -75.674564, 6.916676 ], [ -75.460723, 6.643366 ] ] } },
{ "type": "Feature", "properties": { "source": "SAN ANDRÉS DE CUERQUÍA", "target": "LIBORINA", "distance": 0.5, "betweenness": 0.00016380016380016381, "weight": 0.10016380016380017 }, "geometry": { "type": "LineString", "coordinates": [ [ -75.674564, 6.916676 ], [ -75.812838, 6.677316 ] ] } },
{ "type": "Feature", "properties": { "source": "SAN ANDRÉS DE CUERQUÍA", "target": "BURITICÁ", "distance": 0.33333333333333331, "betweenness": 0.0025389025389025389, "weight": 0.10253890253890255 }, "geometry": { "type": "LineString", "coordinates": [ [ -75.674564, 6.916676 ], [ -75.907, 6.720759 ] ] } },
{ "type": "Feature", "properties": { "source": "SAN ANDRÉS DE CUERQUÍA", "target": "ANGOSTURA", "distance": 0.16666666666666666, "betweenness": 0.0083538083538083549, "weight": 0.10835380835380837 }, "geometry": { "type": "LineString", "coordinates": [ [ -75.674564, 6.916676 ], [ -75.335116, 6.885175 ] ] } },
{ "type": "Feature", "properties": { "source": "SAN ANDRÉS DE CUERQUÍA", "target": "SANTA FÉ DE ANTIOQUIA", "distance": 0.5, "betweenness": 0.0050778050778050778, "weight": 0.10507780507780508 }, "geometry": { "type": "LineString", "coordinates": [ [ -75.674564, 6.916676 ], [ -75.826648, 6.556484 ] ] } },
{ "type": "Feature", "properties": { "source": "SAN ANDRÉS DE CUERQUÍA", "target": "OLAYA", "distance": 0.5, "betweenness": 0.00016380016380016381, "weight": 0.10016380016380017 }, "geometry": { "type": "LineString", "coordinates": [ [ -75.674564, 6.916676 ], [ -75.811773, 6.626492 ] ] } },
{ "type": "Feature", "properties": { "source": "SAN ANDRÉS DE CUERQUÍA", "target": "ENTRERRÍOS", "distance": 0.33333333333333331, "betweenness": 0.0083538083538083549, "weight": 0.10835380835380837 }, "geometry": { "type": "LineString", "coordinates": [ [ -75.674564, 6.916676 ], [ -75.517685, 6.566273 ] ] } },
{ "type": "Feature", "properties": { "source": "SAN ANDRÉS DE CUERQUÍA", "target": "GIRALDO", "distance": 1.0, "betweenness": 0.0, "weight": 0.1 }, "geometry": { "type": "LineString", "coordinates": [ [ -75.674564, 6.916676 ], [ -75.952158, 6.680808 ] ] } },
{ "type": "Feature", "properties": { "source": "SAN ANDRÉS DE CUERQUÍA", "target": "SOPETRÁN", "distance": 1.0, "betweenness": 0.0, "weight": 0.1 }, "geometry": { "type": "LineString", "coordinates": [ [ -75.674564, 6.916676 ], [ -75.747378, 6.500745 ] ] } },
{ "type": "Feature", "properties": { "source": "TOLEDO", "target": "SABANALARGA", "distance": 0.5, "betweenness": 0.00016380016380016381, "weight": 0.10016380016380017 }, "geometry": { "type": "LineString", "coordinates": [ [ -75.692281, 7.010328 ], [ -75.816645, 6.850028 ] ] } },
{ "type": "Feature", "properties": { "source": "TOLEDO", "target": "SANTA ROSA DE OSOS", "distance": 0.2, "betweenness": 0.013977613977613977, "weight": 0.11397761397761398 }, "geometry": { "type": "LineString", "coordinates": [ [ -75.692281, 7.010328 ], [ -75.460723, 6.643366 ] ] } },
{ "type": "Feature", "properties": { "source": "TOLEDO", "target": "SAN JOSÉ DE LA MONTAÑA", "distance": 0.33333333333333331, "betweenness": 0.0011466011466011467, "weight": 0.10114660114660115 }, "geometry": { "type": "LineString", "coordinates": [ [ -75.692281, 7.010328 ], [ -75.683352, 6.85009 ] ] } },
{ "type": "Feature", "properties": { "source": "TOLEDO", "target": "BURITICÁ", "distance": 0.5, "betweenness": 0.00016380016380016381, "weight": 0.10016380016380017 }, "geometry": { "type": "LineString", "coordinates": [ [ -75.692281, 7.010328 ], [ -75.907, 6.720759 ] ] } },
{ "type": "Feature", "properties": { "source": "TOLEDO", "target": "LIBORINA", "distance": 0.33333333333333331, "betweenness": 0.00049140049140049139, "weight": 0.1004914004914005 }, "geometry": { "type": "LineString", "coordinates": [ [ -75.692281, 7.010328 ], [ -75.812838, 6.677316 ] ] } },
{ "type": "Feature", "properties": { "source": "TOLEDO", "target": "BELMIRA", "distance": 0.5, "betweenness": 0.0, "weight": 0.1 }, "geometry": { "type": "LineString", "coordinates": [ [ -75.692281, 7.010328 ], [ -75.667779, 6.606319 ] ] } },
{ "type": "Feature", "properties": { "source": "SABANALARGA", "target": "SAN JOSÉ DE LA MONTAÑA", "distance": 0.5, "betweenness": 8.1900081900081903e-05, "weight": 0.10008190008190009 }, "geometry": { "type": "LineString", "coordinates": [ [ -75.816645, 6.850028 ], [ -75.683352, 6.85009 ] ] } },
{ "type": "Feature", "properties": { "source": "SABANALARGA", "target": "BURITICÁ", "distance": 0.5, "betweenness": 0.00016380016380016381, "weight": 0.10016380016380017 }, "geometry": { "type": "LineString", "coordinates": [ [ -75.816645, 6.850028 ], [ -75.907, 6.720759 ] ] } },
{ "type": "Feature", "properties": { "source": "SABANALARGA", "target": "BELMIRA", "distance": 0.5, "betweenness": 0.0, "weight": 0.1 }, "geometry": { "type": "LineString", "coordinates": [ [ -75.816645, 6.850028 ], [ -75.667779, 6.606319 ] ] } },
{ "type": "Feature", "properties": { "source": "SABANALARGA", "target": "LIBORINA", "distance": 0.5, "betweenness": 0.00032760032760032761, "weight": 0.10032760032760034 }, "geometry": { "type": "LineString", "coordinates": [ [ -75.816645, 6.850028 ], [ -75.812838, 6.677316 ] ] } },
{ "type": "Feature", "properties": { "source": "SABANALARGA", "target": "GIRALDO", "distance": 0.5, "betweenness": 0.00016380016380016381, "weight": 0.10016380016380017 }, "geometry": { "type": "LineString", "coordinates": [ [ -75.816645, 6.850028 ], [ -75.952158, 6.680808 ] ] } },
{ "type": "Feature", "properties": { "source": "SABANALARGA", "target": "SANTA ROSA DE OSOS", "distance": 0.33333333333333331, "betweenness": 0.019901719901719902, "weight": 0.11990171990171991 }, "geometry": { "type": "LineString", "coordinates": [ [ -75.816645, 6.850028 ], [ -75.460723, 6.643366 ] ] } },
{ "type": "Feature", "properties": { "source": "SABANALARGA", "target": "CAÑASGORDAS", "distance": 0.5, "betweenness": 0.00065520065520065522, "weight": 0.10065520065520066 }, "geometry": { "type": "LineString", "coordinates": [ [ -75.816645, 6.850028 ], [ -76.028228, 6.753859 ] ] } },
{ "type": "Feature", "properties": { "source": "SABANALARGA", "target": "OLAYA", "distance": 0.5, "betweenness": 0.00065520065520065522, "weight": 0.10065520065520066 }, "geometry": { "type": "LineString", "coordinates": [ [ -75.816645, 6.850028 ], [ -75.811773, 6.626492 ] ] } },
{ "type": "Feature", "properties": { "source": "SABANALARGA", "target": "ENTRERRÍOS", "distance": 0.5, "betweenness": 0.0016380016380016381, "weight": 0.10163800163800164 }, "geometry": { "type": "LineString", "coordinates": [ [ -75.816645, 6.850028 ], [ -75.517685, 6.566273 ] ] } },
{ "type": "Feature", "properties": { "source": "SABANALARGA", "target": "SANTA FÉ DE ANTIOQUIA", "distance": 0.5, "betweenness": 0.0025389025389025389, "weight": 0.10253890253890255 }, "geometry": { "type": "LineString", "coordinates": [ [ -75.816645, 6.850028 ], [ -75.826648, 6.556484 ] ] } },
{ "type": "Feature", "properties": { "source": "SABANALARGA", "target": "URAMITA", "distance": 0.25, "betweenness": 0.010237510237510237, "weight": 0.11023751023751024 }, "geometry": { "type": "LineString", "coordinates": [ [ -75.816645, 6.850028 ], [ -76.173284, 6.898393 ] ] } },
{ "type": "Feature", "properties": { "source": "SABANALARGA", "target": "DABEIBA", "distance": 0.5, "betweenness": 0.0044226044226044229, "weight": 0.10442260442260443 }, "geometry": { "type": "LineString", "coordinates": [ [ -75.816645, 6.850028 ], [ -76.261614, 6.998112 ] ] } },
{ "type": "Feature", "properties": { "source": "SABANALARGA", "target": "SOPETRÁN", "distance": 1.0, "betweenness": 0.0, "weight": 0.1 }, "geometry": { "type": "LineString", "coordinates": [ [ -75.816645, 6.850028 ], [ -75.747378, 6.500745 ] ] } },
{ "type": "Feature", "properties": { "source": "SAN JOSÉ DE LA MONTAÑA", "target": "SANTA ROSA DE OSOS", "distance": 0.16666666666666666, "betweenness": 0.0079716079716079715, "weight": 0.10797160797160797 }, "geometry": { "type": "LineString", "coordinates": [ [ -75.683352, 6.85009 ], [ -75.460723, 6.643366 ] ] } },
{ "type": "Feature", "properties": { "source": "SAN JOSÉ DE LA MONTAÑA", "target": "BELMIRA", "distance": 0.33333333333333331, "betweenness": 0.0019656019656019656, "weight": 0.10196560196560198 }, "geometry": { "type": "LineString", "coordinates": [ [ -75.683352, 6.85009 ], [ -75.667779, 6.606319 ] ] } },
{ "type": "Feature", "properties": { "source": "SAN JOSÉ DE LA MONTAÑA", "target": "LIBORINA", "distance": 0.5, "betweenness": 0.0001092001092001092, "weight": 0.10010920010920012 }, "geometry": { "type": "LineString", "coordinates": [ [ -75.683352, 6.85009 ], [ -75.812838, 6.677316 ] ] } },
{ "type": "Feature", "properties": { "source": "SAN JOSÉ DE LA MONTAÑA", "target": "ANGOSTURA", "distance": 0.090909090909090912, "betweenness": 0.017199017199017199, "weight": 0.11719901719901721 }, "geometry": { "type": "LineString", "coordinates": [ [ -75.683352, 6.85009 ], [ -75.335116, 6.885175 ] ] } },
{ "type": "Feature", "properties": { "source": "SAN JOSÉ DE LA MONTAÑA", "target": "ENTRERRÍOS", "distance": 0.090909090909090912, "betweenness": 0.03996723996723997, "weight": 0.13996723996723998 }, "geometry": { "type": "LineString", "coordinates": [ [ -75.683352, 6.85009 ], [ -75.517685, 6.566273 ] ] } },
{ "type": "Feature", "properties": { "source": "SAN JOSÉ DE LA MONTAÑA", "target": "OLAYA", "distance": 0.5, "betweenness": 0.00016380016380016381, "weight": 0.10016380016380017 }, "geometry": { "type": "LineString", "coordinates": [ [ -75.683352, 6.85009 ], [ -75.811773, 6.626492 ] ] } },
{ "type": "Feature", "properties": { "source": "SAN JOSÉ DE LA MONTAÑA", "target": "BURITICÁ", "distance": 0.5, "betweenness": 0.0033033033033033031, "weight": 0.10330330330330331 }, "geometry": { "type": "LineString", "coordinates": [ [ -75.683352, 6.85009 ], [ -75.907, 6.720759 ] ] } },
{ "type": "Feature", "properties": { "source": "SAN JOSÉ DE LA MONTAÑA", "target": "SOPETRÁN", "distance": 0.5, "betweenness": 0.0, "weight": 0.1 }, "geometry": { "type": "LineString", "coordinates": [ [ -75.683352, 6.85009 ], [ -75.747378, 6.500745 ] ] } },
{ "type": "Feature", "properties": { "source": "SANTA ROSA DE OSOS", "target": "BELMIRA", "distance": 0.5, "betweenness": 0.0, "weight": 0.1 }, "geometry": { "type": "LineString", "coordinates": [ [ -75.460723, 6.643366 ], [ -75.667779, 6.606319 ] ] } },
{ "type": "Feature", "properties": { "source": "SANTA ROSA DE OSOS", "target": "ANGOSTURA", "distance": 0.2, "betweenness": 0.004258804258804259, "weight": 0.10425880425880427 }, "geometry": { "type": "LineString", "coordinates": [ [ -75.460723, 6.643366 ], [ -75.335116, 6.885175 ] ] } },
{ "type": "Feature", "properties": { "source": "SANTA ROSA DE OSOS", "target": "LIBORINA", "distance": 0.33333333333333331, "betweenness": 0.0074774774774774774, "weight": 0.10747747747747749 }, "geometry": { "type": "LineString", "coordinates": [ [ -75.460723, 6.643366 ], [ -75.812838, 6.677316 ] ] } },
{ "type": "Feature", "properties": { "source": "SANTA ROSA DE OSOS", "target": "ENTRERRÍOS", "distance": 0.5, "betweenness": 0.0, "weight": 0.1 }, "geometry": { "type": "LineString", "coordinates": [ [ -75.460723, 6.643366 ], [ -75.517685, 6.566273 ] ] } },
{ "type": "Feature", "properties": { "source": "SANTA ROSA DE OSOS", "target": "CAROLINA", "distance": 0.14285714285714285, "betweenness": 0.037182637182637181, "weight": 0.13718263718263718 }, "geometry": { "type": "LineString", "coordinates": [ [ -75.460723, 6.643366 ], [ -75.283192, 6.725995 ] ] } },
{ "type": "Feature", "properties": { "source": "SANTA ROSA DE OSOS", "target": "OLAYA", "distance": 0.33333333333333331, "betweenness": 0.0090090090090090089, "weight": 0.10900900900900902 }, "geometry": { "type": "LineString", "coordinates": [ [ -75.460723, 6.643366 ], [ -75.811773, 6.626492 ] ] } },
{ "type": "Feature", "properties": { "source": "SANTA ROSA DE OSOS", "target": "SOPETRÁN", "distance": 0.33333333333333331, "betweenness": 0.0, "weight": 0.1 }, "geometry": { "type": "LineString", "coordinates": [ [ -75.460723, 6.643366 ], [ -75.747378, 6.500745 ] ] } },
{ "type": "Feature", "properties": { "source": "SANTA ROSA DE OSOS", "target": "GÓMEZ PLATA", "distance": 0.5, "betweenness": 0.0013650013650013649, "weight": 0.10136500136500137 }, "geometry": { "type": "LineString", "coordinates": [ [ -75.460723, 6.643366 ], [ -75.220018, 6.683269 ] ] } },
{ "type": "Feature", "properties": { "source": "SANTA ROSA DE OSOS", "target": "GUADALUPE", "distance": 0.5, "betweenness": 0.0037947037947037945, "weight": 0.1037947037947038 }, "geometry": { "type": "LineString", "coordinates": [ [ -75.460723, 6.643366 ], [ -75.239862, 6.815069 ] ] } },
{ "type": "Feature", "properties": { "source": "SANTA ROSA DE OSOS", "target": "SANTO DOMINGO", "distance": 0.5, "betweenness": 0.0, "weight": 0.1 }, "geometry": { "type": "LineString", "coordinates": [ [ -75.460723, 6.643366 ], [ -75.164903, 6.473032 ] ] } },
{ "type": "Feature", "properties": { "source": "SANTA ROSA DE OSOS", "target": "DONMATÍAS", "distance": 0.5, "betweenness": 0.0, "weight": 0.1 }, "geometry": { "type": "LineString", "coordinates": [ [ -75.460723, 6.643366 ], [ -75.39263, 6.485603 ] ] } },
{ "type": "Feature", "properties": { "source": "SANTA ROSA DE OSOS", "target": "YOLOMBÓ", "distance": 0.25, "betweenness": 0.056089271089271101, "weight": 0.15608927108927112 }, "geometry": { "type": "LineString", "coordinates": [ [ -75.460723, 6.643366 ], [ -75.013385, 6.594511 ] ] } },
{ "type": "Feature", "properties": { "source": "SANTA ROSA DE OSOS", "target": "BARBOSA", "distance": 0.5, "betweenness": 0.0011466011466011467, "weight": 0.10114660114660115 }, "geometry": { "type": "LineString", "coordinates": [ [ -75.460723, 6.643366 ], [ -75.331627, 6.439195 ] ] } },
{ "type": "Feature", "properties": { "source": "SANTA ROSA DE OSOS", "target": "SAN PEDRO DE LOS MILAGROS", "distance": 0.33333333333333331, "betweenness": 0.0028392028392028395, "weight": 0.10283920283920285 }, "geometry": { "type": "LineString", "coordinates": [ [ -75.460723, 6.643366 ], [ -75.556743, 6.46012 ] ] } },
{ "type": "Feature", "properties": { "source": "SANTA ROSA DE OSOS", "target": "COPACABANA", "distance": 0.2, "betweenness": 0.063322413322413326, "weight": 0.16332241332241332 }, "geometry": { "type": "LineString", "coordinates": [ [ -75.460723, 6.643366 ], [ -75.509384, 6.348557 ] ] } },
{ "type": "Feature", "properties": { "source": "SANTA ROSA DE OSOS", "target": "SAN ROQUE", "distance": 0.5, "betweenness": 0.0047229047229047231, "weight": 0.10472290472290473 }, "geometry": { "type": "LineString", "coordinates": [ [ -75.460723, 6.643366 ], [ -75.019109, 6.485939 ] ] } },
{ "type": "Feature", "properties": { "source": "SANTA ROSA DE OSOS", "target": "AMALFI", "distance": 1.0, "betweenness": 0.0, "weight": 0.1 }, "geometry": { "type": "LineString", "coordinates": [ [ -75.460723, 6.643366 ], [ -75.077501, 6.909655 ] ] } },
{ "type": "Feature", "properties": { "source": "SANTA ROSA DE OSOS", "target": "CONCEPCIÓN", "distance": 0.5, "betweenness": 0.0, "weight": 0.1 }, "geometry": { "type": "LineString", "coordinates": [ [ -75.460723, 6.643366 ], [ -75.257587, 6.394348 ] ] } },
{ "type": "Feature", "properties": { "source": "SANTA ROSA DE OSOS", "target": "CISNEROS", "distance": 0.5, "betweenness": 0.0053508053508053519, "weight": 0.10535080535080536 }, "geometry": { "type": "LineString", "coordinates": [ [ -75.460723, 6.643366 ], [ -75.087047, 6.537829 ] ] } },
{ "type": "Feature", "properties": { "source": "SANTA ROSA DE OSOS", "target": "CAMPAMENTO", "distance": 0.25, "betweenness": 0.014414414414414415, "weight": 0.11441441441441443 }, "geometry": { "type": "LineString", "coordinates": [ [ -75.460723, 6.643366 ], [ -75.298091, 6.979771 ] ] } },
{ "type": "Feature", "properties": { "source": "SANTA ROSA DE OSOS", "target": "GIRARDOTA", "distance": 0.5, "betweenness": 0.0, "weight": 0.1 }, "geometry": { "type": "LineString", "coordinates": [ [ -75.460723, 6.643366 ], [ -75.444238, 6.379472 ] ] } },
{ "type": "Feature", "properties": { "source": "SANTA ROSA DE OSOS", "target": "SAN JERÓNIMO", "distance": 0.5, "betweenness": 0.0019656019656019656, "weight": 0.10196560196560198 }, "geometry": { "type": "LineString", "coordinates": [ [ -75.460723, 6.643366 ], [ -75.726975, 6.44809 ] ] } },
{ "type": "Feature", "properties": { "source": "SANTA ROSA DE OSOS", "target": "SAN VICENTE FERRER", "distance": 0.33333333333333331, "betweenness": 0.029825279825279823, "weight": 0.12982527982527983 }, "geometry": { "type": "LineString", "coordinates": [ [ -75.460723, 6.643366 ], [ -75.332616, 6.282164 ] ] } },
{ "type": "Feature", "properties": { "source": "SANTA ROSA DE OSOS", "target": "BELLO", "distance": 0.25, "betweenness": 0.032553917553917545, "weight": 0.13255391755391754 }, "geometry": { "type": "LineString", "coordinates": [ [ -75.460723, 6.643366 ], [ -75.555245, 6.333587 ] ] } },
{ "type": "Feature", "properties": { "source": "SANTA ROSA DE OSOS", "target": "ALEJANDRÍA", "distance": 1.0, "betweenness": 0.0, "weight": 0.1 }, "geometry": { "type": "LineString", "coordinates": [ [ -75.460723, 6.643366 ], [ -75.141346, 6.376061 ] ] } },
{ "type": "Feature", "properties": { "source": "SANTA ROSA DE OSOS", "target": "GUARNE", "distance": 1.0, "betweenness": 0.0, "weight": 0.1 }, "geometry": { "type": "LineString", "coordinates": [ [ -75.460723, 6.643366 ], [ -75.441612, 6.27787 ] ] } },
{ "type": "Feature", "properties": { "source": "DABEIBA", "target": "URAMITA", "distance": 0.5, "betweenness": 0.00032760032760032761, "weight": 0.10032760032760034 }, "geometry": { "type": "LineString", "coordinates": [ [ -76.261614, 6.998112 ], [ -76.173284, 6.898393 ] ] } },
{ "type": "Feature", "properties": { "source": "DABEIBA", "target": "FRONTINO", "distance": 0.33333333333333331, "betweenness": 0.024406224406224405, "weight": 0.12440622440622441 }, "geometry": { "type": "LineString", "coordinates": [ [ -76.261614, 6.998112 ], [ -76.130765, 6.776066 ] ] } },
{ "type": "Feature", "properties": { "source": "DABEIBA", "target": "CAÑASGORDAS", "distance": 0.5, "betweenness": 0.0, "weight": 0.1 }, "geometry": { "type": "LineString", "coordinates": [ [ -76.261614, 6.998112 ], [ -76.028228, 6.753859 ] ] } },
{ "type": "Feature", "properties": { "source": "DABEIBA", "target": "MUTATÁ", "distance": 0.5, "betweenness": 0.0046410046410046406, "weight": 0.10464100464100465 }, "geometry": { "type": "LineString", "coordinates": [ [ -76.261614, 6.998112 ], [ -76.435875, 7.242875 ] ] } },
{ "type": "Feature", "properties": { "source": "DABEIBA", "target": "BURITICÁ", "distance": 0.5, "betweenness": 0.00057330057330057336, "weight": 0.10057330057330058 }, "geometry": { "type": "LineString", "coordinates": [ [ -76.261614, 6.998112 ], [ -75.907, 6.720759 ] ] } },
{ "type": "Feature", "properties": { "source": "DABEIBA", "target": "MURINDÓ", "distance": 0.5, "betweenness": 0.018018018018018018, "weight": 0.11801801801801802 }, "geometry": { "type": "LineString", "coordinates": [ [ -76.261614, 6.998112 ], [ -76.817485, 6.97771 ] ] } },
{ "type": "Feature", "properties": { "source": "DABEIBA", "target": "ABRIAQUÍ", "distance": 0.33333333333333331, "betweenness": 0.0030303030303030303, "weight": 0.10303030303030304 }, "geometry": { "type": "LineString", "coordinates": [ [ -76.261614, 6.998112 ], [ -76.064304, 6.632282 ] ] } },
{ "type": "Feature", "properties": { "source": "CAÑASGORDAS", "target": "URAMITA", "distance": 0.33333333333333331, "betweenness": 0.0063882063882063885, "weight": 0.1063882063882064 }, "geometry": { "type": "LineString", "coordinates": [ [ -76.028228, 6.753859 ], [ -76.173284, 6.898393 ] ] } },
{ "type": "Feature", "properties": { "source": "CAÑASGORDAS", "target": "BURITICÁ", "distance": 0.5, "betweenness": 0.00065520065520065522, "weight": 0.10065520065520066 }, "geometry": { "type": "LineString", "coordinates": [ [ -76.028228, 6.753859 ], [ -75.907, 6.720759 ] ] } },
{ "type": "Feature", "properties": { "source": "CAÑASGORDAS", "target": "FRONTINO", "distance": 0.5, "betweenness": 0.0, "weight": 0.1 }, "geometry": { "type": "LineString", "coordinates": [ [ -76.028228, 6.753859 ], [ -76.130765, 6.776066 ] ] } },
{ "type": "Feature", "properties": { "source": "CAÑASGORDAS", "target": "ABRIAQUÍ", "distance": 0.33333333333333331, "betweenness": 0.002375102375102375, "weight": 0.10237510237510238 }, "geometry": { "type": "LineString", "coordinates": [ [ -76.028228, 6.753859 ], [ -76.064304, 6.632282 ] ] } },
{ "type": "Feature", "properties": { "source": "CAÑASGORDAS", "target": "LIBORINA", "distance": 0.5, "betweenness": 0.00098280098280098278, "weight": 0.10098280098280099 }, "geometry": { "type": "LineString", "coordinates": [ [ -76.028228, 6.753859 ], [ -75.812838, 6.677316 ] ] } },
{ "type": "Feature", "properties": { "source": "CAÑASGORDAS", "target": "GIRALDO", "distance": 0.5, "betweenness": 0.0, "weight": 0.1 }, "geometry": { "type": "LineString", "coordinates": [ [ -76.028228, 6.753859 ], [ -75.952158, 6.680808 ] ] } },
{ "type": "Feature", "properties": { "source": "CAÑASGORDAS", "target": "SANTA FÉ DE ANTIOQUIA", "distance": 0.5, "betweenness": 0.0, "weight": 0.1 }, "geometry": { "type": "LineString", "coordinates": [ [ -76.028228, 6.753859 ], [ -75.826648, 6.556484 ] ] } },
{ "type": "Feature", "properties": { "source": "CAÑASGORDAS", "target": "URRAO", "distance": 0.5, "betweenness": 0.0, "weight": 0.1 }, "geometry": { "type": "LineString", "coordinates": [ [ -76.028228, 6.753859 ], [ -76.133951, 6.317343 ] ] } },
{ "type": "Feature", "properties": { "source": "CAÑASGORDAS", "target": "CAICEDO", "distance": 0.0625, "betweenness": 0.054381654381654383, "weight": 0.15438165438165438 }, "geometry": { "type": "LineString", "coordinates": [ [ -76.028228, 6.753859 ], [ -75.98293, 6.405607 ] ] } },
{ "type": "Feature", "properties": { "source": "URAMITA", "target": "BURITICÁ", "distance": 0.5, "betweenness": 0.00016380016380016381, "weight": 0.10016380016380017 }, "geometry": { "type": "LineString", "coordinates": [ [ -76.173284, 6.898393 ], [ -75.907, 6.720759 ] ] } },
{ "type": "Feature", "properties": { "source": "URAMITA", "target": "FRONTINO", "distance": 0.5, "betweenness": 0.0, "weight": 0.1 }, "geometry": { "type": "LineString", "coordinates": [ [ -76.173284, 6.898393 ], [ -76.130765, 6.776066 ] ] } },
{ "type": "Feature", "properties": { "source": "URAMITA", "target": "ABRIAQUÍ", "distance": 0.5, "betweenness": 0.00057330057330057336, "weight": 0.10057330057330058 }, "geometry": { "type": "LineString", "coordinates": [ [ -76.173284, 6.898393 ], [ -76.064304, 6.632282 ] ] } },
{ "type": "Feature", "properties": { "source": "FRONTINO", "target": "ABRIAQUÍ", "distance": 0.33333333333333331, "betweenness": 0.00049140049140049139, "weight": 0.1004914004914005 }, "geometry": { "type": "LineString", "coordinates": [ [ -76.130765, 6.776066 ], [ -76.064304, 6.632282 ] ] } },
{ "type": "Feature", "properties": { "source": "FRONTINO", "target": "GIRALDO", "distance": 0.5, "betweenness": 0.0, "weight": 0.1 }, "geometry": { "type": "LineString", "coordinates": [ [ -76.130765, 6.776066 ], [ -75.952158, 6.680808 ] ] } },
{ "type": "Feature", "properties": { "source": "FRONTINO", "target": "BURITICÁ", "distance": 0.5, "betweenness": 0.0027846027846027848, "weight": 0.10278460278460279 }, "geometry": { "type": "LineString", "coordinates": [ [ -76.130765, 6.776066 ], [ -75.907, 6.720759 ] ] } },
{ "type": "Feature", "properties": { "source": "FRONTINO", "target": "URRAO", "distance": 0.14285714285714285, "betweenness": 0.06339066339066339, "weight": 0.16339066339066338 }, "geometry": { "type": "LineString", "coordinates": [ [ -76.130765, 6.776066 ], [ -76.133951, 6.317343 ] ] } },
{ "type": "Feature", "properties": { "source": "FRONTINO", "target": "SANTA FÉ DE ANTIOQUIA", "distance": 0.090909090909090912, "betweenness": 0.024078624078624079, "weight": 0.12407862407862408 }, "geometry": { "type": "LineString", "coordinates": [ [ -76.130765, 6.776066 ], [ -75.826648, 6.556484 ] ] } },
{ "type": "Feature", "properties": { "source": "FRONTINO", "target": "CAICEDO", "distance": 0.071428571428571425, "betweenness": 0.063063063063063071, "weight": 0.16306306306306306 }, "geometry": { "type": "LineString", "coordinates": [ [ -76.130765, 6.776066 ], [ -75.98293, 6.405607 ] ] } },
{ "type": "Feature", "properties": { "source": "FRONTINO", "target": "MURINDÓ", "distance": 1.0, "betweenness": 0.0, "weight": 0.1 }, "geometry": { "type": "LineString", "coordinates": [ [ -76.130765, 6.776066 ], [ -76.817485, 6.97771 ] ] } },
{ "type": "Feature", "properties": { "source": "FRONTINO", "target": "VIGÍA DEL FUERTE", "distance": 1.0, "betweenness": 0.0, "weight": 0.1 }, "geometry": { "type": "LineString", "coordinates": [ [ -76.130765, 6.776066 ], [ -76.896004, 6.588164 ] ] } },
{ "type": "Feature", "properties": { "source": "BURITICÁ", "target": "LIBORINA", "distance": 0.5, "betweenness": 0.00024570024570024569, "weight": 0.10024570024570024 }, "geometry": { "type": "LineString", "coordinates": [ [ -75.907, 6.720759 ], [ -75.812838, 6.677316 ] ] } },
{ "type": "Feature", "properties": { "source": "BURITICÁ", "target": "GIRALDO", "distance": 0.5, "betweenness": 0.00016380016380016381, "weight": 0.10016380016380017 }, "geometry": { "type": "LineString", "coordinates": [ [ -75.907, 6.720759 ], [ -75.952158, 6.680808 ] ] } },
{ "type": "Feature", "properties": { "source": "BURITICÁ", "target": "ABRIAQUÍ", "distance": 0.5, "betweenness": 0.00068250068250068244, "weight": 0.10068250068250069 }, "geometry": { "type": "LineString", "coordinates": [ [ -75.907, 6.720759 ], [ -76.064304, 6.632282 ] ] } },
{ "type": "Feature", "properties": { "source": "BURITICÁ", "target": "OLAYA", "distance": 0.5, "betweenness": 0.00016380016380016381, "weight": 0.10016380016380017 }, "geometry": { "type": "LineString", "coordinates": [ [ -75.907, 6.720759 ], [ -75.811773, 6.626492 ] ] } },
{ "type": "Feature", "properties": { "source": "BURITICÁ", "target": "SANTA FÉ DE ANTIOQUIA", "distance": 0.5, "betweenness": 0.00016380016380016381, "weight": 0.10016380016380017 }, "geometry": { "type": "LineString", "coordinates": [ [ -75.907, 6.720759 ], [ -75.826648, 6.556484 ] ] } },
{ "type": "Feature", "properties": { "source": "BURITICÁ", "target": "BELMIRA", "distance": 0.5, "betweenness": 0.00065520065520065522, "weight": 0.10065520065520066 }, "geometry": { "type": "LineString", "coordinates": [ [ -75.907, 6.720759 ], [ -75.667779, 6.606319 ] ] } },
{ "type": "Feature", "properties": { "source": "BURITICÁ", "target": "SOPETRÁN", "distance": 0.5, "betweenness": 0.0059787059787059791, "weight": 0.10597870597870598 }, "geometry": { "type": "LineString", "coordinates": [ [ -75.907, 6.720759 ], [ -75.747378, 6.500745 ] ] } },
{ "type": "Feature", "properties": { "source": "BURITICÁ", "target": "CAICEDO", "distance": 1.0, "betweenness": 0.0, "weight": 0.1 }, "geometry": { "type": "LineString", "coordinates": [ [ -75.907, 6.720759 ], [ -75.98293, 6.405607 ] ] } },
{ "type": "Feature", "properties": { "source": "LIBORINA", "target": "BELMIRA", "distance": 0.5, "betweenness": 0.00032760032760032761, "weight": 0.10032760032760034 }, "geometry": { "type": "LineString", "coordinates": [ [ -75.812838, 6.677316 ], [ -75.667779, 6.606319 ] ] } },
{ "type": "Feature", "properties": { "source": "LIBORINA", "target": "GIRALDO", "distance": 0.5, "betweenness": 0.00016380016380016381, "weight": 0.10016380016380017 }, "geometry": { "type": "LineString", "coordinates": [ [ -75.812838, 6.677316 ], [ -75.952158, 6.680808 ] ] } },
{ "type": "Feature", "properties": { "source": "LIBORINA", "target": "SOPETRÁN", "distance": 0.5, "betweenness": 0.00016380016380016381, "weight": 0.10016380016380017 }, "geometry": { "type": "LineString", "coordinates": [ [ -75.812838, 6.677316 ], [ -75.747378, 6.500745 ] ] } },
{ "type": "Feature", "properties": { "source": "LIBORINA", "target": "OLAYA", "distance": 0.5, "betweenness": 0.00016380016380016381, "weight": 0.10016380016380017 }, "geometry": { "type": "LineString", "coordinates": [ [ -75.812838, 6.677316 ], [ -75.811773, 6.626492 ] ] } },
{ "type": "Feature", "properties": { "source": "LIBORINA", "target": "ENTRERRÍOS", "distance": 0.5, "betweenness": 0.00045045045045045046, "weight": 0.10045045045045045 }, "geometry": { "type": "LineString", "coordinates": [ [ -75.812838, 6.677316 ], [ -75.517685, 6.566273 ] ] } },
{ "type": "Feature", "properties": { "source": "LIBORINA", "target": "SANTA FÉ DE ANTIOQUIA", "distance": 0.5, "betweenness": 0.0013104013104013104, "weight": 0.10131040131040131 }, "geometry": { "type": "LineString", "coordinates": [ [ -75.812838, 6.677316 ], [ -75.826648, 6.556484 ] ] } },
{ "type": "Feature", "properties": { "source": "LIBORINA", "target": "SAN JERÓNIMO", "distance": 0.5, "betweenness": 0.00016380016380016381, "weight": 0.10016380016380017 }, "geometry": { "type": "LineString", "coordinates": [ [ -75.812838, 6.677316 ], [ -75.726975, 6.44809 ] ] } },
{ "type": "Feature", "properties": { "source": "LIBORINA", "target": "SAN PEDRO DE LOS MILAGROS", "distance": 0.33333333333333331, "betweenness": 0.007128037128037128, "weight": 0.10712803712803713 }, "geometry": { "type": "LineString", "coordinates": [ [ -75.812838, 6.677316 ], [ -75.556743, 6.46012 ] ] } },
{ "type": "Feature", "properties": { "source": "LIBORINA", "target": "ABRIAQUÍ", "distance": 0.5, "betweenness": 0.0032077532077532077, "weight": 0.10320775320775322 }, "geometry": { "type": "LineString", "coordinates": [ [ -75.812838, 6.677316 ], [ -76.064304, 6.632282 ] ] } },
{ "type": "Feature", "properties": { "source": "BELMIRA", "target": "OLAYA", "distance": 0.5, "betweenness": 0.00073710073710073708, "weight": 0.10073710073710074 }, "geometry": { "type": "LineString", "coordinates": [ [ -75.667779, 6.606319 ], [ -75.811773, 6.626492 ] ] } },
{ "type": "Feature", "properties": { "source": "BELMIRA", "target": "ENTRERRÍOS", "distance": 0.33333333333333331, "betweenness": 0.0, "weight": 0.1 }, "geometry": { "type": "LineString", "coordinates": [ [ -75.667779, 6.606319 ], [ -75.517685, 6.566273 ] ] } },
{ "type": "Feature", "properties": { "source": "BELMIRA", "target": "ANGOSTURA", "distance": 0.5, "betweenness": 0.0, "weight": 0.1 }, "geometry": { "type": "LineString", "coordinates": [ [ -75.667779, 6.606319 ], [ -75.335116, 6.885175 ] ] } },
{ "type": "Feature", "properties": { "source": "BELMIRA", "target": "SOPETRÁN", "distance": 0.5, "betweenness": 0.00016380016380016381, "weight": 0.10016380016380017 }, "geometry": { "type": "LineString", "coordinates": [ [ -75.667779, 6.606319 ], [ -75.747378, 6.500745 ] ] } },
{ "type": "Feature", "properties": { "source": "BELMIRA", "target": "SAN PEDRO DE LOS MILAGROS", "distance": 0.5, "betweenness": 0.00051480051480051476, "weight": 0.10051480051480052 }, "geometry": { "type": "LineString", "coordinates": [ [ -75.667779, 6.606319 ], [ -75.556743, 6.46012 ] ] } },
{ "type": "Feature", "properties": { "source": "BELMIRA", "target": "SAN JERÓNIMO", "distance": 0.5, "betweenness": 0.00087360087360087359, "weight": 0.10087360087360088 }, "geometry": { "type": "LineString", "coordinates": [ [ -75.667779, 6.606319 ], [ -75.726975, 6.44809 ] ] } },
{ "type": "Feature", "properties": { "source": "BELMIRA", "target": "SANTA FÉ DE ANTIOQUIA", "distance": 0.5, "betweenness": 0.0021840021840021837, "weight": 0.10218400218400218 }, "geometry": { "type": "LineString", "coordinates": [ [ -75.667779, 6.606319 ], [ -75.826648, 6.556484 ] ] } },
{ "type": "Feature", "properties": { "source": "BELMIRA", "target": "GIRALDO", "distance": 0.2, "betweenness": 0.016052416052416054, "weight": 0.11605241605241606 }, "geometry": { "type": "LineString", "coordinates": [ [ -75.667779, 6.606319 ], [ -75.952158, 6.680808 ] ] } },
{ "type": "Feature", "properties": { "source": "BELMIRA", "target": "BELLO", "distance": 0.5, "betweenness": 0.00049140049140049139, "weight": 0.1004914004914005 }, "geometry": { "type": "LineString", "coordinates": [ [ -75.667779, 6.606319 ], [ -75.555245, 6.333587 ] ] } },
{ "type": "Feature", "properties": { "source": "BELMIRA", "target": "DONMATÍAS", "distance": 0.5, "betweenness": 0.0, "weight": 0.1 }, "geometry": { "type": "LineString", "coordinates": [ [ -75.667779, 6.606319 ], [ -75.39263, 6.485603 ] ] } },
{ "type": "Feature", "properties": { "source": "BELMIRA", "target": "COPACABANA", "distance": 0.5, "betweenness": 0.00076050076050076046, "weight": 0.10076050076050076 }, "geometry": { "type": "LineString", "coordinates": [ [ -75.667779, 6.606319 ], [ -75.509384, 6.348557 ] ] } },
{ "type": "Feature", "properties": { "source": "BELMIRA", "target": "EBÉJICO", "distance": 0.33333333333333331, "betweenness": 0.0072610272610272629, "weight": 0.10726102726102726 }, "geometry": { "type": "LineString", "coordinates": [ [ -75.667779, 6.606319 ], [ -75.766413, 6.325615 ] ] } },
{ "type": "Feature", "properties": { "source": "BELMIRA", "target": "GIRARDOTA", "distance": 0.2, "betweenness": 0.0093366093366093368, "weight": 0.10933660933660934 }, "geometry": { "type": "LineString", "coordinates": [ [ -75.667779, 6.606319 ], [ -75.444238, 6.379472 ] ] } },
{ "type": "Feature", "properties": { "source": "BELMIRA", "target": "MEDELLÍN", "distance": 0.5, "betweenness": 0.0026293826293826293, "weight": 0.10262938262938263 }, "geometry": { "type": "LineString", "coordinates": [ [ -75.667779, 6.606319 ], [ -75.581775, 6.246631 ] ] } },
{ "type": "Feature", "properties": { "source": "BELMIRA", "target": "BARBOSA", "distance": 0.5, "betweenness": 0.0020202020202020202, "weight": 0.10202020202020202 }, "geometry": { "type": "LineString", "coordinates": [ [ -75.667779, 6.606319 ], [ -75.331627, 6.439195 ] ] } },
{ "type": "Feature", "properties": { "source": "GIRALDO", "target": "ABRIAQUÍ", "distance": 0.5, "betweenness": 0.0013104013104013104, "weight": 0.10131040131040131 }, "geometry": { "type": "LineString", "coordinates": [ [ -75.952158, 6.680808 ], [ -76.064304, 6.632282 ] ] } },
{ "type": "Feature", "properties": { "source": "GIRALDO", "target": "SANTA FÉ DE ANTIOQUIA", "distance": 0.5, "betweenness": 0.0, "weight": 0.1 }, "geometry": { "type": "LineString", "coordinates": [ [ -75.952158, 6.680808 ], [ -75.826648, 6.556484 ] ] } },
{ "type": "Feature", "properties": { "source": "GIRALDO", "target": "URRAO", "distance": 0.5, "betweenness": 0.0062653562653562653, "weight": 0.10626535626535627 }, "geometry": { "type": "LineString", "coordinates": [ [ -75.952158, 6.680808 ], [ -76.133951, 6.317343 ] ] } },
{ "type": "Feature", "properties": { "source": "GIRALDO", "target": "OLAYA", "distance": 0.5, "betweenness": 0.00016380016380016381, "weight": 0.10016380016380017 }, "geometry": { "type": "LineString", "coordinates": [ [ -75.952158, 6.680808 ], [ -75.811773, 6.626492 ] ] } },
{ "type": "Feature", "properties": { "source": "GIRALDO", "target": "CAICEDO", "distance": 0.33333333333333331, "betweenness": 0.0053644553644553649, "weight": 0.10536445536445536 }, "geometry": { "type": "LineString", "coordinates": [ [ -75.952158, 6.680808 ], [ -75.98293, 6.405607 ] ] } },
{ "type": "Feature", "properties": { "source": "GIRALDO", "target": "SOPETRÁN", "distance": 0.5, "betweenness": 0.0021294021294021295, "weight": 0.10212940212940214 }, "geometry": { "type": "LineString", "coordinates": [ [ -75.952158, 6.680808 ], [ -75.747378, 6.500745 ] ] } },
{ "type": "Feature", "properties": { "source": "OLAYA", "target": "SANTA FÉ DE ANTIOQUIA", "distance": 0.5, "betweenness": 0.0036036036036036037, "weight": 0.10360360360360361 }, "geometry": { "type": "LineString", "coordinates": [ [ -75.811773, 6.626492 ], [ -75.826648, 6.556484 ] ] } },
{ "type": "Feature", "properties": { "source": "OLAYA", "target": "ENTRERRÍOS", "distance": 0.5, "betweenness": 0.00081900081900081905, "weight": 0.10081900081900083 }, "geometry": { "type": "LineString", "coordinates": [ [ -75.811773, 6.626492 ], [ -75.517685, 6.566273 ] ] } },
{ "type": "Feature", "properties": { "source": "OLAYA", "target": "SOPETRÁN", "distance": 0.5, "betweenness": 0.00016380016380016381, "weight": 0.10016380016380017 }, "geometry": { "type": "LineString", "coordinates": [ [ -75.811773, 6.626492 ], [ -75.747378, 6.500745 ] ] } },
{ "type": "Feature", "properties": { "source": "OLAYA", "target": "SAN JERÓNIMO", "distance": 0.5, "betweenness": 0.00032760032760032761, "weight": 0.10032760032760034 }, "geometry": { "type": "LineString", "coordinates": [ [ -75.811773, 6.626492 ], [ -75.726975, 6.44809 ] ] } },
{ "type": "Feature", "properties": { "source": "OLAYA", "target": "SAN PEDRO DE LOS MILAGROS", "distance": 0.5, "betweenness": 0.0018837018837018838, "weight": 0.10188370188370188 }, "geometry": { "type": "LineString", "coordinates": [ [ -75.811773, 6.626492 ], [ -75.556743, 6.46012 ] ] } },
{ "type": "Feature", "properties": { "source": "ENTRERRÍOS", "target": "SAN PEDRO DE LOS MILAGROS", "distance": 0.25, "betweenness": 0.0018018018018018018, "weight": 0.1018018018018018 }, "geometry": { "type": "LineString", "coordinates": [ [ -75.517685, 6.566273 ], [ -75.556743, 6.46012 ] ] } },
{ "type": "Feature", "properties": { "source": "ENTRERRÍOS", "target": "SAN JERÓNIMO", "distance": 0.5, "betweenness": 0.00032760032760032761, "weight": 0.10032760032760034 }, "geometry": { "type": "LineString", "coordinates": [ [ -75.517685, 6.566273 ], [ -75.726975, 6.44809 ] ] } },
{ "type": "Feature", "properties": { "source": "ENTRERRÍOS", "target": "SOPETRÁN", "distance": 0.5, "betweenness": 0.0, "weight": 0.1 }, "geometry": { "type": "LineString", "coordinates": [ [ -75.517685, 6.566273 ], [ -75.747378, 6.500745 ] ] } },
{ "type": "Feature", "properties": { "source": "ENTRERRÍOS", "target": "ANGOSTURA", "distance": 0.2, "betweenness": 0.0, "weight": 0.1 }, "geometry": { "type": "LineString", "coordinates": [ [ -75.517685, 6.566273 ], [ -75.335116, 6.885175 ] ] } },
{ "type": "Feature", "properties": { "source": "ENTRERRÍOS", "target": "DONMATÍAS", "distance": 0.16666666666666666, "betweenness": 0.025965055965055966, "weight": 0.12596505596505597 }, "geometry": { "type": "LineString", "coordinates": [ [ -75.517685, 6.566273 ], [ -75.39263, 6.485603 ] ] } },
{ "type": "Feature", "properties": { "source": "ENTRERRÍOS", "target": "CAROLINA", "distance": 0.33333333333333331, "betweenness": 0.0033401583401583401, "weight": 0.10334015834015835 }, "geometry": { "type": "LineString", "coordinates": [ [ -75.517685, 6.566273 ], [ -75.283192, 6.725995 ] ] } },
{ "type": "Feature", "properties": { "source": "ENTRERRÍOS", "target": "GIRARDOTA", "distance": 0.2, "betweenness": 0.0057330057330057336, "weight": 0.10573300573300574 }, "geometry": { "type": "LineString", "coordinates": [ [ -75.517685, 6.566273 ], [ -75.444238, 6.379472 ] ] } },
{ "type": "Feature", "properties": { "source": "ENTRERRÍOS", "target": "COPACABANA", "distance": 0.2, "betweenness": 0.020843570843570844, "weight": 0.12084357084357085 }, "geometry": { "type": "LineString", "coordinates": [ [ -75.517685, 6.566273 ], [ -75.509384, 6.348557 ] ] } },
{ "type": "Feature", "properties": { "source": "ENTRERRÍOS", "target": "BARBOSA", "distance": 0.5, "betweenness": 0.00045045045045045046, "weight": 0.10045045045045045 }, "geometry": { "type": "LineString", "coordinates": [ [ -75.517685, 6.566273 ], [ -75.331627, 6.439195 ] ] } },
{ "type": "Feature", "properties": { "source": "ENTRERRÍOS", "target": "BELLO", "distance": 0.33333333333333331, "betweenness": 0.0015219765219765219, "weight": 0.10152197652197653 }, "geometry": { "type": "LineString", "coordinates": [ [ -75.517685, 6.566273 ], [ -75.555245, 6.333587 ] ] } },
{ "type": "Feature", "properties": { "source": "ENTRERRÍOS", "target": "MEDELLÍN", "distance": 1.0, "betweenness": 0.0, "weight": 0.1 }, "geometry": { "type": "LineString", "coordinates": [ [ -75.517685, 6.566273 ], [ -75.581775, 6.246631 ] ] } },
{ "type": "Feature", "properties": { "source": "ENTRERRÍOS", "target": "SAN VICENTE FERRER", "distance": 0.25, "betweenness": 0.03368823368823369, "weight": 0.13368823368823368 }, "geometry": { "type": "LineString", "coordinates": [ [ -75.517685, 6.566273 ], [ -75.332616, 6.282164 ] ] } },
{ "type": "Feature", "properties": { "source": "ENTRERRÍOS", "target": "GUARNE", "distance": 0.33333333333333331, "betweenness": 0.014024024024024025, "weight": 0.11402402402402403 }, "geometry": { "type": "LineString", "coordinates": [ [ -75.517685, 6.566273 ], [ -75.441612, 6.27787 ] ] } },
{ "type": "Feature", "properties": { "source": "ENTRERRÍOS", "target": "SANTA FÉ DE ANTIOQUIA", "distance": 1.0, "betweenness": 0.0, "weight": 0.1 }, "geometry": { "type": "LineString", "coordinates": [ [ -75.517685, 6.566273 ], [ -75.826648, 6.556484 ] ] } },
{ "type": "Feature", "properties": { "source": "SANTA FÉ DE ANTIOQUIA", "target": "CAICEDO", "distance": 0.5, "betweenness": 0.0, "weight": 0.1 }, "geometry": { "type": "LineString", "coordinates": [ [ -75.826648, 6.556484 ], [ -75.98293, 6.405607 ] ] } },
{ "type": "Feature", "properties": { "source": "SANTA FÉ DE ANTIOQUIA", "target": "URRAO", "distance": 0.5, "betweenness": 0.0, "weight": 0.1 }, "geometry": { "type": "LineString", "coordinates": [ [ -75.826648, 6.556484 ], [ -76.133951, 6.317343 ] ] } },
{ "type": "Feature", "properties": { "source": "SANTA FÉ DE ANTIOQUIA", "target": "ABRIAQUÍ", "distance": 0.5, "betweenness": 0.0, "weight": 0.1 }, "geometry": { "type": "LineString", "coordinates": [ [ -75.826648, 6.556484 ], [ -76.064304, 6.632282 ] ] } },
{ "type": "Feature", "properties": { "source": "SANTA FÉ DE ANTIOQUIA", "target": "ANZÁ", "distance": 0.5, "betweenness": 0.00040950040950040953, "weight": 0.10040950040950042 }, "geometry": { "type": "LineString", "coordinates": [ [ -75.826648, 6.556484 ], [ -75.854442, 6.302641 ] ] } },
{ "type": "Feature", "properties": { "source": "SANTA FÉ DE ANTIOQUIA", "target": "SOPETRÁN", "distance": 0.5, "betweenness": 0.0, "weight": 0.1 }, "geometry": { "type": "LineString", "coordinates": [ [ -75.826648, 6.556484 ], [ -75.747378, 6.500745 ] ] } },
{ "type": "Feature", "properties": { "source": "SANTA FÉ DE ANTIOQUIA", "target": "SAN JERÓNIMO", "distance": 0.5, "betweenness": 0.0, "weight": 0.1 }, "geometry": { "type": "LineString", "coordinates": [ [ -75.826648, 6.556484 ], [ -75.726975, 6.44809 ] ] } },
{ "type": "Feature", "properties": { "source": "SANTA FÉ DE ANTIOQUIA", "target": "EBÉJICO", "distance": 0.5, "betweenness": 0.00016380016380016381, "weight": 0.10016380016380017 }, "geometry": { "type": "LineString", "coordinates": [ [ -75.826648, 6.556484 ], [ -75.766413, 6.325615 ] ] } },
{ "type": "Feature", "properties": { "source": "SANTA FÉ DE ANTIOQUIA", "target": "MEDELLÍN", "distance": 0.5, "betweenness": 0.0038220038220038218, "weight": 0.10382200382200382 }, "geometry": { "type": "LineString", "coordinates": [ [ -75.826648, 6.556484 ], [ -75.581775, 6.246631 ] ] } },
{ "type": "Feature", "properties": { "source": "SANTA FÉ DE ANTIOQUIA", "target": "BELLO", "distance": 1.0, "betweenness": 0.0, "weight": 0.1 }, "geometry": { "type": "LineString", "coordinates": [ [ -75.826648, 6.556484 ], [ -75.555245, 6.333587 ] ] } },
{ "type": "Feature", "properties": { "source": "SANTA FÉ DE ANTIOQUIA", "target": "SAN PEDRO DE LOS MILAGROS", "distance": 0.5, "betweenness": 0.0016926016926016925, "weight": 0.10169260169260169 }, "geometry": { "type": "LineString", "coordinates": [ [ -75.826648, 6.556484 ], [ -75.556743, 6.46012 ] ] } },
{ "type": "Feature", "properties": { "source": "SANTA FÉ DE ANTIOQUIA", "target": "BETULIA", "distance": 0.5, "betweenness": 0.0, "weight": 0.1 }, "geometry": { "type": "LineString", "coordinates": [ [ -75.826648, 6.556484 ], [ -75.984452, 6.115208 ] ] } },
{ "type": "Feature", "properties": { "source": "ANGOSTURA", "target": "GUADALUPE", "distance": 0.5, "betweenness": 0.00049140049140049139, "weight": 0.1004914004914005 }, "geometry": { "type": "LineString", "coordinates": [ [ -75.335116, 6.885175 ], [ -75.239862, 6.815069 ] ] } },
{ "type": "Feature", "properties": { "source": "ANGOSTURA", "target": "CAMPAMENTO", "distance": 0.33333333333333331, "betweenness": 0.00065520065520065522, "weight": 0.10065520065520066 }, "geometry": { "type": "LineString", "coordinates": [ [ -75.335116, 6.885175 ], [ -75.298091, 6.979771 ] ] } },
{ "type": "Feature", "properties": { "source": "ANGOSTURA", "target": "GÓMEZ PLATA", "distance": 0.5, "betweenness": 0.0011466011466011467, "weight": 0.10114660114660115 }, "geometry": { "type": "LineString", "coordinates": [ [ -75.335116, 6.885175 ], [ -75.220018, 6.683269 ] ] } },
{ "type": "Feature", "properties": { "source": "ANGOSTURA", "target": "CAROLINA", "distance": 0.5, "betweenness": 0.0, "weight": 0.1 }, "geometry": { "type": "LineString", "coordinates": [ [ -75.335116, 6.885175 ], [ -75.283192, 6.725995 ] ] } },
{ "type": "Feature", "properties": { "source": "ANGOSTURA", "target": "ANORÍ", "distance": 0.5, "betweenness": 0.0028665028665028668, "weight": 0.10286650286650287 }, "geometry": { "type": "LineString", "coordinates": [ [ -75.335116, 6.885175 ], [ -75.148355, 7.074703 ] ] } },
{ "type": "Feature", "properties": { "source": "ANGOSTURA", "target": "AMALFI", "distance": 0.33333333333333331, "betweenness": 0.0041769041769041775, "weight": 0.10417690417690419 }, "geometry": { "type": "LineString", "coordinates": [ [ -75.335116, 6.885175 ], [ -75.077501, 6.909655 ] ] } },
{ "type": "Feature", "properties": { "source": "ANGOSTURA", "target": "YOLOMBÓ", "distance": 1.0, "betweenness": 0.0, "weight": 0.1 }, "geometry": { "type": "LineString", "coordinates": [ [ -75.335116, 6.885175 ], [ -75.013385, 6.594511 ] ] } },
{ "type": "Feature", "properties": { "source": "CAMPAMENTO", "target": "AMALFI", "distance": 0.25, "betweenness": 0.0013104013104013104, "weight": 0.10131040131040131 }, "geometry": { "type": "LineString", "coordinates": [ [ -75.298091, 6.979771 ], [ -75.077501, 6.909655 ] ] } },
{ "type": "Feature", "properties": { "source": "CAMPAMENTO", "target": "ANORÍ", "distance": 0.5, "betweenness": 0.00032760032760032761, "weight": 0.10032760032760034 }, "geometry": { "type": "LineString", "coordinates": [ [ -75.298091, 6.979771 ], [ -75.148355, 7.074703 ] ] } },
{ "type": "Feature", "properties": { "source": "CAMPAMENTO", "target": "GUADALUPE", "distance": 0.33333333333333331, "betweenness": 0.00016380016380016381, "weight": 0.10016380016380017 }, "geometry": { "type": "LineString", "coordinates": [ [ -75.298091, 6.979771 ], [ -75.239862, 6.815069 ] ] } },
{ "type": "Feature", "properties": { "source": "CAMPAMENTO", "target": "CAROLINA", "distance": 0.25, "betweenness": 0.00065520065520065522, "weight": 0.10065520065520066 }, "geometry": { "type": "LineString", "coordinates": [ [ -75.298091, 6.979771 ], [ -75.283192, 6.725995 ] ] } },
{ "type": "Feature", "properties": { "source": "CAMPAMENTO", "target": "GÓMEZ PLATA", "distance": 0.5, "betweenness": 0.00016380016380016381, "weight": 0.10016380016380017 }, "geometry": { "type": "LineString", "coordinates": [ [ -75.298091, 6.979771 ], [ -75.220018, 6.683269 ] ] } },
{ "type": "Feature", "properties": { "source": "ANORÍ", "target": "AMALFI", "distance": 0.5, "betweenness": 0.00073710073710073708, "weight": 0.10073710073710074 }, "geometry": { "type": "LineString", "coordinates": [ [ -75.148355, 7.074703 ], [ -75.077501, 6.909655 ] ] } },
{ "type": "Feature", "properties": { "source": "ANORÍ", "target": "GUADALUPE", "distance": 0.5, "betweenness": 0.00032760032760032761, "weight": 0.10032760032760034 }, "geometry": { "type": "LineString", "coordinates": [ [ -75.148355, 7.074703 ], [ -75.239862, 6.815069 ] ] } },
{ "type": "Feature", "properties": { "source": "ANORÍ", "target": "GÓMEZ PLATA", "distance": 0.5, "betweenness": 0.00040950040950040953, "weight": 0.10040950040950042 }, "geometry": { "type": "LineString", "coordinates": [ [ -75.148355, 7.074703 ], [ -75.220018, 6.683269 ] ] } },
{ "type": "Feature", "properties": { "source": "ANORÍ", "target": "YOLOMBÓ", "distance": 0.33333333333333331, "betweenness": 0.02325962325962326, "weight": 0.12325962325962327 }, "geometry": { "type": "LineString", "coordinates": [ [ -75.148355, 7.074703 ], [ -75.013385, 6.594511 ] ] } },
{ "type": "Feature", "properties": { "source": "ANORÍ", "target": "CAROLINA", "distance": 0.5, "betweenness": 0.00049140049140049139, "weight": 0.1004914004914005 }, "geometry": { "type": "LineString", "coordinates": [ [ -75.148355, 7.074703 ], [ -75.283192, 6.725995 ] ] } },
{ "type": "Feature", "properties": { "source": "ANORÍ", "target": "CÁCERES", "distance": 1.0, "betweenness": 0.013022113022113023, "weight": 0.11302211302211303 }, "geometry": { "type": "LineString", "coordinates": [ [ -75.148355, 7.074703 ], [ -75.35205, 7.578366 ] ] } },
{ "type": "Feature", "properties": { "source": "CAROLINA", "target": "GÓMEZ PLATA", "distance": 0.5, "betweenness": 0.00016380016380016381, "weight": 0.10016380016380017 }, "geometry": { "type": "LineString", "coordinates": [ [ -75.283192, 6.725995 ], [ -75.220018, 6.683269 ] ] } },
{ "type": "Feature", "properties": { "source": "CAROLINA", "target": "GUADALUPE", "distance": 0.5, "betweenness": 0.00016380016380016381, "weight": 0.10016380016380017 }, "geometry": { "type": "LineString", "coordinates": [ [ -75.283192, 6.725995 ], [ -75.239862, 6.815069 ] ] } },
{ "type": "Feature", "properties": { "source": "CAROLINA", "target": "AMALFI", "distance": 0.16666666666666666, "betweenness": 0.031281736281736285, "weight": 0.13128173628173628 }, "geometry": { "type": "LineString", "coordinates": [ [ -75.283192, 6.725995 ], [ -75.077501, 6.909655 ] ] } },
{ "type": "Feature", "properties": { "source": "CAROLINA", "target": "YOLOMBÓ", "distance": 0.5, "betweenness": 0.0, "weight": 0.1 }, "geometry": { "type": "LineString", "coordinates": [ [ -75.283192, 6.725995 ], [ -75.013385, 6.594511 ] ] } },
{ "type": "Feature", "properties": { "source": "CAROLINA", "target": "DONMATÍAS", "distance": 0.5, "betweenness": 0.00049822549822549822, "weight": 0.1004982254982255 }, "geometry": { "type": "LineString", "coordinates": [ [ -75.283192, 6.725995 ], [ -75.39263, 6.485603 ] ] } },
{ "type": "Feature", "properties": { "source": "CAROLINA", "target": "SANTO DOMINGO", "distance": 0.33333333333333331, "betweenness": 0.009015834015834015, "weight": 0.10901583401583402 }, "geometry": { "type": "LineString", "coordinates": [ [ -75.283192, 6.725995 ], [ -75.164903, 6.473032 ] ] } },
{ "type": "Feature", "properties": { "source": "CAROLINA", "target": "BARBOSA", "distance": 0.5, "betweenness": 0.00057330057330057336, "weight": 0.10057330057330058 }, "geometry": { "type": "LineString", "coordinates": [ [ -75.283192, 6.725995 ], [ -75.331627, 6.439195 ] ] } },
{ "type": "Feature", "properties": { "source": "GUADALUPE", "target": "YOLOMBÓ", "distance": 0.5, "betweenness": 0.0014742014742014742, "weight": 0.10147420147420148 }, "geometry": { "type": "LineString", "coordinates": [ [ -75.239862, 6.815069 ], [ -75.013385, 6.594511 ] ] } },
{ "type": "Feature", "properties": { "source": "GUADALUPE", "target": "AMALFI", "distance": 0.33333333333333331, "betweenness": 0.00081900081900081905, "weight": 0.10081900081900083 }, "geometry": { "type": "LineString", "coordinates": [ [ -75.239862, 6.815069 ], [ -75.077501, 6.909655 ] ] } },
{ "type": "Feature", "properties": { "source": "GUADALUPE", "target": "GÓMEZ PLATA", "distance": 0.5, "betweenness": 0.00049140049140049139, "weight": 0.1004914004914005 }, "geometry": { "type": "LineString", "coordinates": [ [ -75.239862, 6.815069 ], [ -75.220018, 6.683269 ] ] } },
{ "type": "Feature", "properties": { "source": "GÓMEZ PLATA", "target": "AMALFI", "distance": 0.5, "betweenness": 0.00046410046410046406, "weight": 0.10046410046410047 }, "geometry": { "type": "LineString", "coordinates": [ [ -75.220018, 6.683269 ], [ -75.077501, 6.909655 ] ] } },
{ "type": "Feature", "properties": { "source": "GÓMEZ PLATA", "target": "YOLOMBÓ", "distance": 0.5, "betweenness": 0.00043680043680043674, "weight": 0.10043680043680044 }, "geometry": { "type": "LineString", "coordinates": [ [ -75.220018, 6.683269 ], [ -75.013385, 6.594511 ] ] } },
{ "type": "Feature", "properties": { "source": "GÓMEZ PLATA", "target": "SANTO DOMINGO", "distance": 0.5, "betweenness": 0.00024570024570024569, "weight": 0.10024570024570024 }, "geometry": { "type": "LineString", "coordinates": [ [ -75.220018, 6.683269 ], [ -75.164903, 6.473032 ] ] } },
{ "type": "Feature", "properties": { "source": "GÓMEZ PLATA", "target": "DONMATÍAS", "distance": 0.5, "betweenness": 0.0018018018018018018, "weight": 0.1018018018018018 }, "geometry": { "type": "LineString", "coordinates": [ [ -75.220018, 6.683269 ], [ -75.39263, 6.485603 ] ] } },
{ "type": "Feature", "properties": { "source": "GÓMEZ PLATA", "target": "BARBOSA", "distance": 0.5, "betweenness": 0.00016380016380016381, "weight": 0.10016380016380017 }, "geometry": { "type": "LineString", "coordinates": [ [ -75.220018, 6.683269 ], [ -75.331627, 6.439195 ] ] } },
{ "type": "Feature", "properties": { "source": "GÓMEZ PLATA", "target": "CISNEROS", "distance": 0.5, "betweenness": 0.0002184002184002184, "weight": 0.10021840021840023 }, "geometry": { "type": "LineString", "coordinates": [ [ -75.220018, 6.683269 ], [ -75.087047, 6.537829 ] ] } },
{ "type": "Feature", "properties": { "source": "GÓMEZ PLATA", "target": "CONCEPCIÓN", "distance": 0.33333333333333331, "betweenness": 0.0092001092001091998, "weight": 0.10920010920010921 }, "geometry": { "type": "LineString", "coordinates": [ [ -75.220018, 6.683269 ], [ -75.257587, 6.394348 ] ] } },
{ "type": "Feature", "properties": { "source": "GÓMEZ PLATA", "target": "SAN ROQUE", "distance": 0.5, "betweenness": 0.00068250068250068244, "weight": 0.10068250068250069 }, "geometry": { "type": "LineString", "coordinates": [ [ -75.220018, 6.683269 ], [ -75.019109, 6.485939 ] ] } },
{ "type": "Feature", "properties": { "source": "AMALFI", "target": "YOLOMBÓ", "distance": 0.5, "betweenness": 0.00092137592137592141, "weight": 0.10092137592137593 }, "geometry": { "type": "LineString", "coordinates": [ [ -75.077501, 6.909655 ], [ -75.013385, 6.594511 ] ] } },
{ "type": "Feature", "properties": { "source": "AMALFI", "target": "VEGACHÍ", "distance": 0.5, "betweenness": 0.0027846027846027848, "weight": 0.10278460278460279 }, "geometry": { "type": "LineString", "coordinates": [ [ -75.077501, 6.909655 ], [ -74.798714, 6.773525 ] ] } },
{ "type": "Feature", "properties": { "source": "AMALFI", "target": "REMEDIOS", "distance": 0.5, "betweenness": 0.017936117936117938, "weight": 0.11793611793611794 }, "geometry": { "type": "LineString", "coordinates": [ [ -75.077501, 6.909655 ], [ -74.698135, 7.029424 ] ] } },
{ "type": "Feature", "properties": { "source": "AMALFI", "target": "YALÍ", "distance": 0.5, "betweenness": 0.0027736827736827736, "weight": 0.10277368277368278 }, "geometry": { "type": "LineString", "coordinates": [ [ -75.077501, 6.909655 ], [ -74.840059, 6.676554 ] ] } },
{ "type": "Feature", "properties": { "source": "YOLOMBÓ", "target": "VEGACHÍ", "distance": 0.5, "betweenness": 0.014660114660114661, "weight": 0.11466011466011466 }, "geometry": { "type": "LineString", "coordinates": [ [ -75.013385, 6.594511 ], [ -74.798714, 6.773525 ] ] } },
{ "type": "Feature", "properties": { "source": "YOLOMBÓ", "target": "YALÍ", "distance": 0.5, "betweenness": 0.0091919191919191921, "weight": 0.1091919191919192 }, "geometry": { "type": "LineString", "coordinates": [ [ -75.013385, 6.594511 ], [ -74.840059, 6.676554 ] ] } },
{ "type": "Feature", "properties": { "source": "YOLOMBÓ", "target": "BARBOSA", "distance": 0.5, "betweenness": 0.00087360087360087359, "weight": 0.10087360087360088 }, "geometry": { "type": "LineString", "coordinates": [ [ -75.013385, 6.594511 ], [ -75.331627, 6.439195 ] ] } },
{ "type": "Feature", "properties": { "source": "YOLOMBÓ", "target": "SANTO DOMINGO", "distance": 0.5, "betweenness": 0.00058695058695058691, "weight": 0.10058695058695059 }, "geometry": { "type": "LineString", "coordinates": [ [ -75.013385, 6.594511 ], [ -75.164903, 6.473032 ] ] } },
{ "type": "Feature", "properties": { "source": "YOLOMBÓ", "target": "SAN ROQUE", "distance": 0.5, "betweenness": 0.0012558012558012558, "weight": 0.10125580125580126 }, "geometry": { "type": "LineString", "coordinates": [ [ -75.013385, 6.594511 ], [ -75.019109, 6.485939 ] ] } },
{ "type": "Feature", "properties": { "source": "YOLOMBÓ", "target": "ALEJANDRÍA", "distance": 0.5, "betweenness": 0.0017130767130767129, "weight": 0.10171307671307672 }, "geometry": { "type": "LineString", "coordinates": [ [ -75.013385, 6.594511 ], [ -75.141346, 6.376061 ] ] } },
{ "type": "Feature", "properties": { "source": "YOLOMBÓ", "target": "DONMATÍAS", "distance": 0.5, "betweenness": 0.0034398034398034397, "weight": 0.10343980343980344 }, "geometry": { "type": "LineString", "coordinates": [ [ -75.013385, 6.594511 ], [ -75.39263, 6.485603 ] ] } },
{ "type": "Feature", "properties": { "source": "YOLOMBÓ", "target": "CONCEPCIÓN", "distance": 0.33333333333333331, "betweenness": 0.012777777777777777, "weight": 0.11277777777777778 }, "geometry": { "type": "LineString", "coordinates": [ [ -75.013385, 6.594511 ], [ -75.257587, 6.394348 ] ] } },
{ "type": "Feature", "properties": { "source": "YOLOMBÓ", "target": "CISNEROS", "distance": 0.5, "betweenness": 0.00097500097500097488, "weight": 0.10097500097500098 }, "geometry": { "type": "LineString", "coordinates": [ [ -75.013385, 6.594511 ], [ -75.087047, 6.537829 ] ] } },
{ "type": "Feature", "properties": { "source": "YOLOMBÓ", "target": "MACEO", "distance": 0.5, "betweenness": 0.022170352170352164, "weight": 0.12217035217035217 }, "geometry": { "type": "LineString", "coordinates": [ [ -75.013385, 6.594511 ], [ -74.78716, 6.552116 ] ] } },
{ "type": "Feature", "properties": { "source": "YOLOMBÓ", "target": "SAN RAFAEL", "distance": 0.5, "betweenness": 0.0050891150891150894, "weight": 0.1050891150891151 }, "geometry": { "type": "LineString", "coordinates": [ [ -75.013385, 6.594511 ], [ -75.02849, 6.293759 ] ] } },
{ "type": "Feature", "properties": { "source": "ABRIAQUÍ", "target": "URRAO", "distance": 0.25, "betweenness": 0.0051733551733551732, "weight": 0.10517335517335517 }, "geometry": { "type": "LineString", "coordinates": [ [ -76.064304, 6.632282 ], [ -76.133951, 6.317343 ] ] } },
{ "type": "Feature", "properties": { "source": "ABRIAQUÍ", "target": "CAICEDO", "distance": 0.5, "betweenness": 0.0, "weight": 0.1 }, "geometry": { "type": "LineString", "coordinates": [ [ -76.064304, 6.632282 ], [ -75.98293, 6.405607 ] ] } },
{ "type": "Feature", "properties": { "source": "ABRIAQUÍ", "target": "ANZÁ", "distance": 0.25, "betweenness": 0.00788970788970789, "weight": 0.10788970788970789 }, "geometry": { "type": "LineString", "coordinates": [ [ -76.064304, 6.632282 ], [ -75.854442, 6.302641 ] ] } },
{ "type": "Feature", "properties": { "source": "SOPETRÁN", "target": "SAN JERÓNIMO", "distance": 0.33333333333333331, "betweenness": 0.00081900081900081905, "weight": 0.10081900081900083 }, "geometry": { "type": "LineString", "coordinates": [ [ -75.747378, 6.500745 ], [ -75.726975, 6.44809 ] ] } },
{ "type": "Feature", "properties": { "source": "SOPETRÁN", "target": "SAN PEDRO DE LOS MILAGROS", "distance": 0.33333333333333331, "betweenness": 0.00040950040950040953, "weight": 0.10040950040950042 }, "geometry": { "type": "LineString", "coordinates": [ [ -75.747378, 6.500745 ], [ -75.556743, 6.46012 ] ] } },
{ "type": "Feature", "properties": { "source": "SOPETRÁN", "target": "BELLO", "distance": 0.5, "betweenness": 0.00016380016380016381, "weight": 0.10016380016380017 }, "geometry": { "type": "LineString", "coordinates": [ [ -75.747378, 6.500745 ], [ -75.555245, 6.333587 ] ] } },
{ "type": "Feature", "properties": { "source": "SOPETRÁN", "target": "MEDELLÍN", "distance": 0.5, "betweenness": 0.0, "weight": 0.1 }, "geometry": { "type": "LineString", "coordinates": [ [ -75.747378, 6.500745 ], [ -75.581775, 6.246631 ] ] } },
{ "type": "Feature", "properties": { "source": "SOPETRÁN", "target": "COPACABANA", "distance": 0.1, "betweenness": 0.065192465192465188, "weight": 0.16519246519246519 }, "geometry": { "type": "LineString", "coordinates": [ [ -75.747378, 6.500745 ], [ -75.509384, 6.348557 ] ] } },
{ "type": "Feature", "properties": { "source": "SOPETRÁN", "target": "EBÉJICO", "distance": 0.5, "betweenness": 0.00049140049140049139, "weight": 0.1004914004914005 }, "geometry": { "type": "LineString", "coordinates": [ [ -75.747378, 6.500745 ], [ -75.766413, 6.325615 ] ] } },
{ "type": "Feature", "properties": { "source": "SOPETRÁN", "target": "DONMATÍAS", "distance": 0.5, "betweenness": 0.0, "weight": 0.1 }, "geometry": { "type": "LineString", "coordinates": [ [ -75.747378, 6.500745 ], [ -75.39263, 6.485603 ] ] } },
{ "type": "Feature", "properties": { "source": "SOPETRÁN", "target": "ANZÁ", "distance": 0.5, "betweenness": 0.0026208026208026209, "weight": 0.10262080262080263 }, "geometry": { "type": "LineString", "coordinates": [ [ -75.747378, 6.500745 ], [ -75.854442, 6.302641 ] ] } },
{ "type": "Feature", "properties": { "source": "SOPETRÁN", "target": "CAICEDO", "distance": 0.33333333333333331, "betweenness": 0.043407043407043405, "weight": 0.14340704340704341 }, "geometry": { "type": "LineString", "coordinates": [ [ -75.747378, 6.500745 ], [ -75.98293, 6.405607 ] ] } },
{ "type": "Feature", "properties": { "source": "SOPETRÁN", "target": "HELICONIA", "distance": 0.5, "betweenness": 0.0, "weight": 0.1 }, "geometry": { "type": "LineString", "coordinates": [ [ -75.747378, 6.500745 ], [ -75.734322, 6.206757 ] ] } },
{ "type": "Feature", "properties": { "source": "URRAO", "target": "CAICEDO", "distance": 0.5, "betweenness": 0.0, "weight": 0.1 }, "geometry": { "type": "LineString", "coordinates": [ [ -76.133951, 6.317343 ], [ -75.98293, 6.405607 ] ] } },
{ "type": "Feature", "properties": { "source": "URRAO", "target": "VIGÍA DEL FUERTE", "distance": 0.5, "betweenness": 0.018018018018018018, "weight": 0.11801801801801802 }, "geometry": { "type": "LineString", "coordinates": [ [ -76.133951, 6.317343 ], [ -76.896004, 6.588164 ] ] } },
{ "type": "Feature", "properties": { "source": "URRAO", "target": "BETULIA", "distance": 0.33333333333333331, "betweenness": 0.0010374010374010374, "weight": 0.10103740103740104 }, "geometry": { "type": "LineString", "coordinates": [ [ -76.133951, 6.317343 ], [ -75.984452, 6.115208 ] ] } },
{ "type": "Feature", "properties": { "source": "URRAO", "target": "ANZÁ", "distance": 0.5, "betweenness": 0.00016380016380016381, "weight": 0.10016380016380017 }, "geometry": { "type": "LineString", "coordinates": [ [ -76.133951, 6.317343 ], [ -75.854442, 6.302641 ] ] } },
{ "type": "Feature", "properties": { "source": "URRAO", "target": "EBÉJICO", "distance": 0.5, "betweenness": 0.00077805077805077807, "weight": 0.10077805077805078 }, "geometry": { "type": "LineString", "coordinates": [ [ -76.133951, 6.317343 ], [ -75.766413, 6.325615 ] ] } },
{ "type": "Feature", "properties": { "source": "URRAO", "target": "SALGAR", "distance": 0.25, "betweenness": 0.037059787059787061, "weight": 0.13705978705978705 }, "geometry": { "type": "LineString", "coordinates": [ [ -76.133951, 6.317343 ], [ -75.976807, 5.964198 ] ] } },
{ "type": "Feature", "properties": { "source": "URRAO", "target": "CONCORDIA", "distance": 0.5, "betweenness": 0.0022113022113022115, "weight": 0.10221130221130222 }, "geometry": { "type": "LineString", "coordinates": [ [ -76.133951, 6.317343 ], [ -75.908448, 6.045738 ] ] } },
{ "type": "Feature", "properties": { "source": "URRAO", "target": "CIUDAD BOLÍVAR", "distance": 0.5, "betweenness": 0.0044635544635544637, "weight": 0.10446355446355447 }, "geometry": { "type": "LineString", "coordinates": [ [ -76.133951, 6.317343 ], [ -76.021509, 5.850273 ] ] } },
{ "type": "Feature", "properties": { "source": "URRAO", "target": "TITIRIBÍ", "distance": 0.33333333333333331, "betweenness": 0.023955773955773956, "weight": 0.12395577395577397 }, "geometry": { "type": "LineString", "coordinates": [ [ -76.133951, 6.317343 ], [ -75.791887, 6.062391 ] ] } },
{ "type": "Feature", "properties": { "source": "URRAO", "target": "ARMENIA", "distance": 1.0, "betweenness": 0.0, "weight": 0.1 }, "geometry": { "type": "LineString", "coordinates": [ [ -76.133951, 6.317343 ], [ -75.786647, 6.155667 ] ] } },
{ "type": "Feature", "properties": { "source": "CAICEDO", "target": "ANZÁ", "distance": 0.5, "betweenness": 0.00098280098280098278, "weight": 0.10098280098280099 }, "geometry": { "type": "LineString", "coordinates": [ [ -75.98293, 6.405607 ], [ -75.854442, 6.302641 ] ] } },
{ "type": "Feature", "properties": { "source": "CAICEDO", "target": "BETULIA", "distance": 0.25, "betweenness": 0.010114660114660116, "weight": 0.11011466011466012 }, "geometry": { "type": "LineString", "coordinates": [ [ -75.98293, 6.405607 ], [ -75.984452, 6.115208 ] ] } },
{ "type": "Feature", "properties": { "source": "CAICEDO", "target": "EBÉJICO", "distance": 0.5, "betweenness": 0.0013104013104013104, "weight": 0.10131040131040131 }, "geometry": { "type": "LineString", "coordinates": [ [ -75.98293, 6.405607 ], [ -75.766413, 6.325615 ] ] } },
{ "type": "Feature", "properties": { "source": "CAICEDO", "target": "SAN JERÓNIMO", "distance": 0.33333333333333331, "betweenness": 0.006142506142506143, "weight": 0.10614250614250614 }, "geometry": { "type": "LineString", "coordinates": [ [ -75.98293, 6.405607 ], [ -75.726975, 6.44809 ] ] } },
{ "type": "Feature", "properties": { "source": "CAICEDO", "target": "HELICONIA", "distance": 0.33333333333333331, "betweenness": 0.020106470106470108, "weight": 0.12010647010647012 }, "geometry": { "type": "LineString", "coordinates": [ [ -75.98293, 6.405607 ], [ -75.734322, 6.206757 ] ] } },
{ "type": "Feature", "properties": { "source": "CAICEDO", "target": "ARMENIA", "distance": 0.5, "betweenness": 0.0042178542178542182, "weight": 0.10421785421785422 }, "geometry": { "type": "LineString", "coordinates": [ [ -75.98293, 6.405607 ], [ -75.786647, 6.155667 ] ] } },
{ "type": "Feature", "properties": { "source": "BETULIA", "target": "ANZÁ", "distance": 0.5, "betweenness": 0.00016380016380016381, "weight": 0.10016380016380017 }, "geometry": { "type": "LineString", "coordinates": [ [ -75.984452, 6.115208 ], [ -75.854442, 6.302641 ] ] } },
{ "type": "Feature", "properties": { "source": "BETULIA", "target": "EBÉJICO", "distance": 0.5, "betweenness": 0.00020475020475020476, "weight": 0.10020475020475021 }, "geometry": { "type": "LineString", "coordinates": [ [ -75.984452, 6.115208 ], [ -75.766413, 6.325615 ] ] } },
{ "type": "Feature", "properties": { "source": "BETULIA", "target": "CONCORDIA", "distance": 0.5, "betweenness": 0.00031414531414531414, "weight": 0.10031414531414531 }, "geometry": { "type": "LineString", "coordinates": [ [ -75.984452, 6.115208 ], [ -75.908448, 6.045738 ] ] } },
{ "type": "Feature", "properties": { "source": "BETULIA", "target": "ARMENIA", "distance": 0.5, "betweenness": 0.0002784602784602785, "weight": 0.10027846027846028 }, "geometry": { "type": "LineString", "coordinates": [ [ -75.984452, 6.115208 ], [ -75.786647, 6.155667 ] ] } },
{ "type": "Feature", "properties": { "source": "BETULIA", "target": "SALGAR", "distance": 0.5, "betweenness": 0.00063102063102063108, "weight": 0.10063102063102064 }, "geometry": { "type": "LineString", "coordinates": [ [ -75.984452, 6.115208 ], [ -75.976807, 5.964198 ] ] } },
{ "type": "Feature", "properties": { "source": "BETULIA", "target": "TITIRIBÍ", "distance": 0.5, "betweenness": 0.00087516087516087513, "weight": 0.10087516087516088 }, "geometry": { "type": "LineString", "coordinates": [ [ -75.984452, 6.115208 ], [ -75.791887, 6.062391 ] ] } },
{ "type": "Feature", "properties": { "source": "BETULIA", "target": "HELICONIA", "distance": 0.5, "betweenness": 0.00024570024570024569, "weight": 0.10024570024570024 }, "geometry": { "type": "LineString", "coordinates": [ [ -75.984452, 6.115208 ], [ -75.734322, 6.206757 ] ] } },
{ "type": "Feature", "properties": { "source": "BETULIA", "target": "ANGELÓPOLIS", "distance": 0.5, "betweenness": 0.0029757029757029752, "weight": 0.10297570297570298 }, "geometry": { "type": "LineString", "coordinates": [ [ -75.984452, 6.115208 ], [ -75.711389, 6.109719 ] ] } },
{ "type": "Feature", "properties": { "source": "BETULIA", "target": "LA ESTRELLA", "distance": 1.0, "betweenness": 0.0, "weight": 0.1 }, "geometry": { "type": "LineString", "coordinates": [ [ -75.984452, 6.115208 ], [ -75.637708, 6.145238 ] ] } },
{ "type": "Feature", "properties": { "source": "BETULIA", "target": "MEDELLÍN", "distance": 0.33333333333333331, "betweenness": 0.012863187863187863, "weight": 0.11286318786318787 }, "geometry": { "type": "LineString", "coordinates": [ [ -75.984452, 6.115208 ], [ -75.581775, 6.246631 ] ] } },
{ "type": "Feature", "properties": { "source": "BETULIA", "target": "AMAGÁ", "distance": 0.5, "betweenness": 0.0008176358176358176, "weight": 0.10081763581763582 }, "geometry": { "type": "LineString", "coordinates": [ [ -75.984452, 6.115208 ], [ -75.702188, 6.038708 ] ] } },
{ "type": "Feature", "properties": { "source": "BETULIA", "target": "CIUDAD BOLÍVAR", "distance": 0.5, "betweenness": 0.0011639561639561638, "weight": 0.10116395616395617 }, "geometry": { "type": "LineString", "coordinates": [ [ -75.984452, 6.115208 ], [ -76.021509, 5.850273 ] ] } },
{ "type": "Feature", "properties": { "source": "BETULIA", "target": "VENECIA", "distance": 0.5, "betweenness": 0.00068562068562068573, "weight": 0.10068562068562069 }, "geometry": { "type": "LineString", "coordinates": [ [ -75.984452, 6.115208 ], [ -75.735544, 5.964693 ] ] } },
{ "type": "Feature", "properties": { "source": "SANTO DOMINGO", "target": "ALEJANDRÍA", "distance": 0.5, "betweenness": 0.00033442533442533439, "weight": 0.10033442533442534 }, "geometry": { "type": "LineString", "coordinates": [ [ -75.164903, 6.473032 ], [ -75.141346, 6.376061 ] ] } },
{ "type": "Feature", "properties": { "source": "SANTO DOMINGO", "target": "BARBOSA", "distance": 0.5, "betweenness": 0.00016380016380016381, "weight": 0.10016380016380017 }, "geometry": { "type": "LineString", "coordinates": [ [ -75.164903, 6.473032 ], [ -75.331627, 6.439195 ] ] } },
{ "type": "Feature", "properties": { "source": "SANTO DOMINGO", "target": "DONMATÍAS", "distance": 0.5, "betweenness": 0.0022932022932022934, "weight": 0.1022932022932023 }, "geometry": { "type": "LineString", "coordinates": [ [ -75.164903, 6.473032 ], [ -75.39263, 6.485603 ] ] } },
{ "type": "Feature", "properties": { "source": "SANTO DOMINGO", "target": "CONCEPCIÓN", "distance": 0.5, "betweenness": 0.0010237510237510238, "weight": 0.10102375102375102 }, "geometry": { "type": "LineString", "coordinates": [ [ -75.164903, 6.473032 ], [ -75.257587, 6.394348 ] ] } },
{ "type": "Feature", "properties": { "source": "SANTO DOMINGO", "target": "CISNEROS", "distance": 0.5, "betweenness": 0.00070785070785070784, "weight": 0.10070785070785071 }, "geometry": { "type": "LineString", "coordinates": [ [ -75.164903, 6.473032 ], [ -75.087047, 6.537829 ] ] } },
{ "type": "Feature", "properties": { "source": "SANTO DOMINGO", "target": "SAN ROQUE", "distance": 0.5, "betweenness": 0.00039585039585039586, "weight": 0.1003958503958504 }, "geometry": { "type": "LineString", "coordinates": [ [ -75.164903, 6.473032 ], [ -75.019109, 6.485939 ] ] } },
{ "type": "Feature", "properties": { "source": "SANTO DOMINGO", "target": "SAN VICENTE FERRER", "distance": 0.5, "betweenness": 0.0024133224133224131, "weight": 0.10241332241332242 }, "geometry": { "type": "LineString", "coordinates": [ [ -75.164903, 6.473032 ], [ -75.332616, 6.282164 ] ] } },
{ "type": "Feature", "properties": { "source": "SANTO DOMINGO", "target": "SAN RAFAEL", "distance": 0.5, "betweenness": 0.0010023010023010022, "weight": 0.10100230100230101 }, "geometry": { "type": "LineString", "coordinates": [ [ -75.164903, 6.473032 ], [ -75.02849, 6.293759 ] ] } },
{ "type": "Feature", "properties": { "source": "SANTO DOMINGO", "target": "PEÑOL", "distance": 0.5, "betweenness": 0.00041496041496041501, "weight": 0.10041496041496042 }, "geometry": { "type": "LineString", "coordinates": [ [ -75.164903, 6.473032 ], [ -75.242693, 6.219349 ] ] } },
{ "type": "Feature", "properties": { "source": "SANTO DOMINGO", "target": "GUATAPÉ", "distance": 0.33333333333333331, "betweenness": 0.0021719121719121718, "weight": 0.10217191217191218 }, "geometry": { "type": "LineString", "coordinates": [ [ -75.164903, 6.473032 ], [ -75.160041, 6.232461 ] ] } },
{ "type": "Feature", "properties": { "source": "SANTO DOMINGO", "target": "SAN CARLOS", "distance": 0.33333333333333331, "betweenness": 0.0055980655980655981, "weight": 0.1055980655980656 }, "geometry": { "type": "LineString", "coordinates": [ [ -75.164903, 6.473032 ], [ -74.988097, 6.187746 ] ] } },
{ "type": "Feature", "properties": { "source": "SANTO DOMINGO", "target": "YALÍ", "distance": 1.0, "betweenness": 4.0950040950040951e-05, "weight": 0.10004095004095005 }, "geometry": { "type": "LineString", "coordinates": [ [ -75.164903, 6.473032 ], [ -74.840059, 6.676554 ] ] } },
{ "type": "Feature", "properties": { "source": "SANTO DOMINGO", "target": "GIRARDOTA", "distance": 1.0, "betweenness": 0.0, "weight": 0.1 }, "geometry": { "type": "LineString", "coordinates": [ [ -75.164903, 6.473032 ], [ -75.444238, 6.379472 ] ] } },
{ "type": "Feature", "properties": { "source": "DONMATÍAS", "target": "SAN PEDRO DE LOS MILAGROS", "distance": 0.33333333333333331, "betweenness": 0.0011452361452361452, "weight": 0.10114523614523616 }, "geometry": { "type": "LineString", "coordinates": [ [ -75.39263, 6.485603 ], [ -75.556743, 6.46012 ] ] } },
{ "type": "Feature", "properties": { "source": "DONMATÍAS", "target": "SAN VICENTE FERRER", "distance": 0.5, "betweenness": 0.0, "weight": 0.1 }, "geometry": { "type": "LineString", "coordinates": [ [ -75.39263, 6.485603 ], [ -75.332616, 6.282164 ] ] } },
{ "type": "Feature", "properties": { "source": "DONMATÍAS", "target": "MEDELLÍN", "distance": 0.25, "betweenness": 0.039714714714714716, "weight": 0.13971471471471472 }, "geometry": { "type": "LineString", "coordinates": [ [ -75.39263, 6.485603 ], [ -75.581775, 6.246631 ] ] } },
{ "type": "Feature", "properties": { "source": "DONMATÍAS", "target": "CONCEPCIÓN", "distance": 0.5, "betweenness": 8.1900081900081903e-05, "weight": 0.10008190008190009 }, "geometry": { "type": "LineString", "coordinates": [ [ -75.39263, 6.485603 ], [ -75.257587, 6.394348 ] ] } },
{ "type": "Feature", "properties": { "source": "DONMATÍAS", "target": "GIRARDOTA", "distance": 0.33333333333333331, "betweenness": 0.0014742014742014742, "weight": 0.10147420147420148 }, "geometry": { "type": "LineString", "coordinates": [ [ -75.39263, 6.485603 ], [ -75.444238, 6.379472 ] ] } },
{ "type": "Feature", "properties": { "source": "DONMATÍAS", "target": "BELLO", "distance": 0.5, "betweenness": 9.5550095550095537e-05, "weight": 0.1000955500955501 }, "geometry": { "type": "LineString", "coordinates": [ [ -75.39263, 6.485603 ], [ -75.555245, 6.333587 ] ] } },
{ "type": "Feature", "properties": { "source": "DONMATÍAS", "target": "GUARNE", "distance": 0.5, "betweenness": 0.00073300573300573283, "weight": 0.10073300573300574 }, "geometry": { "type": "LineString", "coordinates": [ [ -75.39263, 6.485603 ], [ -75.441612, 6.27787 ] ] } },
{ "type": "Feature", "properties": { "source": "DONMATÍAS", "target": "COPACABANA", "distance": 0.33333333333333331, "betweenness": 0.0013499863499863501, "weight": 0.10134998634998636 }, "geometry": { "type": "LineString", "coordinates": [ [ -75.39263, 6.485603 ], [ -75.509384, 6.348557 ] ] } },
{ "type": "Feature", "properties": { "source": "DONMATÍAS", "target": "BARBOSA", "distance": 0.33333333333333331, "betweenness": 0.0010783510783510784, "weight": 0.10107835107835109 }, "geometry": { "type": "LineString", "coordinates": [ [ -75.39263, 6.485603 ], [ -75.331627, 6.439195 ] ] } },
{ "type": "Feature", "properties": { "source": "DONMATÍAS", "target": "SAN JERÓNIMO", "distance": 0.33333333333333331, "betweenness": 0.0049140049140049139, "weight": 0.10491400491400492 }, "geometry": { "type": "LineString", "coordinates": [ [ -75.39263, 6.485603 ], [ -75.726975, 6.44809 ] ] } },
{ "type": "Feature", "properties": { "source": "DONMATÍAS", "target": "CISNEROS", "distance": 0.5, "betweenness": 0.0042588042588042581, "weight": 0.10425880425880427 }, "geometry": { "type": "LineString", "coordinates": [ [ -75.39263, 6.485603 ], [ -75.087047, 6.537829 ] ] } },
{ "type": "Feature", "properties": { "source": "DONMATÍAS", "target": "ALEJANDRÍA", "distance": 0.33333333333333331, "betweenness": 0.0080166530166530161, "weight": 0.10801665301665302 }, "geometry": { "type": "LineString", "coordinates": [ [ -75.39263, 6.485603 ], [ -75.141346, 6.376061 ] ] } },
{ "type": "Feature", "properties": { "source": "DONMATÍAS", "target": "SAN ROQUE", "distance": 0.33333333333333331, "betweenness": 0.022847392847392841, "weight": 0.12284739284739285 }, "geometry": { "type": "LineString", "coordinates": [ [ -75.39263, 6.485603 ], [ -75.019109, 6.485939 ] ] } },
{ "type": "Feature", "properties": { "source": "DONMATÍAS", "target": "PEÑOL", "distance": 0.5, "betweenness": 0.00093366093366093362, "weight": 0.10093366093366093 }, "geometry": { "type": "LineString", "coordinates": [ [ -75.39263, 6.485603 ], [ -75.242693, 6.219349 ] ] } },
{ "type": "Feature", "properties": { "source": "BARBOSA", "target": "PEÑOL", "distance": 0.5, "betweenness": 0.00044245544245544242, "weight": 0.10044245544245545 }, "geometry": { "type": "LineString", "coordinates": [ [ -75.331627, 6.439195 ], [ -75.242693, 6.219349 ] ] } },
{ "type": "Feature", "properties": { "source": "BARBOSA", "target": "SAN RAFAEL", "distance": 0.5, "betweenness": 0.00095498095498095501, "weight": 0.10095498095498096 }, "geometry": { "type": "LineString", "coordinates": [ [ -75.331627, 6.439195 ], [ -75.02849, 6.293759 ] ] } },
{ "type": "Feature", "properties": { "source": "BARBOSA", "target": "CONCEPCIÓN", "distance": 0.5, "betweenness": 0.0002620802620802621, "weight": 0.10026208026208026 }, "geometry": { "type": "LineString", "coordinates": [ [ -75.331627, 6.439195 ], [ -75.257587, 6.394348 ] ] } },
{ "type": "Feature", "properties": { "source": "BARBOSA", "target": "SAN VICENTE FERRER", "distance": 0.5, "betweenness": 0.00071545571545571544, "weight": 0.10071545571545572 }, "geometry": { "type": "LineString", "coordinates": [ [ -75.331627, 6.439195 ], [ -75.332616, 6.282164 ] ] } },
{ "type": "Feature", "properties": { "source": "BARBOSA", "target": "ALEJANDRÍA", "distance": 0.5, "betweenness": 0.0002620802620802621, "weight": 0.10026208026208026 }, "geometry": { "type": "LineString", "coordinates": [ [ -75.331627, 6.439195 ], [ -75.141346, 6.376061 ] ] } },
{ "type": "Feature", "properties": { "source": "BARBOSA", "target": "CISNEROS", "distance": 0.5, "betweenness": 0.00038805038805038807, "weight": 0.10038805038805039 }, "geometry": { "type": "LineString", "coordinates": [ [ -75.331627, 6.439195 ], [ -75.087047, 6.537829 ] ] } },
{ "type": "Feature", "properties": { "source": "BARBOSA", "target": "GUARNE", "distance": 0.5, "betweenness": 0.00081555581555581552, "weight": 0.10081555581555582 }, "geometry": { "type": "LineString", "coordinates": [ [ -75.331627, 6.439195 ], [ -75.441612, 6.27787 ] ] } },
{ "type": "Feature", "properties": { "source": "BARBOSA", "target": "GUATAPÉ", "distance": 0.5, "betweenness": 0.0003605553605553605, "weight": 0.10036055536055537 }, "geometry": { "type": "LineString", "coordinates": [ [ -75.331627, 6.439195 ], [ -75.160041, 6.232461 ] ] } },
{ "type": "Feature", "properties": { "source": "BARBOSA", "target": "GIRARDOTA", "distance": 0.5, "betweenness": 0.00016380016380016381, "weight": 0.10016380016380017 }, "geometry": { "type": "LineString", "coordinates": [ [ -75.331627, 6.439195 ], [ -75.444238, 6.379472 ] ] } },
{ "type": "Feature", "properties": { "source": "BARBOSA", "target": "MARINILLA", "distance": 0.5, "betweenness": 0.00087925587925587927, "weight": 0.10087925587925589 }, "geometry": { "type": "LineString", "coordinates": [ [ -75.331627, 6.439195 ], [ -75.339345, 6.173995 ] ] } },
{ "type": "Feature", "properties": { "source": "BARBOSA", "target": "SAN ROQUE", "distance": 0.5, "betweenness": 0.00060060060060060057, "weight": 0.10060060060060061 }, "geometry": { "type": "LineString", "coordinates": [ [ -75.331627, 6.439195 ], [ -75.019109, 6.485939 ] ] } },
{ "type": "Feature", "properties": { "source": "BARBOSA", "target": "SAN PEDRO DE LOS MILAGROS", "distance": 0.5, "betweenness": 0.00053235053235053237, "weight": 0.10053235053235053 }, "geometry": { "type": "LineString", "coordinates": [ [ -75.331627, 6.439195 ], [ -75.556743, 6.46012 ] ] } },
{ "type": "Feature", "properties": { "source": "BARBOSA", "target": "RIONEGRO", "distance": 0.5, "betweenness": 0.0015549315549315548, "weight": 0.10155493155493156 }, "geometry": { "type": "LineString", "coordinates": [ [ -75.331627, 6.439195 ], [ -75.377316, 6.147148 ] ] } },
{ "type": "Feature", "properties": { "source": "BARBOSA", "target": "MEDELLÍN", "distance": 0.5, "betweenness": 0.0029950079950079949, "weight": 0.10299500799500801 }, "geometry": { "type": "LineString", "coordinates": [ [ -75.331627, 6.439195 ], [ -75.581775, 6.246631 ] ] } },
{ "type": "Feature", "properties": { "source": "BARBOSA", "target": "COPACABANA", "distance": 0.5, "betweenness": 0.0014605514605514605, "weight": 0.10146055146055147 }, "geometry": { "type": "LineString", "coordinates": [ [ -75.331627, 6.439195 ], [ -75.509384, 6.348557 ] ] } },
{ "type": "Feature", "properties": { "source": "BARBOSA", "target": "BELLO", "distance": 0.5, "betweenness": 0.00040950040950040953, "weight": 0.10040950040950042 }, "geometry": { "type": "LineString", "coordinates": [ [ -75.331627, 6.439195 ], [ -75.555245, 6.333587 ] ] } },
{ "type": "Feature", "properties": { "source": "SAN PEDRO DE LOS MILAGROS", "target": "BELLO", "distance": 0.5, "betweenness": 0.00016380016380016381, "weight": 0.10016380016380017 }, "geometry": { "type": "LineString", "coordinates": [ [ -75.556743, 6.46012 ], [ -75.555245, 6.333587 ] ] } },
{ "type": "Feature", "properties": { "source": "SAN PEDRO DE LOS MILAGROS", "target": "MEDELLÍN", "distance": 0.33333333333333331, "betweenness": 0.0030057330057330061, "weight": 0.10300573300573301 }, "geometry": { "type": "LineString", "coordinates": [ [ -75.556743, 6.46012 ], [ -75.581775, 6.246631 ] ] } },
{ "type": "Feature", "properties": { "source": "SAN PEDRO DE LOS MILAGROS", "target": "COPACABANA", "distance": 0.5, "betweenness": 0.0, "weight": 0.1 }, "geometry": { "type": "LineString", "coordinates": [ [ -75.556743, 6.46012 ], [ -75.509384, 6.348557 ] ] } },
{ "type": "Feature", "properties": { "source": "SAN PEDRO DE LOS MILAGROS", "target": "GIRARDOTA", "distance": 0.5, "betweenness": 0.0, "weight": 0.1 }, "geometry": { "type": "LineString", "coordinates": [ [ -75.556743, 6.46012 ], [ -75.444238, 6.379472 ] ] } },
{ "type": "Feature", "properties": { "source": "SAN PEDRO DE LOS MILAGROS", "target": "SAN JERÓNIMO", "distance": 0.5, "betweenness": 0.00016380016380016381, "weight": 0.10016380016380017 }, "geometry": { "type": "LineString", "coordinates": [ [ -75.556743, 6.46012 ], [ -75.726975, 6.44809 ] ] } },
{ "type": "Feature", "properties": { "source": "SAN PEDRO DE LOS MILAGROS", "target": "EBÉJICO", "distance": 0.5, "betweenness": 0.00024570024570024569, "weight": 0.10024570024570024 }, "geometry": { "type": "LineString", "coordinates": [ [ -75.556743, 6.46012 ], [ -75.766413, 6.325615 ] ] } },
{ "type": "Feature", "properties": { "source": "SAN PEDRO DE LOS MILAGROS", "target": "GUARNE", "distance": 0.33333333333333331, "betweenness": 0.0040212940212940211, "weight": 0.10402129402129402 }, "geometry": { "type": "LineString", "coordinates": [ [ -75.556743, 6.46012 ], [ -75.441612, 6.27787 ] ] } },
{ "type": "Feature", "properties": { "source": "SAN PEDRO DE LOS MILAGROS", "target": "SAN VICENTE FERRER", "distance": 0.33333333333333331, "betweenness": 0.0025880425880425877, "weight": 0.10258804258804259 }, "geometry": { "type": "LineString", "coordinates": [ [ -75.556743, 6.46012 ], [ -75.332616, 6.282164 ] ] } },
{ "type": "Feature", "properties": { "source": "SAN PEDRO DE LOS MILAGROS", "target": "CONCEPCIÓN", "distance": 0.33333333333333331, "betweenness": 0.0017717717717717718, "weight": 0.10177177177177178 }, "geometry": { "type": "LineString", "coordinates": [ [ -75.556743, 6.46012 ], [ -75.257587, 6.394348 ] ] } },
{ "type": "Feature", "properties": { "source": "SAN PEDRO DE LOS MILAGROS", "target": "HELICONIA", "distance": 0.25, "betweenness": 0.0083348933348933348, "weight": 0.10833489333489334 }, "geometry": { "type": "LineString", "coordinates": [ [ -75.556743, 6.46012 ], [ -75.734322, 6.206757 ] ] } },
{ "type": "Feature", "properties": { "source": "SAN PEDRO DE LOS MILAGROS", "target": "ITAGÜÍ", "distance": 0.5, "betweenness": 0.00032760032760032761, "weight": 0.10032760032760034 }, "geometry": { "type": "LineString", "coordinates": [ [ -75.556743, 6.46012 ], [ -75.612056, 6.175079 ] ] } },
{ "type": "Feature", "properties": { "source": "SAN PEDRO DE LOS MILAGROS", "target": "ENVIGADO", "distance": 1.0, "betweenness": 0.0, "weight": 0.1 }, "geometry": { "type": "LineString", "coordinates": [ [ -75.556743, 6.46012 ], [ -75.582192, 6.166695 ] ] } },
{ "type": "Feature", "properties": { "source": "SAN JERÓNIMO", "target": "MEDELLÍN", "distance": 0.5, "betweenness": 0.00090090090090090091, "weight": 0.10090090090090091 }, "geometry": { "type": "LineString", "coordinates": [ [ -75.726975, 6.44809 ], [ -75.581775, 6.246631 ] ] } },
{ "type": "Feature", "properties": { "source": "SAN JERÓNIMO", "target": "EBÉJICO", "distance": 0.5, "betweenness": 0.00016380016380016381, "weight": 0.10016380016380017 }, "geometry": { "type": "LineString", "coordinates": [ [ -75.726975, 6.44809 ], [ -75.766413, 6.325615 ] ] } },
{ "type": "Feature", "properties": { "source": "SAN JERÓNIMO", "target": "BELLO", "distance": 0.33333333333333331, "betweenness": 0.006142506142506143, "weight": 0.10614250614250614 }, "geometry": { "type": "LineString", "coordinates": [ [ -75.726975, 6.44809 ], [ -75.555245, 6.333587 ] ] } },
{ "type": "Feature", "properties": { "source": "SAN JERÓNIMO", "target": "COPACABANA", "distance": 0.5, "betweenness": 0.0, "weight": 0.1 }, "geometry": { "type": "LineString", "coordinates": [ [ -75.726975, 6.44809 ], [ -75.509384, 6.348557 ] ] } },
{ "type": "Feature", "properties": { "source": "SAN JERÓNIMO", "target": "GIRARDOTA", "distance": 0.5, "betweenness": 0.00024570024570024569, "weight": 0.10024570024570024 }, "geometry": { "type": "LineString", "coordinates": [ [ -75.726975, 6.44809 ], [ -75.444238, 6.379472 ] ] } },
{ "type": "Feature", "properties": { "source": "SAN JERÓNIMO", "target": "HELICONIA", "distance": 0.5, "betweenness": 0.0011056511056511057, "weight": 0.10110565110565112 }, "geometry": { "type": "LineString", "coordinates": [ [ -75.726975, 6.44809 ], [ -75.734322, 6.206757 ] ] } },
{ "type": "Feature", "properties": { "source": "SAN JERÓNIMO", "target": "ANZÁ", "distance": 0.33333333333333331, "betweenness": 0.0028528528528528525, "weight": 0.10285285285285285 }, "geometry": { "type": "LineString", "coordinates": [ [ -75.726975, 6.44809 ], [ -75.854442, 6.302641 ] ] } },
{ "type": "Feature", "properties": { "source": "SAN JERÓNIMO", "target": "ITAGÜÍ", "distance": 0.5, "betweenness": 0.00046410046410046412, "weight": 0.10046410046410047 }, "geometry": { "type": "LineString", "coordinates": [ [ -75.726975, 6.44809 ], [ -75.612056, 6.175079 ] ] } },
{ "type": "Feature", "properties": { "source": "SAN JERÓNIMO", "target": "ARMENIA", "distance": 1.0, "betweenness": 0.0, "weight": 0.1 }, "geometry": { "type": "LineString", "coordinates": [ [ -75.726975, 6.44809 ], [ -75.786647, 6.155667 ] ] } },
{ "type": "Feature", "properties": { "source": "SAN JERÓNIMO", "target": "GUARNE", "distance": 1.0, "betweenness": 0.0, "weight": 0.1 }, "geometry": { "type": "LineString", "coordinates": [ [ -75.726975, 6.44809 ], [ -75.441612, 6.27787 ] ] } },
{ "type": "Feature", "properties": { "source": "ANZÁ", "target": "EBÉJICO", "distance": 0.5, "betweenness": 0.00030030030030030029, "weight": 0.10030030030030031 }, "geometry": { "type": "LineString", "coordinates": [ [ -75.854442, 6.302641 ], [ -75.766413, 6.325615 ] ] } },
{ "type": "Feature", "properties": { "source": "ANZÁ", "target": "HELICONIA", "distance": 0.5, "betweenness": 0.0004368004368004368, "weight": 0.10043680043680044 }, "geometry": { "type": "LineString", "coordinates": [ [ -75.854442, 6.302641 ], [ -75.734322, 6.206757 ] ] } },
{ "type": "Feature", "properties": { "source": "ANZÁ", "target": "MEDELLÍN", "distance": 0.33333333333333331, "betweenness": 0.018236418236418243, "weight": 0.11823641823641826 }, "geometry": { "type": "LineString", "coordinates": [ [ -75.854442, 6.302641 ], [ -75.581775, 6.246631 ] ] } },
{ "type": "Feature", "properties": { "source": "ANZÁ", "target": "ARMENIA", "distance": 0.5, "betweenness": 0.00054600054600054593, "weight": 0.10054600054600055 }, "geometry": { "type": "LineString", "coordinates": [ [ -75.854442, 6.302641 ], [ -75.786647, 6.155667 ] ] } },
{ "type": "Feature", "properties": { "source": "ANZÁ", "target": "CONCORDIA", "distance": 0.5, "betweenness": 0.00032760032760032761, "weight": 0.10032760032760034 }, "geometry": { "type": "LineString", "coordinates": [ [ -75.854442, 6.302641 ], [ -75.908448, 6.045738 ] ] } },
{ "type": "Feature", "properties": { "source": "ANZÁ", "target": "TITIRIBÍ", "distance": 0.5, "betweenness": 0.0011193011193011194, "weight": 0.10111930111930112 }, "geometry": { "type": "LineString", "coordinates": [ [ -75.854442, 6.302641 ], [ -75.791887, 6.062391 ] ] } },
{ "type": "Feature", "properties": { "source": "ANZÁ", "target": "SALGAR", "distance": 0.33333333333333331, "betweenness": 0.0085858585858585856, "weight": 0.10858585858585859 }, "geometry": { "type": "LineString", "coordinates": [ [ -75.854442, 6.302641 ], [ -75.976807, 5.964198 ] ] } },
{ "type": "Feature", "properties": { "source": "ANZÁ", "target": "ANGELÓPOLIS", "distance": 1.0, "betweenness": 0.0, "weight": 0.1 }, "geometry": { "type": "LineString", "coordinates": [ [ -75.854442, 6.302641 ], [ -75.711389, 6.109719 ] ] } },
{ "type": "Feature", "properties": { "source": "COPACABANA", "target": "SAN VICENTE FERRER", "distance": 0.16666666666666666, "betweenness": 0.027493272493272491, "weight": 0.1274932724932725 }, "geometry": { "type": "LineString", "coordinates": [ [ -75.509384, 6.348557 ], [ -75.332616, 6.282164 ] ] } },
{ "type": "Feature", "properties": { "source": "COPACABANA", "target": "BELLO", "distance": 0.5, "betweenness": 0.0, "weight": 0.1 }, "geometry": { "type": "LineString", "coordinates": [ [ -75.509384, 6.348557 ], [ -75.555245, 6.333587 ] ] } },
{ "type": "Feature", "properties": { "source": "COPACABANA", "target": "GIRARDOTA", "distance": 0.5, "betweenness": 0.0, "weight": 0.1 }, "geometry": { "type": "LineString", "coordinates": [ [ -75.509384, 6.348557 ], [ -75.444238, 6.379472 ] ] } },
{ "type": "Feature", "properties": { "source": "COPACABANA", "target": "GUARNE", "distance": 0.5, "betweenness": 0.00065520065520065522, "weight": 0.10065520065520066 }, "geometry": { "type": "LineString", "coordinates": [ [ -75.509384, 6.348557 ], [ -75.441612, 6.27787 ] ] } },
{ "type": "Feature", "properties": { "source": "COPACABANA", "target": "MEDELLÍN", "distance": 0.33333333333333331, "betweenness": 0.0069410319410319428, "weight": 0.10694103194103195 }, "geometry": { "type": "LineString", "coordinates": [ [ -75.509384, 6.348557 ], [ -75.581775, 6.246631 ] ] } },
{ "type": "Feature", "properties": { "source": "COPACABANA", "target": "CONCEPCIÓN", "distance": 0.16666666666666666, "betweenness": 0.034843804843804844, "weight": 0.13484380484380484 }, "geometry": { "type": "LineString", "coordinates": [ [ -75.509384, 6.348557 ], [ -75.257587, 6.394348 ] ] } },
{ "type": "Feature", "properties": { "source": "COPACABANA", "target": "ENVIGADO", "distance": 0.5, "betweenness": 0.0039312039312039311, "weight": 0.10393120393120393 }, "geometry": { "type": "LineString", "coordinates": [ [ -75.509384, 6.348557 ], [ -75.582192, 6.166695 ] ] } },
{ "type": "Feature", "properties": { "source": "COPACABANA", "target": "RIONEGRO", "distance": 0.5, "betweenness": 0.00030712530712530712, "weight": 0.10030712530712531 }, "geometry": { "type": "LineString", "coordinates": [ [ -75.509384, 6.348557 ], [ -75.377316, 6.147148 ] ] } },
{ "type": "Feature", "properties": { "source": "COPACABANA", "target": "RETIRO", "distance": 0.5, "betweenness": 0.00044362544362544357, "weight": 0.10044362544362545 }, "geometry": { "type": "LineString", "coordinates": [ [ -75.509384, 6.348557 ], [ -75.501301, 6.062454 ] ] } },
{ "type": "Feature", "properties": { "source": "COPACABANA", "target": "MARINILLA", "distance": 0.5, "betweenness": 0.0025798525798525801, "weight": 0.10257985257985258 }, "geometry": { "type": "LineString", "coordinates": [ [ -75.509384, 6.348557 ], [ -75.339345, 6.173995 ] ] } },
{ "type": "Feature", "properties": { "source": "COPACABANA", "target": "ITAGÜÍ", "distance": 0.33333333333333331, "betweenness": 0.00966011466011466, "weight": 0.10966011466011466 }, "geometry": { "type": "LineString", "coordinates": [ [ -75.509384, 6.348557 ], [ -75.612056, 6.175079 ] ] } },
{ "type": "Feature", "properties": { "source": "COPACABANA", "target": "PEÑOL", "distance": 0.5, "betweenness": 0.00089076089076089082, "weight": 0.10089076089076089 }, "geometry": { "type": "LineString", "coordinates": [ [ -75.509384, 6.348557 ], [ -75.242693, 6.219349 ] ] } },
{ "type": "Feature", "properties": { "source": "COPACABANA", "target": "EBÉJICO", "distance": 1.0, "betweenness": 0.0, "weight": 0.1 }, "geometry": { "type": "LineString", "coordinates": [ [ -75.509384, 6.348557 ], [ -75.766413, 6.325615 ] ] } },
{ "type": "Feature", "properties": { "source": "COPACABANA", "target": "SABANETA", "distance": 0.5, "betweenness": 0.0021225771225771226, "weight": 0.10212257712257714 }, "geometry": { "type": "LineString", "coordinates": [ [ -75.509384, 6.348557 ], [ -75.615479, 6.149903 ] ] } },
{ "type": "Feature", "properties": { "source": "COPACABANA", "target": "HELICONIA", "distance": 0.25, "betweenness": 0.056155961155961151, "weight": 0.15615596115596114 }, "geometry": { "type": "LineString", "coordinates": [ [ -75.509384, 6.348557 ], [ -75.734322, 6.206757 ] ] } },
{ "type": "Feature", "properties": { "source": "COPACABANA", "target": "LA ESTRELLA", "distance": 1.0, "betweenness": 0.0, "weight": 0.1 }, "geometry": { "type": "LineString", "coordinates": [ [ -75.509384, 6.348557 ], [ -75.637708, 6.145238 ] ] } },
{ "type": "Feature", "properties": { "source": "SAN ROQUE", "target": "SAN RAFAEL", "distance": 0.5, "betweenness": 0.0015947115947115948, "weight": 0.1015947115947116 }, "geometry": { "type": "LineString", "coordinates": [ [ -75.019109, 6.485939 ], [ -75.02849, 6.293759 ] ] } },
{ "type": "Feature", "properties": { "source": "SAN ROQUE", "target": "MACEO", "distance": 0.5, "betweenness": 0.0082364182364182345, "weight": 0.10823641823641825 }, "geometry": { "type": "LineString", "coordinates": [ [ -75.019109, 6.485939 ], [ -74.78716, 6.552116 ] ] } },
{ "type": "Feature", "properties": { "source": "SAN ROQUE", "target": "ALEJANDRÍA", "distance": 0.5, "betweenness": 0.00063336063336063349, "weight": 0.10063336063336063 }, "geometry": { "type": "LineString", "coordinates": [ [ -75.019109, 6.485939 ], [ -75.141346, 6.376061 ] ] } },
{ "type": "Feature", "properties": { "source": "SAN ROQUE", "target": "CARACOLÍ", "distance": 0.5, "betweenness": 0.0076303576303576297, "weight": 0.10763035763035764 }, "geometry": { "type": "LineString", "coordinates": [ [ -75.019109, 6.485939 ], [ -74.757421, 6.409829 ] ] } },
{ "type": "Feature", "properties": { "source": "SAN ROQUE", "target": "CONCEPCIÓN", "distance": 0.5, "betweenness": 0.00072072072072072084, "weight": 0.10072072072072073 }, "geometry": { "type": "LineString", "coordinates": [ [ -75.019109, 6.485939 ], [ -75.257587, 6.394348 ] ] } },
{ "type": "Feature", "properties": { "source": "SAN ROQUE", "target": "CISNEROS", "distance": 0.5, "betweenness": 0.00064740064740064743, "weight": 0.10064740064740066 }, "geometry": { "type": "LineString", "coordinates": [ [ -75.019109, 6.485939 ], [ -75.087047, 6.537829 ] ] } },
{ "type": "Feature", "properties": { "source": "SAN ROQUE", "target": "SAN CARLOS", "distance": 0.5, "betweenness": 0.0046055146055146053, "weight": 0.10460551460551461 }, "geometry": { "type": "LineString", "coordinates": [ [ -75.019109, 6.485939 ], [ -74.988097, 6.187746 ] ] } },
{ "type": "Feature", "properties": { "source": "SAN ROQUE", "target": "YALÍ", "distance": 0.5, "betweenness": 0.0060114660114660113, "weight": 0.10601146601146602 }, "geometry": { "type": "LineString", "coordinates": [ [ -75.019109, 6.485939 ], [ -74.840059, 6.676554 ] ] } },
{ "type": "Feature", "properties": { "source": "SAN ROQUE", "target": "GUATAPÉ", "distance": 0.5, "betweenness": 0.0017335517335517337, "weight": 0.10173355173355174 }, "geometry": { "type": "LineString", "coordinates": [ [ -75.019109, 6.485939 ], [ -75.160041, 6.232461 ] ] } },
{ "type": "Feature", "properties": { "source": "SAN ROQUE", "target": "PEÑOL", "distance": 1.0, "betweenness": 0.0, "weight": 0.1 }, "geometry": { "type": "LineString", "coordinates": [ [ -75.019109, 6.485939 ], [ -75.242693, 6.219349 ] ] } },
{ "type": "Feature", "properties": { "source": "SAN ROQUE", "target": "PUERTO BERRÍO", "distance": 1.0, "betweenness": 0.0029620529620529626, "weight": 0.10296205296205296 }, "geometry": { "type": "LineString", "coordinates": [ [ -75.019109, 6.485939 ], [ -74.410016, 6.487028 ] ] } },
{ "type": "Feature", "properties": { "source": "CONCEPCIÓN", "target": "GUARNE", "distance": 0.5, "betweenness": 0.001583856583856584, "weight": 0.10158385658385659 }, "geometry": { "type": "LineString", "coordinates": [ [ -75.257587, 6.394348 ], [ -75.441612, 6.27787 ] ] } },
{ "type": "Feature", "properties": { "source": "CONCEPCIÓN", "target": "GUATAPÉ", "distance": 0.5, "betweenness": 0.00024570024570024569, "weight": 0.10024570024570024 }, "geometry": { "type": "LineString", "coordinates": [ [ -75.257587, 6.394348 ], [ -75.160041, 6.232461 ] ] } },
{ "type": "Feature", "properties": { "source": "CONCEPCIÓN", "target": "CISNEROS", "distance": 0.5, "betweenness": 0.0044265044265044268, "weight": 0.10442650442650443 }, "geometry": { "type": "LineString", "coordinates": [ [ -75.257587, 6.394348 ], [ -75.087047, 6.537829 ] ] } },
{ "type": "Feature", "properties": { "source": "CONCEPCIÓN", "target": "SAN VICENTE FERRER", "distance": 0.5, "betweenness": 0.0, "weight": 0.1 }, "geometry": { "type": "LineString", "coordinates": [ [ -75.257587, 6.394348 ], [ -75.332616, 6.282164 ] ] } },
{ "type": "Feature", "properties": { "source": "CONCEPCIÓN", "target": "MARINILLA", "distance": 0.5, "betweenness": 0.00065520065520065522, "weight": 0.10065520065520066 }, "geometry": { "type": "LineString", "coordinates": [ [ -75.257587, 6.394348 ], [ -75.339345, 6.173995 ] ] } },
{ "type": "Feature", "properties": { "source": "CONCEPCIÓN", "target": "PEÑOL", "distance": 0.33333333333333331, "betweenness": 0.0038079638079638076, "weight": 0.10380796380796381 }, "geometry": { "type": "LineString", "coordinates": [ [ -75.257587, 6.394348 ], [ -75.242693, 6.219349 ] ] } },
{ "type": "Feature", "properties": { "source": "CONCEPCIÓN", "target": "GIRARDOTA", "distance": 0.5, "betweenness": 0.00032760032760032761, "weight": 0.10032760032760034 }, "geometry": { "type": "LineString", "coordinates": [ [ -75.257587, 6.394348 ], [ -75.444238, 6.379472 ] ] } },
{ "type": "Feature", "properties": { "source": "CONCEPCIÓN", "target": "ALEJANDRÍA", "distance": 0.5, "betweenness": 0.00044908544908544911, "weight": 0.10044908544908546 }, "geometry": { "type": "LineString", "coordinates": [ [ -75.257587, 6.394348 ], [ -75.141346, 6.376061 ] ] } },
{ "type": "Feature", "properties": { "source": "CONCEPCIÓN", "target": "SAN RAFAEL", "distance": 0.5, "betweenness": 0.0019159419159419158, "weight": 0.10191594191594192 }, "geometry": { "type": "LineString", "coordinates": [ [ -75.257587, 6.394348 ], [ -75.02849, 6.293759 ] ] } },
{ "type": "Feature", "properties": { "source": "CONCEPCIÓN", "target": "EL SANTUARIO", "distance": 0.5, "betweenness": 0.0015779415779415779, "weight": 0.10157794157794159 }, "geometry": { "type": "LineString", "coordinates": [ [ -75.257587, 6.394348 ], [ -75.265465, 6.136871 ] ] } },
{ "type": "Feature", "properties": { "source": "CONCEPCIÓN", "target": "RIONEGRO", "distance": 0.5, "betweenness": 0.0019587769587769586, "weight": 0.10195877695877696 }, "geometry": { "type": "LineString", "coordinates": [ [ -75.257587, 6.394348 ], [ -75.377316, 6.147148 ] ] } },
{ "type": "Feature", "properties": { "source": "CONCEPCIÓN", "target": "SAN CARLOS", "distance": 0.33333333333333331, "betweenness": 0.0082898482898482902, "weight": 0.10828984828984829 }, "geometry": { "type": "LineString", "coordinates": [ [ -75.257587, 6.394348 ], [ -74.988097, 6.187746 ] ] } },
{ "type": "Feature", "properties": { "source": "CONCEPCIÓN", "target": "GRANADA", "distance": 0.33333333333333331, "betweenness": 0.012887172887172884, "weight": 0.11288717288717288 }, "geometry": { "type": "LineString", "coordinates": [ [ -75.257587, 6.394348 ], [ -75.184446, 6.142892 ] ] } },
{ "type": "Feature", "properties": { "source": "CONCEPCIÓN", "target": "COCORNÁ", "distance": 0.5, "betweenness": 0.0038590538590538587, "weight": 0.10385905385905386 }, "geometry": { "type": "LineString", "coordinates": [ [ -75.257587, 6.394348 ], [ -75.185483, 6.058295 ] ] } },
{ "type": "Feature", "properties": { "source": "CISNEROS", "target": "ALEJANDRÍA", "distance": 0.5, "betweenness": 0.00099840099840099814, "weight": 0.100998400998401 }, "geometry": { "type": "LineString", "coordinates": [ [ -75.087047, 6.537829 ], [ -75.141346, 6.376061 ] ] } },
{ "type": "Feature", "properties": { "source": "CISNEROS", "target": "SAN RAFAEL", "distance": 1.0, "betweenness": 4.6800046800046801e-05, "weight": 0.10004680004680006 }, "geometry": { "type": "LineString", "coordinates": [ [ -75.087047, 6.537829 ], [ -75.02849, 6.293759 ] ] } },
{ "type": "Feature", "properties": { "source": "CISNEROS", "target": "GUATAPÉ", "distance": 1.0, "betweenness": 0.0, "weight": 0.1 }, "geometry": { "type": "LineString", "coordinates": [ [ -75.087047, 6.537829 ], [ -75.160041, 6.232461 ] ] } },
{ "type": "Feature", "properties": { "source": "VEGACHÍ", "target": "REMEDIOS", "distance": 1.0, "betweenness": 8.1900081900081903e-05, "weight": 0.10008190008190009 }, "geometry": { "type": "LineString", "coordinates": [ [ -74.798714, 6.773525 ], [ -74.698135, 7.029424 ] ] } },
{ "type": "Feature", "properties": { "source": "VEGACHÍ", "target": "YALÍ", "distance": 0.5, "betweenness": 0.00049140049140049139, "weight": 0.1004914004914005 }, "geometry": { "type": "LineString", "coordinates": [ [ -74.798714, 6.773525 ], [ -74.840059, 6.676554 ] ] } },
{ "type": "Feature", "properties": { "source": "YALÍ", "target": "MACEO", "distance": 0.5, "betweenness": 0.00081900081900081905, "weight": 0.10081900081900083 }, "geometry": { "type": "LineString", "coordinates": [ [ -74.840059, 6.676554 ], [ -74.78716, 6.552116 ] ] } },
{ "type": "Feature", "properties": { "source": "GIRARDOTA", "target": "SAN VICENTE FERRER", "distance": 0.5, "betweenness": 0.0, "weight": 0.1 }, "geometry": { "type": "LineString", "coordinates": [ [ -75.444238, 6.379472 ], [ -75.332616, 6.282164 ] ] } },
{ "type": "Feature", "properties": { "source": "GIRARDOTA", "target": "BELLO", "distance": 0.5, "betweenness": 0.00032760032760032761, "weight": 0.10032760032760034 }, "geometry": { "type": "LineString", "coordinates": [ [ -75.444238, 6.379472 ], [ -75.555245, 6.333587 ] ] } },
{ "type": "Feature", "properties": { "source": "GIRARDOTA", "target": "GUARNE", "distance": 0.5, "betweenness": 0.00049140049140049139, "weight": 0.1004914004914005 }, "geometry": { "type": "LineString", "coordinates": [ [ -75.444238, 6.379472 ], [ -75.441612, 6.27787 ] ] } },
{ "type": "Feature", "properties": { "source": "GIRARDOTA", "target": "MEDELLÍN", "distance": 0.5, "betweenness": 0.00063882063882063887, "weight": 0.10063882063882064 }, "geometry": { "type": "LineString", "coordinates": [ [ -75.444238, 6.379472 ], [ -75.581775, 6.246631 ] ] } },
{ "type": "Feature", "properties": { "source": "GIRARDOTA", "target": "RIONEGRO", "distance": 0.5, "betweenness": 0.0012530712530712531, "weight": 0.10125307125307126 }, "geometry": { "type": "LineString", "coordinates": [ [ -75.444238, 6.379472 ], [ -75.377316, 6.147148 ] ] } },
{ "type": "Feature", "properties": { "source": "GIRARDOTA", "target": "MARINILLA", "distance": 0.5, "betweenness": 0.0020475020475020475, "weight": 0.10204750204750206 }, "geometry": { "type": "LineString", "coordinates": [ [ -75.444238, 6.379472 ], [ -75.339345, 6.173995 ] ] } },
{ "type": "Feature", "properties": { "source": "GIRARDOTA", "target": "PEÑOL", "distance": 0.5, "betweenness": 0.0021703521703521703, "weight": 0.10217035217035217 }, "geometry": { "type": "LineString", "coordinates": [ [ -75.444238, 6.379472 ], [ -75.242693, 6.219349 ] ] } },
{ "type": "Feature", "properties": { "source": "GIRARDOTA", "target": "ENVIGADO", "distance": 0.5, "betweenness": 0.0043079443079443074, "weight": 0.10430794430794431 }, "geometry": { "type": "LineString", "coordinates": [ [ -75.444238, 6.379472 ], [ -75.582192, 6.166695 ] ] } },
{ "type": "Feature", "properties": { "source": "GIRARDOTA", "target": "RETIRO", "distance": 0.5, "betweenness": 0.001949221949221949, "weight": 0.10194922194922196 }, "geometry": { "type": "LineString", "coordinates": [ [ -75.444238, 6.379472 ], [ -75.501301, 6.062454 ] ] } },
{ "type": "Feature", "properties": { "source": "BELLO", "target": "MEDELLÍN", "distance": 0.5, "betweenness": 0.00032760032760032761, "weight": 0.10032760032760034 }, "geometry": { "type": "LineString", "coordinates": [ [ -75.555245, 6.333587 ], [ -75.581775, 6.246631 ] ] } },
{ "type": "Feature", "properties": { "source": "BELLO", "target": "GUARNE", "distance": 0.33333333333333331, "betweenness": 0.0018113568113568112, "weight": 0.10181135681135682 }, "geometry": { "type": "LineString", "coordinates": [ [ -75.555245, 6.333587 ], [ -75.441612, 6.27787 ] ] } },
{ "type": "Feature", "properties": { "source": "BELLO", "target": "ITAGÜÍ", "distance": 0.5, "betweenness": 0.00016380016380016381, "weight": 0.10016380016380017 }, "geometry": { "type": "LineString", "coordinates": [ [ -75.555245, 6.333587 ], [ -75.612056, 6.175079 ] ] } },
{ "type": "Feature", "properties": { "source": "BELLO", "target": "EBÉJICO", "distance": 0.5, "betweenness": 0.0015424515424515425, "weight": 0.10154245154245155 }, "geometry": { "type": "LineString", "coordinates": [ [ -75.555245, 6.333587 ], [ -75.766413, 6.325615 ] ] } },
{ "type": "Feature", "properties": { "source": "BELLO", "target": "HELICONIA", "distance": 0.5, "betweenness": 0.00034125034125034122, "weight": 0.10034125034125034 }, "geometry": { "type": "LineString", "coordinates": [ [ -75.555245, 6.333587 ], [ -75.734322, 6.206757 ] ] } },
{ "type": "Feature", "properties": { "source": "BELLO", "target": "SAN VICENTE FERRER", "distance": 0.25, "betweenness": 0.0057029757029757027, "weight": 0.10570297570297571 }, "geometry": { "type": "LineString", "coordinates": [ [ -75.555245, 6.333587 ], [ -75.332616, 6.282164 ] ] } },
{ "type": "Feature", "properties": { "source": "BELLO", "target": "ANGELÓPOLIS", "distance": 0.33333333333333331, "betweenness": 0.0070707070707070703, "weight": 0.10707070707070708 }, "geometry": { "type": "LineString", "coordinates": [ [ -75.555245, 6.333587 ], [ -75.711389, 6.109719 ] ] } },
{ "type": "Feature", "properties": { "source": "BELLO", "target": "ENVIGADO", "distance": 0.5, "betweenness": 0.00036855036855036854, "weight": 0.10036855036855037 }, "geometry": { "type": "LineString", "coordinates": [ [ -75.555245, 6.333587 ], [ -75.582192, 6.166695 ] ] } },
{ "type": "Feature", "properties": { "source": "BELLO", "target": "LA ESTRELLA", "distance": 0.5, "betweenness": 0.003286923286923287, "weight": 0.10328692328692329 }, "geometry": { "type": "LineString", "coordinates": [ [ -75.555245, 6.333587 ], [ -75.637708, 6.145238 ] ] } },
{ "type": "Feature", "properties": { "source": "BELLO", "target": "SABANETA", "distance": 0.5, "betweenness": 0.0, "weight": 0.1 }, "geometry": { "type": "LineString", "coordinates": [ [ -75.555245, 6.333587 ], [ -75.615479, 6.149903 ] ] } },
{ "type": "Feature", "properties": { "source": "BELLO", "target": "RIONEGRO", "distance": 0.5, "betweenness": 0.00024570024570024569, "weight": 0.10024570024570024 }, "geometry": { "type": "LineString", "coordinates": [ [ -75.555245, 6.333587 ], [ -75.377316, 6.147148 ] ] } },
{ "type": "Feature", "properties": { "source": "BELLO", "target": "RETIRO", "distance": 0.25, "betweenness": 0.025480480480480482, "weight": 0.12548048048048049 }, "geometry": { "type": "LineString", "coordinates": [ [ -75.555245, 6.333587 ], [ -75.501301, 6.062454 ] ] } },
{ "type": "Feature", "properties": { "source": "BELLO", "target": "CALDAS", "distance": 1.0, "betweenness": 0.0, "weight": 0.1 }, "geometry": { "type": "LineString", "coordinates": [ [ -75.555245, 6.333587 ], [ -75.633673, 6.091077 ] ] } },
{ "type": "Feature", "properties": { "source": "BELLO", "target": "MARINILLA", "distance": 1.0, "betweenness": 0.0, "weight": 0.1 }, "geometry": { "type": "LineString", "coordinates": [ [ -75.555245, 6.333587 ], [ -75.339345, 6.173995 ] ] } },
{ "type": "Feature", "properties": { "source": "MEDELLÍN", "target": "EBÉJICO", "distance": 0.5, "betweenness": 0.0011466011466011467, "weight": 0.10114660114660115 }, "geometry": { "type": "LineString", "coordinates": [ [ -75.581775, 6.246631 ], [ -75.766413, 6.325615 ] ] } },
{ "type": "Feature", "properties": { "source": "MEDELLÍN", "target": "ANGELÓPOLIS", "distance": 0.5, "betweenness": 0.00080535080535080528, "weight": 0.10080535080535082 }, "geometry": { "type": "LineString", "coordinates": [ [ -75.581775, 6.246631 ], [ -75.711389, 6.109719 ] ] } },
{ "type": "Feature", "properties": { "source": "MEDELLÍN", "target": "HELICONIA", "distance": 0.5, "betweenness": 0.00032760032760032761, "weight": 0.10032760032760034 }, "geometry": { "type": "LineString", "coordinates": [ [ -75.581775, 6.246631 ], [ -75.734322, 6.206757 ] ] } },
{ "type": "Feature", "properties": { "source": "MEDELLÍN", "target": "LA ESTRELLA", "distance": 0.5, "betweenness": 0.0013213213213213214, "weight": 0.10132132132132132 }, "geometry": { "type": "LineString", "coordinates": [ [ -75.581775, 6.246631 ], [ -75.637708, 6.145238 ] ] } },
{ "type": "Feature", "properties": { "source": "MEDELLÍN", "target": "ARMENIA", "distance": 0.5, "betweenness": 0.001337701337701338, "weight": 0.10133770133770134 }, "geometry": { "type": "LineString", "coordinates": [ [ -75.581775, 6.246631 ], [ -75.786647, 6.155667 ] ] } },
{ "type": "Feature", "properties": { "source": "MEDELLÍN", "target": "ENVIGADO", "distance": 0.5, "betweenness": 0.00040950040950040953, "weight": 0.10040950040950042 }, "geometry": { "type": "LineString", "coordinates": [ [ -75.581775, 6.246631 ], [ -75.582192, 6.166695 ] ] } },
{ "type": "Feature", "properties": { "source": "MEDELLÍN", "target": "SABANETA", "distance": 0.33333333333333331, "betweenness": 0.0019656019656019656, "weight": 0.10196560196560198 }, "geometry": { "type": "LineString", "coordinates": [ [ -75.581775, 6.246631 ], [ -75.615479, 6.149903 ] ] } },
{ "type": "Feature", "properties": { "source": "MEDELLÍN", "target": "ITAGÜÍ", "distance": 0.5, "betweenness": 0.00050505050505050505, "weight": 0.10050505050505051 }, "geometry": { "type": "LineString", "coordinates": [ [ -75.581775, 6.246631 ], [ -75.612056, 6.175079 ] ] } },
{ "type": "Feature", "properties": { "source": "MEDELLÍN", "target": "GUARNE", "distance": 0.5, "betweenness": 0.00065520065520065522, "weight": 0.10065520065520066 }, "geometry": { "type": "LineString", "coordinates": [ [ -75.581775, 6.246631 ], [ -75.441612, 6.27787 ] ] } },
{ "type": "Feature", "properties": { "source": "MEDELLÍN", "target": "CALDAS", "distance": 0.5, "betweenness": 0.00099645099645099644, "weight": 0.10099645099645101 }, "geometry": { "type": "LineString", "coordinates": [ [ -75.581775, 6.246631 ], [ -75.633673, 6.091077 ] ] } },
{ "type": "Feature", "properties": { "source": "MEDELLÍN", "target": "RETIRO", "distance": 0.5, "betweenness": 0.0004504504504504504, "weight": 0.10045045045045045 }, "geometry": { "type": "LineString", "coordinates": [ [ -75.581775, 6.246631 ], [ -75.501301, 6.062454 ] ] } },
{ "type": "Feature", "properties": { "source": "MEDELLÍN", "target": "RIONEGRO", "distance": 0.33333333333333331, "betweenness": 0.007201357201357202, "weight": 0.10720135720135721 }, "geometry": { "type": "LineString", "coordinates": [ [ -75.581775, 6.246631 ], [ -75.377316, 6.147148 ] ] } },
{ "type": "Feature", "properties": { "source": "MEDELLÍN", "target": "SAN VICENTE FERRER", "distance": 0.5, "betweenness": 0.00049140049140049139, "weight": 0.1004914004914005 }, "geometry": { "type": "LineString", "coordinates": [ [ -75.581775, 6.246631 ], [ -75.332616, 6.282164 ] ] } },
{ "type": "Feature", "properties": { "source": "MEDELLÍN", "target": "MARINILLA", "distance": 0.33333333333333331, "betweenness": 0.0076276276276276275, "weight": 0.10762762762762763 }, "geometry": { "type": "LineString", "coordinates": [ [ -75.581775, 6.246631 ], [ -75.339345, 6.173995 ] ] } },
{ "type": "Feature", "properties": { "source": "MEDELLÍN", "target": "EL CARMEN DE VIBORAL", "distance": 0.5, "betweenness": 0.0072347022347022351, "weight": 0.10723470223470224 }, "geometry": { "type": "LineString", "coordinates": [ [ -75.581775, 6.246631 ], [ -75.333901, 6.082885 ] ] } },
{ "type": "Feature", "properties": { "source": "MEDELLÍN", "target": "EL SANTUARIO", "distance": 0.5, "betweenness": 0.0038165438165438169, "weight": 0.10381654381654382 }, "geometry": { "type": "LineString", "coordinates": [ [ -75.581775, 6.246631 ], [ -75.265465, 6.136871 ] ] } },
{ "type": "Feature", "properties": { "source": "MEDELLÍN", "target": "LA CEJA", "distance": 0.5, "betweenness": 0.0007644007644007643, "weight": 0.10076440076440077 }, "geometry": { "type": "LineString", "coordinates": [ [ -75.581775, 6.246631 ], [ -75.429433, 6.028062 ] ] } },
{ "type": "Feature", "properties": { "source": "MEDELLÍN", "target": "AMAGÁ", "distance": 0.5, "betweenness": 0.0006279006279006279, "weight": 0.10062790062790063 }, "geometry": { "type": "LineString", "coordinates": [ [ -75.581775, 6.246631 ], [ -75.702188, 6.038708 ] ] } },
{ "type": "Feature", "properties": { "source": "MEDELLÍN", "target": "TITIRIBÍ", "distance": 0.33333333333333331, "betweenness": 0.0082783432783432778, "weight": 0.10827834327834328 }, "geometry": { "type": "LineString", "coordinates": [ [ -75.581775, 6.246631 ], [ -75.791887, 6.062391 ] ] } },
{ "type": "Feature", "properties": { "source": "MEDELLÍN", "target": "CONCORDIA", "distance": 0.33333333333333331, "betweenness": 0.014762099762099759, "weight": 0.11476209976209976 }, "geometry": { "type": "LineString", "coordinates": [ [ -75.581775, 6.246631 ], [ -75.908448, 6.045738 ] ] } },
{ "type": "Feature", "properties": { "source": "MEDELLÍN", "target": "FREDONIA", "distance": 0.5, "betweenness": 0.0021840021840021841, "weight": 0.10218400218400218 }, "geometry": { "type": "LineString", "coordinates": [ [ -75.581775, 6.246631 ], [ -75.675072, 5.928039 ] ] } },
{ "type": "Feature", "properties": { "source": "MEDELLÍN", "target": "SANTA BÁRBARA", "distance": 0.5, "betweenness": 0.0088274638274638273, "weight": 0.10882746382746383 }, "geometry": { "type": "LineString", "coordinates": [ [ -75.581775, 6.246631 ], [ -75.567351, 5.875527 ] ] } },
{ "type": "Feature", "properties": { "source": "EBÉJICO", "target": "LA ESTRELLA", "distance": 0.5, "betweenness": 0.00049140049140049139, "weight": 0.1004914004914005 }, "geometry": { "type": "LineString", "coordinates": [ [ -75.766413, 6.325615 ], [ -75.637708, 6.145238 ] ] } },
{ "type": "Feature", "properties": { "source": "EBÉJICO", "target": "HELICONIA", "distance": 0.5, "betweenness": 0.00032760032760032761, "weight": 0.10032760032760034 }, "geometry": { "type": "LineString", "coordinates": [ [ -75.766413, 6.325615 ], [ -75.734322, 6.206757 ] ] } },
{ "type": "Feature", "properties": { "source": "EBÉJICO", "target": "ANGELÓPOLIS", "distance": 0.5, "betweenness": 0.00049140049140049139, "weight": 0.1004914004914005 }, "geometry": { "type": "LineString", "coordinates": [ [ -75.766413, 6.325615 ], [ -75.711389, 6.109719 ] ] } },
{ "type": "Feature", "properties": { "source": "EBÉJICO", "target": "TITIRIBÍ", "distance": 0.5, "betweenness": 0.00092976092976092967, "weight": 0.10092976092976094 }, "geometry": { "type": "LineString", "coordinates": [ [ -75.766413, 6.325615 ], [ -75.791887, 6.062391 ] ] } },
{ "type": "Feature", "properties": { "source": "EBÉJICO", "target": "ITAGÜÍ", "distance": 0.5, "betweenness": 0.00024570024570024569, "weight": 0.10024570024570024 }, "geometry": { "type": "LineString", "coordinates": [ [ -75.766413, 6.325615 ], [ -75.612056, 6.175079 ] ] } },
{ "type": "Feature", "properties": { "source": "EBÉJICO", "target": "CALDAS", "distance": 0.5, "betweenness": 0.0017745017745017747, "weight": 0.10177450177450179 }, "geometry": { "type": "LineString", "coordinates": [ [ -75.766413, 6.325615 ], [ -75.633673, 6.091077 ] ] } },
{ "type": "Feature", "properties": { "source": "EBÉJICO", "target": "SABANETA", "distance": 0.5, "betweenness": 0.00081900081900081905, "weight": 0.10081900081900083 }, "geometry": { "type": "LineString", "coordinates": [ [ -75.766413, 6.325615 ], [ -75.615479, 6.149903 ] ] } },
{ "type": "Feature", "properties": { "source": "EBÉJICO", "target": "ARMENIA", "distance": 0.5, "betweenness": 0.00081900081900081905, "weight": 0.10081900081900083 }, "geometry": { "type": "LineString", "coordinates": [ [ -75.766413, 6.325615 ], [ -75.786647, 6.155667 ] ] } },
{ "type": "Feature", "properties": { "source": "EBÉJICO", "target": "ENVIGADO", "distance": 0.5, "betweenness": 0.0011875511875511877, "weight": 0.1011875511875512 }, "geometry": { "type": "LineString", "coordinates": [ [ -75.766413, 6.325615 ], [ -75.582192, 6.166695 ] ] } },
{ "type": "Feature", "properties": { "source": "EBÉJICO", "target": "CONCORDIA", "distance": 0.5, "betweenness": 0.00098436098436098431, "weight": 0.10098436098436099 }, "geometry": { "type": "LineString", "coordinates": [ [ -75.766413, 6.325615 ], [ -75.908448, 6.045738 ] ] } },
{ "type": "Feature", "properties": { "source": "EBÉJICO", "target": "AMAGÁ", "distance": 0.5, "betweenness": 0.0011973011973011975, "weight": 0.10119730119730121 }, "geometry": { "type": "LineString", "coordinates": [ [ -75.766413, 6.325615 ], [ -75.702188, 6.038708 ] ] } },
{ "type": "Feature", "properties": { "source": "GUARNE", "target": "SAN VICENTE FERRER", "distance": 0.5, "betweenness": 0.00018200018200018202, "weight": 0.10018200018200019 }, "geometry": { "type": "LineString", "coordinates": [ [ -75.441612, 6.27787 ], [ -75.332616, 6.282164 ] ] } },
{ "type": "Feature", "properties": { "source": "GUARNE", "target": "RIONEGRO", "distance": 0.5, "betweenness": 0.0, "weight": 0.1 }, "geometry": { "type": "LineString", "coordinates": [ [ -75.441612, 6.27787 ], [ -75.377316, 6.147148 ] ] } },
{ "type": "Feature", "properties": { "source": "GUARNE", "target": "MARINILLA", "distance": 0.5, "betweenness": 0.00090272090272090256, "weight": 0.10090272090272091 }, "geometry": { "type": "LineString", "coordinates": [ [ -75.441612, 6.27787 ], [ -75.339345, 6.173995 ] ] } },
{ "type": "Feature", "properties": { "source": "GUARNE", "target": "RETIRO", "distance": 0.25, "betweenness": 0.0023546273546273546, "weight": 0.10235462735462736 }, "geometry": { "type": "LineString", "coordinates": [ [ -75.441612, 6.27787 ], [ -75.501301, 6.062454 ] ] } },
{ "type": "Feature", "properties": { "source": "GUARNE", "target": "ENVIGADO", "distance": 0.5, "betweenness": 0.00016380016380016381, "weight": 0.10016380016380017 }, "geometry": { "type": "LineString", "coordinates": [ [ -75.441612, 6.27787 ], [ -75.582192, 6.166695 ] ] } },
{ "type": "Feature", "properties": { "source": "GUARNE", "target": "PEÑOL", "distance": 0.5, "betweenness": 0.00029666029666029667, "weight": 0.1002966602966603 }, "geometry": { "type": "LineString", "coordinates": [ [ -75.441612, 6.27787 ], [ -75.242693, 6.219349 ] ] } },
{ "type": "Feature", "properties": { "source": "GUARNE", "target": "EL CARMEN DE VIBORAL", "distance": 0.5, "betweenness": 0.00081919581919581924, "weight": 0.10081919581919582 }, "geometry": { "type": "LineString", "coordinates": [ [ -75.441612, 6.27787 ], [ -75.333901, 6.082885 ] ] } },
{ "type": "Feature", "properties": { "source": "GUARNE", "target": "LA CEJA", "distance": 0.5, "betweenness": 0.00032760032760032761, "weight": 0.10032760032760034 }, "geometry": { "type": "LineString", "coordinates": [ [ -75.441612, 6.27787 ], [ -75.429433, 6.028062 ] ] } },
{ "type": "Feature", "properties": { "source": "GUARNE", "target": "EL SANTUARIO", "distance": 0.5, "betweenness": 0.00055874055874055876, "weight": 0.10055874055874056 }, "geometry": { "type": "LineString", "coordinates": [ [ -75.441612, 6.27787 ], [ -75.265465, 6.136871 ] ] } },
{ "type": "Feature", "properties": { "source": "GUARNE", "target": "ITAGÜÍ", "distance": 0.33333333333333331, "betweenness": 0.00082446082446082443, "weight": 0.10082446082446082 }, "geometry": { "type": "LineString", "coordinates": [ [ -75.441612, 6.27787 ], [ -75.612056, 6.175079 ] ] } },
{ "type": "Feature", "properties": { "source": "GUARNE", "target": "SABANETA", "distance": 0.33333333333333331, "betweenness": 0.0020202020202020202, "weight": 0.10202020202020202 }, "geometry": { "type": "LineString", "coordinates": [ [ -75.441612, 6.27787 ], [ -75.615479, 6.149903 ] ] } },
{ "type": "Feature", "properties": { "source": "GUARNE", "target": "LA ESTRELLA", "distance": 0.33333333333333331, "betweenness": 0.0038165438165438173, "weight": 0.10381654381654382 }, "geometry": { "type": "LineString", "coordinates": [ [ -75.441612, 6.27787 ], [ -75.637708, 6.145238 ] ] } },
{ "type": "Feature", "properties": { "source": "GUARNE", "target": "CALDAS", "distance": 0.2, "betweenness": 0.014086814086814087, "weight": 0.11408681408681409 }, "geometry": { "type": "LineString", "coordinates": [ [ -75.441612, 6.27787 ], [ -75.633673, 6.091077 ] ] } },
{ "type": "Feature", "properties": { "source": "GUARNE", "target": "LA UNIÓN", "distance": 0.5, "betweenness": 0.0, "weight": 0.1 }, "geometry": { "type": "LineString", "coordinates": [ [ -75.441612, 6.27787 ], [ -75.360874, 5.973845 ] ] } },
{ "type": "Feature", "properties": { "source": "GUARNE", "target": "GUATAPÉ", "distance": 0.5, "betweenness": 0.001001001001001001, "weight": 0.10100100100100101 }, "geometry": { "type": "LineString", "coordinates": [ [ -75.441612, 6.27787 ], [ -75.160041, 6.232461 ] ] } },
{ "type": "Feature", "properties": { "source": "GUARNE", "target": "GRANADA", "distance": 0.5, "betweenness": 0.0005096005096005096, "weight": 0.10050960050960052 }, "geometry": { "type": "LineString", "coordinates": [ [ -75.441612, 6.27787 ], [ -75.184446, 6.142892 ] ] } },
{ "type": "Feature", "properties": { "source": "GUARNE", "target": "COCORNÁ", "distance": 0.5, "betweenness": 0.00089453089453089439, "weight": 0.1008945308945309 }, "geometry": { "type": "LineString", "coordinates": [ [ -75.441612, 6.27787 ], [ -75.185483, 6.058295 ] ] } },
{ "type": "Feature", "properties": { "source": "SAN VICENTE FERRER", "target": "PEÑOL", "distance": 0.33333333333333331, "betweenness": 0.0051905151905151901, "weight": 0.1051905151905152 }, "geometry": { "type": "LineString", "coordinates": [ [ -75.332616, 6.282164 ], [ -75.242693, 6.219349 ] ] } },
{ "type": "Feature", "properties": { "source": "SAN VICENTE FERRER", "target": "RIONEGRO", "distance": 0.33333333333333331, "betweenness": 0.0048102648102648108, "weight": 0.10481026481026481 }, "geometry": { "type": "LineString", "coordinates": [ [ -75.332616, 6.282164 ], [ -75.377316, 6.147148 ] ] } },
{ "type": "Feature", "properties": { "source": "SAN VICENTE FERRER", "target": "ALEJANDRÍA", "distance": 0.5, "betweenness": 0.00096778596778596777, "weight": 0.10096778596778597 }, "geometry": { "type": "LineString", "coordinates": [ [ -75.332616, 6.282164 ], [ -75.141346, 6.376061 ] ] } },
{ "type": "Feature", "properties": { "source": "SAN VICENTE FERRER", "target": "MARINILLA", "distance": 0.5, "betweenness": 0.00024570024570024569, "weight": 0.10024570024570024 }, "geometry": { "type": "LineString", "coordinates": [ [ -75.332616, 6.282164 ], [ -75.339345, 6.173995 ] ] } },
{ "type": "Feature", "properties": { "source": "SAN VICENTE FERRER", "target": "GUATAPÉ", "distance": 0.2, "betweenness": 0.022604422604422605, "weight": 0.12260442260442261 }, "geometry": { "type": "LineString", "coordinates": [ [ -75.332616, 6.282164 ], [ -75.160041, 6.232461 ] ] } },
{ "type": "Feature", "properties": { "source": "SAN VICENTE FERRER", "target": "ENVIGADO", "distance": 0.5, "betweenness": 0.00032760032760032761, "weight": 0.10032760032760034 }, "geometry": { "type": "LineString", "coordinates": [ [ -75.332616, 6.282164 ], [ -75.582192, 6.166695 ] ] } },
{ "type": "Feature", "properties": { "source": "SAN VICENTE FERRER", "target": "SAN RAFAEL", "distance": 0.5, "betweenness": 0.0047684047684047682, "weight": 0.10476840476840478 }, "geometry": { "type": "LineString", "coordinates": [ [ -75.332616, 6.282164 ], [ -75.02849, 6.293759 ] ] } },
{ "type": "Feature", "properties": { "source": "SAN VICENTE FERRER", "target": "EL SANTUARIO", "distance": 0.5, "betweenness": 0.0038902538902538903, "weight": 0.1038902538902539 }, "geometry": { "type": "LineString", "coordinates": [ [ -75.332616, 6.282164 ], [ -75.265465, 6.136871 ] ] } },
{ "type": "Feature", "properties": { "source": "SAN VICENTE FERRER", "target": "GRANADA", "distance": 0.5, "betweenness": 0.00032760032760032761, "weight": 0.10032760032760034 }, "geometry": { "type": "LineString", "coordinates": [ [ -75.332616, 6.282164 ], [ -75.184446, 6.142892 ] ] } },
{ "type": "Feature", "properties": { "source": "SAN VICENTE FERRER", "target": "SAN CARLOS", "distance": 0.33333333333333331, "betweenness": 0.017698607698607698, "weight": 0.11769860769860771 }, "geometry": { "type": "LineString", "coordinates": [ [ -75.332616, 6.282164 ], [ -74.988097, 6.187746 ] ] } },
{ "type": "Feature", "properties": { "source": "SAN VICENTE FERRER", "target": "EL CARMEN DE VIBORAL", "distance": 0.5, "betweenness": 0.0074708474708474722, "weight": 0.10747084747084748 }, "geometry": { "type": "LineString", "coordinates": [ [ -75.332616, 6.282164 ], [ -75.333901, 6.082885 ] ] } },
{ "type": "Feature", "properties": { "source": "SAN VICENTE FERRER", "target": "RETIRO", "distance": 0.33333333333333331, "betweenness": 0.0047420147420147423, "weight": 0.10474201474201475 }, "geometry": { "type": "LineString", "coordinates": [ [ -75.332616, 6.282164 ], [ -75.501301, 6.062454 ] ] } },
{ "type": "Feature", "properties": { "source": "SAN VICENTE FERRER", "target": "LA CEJA", "distance": 0.25, "betweenness": 0.035083265083265078, "weight": 0.13508326508326507 }, "geometry": { "type": "LineString", "coordinates": [ [ -75.332616, 6.282164 ], [ -75.429433, 6.028062 ] ] } },
{ "type": "Feature", "properties": { "source": "SAN VICENTE FERRER", "target": "COCORNÁ", "distance": 0.5, "betweenness": 0.0047679497679497676, "weight": 0.10476794976794977 }, "geometry": { "type": "LineString", "coordinates": [ [ -75.332616, 6.282164 ], [ -75.185483, 6.058295 ] ] } },
{ "type": "Feature", "properties": { "source": "ITAGÜÍ", "target": "CALDAS", "distance": 0.5, "betweenness": 0.00077805077805077807, "weight": 0.10077805077805078 }, "geometry": { "type": "LineString", "coordinates": [ [ -75.612056, 6.175079 ], [ -75.633673, 6.091077 ] ] } },
{ "type": "Feature", "properties": { "source": "ITAGÜÍ", "target": "HELICONIA", "distance": 0.5, "betweenness": 0.00032760032760032761, "weight": 0.10032760032760034 }, "geometry": { "type": "LineString", "coordinates": [ [ -75.612056, 6.175079 ], [ -75.734322, 6.206757 ] ] } },
{ "type": "Feature", "properties": { "source": "ITAGÜÍ", "target": "RIONEGRO", "distance": 0.5, "betweenness": 0.00037401037401037403, "weight": 0.10037401037401038 }, "geometry": { "type": "LineString", "coordinates": [ [ -75.612056, 6.175079 ], [ -75.377316, 6.147148 ] ] } },
{ "type": "Feature", "properties": { "source": "ITAGÜÍ", "target": "ANGELÓPOLIS", "distance": 0.33333333333333331, "betweenness": 0.00098280098280098278, "weight": 0.10098280098280099 }, "geometry": { "type": "LineString", "coordinates": [ [ -75.612056, 6.175079 ], [ -75.711389, 6.109719 ] ] } },
{ "type": "Feature", "properties": { "source": "ITAGÜÍ", "target": "LA ESTRELLA", "distance": 0.5, "betweenness": 0.00016380016380016381, "weight": 0.10016380016380017 }, "geometry": { "type": "LineString", "coordinates": [ [ -75.612056, 6.175079 ], [ -75.637708, 6.145238 ] ] } },
{ "type": "Feature", "properties": { "source": "ITAGÜÍ", "target": "ENVIGADO", "distance": 0.5, "betweenness": 0.00020475020475020476, "weight": 0.10020475020475021 }, "geometry": { "type": "LineString", "coordinates": [ [ -75.612056, 6.175079 ], [ -75.582192, 6.166695 ] ] } },
{ "type": "Feature", "properties": { "source": "ITAGÜÍ", "target": "SABANETA", "distance": 0.33333333333333331, "betweenness": 0.00032760032760032761, "weight": 0.10032760032760034 }, "geometry": { "type": "LineString", "coordinates": [ [ -75.612056, 6.175079 ], [ -75.615479, 6.149903 ] ] } },
{ "type": "Feature", "properties": { "source": "ITAGÜÍ", "target": "AMAGÁ", "distance": 0.5, "betweenness": 0.00025935025935025936, "weight": 0.10025935025935026 }, "geometry": { "type": "LineString", "coordinates": [ [ -75.612056, 6.175079 ], [ -75.702188, 6.038708 ] ] } },
{ "type": "Feature", "properties": { "source": "ITAGÜÍ", "target": "RETIRO", "distance": 0.5, "betweenness": 0.00042315042315042319, "weight": 0.10042315042315043 }, "geometry": { "type": "LineString", "coordinates": [ [ -75.612056, 6.175079 ], [ -75.501301, 6.062454 ] ] } },
{ "type": "Feature", "properties": { "source": "ITAGÜÍ", "target": "ARMENIA", "distance": 0.5, "betweenness": 0.0002184002184002184, "weight": 0.10021840021840023 }, "geometry": { "type": "LineString", "coordinates": [ [ -75.612056, 6.175079 ], [ -75.786647, 6.155667 ] ] } },
{ "type": "Feature", "properties": { "source": "ITAGÜÍ", "target": "TITIRIBÍ", "distance": 0.5, "betweenness": 0.00088725088725088736, "weight": 0.1008872508872509 }, "geometry": { "type": "LineString", "coordinates": [ [ -75.612056, 6.175079 ], [ -75.791887, 6.062391 ] ] } },
{ "type": "Feature", "properties": { "source": "ITAGÜÍ", "target": "SANTA BÁRBARA", "distance": 0.5, "betweenness": 0.0018359268359268361, "weight": 0.10183592683592683 }, "geometry": { "type": "LineString", "coordinates": [ [ -75.612056, 6.175079 ], [ -75.567351, 5.875527 ] ] } },
{ "type": "Feature", "properties": { "source": "ITAGÜÍ", "target": "FREDONIA", "distance": 0.5, "betweenness": 0.00096915096915096911, "weight": 0.10096915096915098 }, "geometry": { "type": "LineString", "coordinates": [ [ -75.612056, 6.175079 ], [ -75.675072, 5.928039 ] ] } },
{ "type": "Feature", "properties": { "source": "HELICONIA", "target": "CALDAS", "distance": 0.5, "betweenness": 0.0041359541359541358, "weight": 0.10413595413595414 }, "geometry": { "type": "LineString", "coordinates": [ [ -75.734322, 6.206757 ], [ -75.633673, 6.091077 ] ] } },
{ "type": "Feature", "properties": { "source": "HELICONIA", "target": "TITIRIBÍ", "distance": 0.5, "betweenness": 0.00016380016380016381, "weight": 0.10016380016380017 }, "geometry": { "type": "LineString", "coordinates": [ [ -75.734322, 6.206757 ], [ -75.791887, 6.062391 ] ] } },
{ "type": "Feature", "properties": { "source": "HELICONIA", "target": "AMAGÁ", "distance": 0.33333333333333331, "betweenness": 0.005705705705705705, "weight": 0.10570570570570571 }, "geometry": { "type": "LineString", "coordinates": [ [ -75.734322, 6.206757 ], [ -75.702188, 6.038708 ] ] } },
{ "type": "Feature", "properties": { "source": "HELICONIA", "target": "ANGELÓPOLIS", "distance": 0.5, "betweenness": 0.00032760032760032761, "weight": 0.10032760032760034 }, "geometry": { "type": "LineString", "coordinates": [ [ -75.734322, 6.206757 ], [ -75.711389, 6.109719 ] ] } },
{ "type": "Feature", "properties": { "source": "HELICONIA", "target": "LA ESTRELLA", "distance": 0.5, "betweenness": 0.0019656019656019656, "weight": 0.10196560196560198 }, "geometry": { "type": "LineString", "coordinates": [ [ -75.734322, 6.206757 ], [ -75.637708, 6.145238 ] ] } },
{ "type": "Feature", "properties": { "source": "HELICONIA", "target": "VENECIA", "distance": 0.25, "betweenness": 0.042705432705432714, "weight": 0.14270543270543273 }, "geometry": { "type": "LineString", "coordinates": [ [ -75.734322, 6.206757 ], [ -75.735544, 5.964693 ] ] } },
{ "type": "Feature", "properties": { "source": "HELICONIA", "target": "RETIRO", "distance": 0.5, "betweenness": 0.0010647010647010647, "weight": 0.10106470106470107 }, "geometry": { "type": "LineString", "coordinates": [ [ -75.734322, 6.206757 ], [ -75.501301, 6.062454 ] ] } },
{ "type": "Feature", "properties": { "source": "HELICONIA", "target": "ARMENIA", "distance": 0.5, "betweenness": 0.00073710073710073708, "weight": 0.10073710073710074 }, "geometry": { "type": "LineString", "coordinates": [ [ -75.734322, 6.206757 ], [ -75.786647, 6.155667 ] ] } },
{ "type": "Feature", "properties": { "source": "HELICONIA", "target": "ENVIGADO", "distance": 0.33333333333333331, "betweenness": 0.0018427518427518428, "weight": 0.10184275184275185 }, "geometry": { "type": "LineString", "coordinates": [ [ -75.734322, 6.206757 ], [ -75.582192, 6.166695 ] ] } },
{ "type": "Feature", "properties": { "source": "HELICONIA", "target": "FREDONIA", "distance": 0.33333333333333331, "betweenness": 0.018659568659568658, "weight": 0.11865956865956867 }, "geometry": { "type": "LineString", "coordinates": [ [ -75.734322, 6.206757 ], [ -75.675072, 5.928039 ] ] } },
{ "type": "Feature", "properties": { "source": "HELICONIA", "target": "CONCORDIA", "distance": 0.5, "betweenness": 0.00016380016380016381, "weight": 0.10016380016380017 }, "geometry": { "type": "LineString", "coordinates": [ [ -75.734322, 6.206757 ], [ -75.908448, 6.045738 ] ] } },
{ "type": "Feature", "properties": { "source": "HELICONIA", "target": "SABANETA", "distance": 0.33333333333333331, "betweenness": 0.0030303030303030303, "weight": 0.10303030303030304 }, "geometry": { "type": "LineString", "coordinates": [ [ -75.734322, 6.206757 ], [ -75.615479, 6.149903 ] ] } },
{ "type": "Feature", "properties": { "source": "HELICONIA", "target": "SANTA BÁRBARA", "distance": 1.0, "betweenness": 0.0, "weight": 0.1 }, "geometry": { "type": "LineString", "coordinates": [ [ -75.734322, 6.206757 ], [ -75.567351, 5.875527 ] ] } },
{ "type": "Feature", "properties": { "source": "ALEJANDRÍA", "target": "GUATAPÉ", "distance": 0.5, "betweenness": 0.00020475020475020476, "weight": 0.10020475020475021 }, "geometry": { "type": "LineString", "coordinates": [ [ -75.141346, 6.376061 ], [ -75.160041, 6.232461 ] ] } },
{ "type": "Feature", "properties": { "source": "ALEJANDRÍA", "target": "SAN RAFAEL", "distance": 0.5, "betweenness": 0.00042900042900042895, "weight": 0.10042900042900044 }, "geometry": { "type": "LineString", "coordinates": [ [ -75.141346, 6.376061 ], [ -75.02849, 6.293759 ] ] } },
{ "type": "Feature", "properties": { "source": "ALEJANDRÍA", "target": "PEÑOL", "distance": 0.5, "betweenness": 0.00016380016380016381, "weight": 0.10016380016380017 }, "geometry": { "type": "LineString", "coordinates": [ [ -75.141346, 6.376061 ], [ -75.242693, 6.219349 ] ] } },
{ "type": "Feature", "properties": { "source": "ALEJANDRÍA", "target": "SAN CARLOS", "distance": 0.5, "betweenness": 0.00040950040950040953, "weight": 0.10040950040950042 }, "geometry": { "type": "LineString", "coordinates": [ [ -75.141346, 6.376061 ], [ -74.988097, 6.187746 ] ] } },
{ "type": "Feature", "properties": { "source": "ALEJANDRÍA", "target": "GRANADA", "distance": 0.33333333333333331, "betweenness": 0.0026087126087126094, "weight": 0.10260871260871261 }, "geometry": { "type": "LineString", "coordinates": [ [ -75.141346, 6.376061 ], [ -75.184446, 6.142892 ] ] } },
{ "type": "Feature", "properties": { "source": "ALEJANDRÍA", "target": "EL SANTUARIO", "distance": 0.5, "betweenness": 0.0002620802620802621, "weight": 0.10026208026208026 }, "geometry": { "type": "LineString", "coordinates": [ [ -75.141346, 6.376061 ], [ -75.265465, 6.136871 ] ] } },
{ "type": "Feature", "properties": { "source": "ALEJANDRÍA", "target": "MARINILLA", "distance": 0.33333333333333331, "betweenness": 0.002278187278187278, "weight": 0.10227818727818729 }, "geometry": { "type": "LineString", "coordinates": [ [ -75.141346, 6.376061 ], [ -75.339345, 6.173995 ] ] } },
{ "type": "Feature", "properties": { "source": "ALEJANDRÍA", "target": "RIONEGRO", "distance": 0.5, "betweenness": 0.0018837018837018838, "weight": 0.10188370188370188 }, "geometry": { "type": "LineString", "coordinates": [ [ -75.141346, 6.376061 ], [ -75.377316, 6.147148 ] ] } },
{ "type": "Feature", "properties": { "source": "ALEJANDRÍA", "target": "COCORNÁ", "distance": 1.0, "betweenness": 0.0, "weight": 0.1 }, "geometry": { "type": "LineString", "coordinates": [ [ -75.141346, 6.376061 ], [ -75.185483, 6.058295 ] ] } },
{ "type": "Feature", "properties": { "source": "ANGELÓPOLIS", "target": "CALDAS", "distance": 0.33333333333333331, "betweenness": 0.0020065520065520068, "weight": 0.10200655200655201 }, "geometry": { "type": "LineString", "coordinates": [ [ -75.711389, 6.109719 ], [ -75.633673, 6.091077 ] ] } },
{ "type": "Feature", "properties": { "source": "ANGELÓPOLIS", "target": "VENECIA", "distance": 0.5, "betweenness": 0.00063336063336063338, "weight": 0.10063336063336063 }, "geometry": { "type": "LineString", "coordinates": [ [ -75.711389, 6.109719 ], [ -75.735544, 5.964693 ] ] } },
{ "type": "Feature", "properties": { "source": "ANGELÓPOLIS", "target": "ENVIGADO", "distance": 0.5, "betweenness": 0.00028665028665028668, "weight": 0.10028665028665029 }, "geometry": { "type": "LineString", "coordinates": [ [ -75.711389, 6.109719 ], [ -75.582192, 6.166695 ] ] } },
{ "type": "Feature", "properties": { "source": "ANGELÓPOLIS", "target": "RETIRO", "distance": 0.5, "betweenness": 0.00053235053235053227, "weight": 0.10053235053235053 }, "geometry": { "type": "LineString", "coordinates": [ [ -75.711389, 6.109719 ], [ -75.501301, 6.062454 ] ] } },
{ "type": "Feature", "properties": { "source": "ANGELÓPOLIS", "target": "AMAGÁ", "distance": 0.5, "betweenness": 0.00019656019656019659, "weight": 0.1001965601965602 }, "geometry": { "type": "LineString", "coordinates": [ [ -75.711389, 6.109719 ], [ -75.702188, 6.038708 ] ] } },
{ "type": "Feature", "properties": { "source": "ANGELÓPOLIS", "target": "TITIRIBÍ", "distance": 0.5, "betweenness": 0.00049140049140049139, "weight": 0.1004914004914005 }, "geometry": { "type": "LineString", "coordinates": [ [ -75.711389, 6.109719 ], [ -75.791887, 6.062391 ] ] } },
{ "type": "Feature", "properties": { "source": "ANGELÓPOLIS", "target": "SANTA BÁRBARA", "distance": 0.5, "betweenness": 0.00090636090636090651, "weight": 0.10090636090636092 }, "geometry": { "type": "LineString", "coordinates": [ [ -75.711389, 6.109719 ], [ -75.567351, 5.875527 ] ] } },
{ "type": "Feature", "properties": { "source": "ANGELÓPOLIS", "target": "ARMENIA", "distance": 0.5, "betweenness": 0.00019110019110019113, "weight": 0.1001911001911002 }, "geometry": { "type": "LineString", "coordinates": [ [ -75.711389, 6.109719 ], [ -75.786647, 6.155667 ] ] } },
{ "type": "Feature", "properties": { "source": "ANGELÓPOLIS", "target": "LA ESTRELLA", "distance": 0.5, "betweenness": 0.00016380016380016381, "weight": 0.10016380016380017 }, "geometry": { "type": "LineString", "coordinates": [ [ -75.711389, 6.109719 ], [ -75.637708, 6.145238 ] ] } },
{ "type": "Feature", "properties": { "source": "ANGELÓPOLIS", "target": "FREDONIA", "distance": 0.5, "betweenness": 0.0005924105924105924, "weight": 0.1005924105924106 }, "geometry": { "type": "LineString", "coordinates": [ [ -75.711389, 6.109719 ], [ -75.675072, 5.928039 ] ] } },
{ "type": "Feature", "properties": { "source": "ANGELÓPOLIS", "target": "CONCORDIA", "distance": 0.5, "betweenness": 0.00068796068796068803, "weight": 0.1006879606879607 }, "geometry": { "type": "LineString", "coordinates": [ [ -75.711389, 6.109719 ], [ -75.908448, 6.045738 ] ] } },
{ "type": "Feature", "properties": { "source": "ANGELÓPOLIS", "target": "MONTEBELLO", "distance": 0.33333333333333331, "betweenness": 0.0019246519246519248, "weight": 0.10192465192465193 }, "geometry": { "type": "LineString", "coordinates": [ [ -75.711389, 6.109719 ], [ -75.523455, 5.946313 ] ] } },
{ "type": "Feature", "properties": { "source": "ANGELÓPOLIS", "target": "SABANETA", "distance": 0.5, "betweenness": 0.00016380016380016381, "weight": 0.10016380016380017 }, "geometry": { "type": "LineString", "coordinates": [ [ -75.711389, 6.109719 ], [ -75.615479, 6.149903 ] ] } },
{ "type": "Feature", "properties": { "source": "LA ESTRELLA", "target": "ARMENIA", "distance": 0.5, "betweenness": 0.00020475020475020476, "weight": 0.10020475020475021 }, "geometry": { "type": "LineString", "coordinates": [ [ -75.637708, 6.145238 ], [ -75.786647, 6.155667 ] ] } },
{ "type": "Feature", "properties": { "source": "LA ESTRELLA", "target": "CALDAS", "distance": 0.5, "betweenness": 0.00065520065520065522, "weight": 0.10065520065520066 }, "geometry": { "type": "LineString", "coordinates": [ [ -75.637708, 6.145238 ], [ -75.633673, 6.091077 ] ] } },
{ "type": "Feature", "properties": { "source": "LA ESTRELLA", "target": "TITIRIBÍ", "distance": 0.5, "betweenness": 0.00075075075075075074, "weight": 0.10075075075075075 }, "geometry": { "type": "LineString", "coordinates": [ [ -75.637708, 6.145238 ], [ -75.791887, 6.062391 ] ] } },
{ "type": "Feature", "properties": { "source": "LA ESTRELLA", "target": "RETIRO", "distance": 0.5, "betweenness": 0.00039312039312039318, "weight": 0.1003931203931204 }, "geometry": { "type": "LineString", "coordinates": [ [ -75.637708, 6.145238 ], [ -75.501301, 6.062454 ] ] } },
{ "type": "Feature", "properties": { "source": "LA ESTRELLA", "target": "VENECIA", "distance": 0.5, "betweenness": 0.00073710073710073708, "weight": 0.10073710073710074 }, "geometry": { "type": "LineString", "coordinates": [ [ -75.637708, 6.145238 ], [ -75.735544, 5.964693 ] ] } },
{ "type": "Feature", "properties": { "source": "LA ESTRELLA", "target": "FREDONIA", "distance": 0.5, "betweenness": 0.00070980070980070976, "weight": 0.10070980070980072 }, "geometry": { "type": "LineString", "coordinates": [ [ -75.637708, 6.145238 ], [ -75.675072, 5.928039 ] ] } },
{ "type": "Feature", "properties": { "source": "LA ESTRELLA", "target": "SABANETA", "distance": 0.33333333333333331, "betweenness": 0.00016380016380016381, "weight": 0.10016380016380017 }, "geometry": { "type": "LineString", "coordinates": [ [ -75.637708, 6.145238 ], [ -75.615479, 6.149903 ] ] } },
{ "type": "Feature", "properties": { "source": "LA ESTRELLA", "target": "SANTA BÁRBARA", "distance": 0.5, "betweenness": 0.0010073710073710074, "weight": 0.10100737100737102 }, "geometry": { "type": "LineString", "coordinates": [ [ -75.637708, 6.145238 ], [ -75.567351, 5.875527 ] ] } },
{ "type": "Feature", "properties": { "source": "LA ESTRELLA", "target": "ENVIGADO", "distance": 0.5, "betweenness": 0.00031122031122031126, "weight": 0.10031122031122032 }, "geometry": { "type": "LineString", "coordinates": [ [ -75.637708, 6.145238 ], [ -75.582192, 6.166695 ] ] } },
{ "type": "Feature", "properties": { "source": "LA ESTRELLA", "target": "RIONEGRO", "distance": 0.5, "betweenness": 0.00052962052962052968, "weight": 0.10052962052962054 }, "geometry": { "type": "LineString", "coordinates": [ [ -75.637708, 6.145238 ], [ -75.377316, 6.147148 ] ] } },
{ "type": "Feature", "properties": { "source": "LA ESTRELLA", "target": "AMAGÁ", "distance": 0.5, "betweenness": 0.00020475020475020476, "weight": 0.10020475020475021 }, "geometry": { "type": "LineString", "coordinates": [ [ -75.637708, 6.145238 ], [ -75.702188, 6.038708 ] ] } },
{ "type": "Feature", "properties": { "source": "LA ESTRELLA", "target": "MONTEBELLO", "distance": 0.5, "betweenness": 0.0002184002184002184, "weight": 0.10021840021840023 }, "geometry": { "type": "LineString", "coordinates": [ [ -75.637708, 6.145238 ], [ -75.523455, 5.946313 ] ] } },
{ "type": "Feature", "properties": { "source": "LA ESTRELLA", "target": "LA CEJA", "distance": 0.5, "betweenness": 0.00092274092274092264, "weight": 0.10092274092274092 }, "geometry": { "type": "LineString", "coordinates": [ [ -75.637708, 6.145238 ], [ -75.429433, 6.028062 ] ] } },
{ "type": "Feature", "properties": { "source": "ARMENIA", "target": "CONCORDIA", "distance": 0.5, "betweenness": 0.00041106041106041106, "weight": 0.10041106041106042 }, "geometry": { "type": "LineString", "coordinates": [ [ -75.786647, 6.155667 ], [ -75.908448, 6.045738 ] ] } },
{ "type": "Feature", "properties": { "source": "ARMENIA", "target": "AMAGÁ", "distance": 0.5, "betweenness": 0.00020475020475020476, "weight": 0.10020475020475021 }, "geometry": { "type": "LineString", "coordinates": [ [ -75.786647, 6.155667 ], [ -75.702188, 6.038708 ] ] } },
{ "type": "Feature", "properties": { "source": "ARMENIA", "target": "CALDAS", "distance": 0.5, "betweenness": 0.0005241605241605242, "weight": 0.10052416052416054 }, "geometry": { "type": "LineString", "coordinates": [ [ -75.786647, 6.155667 ], [ -75.633673, 6.091077 ] ] } },
{ "type": "Feature", "properties": { "source": "ARMENIA", "target": "SABANETA", "distance": 0.33333333333333331, "betweenness": 0.0014976014976014976, "weight": 0.10149760149760151 }, "geometry": { "type": "LineString", "coordinates": [ [ -75.786647, 6.155667 ], [ -75.615479, 6.149903 ] ] } },
{ "type": "Feature", "properties": { "source": "ARMENIA", "target": "VENECIA", "distance": 0.5, "betweenness": 0.00070746070746070745, "weight": 0.10070746070746071 }, "geometry": { "type": "LineString", "coordinates": [ [ -75.786647, 6.155667 ], [ -75.735544, 5.964693 ] ] } },
{ "type": "Feature", "properties": { "source": "ARMENIA", "target": "TITIRIBÍ", "distance": 0.5, "betweenness": 0.00026091026091026095, "weight": 0.10026091026091026 }, "geometry": { "type": "LineString", "coordinates": [ [ -75.786647, 6.155667 ], [ -75.791887, 6.062391 ] ] } },
{ "type": "Feature", "properties": { "source": "ARMENIA", "target": "ENVIGADO", "distance": 0.5, "betweenness": 0.0002184002184002184, "weight": 0.10021840021840023 }, "geometry": { "type": "LineString", "coordinates": [ [ -75.786647, 6.155667 ], [ -75.582192, 6.166695 ] ] } },
{ "type": "Feature", "properties": { "source": "ARMENIA", "target": "SALGAR", "distance": 0.5, "betweenness": 0.0012452712452712454, "weight": 0.10124527124527125 }, "geometry": { "type": "LineString", "coordinates": [ [ -75.786647, 6.155667 ], [ -75.976807, 5.964198 ] ] } },
{ "type": "Feature", "properties": { "source": "ARMENIA", "target": "RETIRO", "distance": 0.33333333333333331, "betweenness": 0.007411957411957412, "weight": 0.10741195741195741 }, "geometry": { "type": "LineString", "coordinates": [ [ -75.786647, 6.155667 ], [ -75.501301, 6.062454 ] ] } },
{ "type": "Feature", "properties": { "source": "ARMENIA", "target": "FREDONIA", "distance": 1.0, "betweenness": 0.0, "weight": 0.1 }, "geometry": { "type": "LineString", "coordinates": [ [ -75.786647, 6.155667 ], [ -75.675072, 5.928039 ] ] } },
{ "type": "Feature", "properties": { "source": "ENVIGADO", "target": "EL CARMEN DE VIBORAL", "distance": 0.5, "betweenness": 0.00091455091455091458, "weight": 0.10091455091455093 }, "geometry": { "type": "LineString", "coordinates": [ [ -75.582192, 6.166695 ], [ -75.333901, 6.082885 ] ] } },
{ "type": "Feature", "properties": { "source": "ENVIGADO", "target": "RETIRO", "distance": 0.5, "betweenness": 0.00016380016380016381, "weight": 0.10016380016380017 }, "geometry": { "type": "LineString", "coordinates": [ [ -75.582192, 6.166695 ], [ -75.501301, 6.062454 ] ] } },
{ "type": "Feature", "properties": { "source": "ENVIGADO", "target": "CALDAS", "distance": 0.33333333333333331, "betweenness": 0.00032760032760032761, "weight": 0.10032760032760034 }, "geometry": { "type": "LineString", "coordinates": [ [ -75.582192, 6.166695 ], [ -75.633673, 6.091077 ] ] } },
{ "type": "Feature", "properties": { "source": "ENVIGADO", "target": "RIONEGRO", "distance": 0.5, "betweenness": 0.00016380016380016381, "weight": 0.10016380016380017 }, "geometry": { "type": "LineString", "coordinates": [ [ -75.582192, 6.166695 ], [ -75.377316, 6.147148 ] ] } },
{ "type": "Feature", "properties": { "source": "ENVIGADO", "target": "MARINILLA", "distance": 0.33333333333333331, "betweenness": 0.010915915915915918, "weight": 0.11091591591591593 }, "geometry": { "type": "LineString", "coordinates": [ [ -75.582192, 6.166695 ], [ -75.339345, 6.173995 ] ] } },
{ "type": "Feature", "properties": { "source": "ENVIGADO", "target": "LA CEJA", "distance": 0.25, "betweenness": 0.0050076050076050078, "weight": 0.10500760500760502 }, "geometry": { "type": "LineString", "coordinates": [ [ -75.582192, 6.166695 ], [ -75.429433, 6.028062 ] ] } },
{ "type": "Feature", "properties": { "source": "ENVIGADO", "target": "SANTA BÁRBARA", "distance": 0.5, "betweenness": 0.00033852033852033847, "weight": 0.10033852033852034 }, "geometry": { "type": "LineString", "coordinates": [ [ -75.582192, 6.166695 ], [ -75.567351, 5.875527 ] ] } },
{ "type": "Feature", "properties": { "source": "ENVIGADO", "target": "LA UNIÓN", "distance": 0.5, "betweenness": 0.0011384111384111384, "weight": 0.10113841113841114 }, "geometry": { "type": "LineString", "coordinates": [ [ -75.582192, 6.166695 ], [ -75.360874, 5.973845 ] ] } },
{ "type": "Feature", "properties": { "source": "ENVIGADO", "target": "EL SANTUARIO", "distance": 0.5, "betweenness": 0.0018427518427518428, "weight": 0.10184275184275185 }, "geometry": { "type": "LineString", "coordinates": [ [ -75.582192, 6.166695 ], [ -75.265465, 6.136871 ] ] } },
{ "type": "Feature", "properties": { "source": "ENVIGADO", "target": "SABANETA", "distance": 0.33333333333333331, "betweenness": 0.00024570024570024569, "weight": 0.10024570024570024 }, "geometry": { "type": "LineString", "coordinates": [ [ -75.582192, 6.166695 ], [ -75.615479, 6.149903 ] ] } },
{ "type": "Feature", "properties": { "source": "ENVIGADO", "target": "TITIRIBÍ", "distance": 0.25, "betweenness": 0.0079792129792129792, "weight": 0.10797921297921298 }, "geometry": { "type": "LineString", "coordinates": [ [ -75.582192, 6.166695 ], [ -75.791887, 6.062391 ] ] } },
{ "type": "Feature", "properties": { "source": "ENVIGADO", "target": "AMAGÁ", "distance": 0.5, "betweenness": 0.0, "weight": 0.1 }, "geometry": { "type": "LineString", "coordinates": [ [ -75.582192, 6.166695 ], [ -75.702188, 6.038708 ] ] } },
{ "type": "Feature", "properties": { "source": "ENVIGADO", "target": "FREDONIA", "distance": 0.2, "betweenness": 0.014496314496314496, "weight": 0.11449631449631451 }, "geometry": { "type": "LineString", "coordinates": [ [ -75.582192, 6.166695 ], [ -75.675072, 5.928039 ] ] } },
{ "type": "Feature", "properties": { "source": "ENVIGADO", "target": "MONTEBELLO", "distance": 0.5, "betweenness": 0.00046410046410046406, "weight": 0.10046410046410047 }, "geometry": { "type": "LineString", "coordinates": [ [ -75.582192, 6.166695 ], [ -75.523455, 5.946313 ] ] } },
{ "type": "Feature", "properties": { "source": "ENVIGADO", "target": "ABEJORRAL", "distance": 1.0, "betweenness": 0.0, "weight": 0.1 }, "geometry": { "type": "LineString", "coordinates": [ [ -75.582192, 6.166695 ], [ -75.428739, 5.789315 ] ] } },
{ "type": "Feature", "properties": { "source": "ENVIGADO", "target": "VENECIA", "distance": 0.5, "betweenness": 0.00044226044226044228, "weight": 0.10044226044226044 }, "geometry": { "type": "LineString", "coordinates": [ [ -75.582192, 6.166695 ], [ -75.735544, 5.964693 ] ] } },
{ "type": "Feature", "properties": { "source": "SABANETA", "target": "RIONEGRO", "distance": 0.25, "betweenness": 0.0033579033579033582, "weight": 0.10335790335790336 }, "geometry": { "type": "LineString", "coordinates": [ [ -75.615479, 6.149903 ], [ -75.377316, 6.147148 ] ] } },
{ "type": "Feature", "properties": { "source": "SABANETA", "target": "RETIRO", "distance": 0.2, "betweenness": 0.0046819546819546823, "weight": 0.10468195468195468 }, "geometry": { "type": "LineString", "coordinates": [ [ -75.615479, 6.149903 ], [ -75.501301, 6.062454 ] ] } },
{ "type": "Feature", "properties": { "source": "SABANETA", "target": "CALDAS", "distance": 0.5, "betweenness": 8.1900081900081903e-05, "weight": 0.10008190008190009 }, "geometry": { "type": "LineString", "coordinates": [ [ -75.615479, 6.149903 ], [ -75.633673, 6.091077 ] ] } },
{ "type": "Feature", "properties": { "source": "SABANETA", "target": "LA CEJA", "distance": 0.33333333333333331, "betweenness": 0.0011466011466011467, "weight": 0.10114660114660115 }, "geometry": { "type": "LineString", "coordinates": [ [ -75.615479, 6.149903 ], [ -75.429433, 6.028062 ] ] } },
{ "type": "Feature", "properties": { "source": "SABANETA", "target": "SANTA BÁRBARA", "distance": 0.33333333333333331, "betweenness": 0.0027192777192777198, "weight": 0.10271927771927772 }, "geometry": { "type": "LineString", "coordinates": [ [ -75.615479, 6.149903 ], [ -75.567351, 5.875527 ] ] } },
{ "type": "Feature", "properties": { "source": "SABANETA", "target": "TITIRIBÍ", "distance": 0.5, "betweenness": 0.00057330057330057336, "weight": 0.10057330057330058 }, "geometry": { "type": "LineString", "coordinates": [ [ -75.615479, 6.149903 ], [ -75.791887, 6.062391 ] ] } },
{ "type": "Feature", "properties": { "source": "SABANETA", "target": "MONTEBELLO", "distance": 0.5, "betweenness": 0.00016380016380016381, "weight": 0.10016380016380017 }, "geometry": { "type": "LineString", "coordinates": [ [ -75.615479, 6.149903 ], [ -75.523455, 5.946313 ] ] } },
{ "type": "Feature", "properties": { "source": "SABANETA", "target": "FREDONIA", "distance": 0.33333333333333331, "betweenness": 0.0025525525525525528, "weight": 0.10255255255255256 }, "geometry": { "type": "LineString", "coordinates": [ [ -75.615479, 6.149903 ], [ -75.675072, 5.928039 ] ] } },
{ "type": "Feature", "properties": { "source": "SABANETA", "target": "AMAGÁ", "distance": 0.5, "betweenness": 0.00016380016380016381, "weight": 0.10016380016380017 }, "geometry": { "type": "LineString", "coordinates": [ [ -75.615479, 6.149903 ], [ -75.702188, 6.038708 ] ] } },
{ "type": "Feature", "properties": { "source": "SABANETA", "target": "VENECIA", "distance": 0.5, "betweenness": 0.00038220038220038215, "weight": 0.10038220038220039 }, "geometry": { "type": "LineString", "coordinates": [ [ -75.615479, 6.149903 ], [ -75.735544, 5.964693 ] ] } },
{ "type": "Feature", "properties": { "source": "CALDAS", "target": "ABEJORRAL", "distance": 0.33333333333333331, "betweenness": 0.0054054054054054057, "weight": 0.10540540540540541 }, "geometry": { "type": "LineString", "coordinates": [ [ -75.633673, 6.091077 ], [ -75.428739, 5.789315 ] ] } },
{ "type": "Feature", "properties": { "source": "CALDAS", "target": "FREDONIA", "distance": 0.5, "betweenness": 0.00045591045591045589, "weight": 0.10045591045591046 }, "geometry": { "type": "LineString", "coordinates": [ [ -75.633673, 6.091077 ], [ -75.675072, 5.928039 ] ] } },
{ "type": "Feature", "properties": { "source": "CALDAS", "target": "AMAGÁ", "distance": 0.33333333333333331, "betweenness": 0.0010920010920010919, "weight": 0.1010920010920011 }, "geometry": { "type": "LineString", "coordinates": [ [ -75.633673, 6.091077 ], [ -75.702188, 6.038708 ] ] } },
{ "type": "Feature", "properties": { "source": "CALDAS", "target": "RETIRO", "distance": 0.5, "betweenness": 0.0, "weight": 0.1 }, "geometry": { "type": "LineString", "coordinates": [ [ -75.633673, 6.091077 ], [ -75.501301, 6.062454 ] ] } },
{ "type": "Feature", "properties": { "source": "CALDAS", "target": "TITIRIBÍ", "distance": 0.5, "betweenness": 0.0014851214851214851, "weight": 0.1014851214851215 }, "geometry": { "type": "LineString", "coordinates": [ [ -75.633673, 6.091077 ], [ -75.791887, 6.062391 ] ] } },
{ "type": "Feature", "properties": { "source": "CALDAS", "target": "VENECIA", "distance": 0.5, "betweenness": 0.0013895713895713895, "weight": 0.1013895713895714 }, "geometry": { "type": "LineString", "coordinates": [ [ -75.633673, 6.091077 ], [ -75.735544, 5.964693 ] ] } },
{ "type": "Feature", "properties": { "source": "CALDAS", "target": "LA CEJA", "distance": 0.33333333333333331, "betweenness": 0.00088725088725088714, "weight": 0.1008872508872509 }, "geometry": { "type": "LineString", "coordinates": [ [ -75.633673, 6.091077 ], [ -75.429433, 6.028062 ] ] } },
{ "type": "Feature", "properties": { "source": "CALDAS", "target": "MONTEBELLO", "distance": 0.5, "betweenness": 0.00016380016380016381, "weight": 0.10016380016380017 }, "geometry": { "type": "LineString", "coordinates": [ [ -75.633673, 6.091077 ], [ -75.523455, 5.946313 ] ] } },
{ "type": "Feature", "properties": { "source": "CALDAS", "target": "SANTA BÁRBARA", "distance": 0.5, "betweenness": 0.00032760032760032761, "weight": 0.10032760032760034 }, "geometry": { "type": "LineString", "coordinates": [ [ -75.633673, 6.091077 ], [ -75.567351, 5.875527 ] ] } },
{ "type": "Feature", "properties": { "source": "CALDAS", "target": "LA UNIÓN", "distance": 0.25, "betweenness": 0.010035490035490034, "weight": 0.11003549003549004 }, "geometry": { "type": "LineString", "coordinates": [ [ -75.633673, 6.091077 ], [ -75.360874, 5.973845 ] ] } },
{ "type": "Feature", "properties": { "source": "CALDAS", "target": "RIONEGRO", "distance": 0.25, "betweenness": 0.0019929019929019929, "weight": 0.10199290199290199 }, "geometry": { "type": "LineString", "coordinates": [ [ -75.633673, 6.091077 ], [ -75.377316, 6.147148 ] ] } },
{ "type": "Feature", "properties": { "source": "CALDAS", "target": "EL CARMEN DE VIBORAL", "distance": 0.5, "betweenness": 0.00084630084630084638, "weight": 0.10084630084630085 }, "geometry": { "type": "LineString", "coordinates": [ [ -75.633673, 6.091077 ], [ -75.333901, 6.082885 ] ] } },
{ "type": "Feature", "properties": { "source": "CALDAS", "target": "CONCORDIA", "distance": 0.5, "betweenness": 0.0013349713349713351, "weight": 0.10133497133497134 }, "geometry": { "type": "LineString", "coordinates": [ [ -75.633673, 6.091077 ], [ -75.908448, 6.045738 ] ] } },
{ "type": "Feature", "properties": { "source": "CALDAS", "target": "TARSO", "distance": 1.0, "betweenness": 0.0, "weight": 0.1 }, "geometry": { "type": "LineString", "coordinates": [ [ -75.633673, 6.091077 ], [ -75.822956, 5.864542 ] ] } },
{ "type": "Feature", "properties": { "source": "RIONEGRO", "target": "RETIRO", "distance": 0.33333333333333331, "betweenness": 0.00030030030030030029, "weight": 0.10030030030030031 }, "geometry": { "type": "LineString", "coordinates": [ [ -75.377316, 6.147148 ], [ -75.501301, 6.062454 ] ] } },
{ "type": "Feature", "properties": { "source": "RIONEGRO", "target": "EL SANTUARIO", "distance": 0.5, "betweenness": 0.0002347802347802348, "weight": 0.10023478023478025 }, "geometry": { "type": "LineString", "coordinates": [ [ -75.377316, 6.147148 ], [ -75.265465, 6.136871 ] ] } },
{ "type": "Feature", "properties": { "source": "RIONEGRO", "target": "LA CEJA", "distance": 0.5, "betweenness": 0.00020475020475020476, "weight": 0.10020475020475021 }, "geometry": { "type": "LineString", "coordinates": [ [ -75.377316, 6.147148 ], [ -75.429433, 6.028062 ] ] } },
{ "type": "Feature", "properties": { "source": "RIONEGRO", "target": "EL CARMEN DE VIBORAL", "distance": 0.5, "betweenness": 0.00028957528957528956, "weight": 0.1002895752895753 }, "geometry": { "type": "LineString", "coordinates": [ [ -75.377316, 6.147148 ], [ -75.333901, 6.082885 ] ] } },
{ "type": "Feature", "properties": { "source": "RIONEGRO", "target": "MARINILLA", "distance": 0.5, "betweenness": 0.0002184002184002184, "weight": 0.10021840021840023 }, "geometry": { "type": "LineString", "coordinates": [ [ -75.377316, 6.147148 ], [ -75.339345, 6.173995 ] ] } },
{ "type": "Feature", "properties": { "source": "RIONEGRO", "target": "LA UNIÓN", "distance": 0.5, "betweenness": 8.1900081900081903e-05, "weight": 0.10008190008190009 }, "geometry": { "type": "LineString", "coordinates": [ [ -75.377316, 6.147148 ], [ -75.360874, 5.973845 ] ] } },
{ "type": "Feature", "properties": { "source": "RIONEGRO", "target": "PEÑOL", "distance": 0.33333333333333331, "betweenness": 0.003622323622323623, "weight": 0.10362232362232363 }, "geometry": { "type": "LineString", "coordinates": [ [ -75.377316, 6.147148 ], [ -75.242693, 6.219349 ] ] } },
{ "type": "Feature", "properties": { "source": "RIONEGRO", "target": "MONTEBELLO", "distance": 0.33333333333333331, "betweenness": 0.0039271089271089273, "weight": 0.10392710892710894 }, "geometry": { "type": "LineString", "coordinates": [ [ -75.377316, 6.147148 ], [ -75.523455, 5.946313 ] ] } },
{ "type": "Feature", "properties": { "source": "RIONEGRO", "target": "COCORNÁ", "distance": 0.33333333333333331, "betweenness": 0.0040786240786240789, "weight": 0.10407862407862409 }, "geometry": { "type": "LineString", "coordinates": [ [ -75.377316, 6.147148 ], [ -75.185483, 6.058295 ] ] } },
{ "type": "Feature", "properties": { "source": "RIONEGRO", "target": "GRANADA", "distance": 0.5, "betweenness": 0.00046410046410046406, "weight": 0.10046410046410047 }, "geometry": { "type": "LineString", "coordinates": [ [ -75.377316, 6.147148 ], [ -75.184446, 6.142892 ] ] } },
{ "type": "Feature", "properties": { "source": "RIONEGRO", "target": "GUATAPÉ", "distance": 0.5, "betweenness": 0.00041496041496041496, "weight": 0.10041496041496042 }, "geometry": { "type": "LineString", "coordinates": [ [ -75.377316, 6.147148 ], [ -75.160041, 6.232461 ] ] } },
{ "type": "Feature", "properties": { "source": "RIONEGRO", "target": "SANTA BÁRBARA", "distance": 0.5, "betweenness": 0.0021471471471471472, "weight": 0.10214714714714715 }, "geometry": { "type": "LineString", "coordinates": [ [ -75.377316, 6.147148 ], [ -75.567351, 5.875527 ] ] } },
{ "type": "Feature", "properties": { "source": "RIONEGRO", "target": "ABEJORRAL", "distance": 0.5, "betweenness": 0.0015629265629265629, "weight": 0.10156292656292656 }, "geometry": { "type": "LineString", "coordinates": [ [ -75.377316, 6.147148 ], [ -75.428739, 5.789315 ] ] } },
{ "type": "Feature", "properties": { "source": "RIONEGRO", "target": "SAN RAFAEL", "distance": 1.0, "betweenness": 0.0, "weight": 0.1 }, "geometry": { "type": "LineString", "coordinates": [ [ -75.377316, 6.147148 ], [ -75.02849, 6.293759 ] ] } },
{ "type": "Feature", "properties": { "source": "RIONEGRO", "target": "FREDONIA", "distance": 1.0, "betweenness": 0.0, "weight": 0.1 }, "geometry": { "type": "LineString", "coordinates": [ [ -75.377316, 6.147148 ], [ -75.675072, 5.928039 ] ] } },
{ "type": "Feature", "properties": { "source": "MARINILLA", "target": "GRANADA", "distance": 0.5, "betweenness": 0.00024570024570024569, "weight": 0.10024570024570024 }, "geometry": { "type": "LineString", "coordinates": [ [ -75.339345, 6.173995 ], [ -75.184446, 6.142892 ] ] } },
{ "type": "Feature", "properties": { "source": "MARINILLA", "target": "GUATAPÉ", "distance": 0.5, "betweenness": 0.00016380016380016381, "weight": 0.10016380016380017 }, "geometry": { "type": "LineString", "coordinates": [ [ -75.339345, 6.173995 ], [ -75.160041, 6.232461 ] ] } },
{ "type": "Feature", "properties": { "source": "MARINILLA", "target": "COCORNÁ", "distance": 0.5, "betweenness": 0.00025935025935025936, "weight": 0.10025935025935026 }, "geometry": { "type": "LineString", "coordinates": [ [ -75.339345, 6.173995 ], [ -75.185483, 6.058295 ] ] } },
{ "type": "Feature", "properties": { "source": "MARINILLA", "target": "EL SANTUARIO", "distance": 0.5, "betweenness": 0.00018018018018018021, "weight": 0.10018018018018018 }, "geometry": { "type": "LineString", "coordinates": [ [ -75.339345, 6.173995 ], [ -75.265465, 6.136871 ] ] } },
{ "type": "Feature", "properties": { "source": "MARINILLA", "target": "EL CARMEN DE VIBORAL", "distance": 0.5, "betweenness": 0.00058987558987558979, "weight": 0.1005898755898756 }, "geometry": { "type": "LineString", "coordinates": [ [ -75.339345, 6.173995 ], [ -75.333901, 6.082885 ] ] } },
{ "type": "Feature", "properties": { "source": "MARINILLA", "target": "PEÑOL", "distance": 0.5, "betweenness": 0.00016380016380016381, "weight": 0.10016380016380017 }, "geometry": { "type": "LineString", "coordinates": [ [ -75.339345, 6.173995 ], [ -75.242693, 6.219349 ] ] } },
{ "type": "Feature", "properties": { "source": "MARINILLA", "target": "SAN RAFAEL", "distance": 0.5, "betweenness": 0.0023114023114023112, "weight": 0.10231140231140232 }, "geometry": { "type": "LineString", "coordinates": [ [ -75.339345, 6.173995 ], [ -75.02849, 6.293759 ] ] } },
{ "type": "Feature", "properties": { "source": "MARINILLA", "target": "RETIRO", "distance": 0.5, "betweenness": 0.00040950040950040942, "weight": 0.10040950040950042 }, "geometry": { "type": "LineString", "coordinates": [ [ -75.339345, 6.173995 ], [ -75.501301, 6.062454 ] ] } },
{ "type": "Feature", "properties": { "source": "MARINILLA", "target": "LA UNIÓN", "distance": 0.5, "betweenness": 0.0002184002184002184, "weight": 0.10021840021840023 }, "geometry": { "type": "LineString", "coordinates": [ [ -75.339345, 6.173995 ], [ -75.360874, 5.973845 ] ] } },
{ "type": "Feature", "properties": { "source": "MARINILLA", "target": "LA CEJA", "distance": 0.5, "betweenness": 0.00065520065520065522, "weight": 0.10065520065520066 }, "geometry": { "type": "LineString", "coordinates": [ [ -75.339345, 6.173995 ], [ -75.429433, 6.028062 ] ] } },
{ "type": "Feature", "properties": { "source": "MARINILLA", "target": "SAN CARLOS", "distance": 0.25, "betweenness": 0.010980070980070981, "weight": 0.11098007098007098 }, "geometry": { "type": "LineString", "coordinates": [ [ -75.339345, 6.173995 ], [ -74.988097, 6.187746 ] ] } },
{ "type": "Feature", "properties": { "source": "PEÑOL", "target": "GRANADA", "distance": 0.5, "betweenness": 0.00019110019110019113, "weight": 0.1001911001911002 }, "geometry": { "type": "LineString", "coordinates": [ [ -75.242693, 6.219349 ], [ -75.184446, 6.142892 ] ] } },
{ "type": "Feature", "properties": { "source": "PEÑOL", "target": "GUATAPÉ", "distance": 0.5, "betweenness": 0.00020475020475020476, "weight": 0.10020475020475021 }, "geometry": { "type": "LineString", "coordinates": [ [ -75.242693, 6.219349 ], [ -75.160041, 6.232461 ] ] } },
{ "type": "Feature", "properties": { "source": "PEÑOL", "target": "COCORNÁ", "distance": 0.5, "betweenness": 0.00019110019110019113, "weight": 0.1001911001911002 }, "geometry": { "type": "LineString", "coordinates": [ [ -75.242693, 6.219349 ], [ -75.185483, 6.058295 ] ] } },
{ "type": "Feature", "properties": { "source": "PEÑOL", "target": "SAN RAFAEL", "distance": 0.5, "betweenness": 0.00040040040040040036, "weight": 0.10040040040040041 }, "geometry": { "type": "LineString", "coordinates": [ [ -75.242693, 6.219349 ], [ -75.02849, 6.293759 ] ] } },
{ "type": "Feature", "properties": { "source": "PEÑOL", "target": "EL SANTUARIO", "distance": 0.5, "betweenness": 0.00020748020748020751, "weight": 0.10020748020748022 }, "geometry": { "type": "LineString", "coordinates": [ [ -75.242693, 6.219349 ], [ -75.265465, 6.136871 ] ] } },
{ "type": "Feature", "properties": { "source": "PEÑOL", "target": "EL CARMEN DE VIBORAL", "distance": 0.5, "betweenness": 0.00053527553527553536, "weight": 0.10053527553527554 }, "geometry": { "type": "LineString", "coordinates": [ [ -75.242693, 6.219349 ], [ -75.333901, 6.082885 ] ] } },
{ "type": "Feature", "properties": { "source": "PEÑOL", "target": "SAN CARLOS", "distance": 0.5, "betweenness": 0.00051870051870051871, "weight": 0.10051870051870053 }, "geometry": { "type": "LineString", "coordinates": [ [ -75.242693, 6.219349 ], [ -74.988097, 6.187746 ] ] } },
{ "type": "Feature", "properties": { "source": "PEÑOL", "target": "SAN LUIS", "distance": 0.5, "betweenness": 0.0019398619398619398, "weight": 0.10193986193986194 }, "geometry": { "type": "LineString", "coordinates": [ [ -75.242693, 6.219349 ], [ -74.993619, 6.043017 ] ] } },
{ "type": "Feature", "properties": { "source": "PEÑOL", "target": "LA CEJA", "distance": 0.5, "betweenness": 0.0011037011037011038, "weight": 0.10110370110370111 }, "geometry": { "type": "LineString", "coordinates": [ [ -75.242693, 6.219349 ], [ -75.429433, 6.028062 ] ] } },
{ "type": "Feature", "properties": { "source": "PEÑOL", "target": "LA UNIÓN", "distance": 0.33333333333333331, "betweenness": 0.0038028938028938043, "weight": 0.10380289380289381 }, "geometry": { "type": "LineString", "coordinates": [ [ -75.242693, 6.219349 ], [ -75.360874, 5.973845 ] ] } },
{ "type": "Feature", "properties": { "source": "SAN RAFAEL", "target": "GRANADA", "distance": 0.5, "betweenness": 0.00034580034580034577, "weight": 0.10034580034580035 }, "geometry": { "type": "LineString", "coordinates": [ [ -75.02849, 6.293759 ], [ -75.184446, 6.142892 ] ] } },
{ "type": "Feature", "properties": { "source": "SAN RAFAEL", "target": "SAN CARLOS", "distance": 0.5, "betweenness": 0.0004368004368004368, "weight": 0.10043680043680044 }, "geometry": { "type": "LineString", "coordinates": [ [ -75.02849, 6.293759 ], [ -74.988097, 6.187746 ] ] } },
{ "type": "Feature", "properties": { "source": "SAN RAFAEL", "target": "GUATAPÉ", "distance": 0.5, "betweenness": 0.00018200018200018202, "weight": 0.10018200018200019 }, "geometry": { "type": "LineString", "coordinates": [ [ -75.02849, 6.293759 ], [ -75.160041, 6.232461 ] ] } },
{ "type": "Feature", "properties": { "source": "SAN RAFAEL", "target": "CARACOLÍ", "distance": 1.0, "betweenness": 5.4600054600054599e-05, "weight": 0.10005460005460005 }, "geometry": { "type": "LineString", "coordinates": [ [ -75.02849, 6.293759 ], [ -74.757421, 6.409829 ] ] } },
{ "type": "Feature", "properties": { "source": "SAN RAFAEL", "target": "COCORNÁ", "distance": 0.5, "betweenness": 0.0011375011375011376, "weight": 0.10113750113750114 }, "geometry": { "type": "LineString", "coordinates": [ [ -75.02849, 6.293759 ], [ -75.185483, 6.058295 ] ] } },
{ "type": "Feature", "properties": { "source": "SAN RAFAEL", "target": "EL SANTUARIO", "distance": 0.5, "betweenness": 0.0001983801983801984, "weight": 0.1001983801983802 }, "geometry": { "type": "LineString", "coordinates": [ [ -75.02849, 6.293759 ], [ -75.265465, 6.136871 ] ] } },
{ "type": "Feature", "properties": { "source": "SAN RAFAEL", "target": "SAN LUIS", "distance": 0.33333333333333331, "betweenness": 0.0067676767676767688, "weight": 0.10676767676767678 }, "geometry": { "type": "LineString", "coordinates": [ [ -75.02849, 6.293759 ], [ -74.993619, 6.043017 ] ] } },
{ "type": "Feature", "properties": { "source": "SAN RAFAEL", "target": "MACEO", "distance": 1.0, "betweenness": 0.0003467103467103467, "weight": 0.10034671034671035 }, "geometry": { "type": "LineString", "coordinates": [ [ -75.02849, 6.293759 ], [ -74.78716, 6.552116 ] ] } },
{ "type": "Feature", "properties": { "source": "GUATAPÉ", "target": "EL SANTUARIO", "distance": 0.5, "betweenness": 0.00018018018018018021, "weight": 0.10018018018018018 }, "geometry": { "type": "LineString", "coordinates": [ [ -75.160041, 6.232461 ], [ -75.265465, 6.136871 ] ] } },
{ "type": "Feature", "properties": { "source": "GUATAPÉ", "target": "GRANADA", "distance": 0.5, "betweenness": 0.00024570024570024569, "weight": 0.10024570024570024 }, "geometry": { "type": "LineString", "coordinates": [ [ -75.160041, 6.232461 ], [ -75.184446, 6.142892 ] ] } },
{ "type": "Feature", "properties": { "source": "GUATAPÉ", "target": "COCORNÁ", "distance": 0.33333333333333331, "betweenness": 0.0016243516243516242, "weight": 0.10162435162435163 }, "geometry": { "type": "LineString", "coordinates": [ [ -75.160041, 6.232461 ], [ -75.185483, 6.058295 ] ] } },
{ "type": "Feature", "properties": { "source": "GUATAPÉ", "target": "SAN CARLOS", "distance": 0.5, "betweenness": 0.00040950040950040953, "weight": 0.10040950040950042 }, "geometry": { "type": "LineString", "coordinates": [ [ -75.160041, 6.232461 ], [ -74.988097, 6.187746 ] ] } },
{ "type": "Feature", "properties": { "source": "GUATAPÉ", "target": "SAN LUIS", "distance": 0.5, "betweenness": 0.010561210561210562, "weight": 0.11056121056121057 }, "geometry": { "type": "LineString", "coordinates": [ [ -75.160041, 6.232461 ], [ -74.993619, 6.043017 ] ] } },
{ "type": "Feature", "properties": { "source": "GUATAPÉ", "target": "EL CARMEN DE VIBORAL", "distance": 0.5, "betweenness": 0.00041242541242541241, "weight": 0.10041242541242541 }, "geometry": { "type": "LineString", "coordinates": [ [ -75.160041, 6.232461 ], [ -75.333901, 6.082885 ] ] } },
{ "type": "Feature", "properties": { "source": "GRANADA", "target": "SAN LUIS", "distance": 0.5, "betweenness": 0.00073476073476073478, "weight": 0.10073476073476074 }, "geometry": { "type": "LineString", "coordinates": [ [ -75.184446, 6.142892 ], [ -74.993619, 6.043017 ] ] } },
{ "type": "Feature", "properties": { "source": "GRANADA", "target": "COCORNÁ", "distance": 0.5, "betweenness": 0.00020475020475020476, "weight": 0.10020475020475021 }, "geometry": { "type": "LineString", "coordinates": [ [ -75.184446, 6.142892 ], [ -75.185483, 6.058295 ] ] } },
{ "type": "Feature", "properties": { "source": "GRANADA", "target": "SAN CARLOS", "distance": 0.5, "betweenness": 0.00053235053235053237, "weight": 0.10053235053235053 }, "geometry": { "type": "LineString", "coordinates": [ [ -75.184446, 6.142892 ], [ -74.988097, 6.187746 ] ] } },
{ "type": "Feature", "properties": { "source": "GRANADA", "target": "EL CARMEN DE VIBORAL", "distance": 0.33333333333333331, "betweenness": 0.0037401037401037398, "weight": 0.10374010374010374 }, "geometry": { "type": "LineString", "coordinates": [ [ -75.184446, 6.142892 ], [ -75.333901, 6.082885 ] ] } },
{ "type": "Feature", "properties": { "source": "GRANADA", "target": "EL SANTUARIO", "distance": 0.5, "betweenness": 0.00016380016380016381, "weight": 0.10016380016380017 }, "geometry": { "type": "LineString", "coordinates": [ [ -75.184446, 6.142892 ], [ -75.265465, 6.136871 ] ] } },
{ "type": "Feature", "properties": { "source": "GRANADA", "target": "SAN FRANCISCO", "distance": 0.5, "betweenness": 0.0016653016653016656, "weight": 0.10166530166530167 }, "geometry": { "type": "LineString", "coordinates": [ [ -75.184446, 6.142892 ], [ -75.101562, 5.963476 ] ] } },
{ "type": "Feature", "properties": { "source": "GRANADA", "target": "LA UNIÓN", "distance": 0.33333333333333331, "betweenness": 0.0026085176085176081, "weight": 0.10260851760851761 }, "geometry": { "type": "LineString", "coordinates": [ [ -75.184446, 6.142892 ], [ -75.360874, 5.973845 ] ] } },
{ "type": "Feature", "properties": { "source": "GRANADA", "target": "LA CEJA", "distance": 0.5, "betweenness": 0.0015561015561015561, "weight": 0.10155610155610156 }, "geometry": { "type": "LineString", "coordinates": [ [ -75.184446, 6.142892 ], [ -75.429433, 6.028062 ] ] } },
{ "type": "Feature", "properties": { "source": "GRANADA", "target": "SONSÓN", "distance": 0.5, "betweenness": 0.001472836472836473, "weight": 0.10147283647283648 }, "geometry": { "type": "LineString", "coordinates": [ [ -75.184446, 6.142892 ], [ -75.309596, 5.714851 ] ] } },
{ "type": "Feature", "properties": { "source": "COCORNÁ", "target": "LA UNIÓN", "distance": 0.5, "betweenness": 0.00027027027027027027, "weight": 0.10027027027027027 }, "geometry": { "type": "LineString", "coordinates": [ [ -75.185483, 6.058295 ], [ -75.360874, 5.973845 ] ] } },
{ "type": "Feature", "properties": { "source": "COCORNÁ", "target": "SAN CARLOS", "distance": 0.5, "betweenness": 0.00049140049140049139, "weight": 0.1004914004914005 }, "geometry": { "type": "LineString", "coordinates": [ [ -75.185483, 6.058295 ], [ -74.988097, 6.187746 ] ] } },
{ "type": "Feature", "properties": { "source": "COCORNÁ", "target": "EL CARMEN DE VIBORAL", "distance": 0.5, "betweenness": 0.0002184002184002184, "weight": 0.10021840021840023 }, "geometry": { "type": "LineString", "coordinates": [ [ -75.185483, 6.058295 ], [ -75.333901, 6.082885 ] ] } },
{ "type": "Feature", "properties": { "source": "COCORNÁ", "target": "SAN LUIS", "distance": 0.33333333333333331, "betweenness": 0.005507975507975508, "weight": 0.10550797550797551 }, "geometry": { "type": "LineString", "coordinates": [ [ -75.185483, 6.058295 ], [ -74.993619, 6.043017 ] ] } },
{ "type": "Feature", "properties": { "source": "COCORNÁ", "target": "LA CEJA", "distance": 0.5, "betweenness": 0.00049140049140049139, "weight": 0.1004914004914005 }, "geometry": { "type": "LineString", "coordinates": [ [ -75.185483, 6.058295 ], [ -75.429433, 6.028062 ] ] } },
{ "type": "Feature", "properties": { "source": "COCORNÁ", "target": "EL SANTUARIO", "distance": 0.5, "betweenness": 0.00020475020475020476, "weight": 0.10020475020475021 }, "geometry": { "type": "LineString", "coordinates": [ [ -75.185483, 6.058295 ], [ -75.265465, 6.136871 ] ] } },
{ "type": "Feature", "properties": { "source": "COCORNÁ", "target": "SAN FRANCISCO", "distance": 0.5, "betweenness": 0.00083265083265083261, "weight": 0.10083265083265083 }, "geometry": { "type": "LineString", "coordinates": [ [ -75.185483, 6.058295 ], [ -75.101562, 5.963476 ] ] } },
{ "type": "Feature", "properties": { "source": "COCORNÁ", "target": "SONSÓN", "distance": 0.5, "betweenness": 0.00042861042861042862, "weight": 0.10042861042861044 }, "geometry": { "type": "LineString", "coordinates": [ [ -75.185483, 6.058295 ], [ -75.309596, 5.714851 ] ] } },
{ "type": "Feature", "properties": { "source": "COCORNÁ", "target": "ABEJORRAL", "distance": 0.5, "betweenness": 0.0018837018837018834, "weight": 0.10188370188370188 }, "geometry": { "type": "LineString", "coordinates": [ [ -75.185483, 6.058295 ], [ -75.428739, 5.789315 ] ] } },
{ "type": "Feature", "properties": { "source": "COCORNÁ", "target": "ARGELIA", "distance": 0.5, "betweenness": 0.0050641550641550648, "weight": 0.10506415506415508 }, "geometry": { "type": "LineString", "coordinates": [ [ -75.185483, 6.058295 ], [ -75.14107, 5.731474 ] ] } },
{ "type": "Feature", "properties": { "source": "COCORNÁ", "target": "RETIRO", "distance": 0.33333333333333331, "betweenness": 0.0086281736281736288, "weight": 0.10862817362817363 }, "geometry": { "type": "LineString", "coordinates": [ [ -75.185483, 6.058295 ], [ -75.501301, 6.062454 ] ] } },
{ "type": "Feature", "properties": { "source": "EL SANTUARIO", "target": "EL CARMEN DE VIBORAL", "distance": 0.5, "betweenness": 0.00036855036855036854, "weight": 0.10036855036855037 }, "geometry": { "type": "LineString", "coordinates": [ [ -75.265465, 6.136871 ], [ -75.333901, 6.082885 ] ] } },
{ "type": "Feature", "properties": { "source": "EL SANTUARIO", "target": "RETIRO", "distance": 0.5, "betweenness": 0.00058695058695058702, "weight": 0.10058695058695059 }, "geometry": { "type": "LineString", "coordinates": [ [ -75.265465, 6.136871 ], [ -75.501301, 6.062454 ] ] } },
{ "type": "Feature", "properties": { "source": "EL SANTUARIO", "target": "LA CEJA", "distance": 0.33333333333333331, "betweenness": 0.0026344526344526348, "weight": 0.10263445263445264 }, "geometry": { "type": "LineString", "coordinates": [ [ -75.265465, 6.136871 ], [ -75.429433, 6.028062 ] ] } },
{ "type": "Feature", "properties": { "source": "EL SANTUARIO", "target": "LA UNIÓN", "distance": 0.5, "betweenness": 0.00020475020475020476, "weight": 0.10020475020475021 }, "geometry": { "type": "LineString", "coordinates": [ [ -75.265465, 6.136871 ], [ -75.360874, 5.973845 ] ] } },
{ "type": "Feature", "properties": { "source": "EL SANTUARIO", "target": "SAN CARLOS", "distance": 0.33333333333333331, "betweenness": 0.0011329511329511331, "weight": 0.10113295113295113 }, "geometry": { "type": "LineString", "coordinates": [ [ -75.265465, 6.136871 ], [ -74.988097, 6.187746 ] ] } },
{ "type": "Feature", "properties": { "source": "EL SANTUARIO", "target": "SAN LUIS", "distance": 0.5, "betweenness": 0.00065520065520065522, "weight": 0.10065520065520066 }, "geometry": { "type": "LineString", "coordinates": [ [ -75.265465, 6.136871 ], [ -74.993619, 6.043017 ] ] } },
{ "type": "Feature", "properties": { "source": "EL SANTUARIO", "target": "SAN FRANCISCO", "distance": 0.5, "betweenness": 0.00060060060060060068, "weight": 0.10060060060060061 }, "geometry": { "type": "LineString", "coordinates": [ [ -75.265465, 6.136871 ], [ -75.101562, 5.963476 ] ] } },
{ "type": "Feature", "properties": { "source": "EL SANTUARIO", "target": "ABEJORRAL", "distance": 1.0, "betweenness": 0.0, "weight": 0.1 }, "geometry": { "type": "LineString", "coordinates": [ [ -75.265465, 6.136871 ], [ -75.428739, 5.789315 ] ] } },
{ "type": "Feature", "properties": { "source": "EL CARMEN DE VIBORAL", "target": "SONSÓN", "distance": 0.5, "betweenness": 0.0003467103467103467, "weight": 0.10034671034671035 }, "geometry": { "type": "LineString", "coordinates": [ [ -75.333901, 6.082885 ], [ -75.309596, 5.714851 ] ] } },
{ "type": "Feature", "properties": { "source": "EL CARMEN DE VIBORAL", "target": "LA UNIÓN", "distance": 0.33333333333333331, "betweenness": 0.001012831012831013, "weight": 0.10101283101283103 }, "geometry": { "type": "LineString", "coordinates": [ [ -75.333901, 6.082885 ], [ -75.360874, 5.973845 ] ] } },
{ "type": "Feature", "properties": { "source": "EL CARMEN DE VIBORAL", "target": "LA CEJA", "distance": 0.5, "betweenness": 0.00032760032760032761, "weight": 0.10032760032760034 }, "geometry": { "type": "LineString", "coordinates": [ [ -75.333901, 6.082885 ], [ -75.429433, 6.028062 ] ] } },
{ "type": "Feature", "properties": { "source": "EL CARMEN DE VIBORAL", "target": "SAN FRANCISCO", "distance": 0.5, "betweenness": 0.0010647010647010645, "weight": 0.10106470106470107 }, "geometry": { "type": "LineString", "coordinates": [ [ -75.333901, 6.082885 ], [ -75.101562, 5.963476 ] ] } },
{ "type": "Feature", "properties": { "source": "EL CARMEN DE VIBORAL", "target": "ABEJORRAL", "distance": 0.33333333333333331, "betweenness": 0.0083060333060333037, "weight": 0.10830603330603331 }, "geometry": { "type": "LineString", "coordinates": [ [ -75.333901, 6.082885 ], [ -75.428739, 5.789315 ] ] } },
{ "type": "Feature", "properties": { "source": "EL CARMEN DE VIBORAL", "target": "RETIRO", "distance": 0.33333333333333331, "betweenness": 0.0072031122031122035, "weight": 0.10720311220311221 }, "geometry": { "type": "LineString", "coordinates": [ [ -75.333901, 6.082885 ], [ -75.501301, 6.062454 ] ] } },
{ "type": "Feature", "properties": { "source": "EL CARMEN DE VIBORAL", "target": "SAN LUIS", "distance": 0.5, "betweenness": 0.00096642096642096632, "weight": 0.10096642096642097 }, "geometry": { "type": "LineString", "coordinates": [ [ -75.333901, 6.082885 ], [ -74.993619, 6.043017 ] ] } },
{ "type": "Feature", "properties": { "source": "EL CARMEN DE VIBORAL", "target": "ARGELIA", "distance": 0.5, "betweenness": 0.0052279552279552279, "weight": 0.10522795522795524 }, "geometry": { "type": "LineString", "coordinates": [ [ -75.333901, 6.082885 ], [ -75.14107, 5.731474 ] ] } },
{ "type": "Feature", "properties": { "source": "EL CARMEN DE VIBORAL", "target": "NARIÑO", "distance": 0.33333333333333331, "betweenness": 0.011663936663936664, "weight": 0.11166393666393667 }, "geometry": { "type": "LineString", "coordinates": [ [ -75.333901, 6.082885 ], [ -75.176262, 5.610777 ] ] } },
{ "type": "Feature", "properties": { "source": "EL CARMEN DE VIBORAL", "target": "MONTEBELLO", "distance": 0.5, "betweenness": 0.00089271089271089274, "weight": 0.1008927108927109 }, "geometry": { "type": "LineString", "coordinates": [ [ -75.333901, 6.082885 ], [ -75.523455, 5.946313 ] ] } },
{ "type": "Feature", "properties": { "source": "EL CARMEN DE VIBORAL", "target": "SAN CARLOS", "distance": 0.33333333333333331, "betweenness": 0.01372918372918373, "weight": 0.11372918372918374 }, "geometry": { "type": "LineString", "coordinates": [ [ -75.333901, 6.082885 ], [ -74.988097, 6.187746 ] ] } },
{ "type": "Feature", "properties": { "source": "EL CARMEN DE VIBORAL", "target": "SANTA BÁRBARA", "distance": 0.5, "betweenness": 0.0024092274092274092, "weight": 0.10240922740922742 }, "geometry": { "type": "LineString", "coordinates": [ [ -75.333901, 6.082885 ], [ -75.567351, 5.875527 ] ] } },
{ "type": "Feature", "properties": { "source": "SAN CARLOS", "target": "SAN LUIS", "distance": 0.5, "betweenness": 0.0018567918567918569, "weight": 0.10185679185679186 }, "geometry": { "type": "LineString", "coordinates": [ [ -74.988097, 6.187746 ], [ -74.993619, 6.043017 ] ] } },
{ "type": "Feature", "properties": { "source": "SAN CARLOS", "target": "SAN FRANCISCO", "distance": 0.5, "betweenness": 0.0070980070980070989, "weight": 0.1070980070980071 }, "geometry": { "type": "LineString", "coordinates": [ [ -74.988097, 6.187746 ], [ -75.101562, 5.963476 ] ] } },
{ "type": "Feature", "properties": { "source": "SAN CARLOS", "target": "MACEO", "distance": 1.0, "betweenness": 0.001173901173901174, "weight": 0.10117390117390118 }, "geometry": { "type": "LineString", "coordinates": [ [ -74.988097, 6.187746 ], [ -74.78716, 6.552116 ] ] } },
{ "type": "Feature", "properties": { "source": "SAN CARLOS", "target": "PUERTO NARE", "distance": 0.5, "betweenness": 0.017813267813267815, "weight": 0.11781326781326781 }, "geometry": { "type": "LineString", "coordinates": [ [ -74.988097, 6.187746 ], [ -74.583012, 6.186025 ] ] } },
{ "type": "Feature", "properties": { "source": "SAN CARLOS", "target": "CARACOLÍ", "distance": 0.5, "betweenness": 0.010333060333060333, "weight": 0.11033306033306034 }, "geometry": { "type": "LineString", "coordinates": [ [ -74.988097, 6.187746 ], [ -74.757421, 6.409829 ] ] } },
{ "type": "Feature", "properties": { "source": "SAN CARLOS", "target": "SONSÓN", "distance": 1.0, "betweenness": 0.0, "weight": 0.1 }, "geometry": { "type": "LineString", "coordinates": [ [ -74.988097, 6.187746 ], [ -75.309596, 5.714851 ] ] } },
{ "type": "Feature", "properties": { "source": "SAN LUIS", "target": "SAN FRANCISCO", "distance": 0.5, "betweenness": 0.00051870051870051871, "weight": 0.10051870051870053 }, "geometry": { "type": "LineString", "coordinates": [ [ -74.993619, 6.043017 ], [ -75.101562, 5.963476 ] ] } },
{ "type": "Feature", "properties": { "source": "SAN LUIS", "target": "PUERTO NARE", "distance": 1.0, "betweenness": 0.00020475020475020476, "weight": 0.10020475020475021 }, "geometry": { "type": "LineString", "coordinates": [ [ -74.993619, 6.043017 ], [ -74.583012, 6.186025 ] ] } },
{ "type": "Feature", "properties": { "source": "SAN LUIS", "target": "SONSÓN", "distance": 0.33333333333333331, "betweenness": 0.010859950859950862, "weight": 0.11085995085995087 }, "geometry": { "type": "LineString", "coordinates": [ [ -74.993619, 6.043017 ], [ -75.309596, 5.714851 ] ] } },
{ "type": "Feature", "properties": { "source": "SAN LUIS", "target": "PUERTO TRIUNFO", "distance": 1.0, "betweenness": 0.018018018018018018, "weight": 0.11801801801801802 }, "geometry": { "type": "LineString", "coordinates": [ [ -74.993619, 6.043017 ], [ -74.64119, 5.871318 ] ] } },
{ "type": "Feature", "properties": { "source": "RETIRO", "target": "LA CEJA", "distance": 0.5, "betweenness": 0.00019656019656019659, "weight": 0.1001965601965602 }, "geometry": { "type": "LineString", "coordinates": [ [ -75.501301, 6.062454 ], [ -75.429433, 6.028062 ] ] } },
{ "type": "Feature", "properties": { "source": "RETIRO", "target": "LA UNIÓN", "distance": 0.5, "betweenness": 0.00085995085995085993, "weight": 0.10085995085995086 }, "geometry": { "type": "LineString", "coordinates": [ [ -75.501301, 6.062454 ], [ -75.360874, 5.973845 ] ] } },
{ "type": "Feature", "properties": { "source": "RETIRO", "target": "SANTA BÁRBARA", "distance": 0.5, "betweenness": 0.0039202839202839195, "weight": 0.10392028392028392 }, "geometry": { "type": "LineString", "coordinates": [ [ -75.501301, 6.062454 ], [ -75.567351, 5.875527 ] ] } },
{ "type": "Feature", "properties": { "source": "RETIRO", "target": "AMAGÁ", "distance": 0.5, "betweenness": 0.00016380016380016381, "weight": 0.10016380016380017 }, "geometry": { "type": "LineString", "coordinates": [ [ -75.501301, 6.062454 ], [ -75.702188, 6.038708 ] ] } },
{ "type": "Feature", "properties": { "source": "RETIRO", "target": "MONTEBELLO", "distance": 0.33333333333333331, "betweenness": 0.0064742014742014764, "weight": 0.10647420147420149 }, "geometry": { "type": "LineString", "coordinates": [ [ -75.501301, 6.062454 ], [ -75.523455, 5.946313 ] ] } },
{ "type": "Feature", "properties": { "source": "RETIRO", "target": "FREDONIA", "distance": 0.33333333333333331, "betweenness": 0.0066066066066066071, "weight": 0.10660660660660662 }, "geometry": { "type": "LineString", "coordinates": [ [ -75.501301, 6.062454 ], [ -75.675072, 5.928039 ] ] } },
{ "type": "Feature", "properties": { "source": "RETIRO", "target": "ABEJORRAL", "distance": 0.5, "betweenness": 0.0013104013104013104, "weight": 0.10131040131040131 }, "geometry": { "type": "LineString", "coordinates": [ [ -75.501301, 6.062454 ], [ -75.428739, 5.789315 ] ] } },
{ "type": "Feature", "properties": { "source": "RETIRO", "target": "TITIRIBÍ", "distance": 0.5, "betweenness": 0.0013240513240513241, "weight": 0.10132405132405133 }, "geometry": { "type": "LineString", "coordinates": [ [ -75.501301, 6.062454 ], [ -75.791887, 6.062391 ] ] } },
{ "type": "Feature", "properties": { "source": "RETIRO", "target": "VENECIA", "distance": 0.5, "betweenness": 0.0012967512967512968, "weight": 0.10129675129675131 }, "geometry": { "type": "LineString", "coordinates": [ [ -75.501301, 6.062454 ], [ -75.735544, 5.964693 ] ] } },
{ "type": "Feature", "properties": { "source": "RETIRO", "target": "LA PINTADA", "distance": 1.0, "betweenness": 0.0, "weight": 0.1 }, "geometry": { "type": "LineString", "coordinates": [ [ -75.501301, 6.062454 ], [ -75.60781, 5.743808 ] ] } },
{ "type": "Feature", "properties": { "source": "LA CEJA", "target": "SANTA BÁRBARA", "distance": 0.5, "betweenness": 0.0013104013104013104, "weight": 0.10131040131040131 }, "geometry": { "type": "LineString", "coordinates": [ [ -75.429433, 6.028062 ], [ -75.567351, 5.875527 ] ] } },
{ "type": "Feature", "properties": { "source": "LA CEJA", "target": "MONTEBELLO", "distance": 0.5, "betweenness": 0.0002184002184002184, "weight": 0.10021840021840023 }, "geometry": { "type": "LineString", "coordinates": [ [ -75.429433, 6.028062 ], [ -75.523455, 5.946313 ] ] } },
{ "type": "Feature", "properties": { "source": "LA CEJA", "target": "ABEJORRAL", "distance": 0.33333333333333331, "betweenness": 0.015915915915915915, "weight": 0.11591591591591592 }, "geometry": { "type": "LineString", "coordinates": [ [ -75.429433, 6.028062 ], [ -75.428739, 5.789315 ] ] } },
{ "type": "Feature", "properties": { "source": "LA CEJA", "target": "LA UNIÓN", "distance": 0.5, "betweenness": 0.00016380016380016381, "weight": 0.10016380016380017 }, "geometry": { "type": "LineString", "coordinates": [ [ -75.429433, 6.028062 ], [ -75.360874, 5.973845 ] ] } },
{ "type": "Feature", "properties": { "source": "LA CEJA", "target": "SONSÓN", "distance": 0.33333333333333331, "betweenness": 0.011446901446901445, "weight": 0.11144690144690145 }, "geometry": { "type": "LineString", "coordinates": [ [ -75.429433, 6.028062 ], [ -75.309596, 5.714851 ] ] } },
{ "type": "Feature", "properties": { "source": "LA CEJA", "target": "FREDONIA", "distance": 0.5, "betweenness": 0.0, "weight": 0.1 }, "geometry": { "type": "LineString", "coordinates": [ [ -75.429433, 6.028062 ], [ -75.675072, 5.928039 ] ] } },
{ "type": "Feature", "properties": { "source": "LA CEJA", "target": "AMAGÁ", "distance": 0.2, "betweenness": 0.011752661752661753, "weight": 0.11175266175266176 }, "geometry": { "type": "LineString", "coordinates": [ [ -75.429433, 6.028062 ], [ -75.702188, 6.038708 ] ] } },
{ "type": "Feature", "properties": { "source": "LA UNIÓN", "target": "ABEJORRAL", "distance": 0.5, "betweenness": 0.00075075075075075074, "weight": 0.10075075075075075 }, "geometry": { "type": "LineString", "coordinates": [ [ -75.360874, 5.973845 ], [ -75.428739, 5.789315 ] ] } },
{ "type": "Feature", "properties": { "source": "LA UNIÓN", "target": "SONSÓN", "distance": 0.5, "betweenness": 0.00037947037947037951, "weight": 0.10037947037947038 }, "geometry": { "type": "LineString", "coordinates": [ [ -75.360874, 5.973845 ], [ -75.309596, 5.714851 ] ] } },
{ "type": "Feature", "properties": { "source": "LA UNIÓN", "target": "MONTEBELLO", "distance": 0.5, "betweenness": 0.00030030030030030029, "weight": 0.10030030030030031 }, "geometry": { "type": "LineString", "coordinates": [ [ -75.360874, 5.973845 ], [ -75.523455, 5.946313 ] ] } },
{ "type": "Feature", "properties": { "source": "LA UNIÓN", "target": "SANTA BÁRBARA", "distance": 0.5, "betweenness": 0.0017867867867867868, "weight": 0.10178678678678679 }, "geometry": { "type": "LineString", "coordinates": [ [ -75.360874, 5.973845 ], [ -75.567351, 5.875527 ] ] } },
{ "type": "Feature", "properties": { "source": "LA UNIÓN", "target": "ARGELIA", "distance": 0.5, "betweenness": 0.0028528528528528533, "weight": 0.10285285285285285 }, "geometry": { "type": "LineString", "coordinates": [ [ -75.360874, 5.973845 ], [ -75.14107, 5.731474 ] ] } },
{ "type": "Feature", "properties": { "source": "LA UNIÓN", "target": "SAN FRANCISCO", "distance": 1.0, "betweenness": 0.0, "weight": 0.1 }, "geometry": { "type": "LineString", "coordinates": [ [ -75.360874, 5.973845 ], [ -75.101562, 5.963476 ] ] } },
{ "type": "Feature", "properties": { "source": "MACEO", "target": "PUERTO BERRÍO", "distance": 0.5, "betweenness": 0.015055965055965057, "weight": 0.11505596505596506 }, "geometry": { "type": "LineString", "coordinates": [ [ -74.78716, 6.552116 ], [ -74.410016, 6.487028 ] ] } },
{ "type": "Feature", "properties": { "source": "SAN FRANCISCO", "target": "SONSÓN", "distance": 0.33333333333333331, "betweenness": 0.0061561561561561569, "weight": 0.10615615615615616 }, "geometry": { "type": "LineString", "coordinates": [ [ -75.101562, 5.963476 ], [ -75.309596, 5.714851 ] ] } },
{ "type": "Feature", "properties": { "source": "SAN FRANCISCO", "target": "NARIÑO", "distance": 0.5, "betweenness": 0.00025935025935025936, "weight": 0.10025935025935026 }, "geometry": { "type": "LineString", "coordinates": [ [ -75.101562, 5.963476 ], [ -75.176262, 5.610777 ] ] } },
{ "type": "Feature", "properties": { "source": "SAN FRANCISCO", "target": "ARGELIA", "distance": 0.5, "betweenness": 0.00020475020475020476, "weight": 0.10020475020475021 }, "geometry": { "type": "LineString", "coordinates": [ [ -75.101562, 5.963476 ], [ -75.14107, 5.731474 ] ] } },
{ "type": "Feature", "properties": { "source": "TITIRIBÍ", "target": "TARSO", "distance": 0.5, "betweenness": 0.00059280059280059278, "weight": 0.1005928005928006 }, "geometry": { "type": "LineString", "coordinates": [ [ -75.791887, 6.062391 ], [ -75.822956, 5.864542 ] ] } },
{ "type": "Feature", "properties": { "source": "TITIRIBÍ", "target": "CONCORDIA", "distance": 0.5, "betweenness": 0.00032760032760032761, "weight": 0.10032760032760034 }, "geometry": { "type": "LineString", "coordinates": [ [ -75.791887, 6.062391 ], [ -75.908448, 6.045738 ] ] } },
{ "type": "Feature", "properties": { "source": "TITIRIBÍ", "target": "SALGAR", "distance": 0.5, "betweenness": 0.0014660114660114659, "weight": 0.10146601146601147 }, "geometry": { "type": "LineString", "coordinates": [ [ -75.791887, 6.062391 ], [ -75.976807, 5.964198 ] ] } },
{ "type": "Feature", "properties": { "source": "TITIRIBÍ", "target": "VENECIA", "distance": 0.5, "betweenness": 0.00016380016380016381, "weight": 0.10016380016380017 }, "geometry": { "type": "LineString", "coordinates": [ [ -75.791887, 6.062391 ], [ -75.735544, 5.964693 ] ] } },
{ "type": "Feature", "properties": { "source": "TITIRIBÍ", "target": "AMAGÁ", "distance": 0.33333333333333331, "betweenness": 0.0011193011193011194, "weight": 0.10111930111930112 }, "geometry": { "type": "LineString", "coordinates": [ [ -75.791887, 6.062391 ], [ -75.702188, 6.038708 ] ] } },
{ "type": "Feature", "properties": { "source": "TITIRIBÍ", "target": "FREDONIA", "distance": 0.5, "betweenness": 0.0, "weight": 0.1 }, "geometry": { "type": "LineString", "coordinates": [ [ -75.791887, 6.062391 ], [ -75.675072, 5.928039 ] ] } },
{ "type": "Feature", "properties": { "source": "TITIRIBÍ", "target": "SANTA BÁRBARA", "distance": 0.25, "betweenness": 0.021460551460551459, "weight": 0.12146055146055146 }, "geometry": { "type": "LineString", "coordinates": [ [ -75.791887, 6.062391 ], [ -75.567351, 5.875527 ] ] } },
{ "type": "Feature", "properties": { "source": "TITIRIBÍ", "target": "PUEBLORRICO", "distance": 0.5, "betweenness": 0.0030388830388830388, "weight": 0.10303888303888305 }, "geometry": { "type": "LineString", "coordinates": [ [ -75.791887, 6.062391 ], [ -75.839903, 5.79158 ] ] } },
{ "type": "Feature", "properties": { "source": "TITIRIBÍ", "target": "CIUDAD BOLÍVAR", "distance": 0.5, "betweenness": 0.0045906945906945907, "weight": 0.1045906945906946 }, "geometry": { "type": "LineString", "coordinates": [ [ -75.791887, 6.062391 ], [ -76.021509, 5.850273 ] ] } },
{ "type": "Feature", "properties": { "source": "TITIRIBÍ", "target": "JERICÓ", "distance": 1.0, "betweenness": 0.0, "weight": 0.1 }, "geometry": { "type": "LineString", "coordinates": [ [ -75.791887, 6.062391 ], [ -75.785499, 5.789748 ] ] } },
{ "type": "Feature", "properties": { "source": "AMAGÁ", "target": "SANTA BÁRBARA", "distance": 0.5, "betweenness": 0.00040131040131040135, "weight": 0.10040131040131041 }, "geometry": { "type": "LineString", "coordinates": [ [ -75.702188, 6.038708 ], [ -75.567351, 5.875527 ] ] } },
{ "type": "Feature", "properties": { "source": "AMAGÁ", "target": "VENECIA", "distance": 0.5, "betweenness": 0.00036036036036036042, "weight": 0.10036036036036036 }, "geometry": { "type": "LineString", "coordinates": [ [ -75.702188, 6.038708 ], [ -75.735544, 5.964693 ] ] } },
{ "type": "Feature", "properties": { "source": "AMAGÁ", "target": "FREDONIA", "distance": 0.5, "betweenness": 0.00029211029211029211, "weight": 0.1002921102921103 }, "geometry": { "type": "LineString", "coordinates": [ [ -75.702188, 6.038708 ], [ -75.675072, 5.928039 ] ] } },
{ "type": "Feature", "properties": { "source": "AMAGÁ", "target": "CONCORDIA", "distance": 0.5, "betweenness": 0.00049140049140049139, "weight": 0.1004914004914005 }, "geometry": { "type": "LineString", "coordinates": [ [ -75.702188, 6.038708 ], [ -75.908448, 6.045738 ] ] } },
{ "type": "Feature", "properties": { "source": "AMAGÁ", "target": "MONTEBELLO", "distance": 0.5, "betweenness": 0.00023205023205023206, "weight": 0.10023205023205024 }, "geometry": { "type": "LineString", "coordinates": [ [ -75.702188, 6.038708 ], [ -75.523455, 5.946313 ] ] } },
{ "type": "Feature", "properties": { "source": "AMAGÁ", "target": "JERICÓ", "distance": 0.5, "betweenness": 0.003012558012558013, "weight": 0.10301255801255801 }, "geometry": { "type": "LineString", "coordinates": [ [ -75.702188, 6.038708 ], [ -75.785499, 5.789748 ] ] } },
{ "type": "Feature", "properties": { "source": "AMAGÁ", "target": "TARSO", "distance": 0.5, "betweenness": 0.0023357123357123357, "weight": 0.10233571233571234 }, "geometry": { "type": "LineString", "coordinates": [ [ -75.702188, 6.038708 ], [ -75.822956, 5.864542 ] ] } },
{ "type": "Feature", "properties": { "source": "AMAGÁ", "target": "SALGAR", "distance": 1.0, "betweenness": 0.0, "weight": 0.1 }, "geometry": { "type": "LineString", "coordinates": [ [ -75.702188, 6.038708 ], [ -75.976807, 5.964198 ] ] } },
{ "type": "Feature", "properties": { "source": "VENECIA", "target": "JERICÓ", "distance": 0.5, "betweenness": 0.0039544089544089542, "weight": 0.10395440895440897 }, "geometry": { "type": "LineString", "coordinates": [ [ -75.735544, 5.964693 ], [ -75.785499, 5.789748 ] ] } },
{ "type": "Feature", "properties": { "source": "VENECIA", "target": "SANTA BÁRBARA", "distance": 0.5, "betweenness": 0.0009063609063609064, "weight": 0.10090636090636092 }, "geometry": { "type": "LineString", "coordinates": [ [ -75.735544, 5.964693 ], [ -75.567351, 5.875527 ] ] } },
{ "type": "Feature", "properties": { "source": "VENECIA", "target": "FREDONIA", "distance": 0.5, "betweenness": 0.00019656019656019659, "weight": 0.1001965601965602 }, "geometry": { "type": "LineString", "coordinates": [ [ -75.735544, 5.964693 ], [ -75.675072, 5.928039 ] ] } },
{ "type": "Feature", "properties": { "source": "VENECIA", "target": "MONTEBELLO", "distance": 0.5, "betweenness": 0.0015479115479115481, "weight": 0.10154791154791155 }, "geometry": { "type": "LineString", "coordinates": [ [ -75.735544, 5.964693 ], [ -75.523455, 5.946313 ] ] } },
{ "type": "Feature", "properties": { "source": "VENECIA", "target": "TARSO", "distance": 0.33333333333333331, "betweenness": 0.010167310167310168, "weight": 0.11016731016731017 }, "geometry": { "type": "LineString", "coordinates": [ [ -75.735544, 5.964693 ], [ -75.822956, 5.864542 ] ] } },
{ "type": "Feature", "properties": { "source": "VENECIA", "target": "CONCORDIA", "distance": 0.5, "betweenness": 0.00019110019110019113, "weight": 0.1001911001911002 }, "geometry": { "type": "LineString", "coordinates": [ [ -75.735544, 5.964693 ], [ -75.908448, 6.045738 ] ] } },
{ "type": "Feature", "properties": { "source": "VENECIA", "target": "PUEBLORRICO", "distance": 0.5, "betweenness": 0.0066042666042666048, "weight": 0.10660426660426661 }, "geometry": { "type": "LineString", "coordinates": [ [ -75.735544, 5.964693 ], [ -75.839903, 5.79158 ] ] } },
{ "type": "Feature", "properties": { "source": "VENECIA", "target": "CIUDAD BOLÍVAR", "distance": 0.5, "betweenness": 0.0043457743457743451, "weight": 0.10434577434577436 }, "geometry": { "type": "LineString", "coordinates": [ [ -75.735544, 5.964693 ], [ -76.021509, 5.850273 ] ] } },
{ "type": "Feature", "properties": { "source": "VENECIA", "target": "SALGAR", "distance": 0.5, "betweenness": 0.0008381108381108382, "weight": 0.10083811083811084 }, "geometry": { "type": "LineString", "coordinates": [ [ -75.735544, 5.964693 ], [ -75.976807, 5.964198 ] ] } },
{ "type": "Feature", "properties": { "source": "VENECIA", "target": "TÁMESIS", "distance": 0.5, "betweenness": 0.0068700518700518711, "weight": 0.10687005187005187 }, "geometry": { "type": "LineString", "coordinates": [ [ -75.735544, 5.964693 ], [ -75.714429, 5.664645 ] ] } },
{ "type": "Feature", "properties": { "source": "VENECIA", "target": "HISPANIA", "distance": 0.5, "betweenness": 0.0045454545454545452, "weight": 0.10454545454545455 }, "geometry": { "type": "LineString", "coordinates": [ [ -75.735544, 5.964693 ], [ -75.906587, 5.799461 ] ] } },
{ "type": "Feature", "properties": { "source": "VENECIA", "target": "BETANIA", "distance": 1.0, "betweenness": 0.0, "weight": 0.1 }, "geometry": { "type": "LineString", "coordinates": [ [ -75.735544, 5.964693 ], [ -75.97679, 5.74615 ] ] } },
{ "type": "Feature", "properties": { "source": "FREDONIA", "target": "SANTA BÁRBARA", "distance": 0.5, "betweenness": 0.00024570024570024569, "weight": 0.10024570024570024 }, "geometry": { "type": "LineString", "coordinates": [ [ -75.675072, 5.928039 ], [ -75.567351, 5.875527 ] ] } },
{ "type": "Feature", "properties": { "source": "FREDONIA", "target": "TARSO", "distance": 0.5, "betweenness": 0.0014605514605514605, "weight": 0.10146055146055147 }, "geometry": { "type": "LineString", "coordinates": [ [ -75.675072, 5.928039 ], [ -75.822956, 5.864542 ] ] } },
{ "type": "Feature", "properties": { "source": "FREDONIA", "target": "ABEJORRAL", "distance": 0.5, "betweenness": 0.0014250614250614249, "weight": 0.10142506142506143 }, "geometry": { "type": "LineString", "coordinates": [ [ -75.675072, 5.928039 ], [ -75.428739, 5.789315 ] ] } },
{ "type": "Feature", "properties": { "source": "FREDONIA", "target": "MONTEBELLO", "distance": 0.5, "betweenness": 0.00065520065520065522, "weight": 0.10065520065520066 }, "geometry": { "type": "LineString", "coordinates": [ [ -75.675072, 5.928039 ], [ -75.523455, 5.946313 ] ] } },
{ "type": "Feature", "properties": { "source": "FREDONIA", "target": "JERICÓ", "distance": 0.5, "betweenness": 0.0014168714168714166, "weight": 0.10141687141687142 }, "geometry": { "type": "LineString", "coordinates": [ [ -75.675072, 5.928039 ], [ -75.785499, 5.789748 ] ] } },
{ "type": "Feature", "properties": { "source": "FREDONIA", "target": "TÁMESIS", "distance": 0.5, "betweenness": 0.0033415233415233412, "weight": 0.10334152334152334 }, "geometry": { "type": "LineString", "coordinates": [ [ -75.675072, 5.928039 ], [ -75.714429, 5.664645 ] ] } },
{ "type": "Feature", "properties": { "source": "FREDONIA", "target": "PUEBLORRICO", "distance": 0.5, "betweenness": 0.0050232050232050232, "weight": 0.10502320502320503 }, "geometry": { "type": "LineString", "coordinates": [ [ -75.675072, 5.928039 ], [ -75.839903, 5.79158 ] ] } },
{ "type": "Feature", "properties": { "source": "FREDONIA", "target": "CONCORDIA", "distance": 0.5, "betweenness": 0.00051480051480051487, "weight": 0.10051480051480052 }, "geometry": { "type": "LineString", "coordinates": [ [ -75.675072, 5.928039 ], [ -75.908448, 6.045738 ] ] } },
{ "type": "Feature", "properties": { "source": "FREDONIA", "target": "LA PINTADA", "distance": 0.5, "betweenness": 0.0087196287196287213, "weight": 0.10871962871962873 }, "geometry": { "type": "LineString", "coordinates": [ [ -75.675072, 5.928039 ], [ -75.60781, 5.743808 ] ] } },
{ "type": "Feature", "properties": { "source": "FREDONIA", "target": "SALGAR", "distance": 0.5, "betweenness": 0.0021485121485121488, "weight": 0.10214851214851216 }, "geometry": { "type": "LineString", "coordinates": [ [ -75.675072, 5.928039 ], [ -75.976807, 5.964198 ] ] } },
{ "type": "Feature", "properties": { "source": "FREDONIA", "target": "HISPANIA", "distance": 0.5, "betweenness": 0.0043270543270543266, "weight": 0.10432705432705433 }, "geometry": { "type": "LineString", "coordinates": [ [ -75.675072, 5.928039 ], [ -75.906587, 5.799461 ] ] } },
{ "type": "Feature", "properties": { "source": "FREDONIA", "target": "ANDES", "distance": 0.5, "betweenness": 0.0099114699114699126, "weight": 0.10991146991146991 }, "geometry": { "type": "LineString", "coordinates": [ [ -75.675072, 5.928039 ], [ -75.878828, 5.657194 ] ] } },
{ "type": "Feature", "properties": { "source": "CONCORDIA", "target": "SALGAR", "distance": 0.5, "betweenness": 0.00041106041106041112, "weight": 0.10041106041106042 }, "geometry": { "type": "LineString", "coordinates": [ [ -75.908448, 6.045738 ], [ -75.976807, 5.964198 ] ] } },
{ "type": "Feature", "properties": { "source": "CONCORDIA", "target": "CIUDAD BOLÍVAR", "distance": 0.5, "betweenness": 0.0010765960765960765, "weight": 0.10107659607659608 }, "geometry": { "type": "LineString", "coordinates": [ [ -75.908448, 6.045738 ], [ -76.021509, 5.850273 ] ] } },
{ "type": "Feature", "properties": { "source": "CONCORDIA", "target": "PUEBLORRICO", "distance": 0.5, "betweenness": 0.0020521820521820521, "weight": 0.10205218205218206 }, "geometry": { "type": "LineString", "coordinates": [ [ -75.908448, 6.045738 ], [ -75.839903, 5.79158 ] ] } },
{ "type": "Feature", "properties": { "source": "CONCORDIA", "target": "TARSO", "distance": 0.5, "betweenness": 0.0006025506025506026, "weight": 0.10060255060255061 }, "geometry": { "type": "LineString", "coordinates": [ [ -75.908448, 6.045738 ], [ -75.822956, 5.864542 ] ] } },
{ "type": "Feature", "properties": { "source": "CONCORDIA", "target": "HISPANIA", "distance": 0.5, "betweenness": 0.0022210522210522211, "weight": 0.10222105222105222 }, "geometry": { "type": "LineString", "coordinates": [ [ -75.908448, 6.045738 ], [ -75.906587, 5.799461 ] ] } },
{ "type": "Feature", "properties": { "source": "CONCORDIA", "target": "JERICÓ", "distance": 0.5, "betweenness": 0.00227974727974728, "weight": 0.10227974727974729 }, "geometry": { "type": "LineString", "coordinates": [ [ -75.908448, 6.045738 ], [ -75.785499, 5.789748 ] ] } },
{ "type": "Feature", "properties": { "source": "SALGAR", "target": "CIUDAD BOLÍVAR", "distance": 0.5, "betweenness": 0.00036036036036036042, "weight": 0.10036036036036036 }, "geometry": { "type": "LineString", "coordinates": [ [ -75.976807, 5.964198 ], [ -76.021509, 5.850273 ] ] } },
{ "type": "Feature", "properties": { "source": "SALGAR", "target": "PUEBLORRICO", "distance": 0.5, "betweenness": 0.0056078156078156072, "weight": 0.10560781560781561 }, "geometry": { "type": "LineString", "coordinates": [ [ -75.976807, 5.964198 ], [ -75.839903, 5.79158 ] ] } },
{ "type": "Feature", "properties": { "source": "SALGAR", "target": "TARSO", "distance": 0.5, "betweenness": 0.0018427518427518428, "weight": 0.10184275184275185 }, "geometry": { "type": "LineString", "coordinates": [ [ -75.976807, 5.964198 ], [ -75.822956, 5.864542 ] ] } },
{ "type": "Feature", "properties": { "source": "SALGAR", "target": "BETANIA", "distance": 0.33333333333333331, "betweenness": 0.014502164502164501, "weight": 0.11450216450216451 }, "geometry": { "type": "LineString", "coordinates": [ [ -75.976807, 5.964198 ], [ -75.97679, 5.74615 ] ] } },
{ "type": "Feature", "properties": { "source": "SALGAR", "target": "HISPANIA", "distance": 0.5, "betweenness": 0.0036991536991536991, "weight": 0.10369915369915371 }, "geometry": { "type": "LineString", "coordinates": [ [ -75.976807, 5.964198 ], [ -75.906587, 5.799461 ] ] } },
{ "type": "Feature", "properties": { "source": "SALGAR", "target": "JERICÓ", "distance": 0.5, "betweenness": 0.0052538902538902549, "weight": 0.10525389025389026 }, "geometry": { "type": "LineString", "coordinates": [ [ -75.976807, 5.964198 ], [ -75.785499, 5.789748 ] ] } },
{ "type": "Feature", "properties": { "source": "SALGAR", "target": "ANDES", "distance": 0.5, "betweenness": 0.0056130806130806126, "weight": 0.10561308061308061 }, "geometry": { "type": "LineString", "coordinates": [ [ -75.976807, 5.964198 ], [ -75.878828, 5.657194 ] ] } },
{ "type": "Feature", "properties": { "source": "CIUDAD BOLÍVAR", "target": "PUEBLORRICO", "distance": 0.5, "betweenness": 0.00038376038376038374, "weight": 0.10038376038376039 }, "geometry": { "type": "LineString", "coordinates": [ [ -76.021509, 5.850273 ], [ -75.839903, 5.79158 ] ] } },
{ "type": "Feature", "properties": { "source": "CIUDAD BOLÍVAR", "target": "BETANIA", "distance": 0.5, "betweenness": 0.00032760032760032761, "weight": 0.10032760032760034 }, "geometry": { "type": "LineString", "coordinates": [ [ -76.021509, 5.850273 ], [ -75.97679, 5.74615 ] ] } },
{ "type": "Feature", "properties": { "source": "CIUDAD BOLÍVAR", "target": "HISPANIA", "distance": 0.5, "betweenness": 0.00020475020475020476, "weight": 0.10020475020475021 }, "geometry": { "type": "LineString", "coordinates": [ [ -76.021509, 5.850273 ], [ -75.906587, 5.799461 ] ] } },
{ "type": "Feature", "properties": { "source": "CIUDAD BOLÍVAR", "target": "TARSO", "distance": 0.5, "betweenness": 0.00016380016380016381, "weight": 0.10016380016380017 }, "geometry": { "type": "LineString", "coordinates": [ [ -76.021509, 5.850273 ], [ -75.822956, 5.864542 ] ] } },
{ "type": "Feature", "properties": { "source": "CIUDAD BOLÍVAR", "target": "ANDES", "distance": 0.5, "betweenness": 0.00053527553527553525, "weight": 0.10053527553527554 }, "geometry": { "type": "LineString", "coordinates": [ [ -76.021509, 5.850273 ], [ -75.878828, 5.657194 ] ] } },
{ "type": "Feature", "properties": { "source": "CIUDAD BOLÍVAR", "target": "JERICÓ", "distance": 0.5, "betweenness": 0.000954135954135954, "weight": 0.10095413595413597 }, "geometry": { "type": "LineString", "coordinates": [ [ -76.021509, 5.850273 ], [ -75.785499, 5.789748 ] ] } },
{ "type": "Feature", "properties": { "source": "CIUDAD BOLÍVAR", "target": "JARDÍN", "distance": 1.0, "betweenness": 0.0, "weight": 0.1 }, "geometry": { "type": "LineString", "coordinates": [ [ -76.021509, 5.850273 ], [ -75.818982, 5.597542 ] ] } },
{ "type": "Feature", "properties": { "source": "SANTA BÁRBARA", "target": "ABEJORRAL", "distance": 0.5, "betweenness": 0.0015151515151515152, "weight": 0.10151515151515152 }, "geometry": { "type": "LineString", "coordinates": [ [ -75.567351, 5.875527 ], [ -75.428739, 5.789315 ] ] } },
{ "type": "Feature", "properties": { "source": "SANTA BÁRBARA", "target": "MONTEBELLO", "distance": 0.5, "betweenness": 0.00081900081900081905, "weight": 0.10081900081900083 }, "geometry": { "type": "LineString", "coordinates": [ [ -75.567351, 5.875527 ], [ -75.523455, 5.946313 ] ] } },
{ "type": "Feature", "properties": { "source": "SANTA BÁRBARA", "target": "JERICÓ", "distance": 0.5, "betweenness": 0.0020802620802620802, "weight": 0.10208026208026208 }, "geometry": { "type": "LineString", "coordinates": [ [ -75.567351, 5.875527 ], [ -75.785499, 5.789748 ] ] } },
{ "type": "Feature", "properties": { "source": "SANTA BÁRBARA", "target": "LA PINTADA", "distance": 0.5, "betweenness": 0.0025170625170625174, "weight": 0.10251706251706252 }, "geometry": { "type": "LineString", "coordinates": [ [ -75.567351, 5.875527 ], [ -75.60781, 5.743808 ] ] } },
{ "type": "Feature", "properties": { "source": "SANTA BÁRBARA", "target": "TÁMESIS", "distance": 0.5, "betweenness": 0.0034179634179634182, "weight": 0.10341796341796343 }, "geometry": { "type": "LineString", "coordinates": [ [ -75.567351, 5.875527 ], [ -75.714429, 5.664645 ] ] } },
{ "type": "Feature", "properties": { "source": "SANTA BÁRBARA", "target": "TARSO", "distance": 0.5, "betweenness": 0.0018700518700518699, "weight": 0.10187005187005188 }, "geometry": { "type": "LineString", "coordinates": [ [ -75.567351, 5.875527 ], [ -75.822956, 5.864542 ] ] } },
{ "type": "Feature", "properties": { "source": "SANTA BÁRBARA", "target": "SONSÓN", "distance": 0.33333333333333331, "betweenness": 0.018437073437073438, "weight": 0.11843707343707344 }, "geometry": { "type": "LineString", "coordinates": [ [ -75.567351, 5.875527 ], [ -75.309596, 5.714851 ] ] } },
{ "type": "Feature", "properties": { "source": "SANTA BÁRBARA", "target": "VALPARAÍSO", "distance": 0.33333333333333331, "betweenness": 0.020442455442455442, "weight": 0.12044245544245545 }, "geometry": { "type": "LineString", "coordinates": [ [ -75.567351, 5.875527 ], [ -75.624452, 5.614555 ] ] } },
{ "type": "Feature", "properties": { "source": "MONTEBELLO", "target": "ABEJORRAL", "distance": 0.5, "betweenness": 0.00042315042315042319, "weight": 0.10042315042315043 }, "geometry": { "type": "LineString", "coordinates": [ [ -75.523455, 5.946313 ], [ -75.428739, 5.789315 ] ] } },
{ "type": "Feature", "properties": { "source": "MONTEBELLO", "target": "SONSÓN", "distance": 0.5, "betweenness": 0.0011247611247611248, "weight": 0.10112476112476113 }, "geometry": { "type": "LineString", "coordinates": [ [ -75.523455, 5.946313 ], [ -75.309596, 5.714851 ] ] } },
{ "type": "Feature", "properties": { "source": "MONTEBELLO", "target": "LA PINTADA", "distance": 0.5, "betweenness": 0.0014387114387114388, "weight": 0.10143871143871144 }, "geometry": { "type": "LineString", "coordinates": [ [ -75.523455, 5.946313 ], [ -75.60781, 5.743808 ] ] } },
{ "type": "Feature", "properties": { "source": "MONTEBELLO", "target": "TÁMESIS", "distance": 1.0, "betweenness": 5.4600054600054599e-05, "weight": 0.10005460005460005 }, "geometry": { "type": "LineString", "coordinates": [ [ -75.523455, 5.946313 ], [ -75.714429, 5.664645 ] ] } },
{ "type": "Feature", "properties": { "source": "MONTEBELLO", "target": "VALPARAÍSO", "distance": 1.0, "betweenness": 0.0, "weight": 0.1 }, "geometry": { "type": "LineString", "coordinates": [ [ -75.523455, 5.946313 ], [ -75.624452, 5.614555 ] ] } },
{ "type": "Feature", "properties": { "source": "SONSÓN", "target": "ARGELIA", "distance": 0.5, "betweenness": 0.0020884520884520887, "weight": 0.10208845208845209 }, "geometry": { "type": "LineString", "coordinates": [ [ -75.309596, 5.714851 ], [ -75.14107, 5.731474 ] ] } },
{ "type": "Feature", "properties": { "source": "SONSÓN", "target": "ABEJORRAL", "distance": 0.5, "betweenness": 0.00053235053235053237, "weight": 0.10053235053235053 }, "geometry": { "type": "LineString", "coordinates": [ [ -75.309596, 5.714851 ], [ -75.428739, 5.789315 ] ] } },
{ "type": "Feature", "properties": { "source": "SONSÓN", "target": "NARIÑO", "distance": 0.33333333333333331, "betweenness": 0.0026344526344526343, "weight": 0.10263445263445264 }, "geometry": { "type": "LineString", "coordinates": [ [ -75.309596, 5.714851 ], [ -75.176262, 5.610777 ] ] } },
{ "type": "Feature", "properties": { "source": "SONSÓN", "target": "LA PINTADA", "distance": 0.5, "betweenness": 0.0018837018837018838, "weight": 0.10188370188370188 }, "geometry": { "type": "LineString", "coordinates": [ [ -75.309596, 5.714851 ], [ -75.60781, 5.743808 ] ] } },
{ "type": "Feature", "properties": { "source": "ABEJORRAL", "target": "ARGELIA", "distance": 0.5, "betweenness": 0.0024160524160524162, "weight": 0.10241605241605242 }, "geometry": { "type": "LineString", "coordinates": [ [ -75.428739, 5.789315 ], [ -75.14107, 5.731474 ] ] } },
{ "type": "Feature", "properties": { "source": "ABEJORRAL", "target": "NARIÑO", "distance": 0.33333333333333331, "betweenness": 0.0034875784875784879, "weight": 0.10348757848757849 }, "geometry": { "type": "LineString", "coordinates": [ [ -75.428739, 5.789315 ], [ -75.176262, 5.610777 ] ] } },
{ "type": "Feature", "properties": { "source": "ABEJORRAL", "target": "LA PINTADA", "distance": 0.5, "betweenness": 0.0019246519246519248, "weight": 0.10192465192465193 }, "geometry": { "type": "LineString", "coordinates": [ [ -75.428739, 5.789315 ], [ -75.60781, 5.743808 ] ] } },
{ "type": "Feature", "properties": { "source": "ABEJORRAL", "target": "CARAMANTA", "distance": 0.5, "betweenness": 0.011921921921921923, "weight": 0.11192192192192194 }, "geometry": { "type": "LineString", "coordinates": [ [ -75.428739, 5.789315 ], [ -75.643868, 5.54853 ] ] } },
{ "type": "Feature", "properties": { "source": "ABEJORRAL", "target": "TÁMESIS", "distance": 0.5, "betweenness": 0.0060742560742560745, "weight": 0.10607425607425608 }, "geometry": { "type": "LineString", "coordinates": [ [ -75.428739, 5.789315 ], [ -75.714429, 5.664645 ] ] } },
{ "type": "Feature", "properties": { "source": "ABEJORRAL", "target": "VALPARAÍSO", "distance": 0.5, "betweenness": 0.0035012285012285013, "weight": 0.1035012285012285 }, "geometry": { "type": "LineString", "coordinates": [ [ -75.428739, 5.789315 ], [ -75.624452, 5.614555 ] ] } },
{ "type": "Feature", "properties": { "source": "ABEJORRAL", "target": "JERICÓ", "distance": 0.5, "betweenness": 0.0033442533442533439, "weight": 0.10334425334425335 }, "geometry": { "type": "LineString", "coordinates": [ [ -75.428739, 5.789315 ], [ -75.785499, 5.789748 ] ] } },
{ "type": "Feature", "properties": { "source": "PUEBLORRICO", "target": "JERICÓ", "distance": 0.5, "betweenness": 0.00038220038220038226, "weight": 0.10038220038220039 }, "geometry": { "type": "LineString", "coordinates": [ [ -75.839903, 5.79158 ], [ -75.785499, 5.789748 ] ] } },
{ "type": "Feature", "properties": { "source": "PUEBLORRICO", "target": "BETANIA", "distance": 0.5, "betweenness": 0.00016380016380016381, "weight": 0.10016380016380017 }, "geometry": { "type": "LineString", "coordinates": [ [ -75.839903, 5.79158 ], [ -75.97679, 5.74615 ] ] } },
{ "type": "Feature", "properties": { "source": "PUEBLORRICO", "target": "ANDES", "distance": 0.5, "betweenness": 0.00018720018720018721, "weight": 0.10018720018720019 }, "geometry": { "type": "LineString", "coordinates": [ [ -75.839903, 5.79158 ], [ -75.878828, 5.657194 ] ] } },
{ "type": "Feature", "properties": { "source": "PUEBLORRICO", "target": "TARSO", "distance": 0.33333333333333331, "betweenness": 0.00024570024570024569, "weight": 0.10024570024570024 }, "geometry": { "type": "LineString", "coordinates": [ [ -75.839903, 5.79158 ], [ -75.822956, 5.864542 ] ] } },
{ "type": "Feature", "properties": { "source": "PUEBLORRICO", "target": "TÁMESIS", "distance": 0.5, "betweenness": 0.00040950040950040953, "weight": 0.10040950040950042 }, "geometry": { "type": "LineString", "coordinates": [ [ -75.839903, 5.79158 ], [ -75.714429, 5.664645 ] ] } },
{ "type": "Feature", "properties": { "source": "PUEBLORRICO", "target": "JARDÍN", "distance": 0.33333333333333331, "betweenness": 0.0071256971256971257, "weight": 0.10712569712569713 }, "geometry": { "type": "LineString", "coordinates": [ [ -75.839903, 5.79158 ], [ -75.818982, 5.597542 ] ] } },
{ "type": "Feature", "properties": { "source": "PUEBLORRICO", "target": "HISPANIA", "distance": 0.5, "betweenness": 0.00016380016380016381, "weight": 0.10016380016380017 }, "geometry": { "type": "LineString", "coordinates": [ [ -75.839903, 5.79158 ], [ -75.906587, 5.799461 ] ] } },
{ "type": "Feature", "properties": { "source": "PUEBLORRICO", "target": "VALPARAÍSO", "distance": 1.0, "betweenness": 0.0, "weight": 0.1 }, "geometry": { "type": "LineString", "coordinates": [ [ -75.839903, 5.79158 ], [ -75.624452, 5.614555 ] ] } },
{ "type": "Feature", "properties": { "source": "ARGELIA", "target": "NARIÑO", "distance": 0.5, "betweenness": 0.00016380016380016381, "weight": 0.10016380016380017 }, "geometry": { "type": "LineString", "coordinates": [ [ -75.14107, 5.731474 ], [ -75.176262, 5.610777 ] ] } },
{ "type": "Feature", "properties": { "source": "JERICÓ", "target": "TÁMESIS", "distance": 0.5, "betweenness": 0.00022386022386022388, "weight": 0.10022386022386023 }, "geometry": { "type": "LineString", "coordinates": [ [ -75.785499, 5.789748 ], [ -75.714429, 5.664645 ] ] } },
{ "type": "Feature", "properties": { "source": "JERICÓ", "target": "JARDÍN", "distance": 0.5, "betweenness": 0.00024570024570024569, "weight": 0.10024570024570024 }, "geometry": { "type": "LineString", "coordinates": [ [ -75.785499, 5.789748 ], [ -75.818982, 5.597542 ] ] } },
{ "type": "Feature", "properties": { "source": "JERICÓ", "target": "ANDES", "distance": 0.5, "betweenness": 0.00024180024180024183, "weight": 0.10024180024180025 }, "geometry": { "type": "LineString", "coordinates": [ [ -75.785499, 5.789748 ], [ -75.878828, 5.657194 ] ] } },
{ "type": "Feature", "properties": { "source": "JERICÓ", "target": "BETANIA", "distance": 0.5, "betweenness": 0.00024570024570024569, "weight": 0.10024570024570024 }, "geometry": { "type": "LineString", "coordinates": [ [ -75.785499, 5.789748 ], [ -75.97679, 5.74615 ] ] } },
{ "type": "Feature", "properties": { "source": "JERICÓ", "target": "HISPANIA", "distance": 0.33333333333333331, "betweenness": 0.001979251979251979, "weight": 0.10197925197925198 }, "geometry": { "type": "LineString", "coordinates": [ [ -75.785499, 5.789748 ], [ -75.906587, 5.799461 ] ] } },
{ "type": "Feature", "properties": { "source": "JERICÓ", "target": "CARAMANTA", "distance": 0.5, "betweenness": 0.0023327873327873331, "weight": 0.10233278733278733 }, "geometry": { "type": "LineString", "coordinates": [ [ -75.785499, 5.789748 ], [ -75.643868, 5.54853 ] ] } },
{ "type": "Feature", "properties": { "source": "JERICÓ", "target": "VALPARAÍSO", "distance": 0.5, "betweenness": 0.00038220038220038215, "weight": 0.10038220038220039 }, "geometry": { "type": "LineString", "coordinates": [ [ -75.785499, 5.789748 ], [ -75.624452, 5.614555 ] ] } },
{ "type": "Feature", "properties": { "source": "JERICÓ", "target": "TARSO", "distance": 0.5, "betweenness": 0.00028665028665028668, "weight": 0.10028665028665029 }, "geometry": { "type": "LineString", "coordinates": [ [ -75.785499, 5.789748 ], [ -75.822956, 5.864542 ] ] } },
{ "type": "Feature", "properties": { "source": "JERICÓ", "target": "LA PINTADA", "distance": 0.5, "betweenness": 0.00085176085176085186, "weight": 0.10085176085176085 }, "geometry": { "type": "LineString", "coordinates": [ [ -75.785499, 5.789748 ], [ -75.60781, 5.743808 ] ] } },
{ "type": "Feature", "properties": { "source": "TARSO", "target": "BETANIA", "distance": 0.5, "betweenness": 0.00024570024570024569, "weight": 0.10024570024570024 }, "geometry": { "type": "LineString", "coordinates": [ [ -75.822956, 5.864542 ], [ -75.97679, 5.74615 ] ] } },
{ "type": "Feature", "properties": { "source": "TARSO", "target": "HISPANIA", "distance": 0.5, "betweenness": 0.00016380016380016381, "weight": 0.10016380016380017 }, "geometry": { "type": "LineString", "coordinates": [ [ -75.822956, 5.864542 ], [ -75.906587, 5.799461 ] ] } },
{ "type": "Feature", "properties": { "source": "TARSO", "target": "TÁMESIS", "distance": 0.5, "betweenness": 0.0003467103467103467, "weight": 0.10034671034671035 }, "geometry": { "type": "LineString", "coordinates": [ [ -75.822956, 5.864542 ], [ -75.714429, 5.664645 ] ] } },
{ "type": "Feature", "properties": { "source": "TARSO", "target": "ANDES", "distance": 0.5, "betweenness": 0.0005011505011505011, "weight": 0.10050115050115051 }, "geometry": { "type": "LineString", "coordinates": [ [ -75.822956, 5.864542 ], [ -75.878828, 5.657194 ] ] } },
{ "type": "Feature", "properties": { "source": "TARSO", "target": "JARDÍN", "distance": 0.5, "betweenness": 0.002394602394602395, "weight": 0.10239460239460241 }, "geometry": { "type": "LineString", "coordinates": [ [ -75.822956, 5.864542 ], [ -75.818982, 5.597542 ] ] } },
{ "type": "Feature", "properties": { "source": "BETANIA", "target": "ANDES", "distance": 0.5, "betweenness": 0.00016380016380016381, "weight": 0.10016380016380017 }, "geometry": { "type": "LineString", "coordinates": [ [ -75.97679, 5.74615 ], [ -75.878828, 5.657194 ] ] } },
{ "type": "Feature", "properties": { "source": "BETANIA", "target": "HISPANIA", "distance": 0.5, "betweenness": 0.00016380016380016381, "weight": 0.10016380016380017 }, "geometry": { "type": "LineString", "coordinates": [ [ -75.97679, 5.74615 ], [ -75.906587, 5.799461 ] ] } },
{ "type": "Feature", "properties": { "source": "BETANIA", "target": "JARDÍN", "distance": 0.5, "betweenness": 0.0019305019305019303, "weight": 0.10193050193050193 }, "geometry": { "type": "LineString", "coordinates": [ [ -75.97679, 5.74615 ], [ -75.818982, 5.597542 ] ] } },
{ "type": "Feature", "properties": { "source": "BETANIA", "target": "TÁMESIS", "distance": 0.25, "betweenness": 0.0099508599508599509, "weight": 0.10995085995085996 }, "geometry": { "type": "LineString", "coordinates": [ [ -75.97679, 5.74615 ], [ -75.714429, 5.664645 ] ] } },
{ "type": "Feature", "properties": { "source": "HISPANIA", "target": "ANDES", "distance": 0.5, "betweenness": 0.0002418002418002418, "weight": 0.10024180024180025 }, "geometry": { "type": "LineString", "coordinates": [ [ -75.906587, 5.799461 ], [ -75.878828, 5.657194 ] ] } },
{ "type": "Feature", "properties": { "source": "HISPANIA", "target": "TÁMESIS", "distance": 0.5, "betweenness": 0.00019110019110019113, "weight": 0.1001911001911002 }, "geometry": { "type": "LineString", "coordinates": [ [ -75.906587, 5.799461 ], [ -75.714429, 5.664645 ] ] } },
{ "type": "Feature", "properties": { "source": "HISPANIA", "target": "JARDÍN", "distance": 0.5, "betweenness": 0.0002184002184002184, "weight": 0.10021840021840023 }, "geometry": { "type": "LineString", "coordinates": [ [ -75.906587, 5.799461 ], [ -75.818982, 5.597542 ] ] } },
{ "type": "Feature", "properties": { "source": "LA PINTADA", "target": "TÁMESIS", "distance": 0.5, "betweenness": 0.00051051051051051054, "weight": 0.10051051051051052 }, "geometry": { "type": "LineString", "coordinates": [ [ -75.60781, 5.743808 ], [ -75.714429, 5.664645 ] ] } },
{ "type": "Feature", "properties": { "source": "LA PINTADA", "target": "VALPARAÍSO", "distance": 0.5, "betweenness": 0.00049140049140049139, "weight": 0.1004914004914005 }, "geometry": { "type": "LineString", "coordinates": [ [ -75.60781, 5.743808 ], [ -75.624452, 5.614555 ] ] } },
{ "type": "Feature", "properties": { "source": "LA PINTADA", "target": "JARDÍN", "distance": 1.0, "betweenness": 0.0, "weight": 0.1 }, "geometry": { "type": "LineString", "coordinates": [ [ -75.60781, 5.743808 ], [ -75.818982, 5.597542 ] ] } },
{ "type": "Feature", "properties": { "source": "LA PINTADA", "target": "CARAMANTA", "distance": 0.5, "betweenness": 0.00048321048321048327, "weight": 0.10048321048321049 }, "geometry": { "type": "LineString", "coordinates": [ [ -75.60781, 5.743808 ], [ -75.643868, 5.54853 ] ] } },
{ "type": "Feature", "properties": { "source": "CARAMANTA", "target": "ANDES", "distance": 0.5, "betweenness": 0.0015888615888615888, "weight": 0.1015888615888616 }, "geometry": { "type": "LineString", "coordinates": [ [ -75.643868, 5.54853 ], [ -75.878828, 5.657194 ] ] } },
{ "type": "Feature", "properties": { "source": "CARAMANTA", "target": "VALPARAÍSO", "distance": 0.5, "betweenness": 0.00073710073710073708, "weight": 0.10073710073710074 }, "geometry": { "type": "LineString", "coordinates": [ [ -75.643868, 5.54853 ], [ -75.624452, 5.614555 ] ] } },
{ "type": "Feature", "properties": { "source": "CARAMANTA", "target": "TÁMESIS", "distance": 0.5, "betweenness": 0.00058558558558558568, "weight": 0.10058558558558559 }, "geometry": { "type": "LineString", "coordinates": [ [ -75.643868, 5.54853 ], [ -75.714429, 5.664645 ] ] } },
{ "type": "Feature", "properties": { "source": "CARAMANTA", "target": "JARDÍN", "distance": 0.5, "betweenness": 0.00036855036855036854, "weight": 0.10036855036855037 }, "geometry": { "type": "LineString", "coordinates": [ [ -75.643868, 5.54853 ], [ -75.818982, 5.597542 ] ] } },
{ "type": "Feature", "properties": { "source": "TÁMESIS", "target": "JARDÍN", "distance": 0.5, "betweenness": 0.00016380016380016381, "weight": 0.10016380016380017 }, "geometry": { "type": "LineString", "coordinates": [ [ -75.714429, 5.664645 ], [ -75.818982, 5.597542 ] ] } },
{ "type": "Feature", "properties": { "source": "TÁMESIS", "target": "ANDES", "distance": 0.5, "betweenness": 0.00016380016380016381, "weight": 0.10016380016380017 }, "geometry": { "type": "LineString", "coordinates": [ [ -75.714429, 5.664645 ], [ -75.878828, 5.657194 ] ] } },
{ "type": "Feature", "properties": { "source": "TÁMESIS", "target": "VALPARAÍSO", "distance": 0.5, "betweenness": 0.00032760032760032761, "weight": 0.10032760032760034 }, "geometry": { "type": "LineString", "coordinates": [ [ -75.714429, 5.664645 ], [ -75.624452, 5.614555 ] ] } },
{ "type": "Feature", "properties": { "source": "VALPARAÍSO", "target": "JARDÍN", "distance": 0.33333333333333331, "betweenness": 0.0063624663624663623, "weight": 0.10636246636246637 }, "geometry": { "type": "LineString", "coordinates": [ [ -75.624452, 5.614555 ], [ -75.818982, 5.597542 ] ] } },
{ "type": "Feature", "properties": { "source": "VALPARAÍSO", "target": "ANDES", "distance": 0.33333333333333331, "betweenness": 0.0025935025935025936, "weight": 0.1025935025935026 }, "geometry": { "type": "LineString", "coordinates": [ [ -75.624452, 5.614555 ], [ -75.878828, 5.657194 ] ] } },
{ "type": "Feature", "properties": { "source": "ANDES", "target": "JARDÍN", "distance": 0.5, "betweenness": 0.00016380016380016381, "weight": 0.10016380016380017 }, "geometry": { "type": "LineString", "coordinates": [ [ -75.878828, 5.657194 ], [ -75.818982, 5.597542 ] ] } }
]
}
